Year,Rank,Name,Age
2025,1,Carlos Alcaraz,22
2025,2,Jannik Sinner,24
2025,3,Alexander Zverev,28
2025,4,Novak Djokovic,38
2025,5,Felix Auger-Aliassime,25
2025,6,Taylor Fritz,28
2025,7,Alex de Minaur,26
2025,8,Lorenzo Musetti,23
2025,9,Ben Shelton,23
2025,10,Jack Draper,24
2025,11,Alexander Bublik,28
2025,12,Casper Ruud,27
2025,13,Daniil Medvedev,29
2025,14,Alejandro Davidovich Fokina,26
2025,15,Holger Rune,22
2025,16,Andrey Rublev,28
2025,17,Karen Khachanov,29
2025,18,Jiri Lehecka,24
2025,19,Jakub Mensik,20
2025,20,Tommy Paul,28
2025,21,Francisco Cerundolo,27
2025,22,Flavio Cobolli,23
2025,23,Denis Shapovalov,26
2025,24,Joao Fonseca,19
2025,25,Luciano Darderi,23
2025,26,Tallon Griekspoor,29
2025,27,Cameron Norrie,30
2025,28,Learner Tien,20
2025,29,Arthur Rinderknech,30
2025,30,Frances Tiafoe,27
2025,31,Valentin Vacherot,27
2025,32,Tomas Machac,25
2025,33,Jaume Munar,28
2025,34,Corentin Moutet,26
2025,35,Brandon Nakashima,24
2025,36,Stefanos Tsitsipas,27
2025,37,Ugo Humbert,27
2025,38,Alex Michelsen,21
2025,39,Arthur Fils,21
2025,40,Lorenzo Sonego,30
2025,41,Gabriel Diallo,24
2025,42,Zizou Bergs,26
2025,43,Alexandre Muller,28
2025,44,Grigor Dimitrov,34
2025,45,Sebastian Baez,25
2025,46,Daniel Altmaier,27
2025,47,Nuno Borges,28
2025,48,Sebastian Korda,25
2025,49,Camilo Ugo Carabelli,26
2025,50,Jenson Brooksby,25
2025,51,Miomir Kecmanovic,26
2025,52,Reilly Opelka,28
2025,53,Alexei Popyrin,26
2025,54,Fabian Marozsan,26
2025,55,Marton Fucsovics,33
2025,56,Matteo Berrettini,29
2025,57,Valentin Royer,24
2025,58,Giovanni Mpetshi Perricard,22
2025,59,Tomas Martin Etcheverry,26
2025,60,Aleksandar Kovacevic,27
2025,61,Matteo Arnaldi,24
2025,62,Kamil Majchrzak,29
2025,63,Terence Atmane,23
2025,64,Arthur Cazaux,23
2025,65,Marcos Giron,32
2025,66,Damir Dzumhur,33
2025,67,Francisco Comesana,25
2025,68,Gael Monfils,39
2025,69,Adrian Mannarino,37
2025,70,Ethan Quinn,21
2025,71,Jacob Fearnley,24
2025,72,Hubert Hurkacz,28
2025,73,Marin Cilic,37
2025,74,Jesper de Jong,25
2025,75,Mariano Navone,24
2025,76,Mattia Bellucci,24
2025,77,Botic van de Zandschulp,30
2025,78,Adam Walton,26
2025,79,Cristian Garin,29
2025,80,Filip Misolic,24
2025,81,Hamad Medjedovic,22
2025,82,Alejandro Tabilo,28
2025,83,Jan-Lennard Struff,35
2025,84,Aleksandar Vukic,29
2025,85,Raphael Collignon,23
2025,86,Juan Manuel Cerundolo,24
2025,87,James Duckworth,33
2025,88,Emilio Nava,24
2025,89,Eliot Spizzirri,24
2025,90,Roberto Bautista Agut,37
2025,91,Quentin Halys,29
2025,92,Pedro Martinez,28
2025,93,Pablo Carreno Busta,34
2025,94,Benjamin Bonzi,29
2025,95,Dalibor Svrcina,23
2025,96,Hugo Gaston,25
2025,97,Alexander Shevchenko,25
2025,98,Laslo Djere,30
2025,99,Shintaro Mochizuki,22
2025,100,Tristan Schoolkate,24
2025,101,Carlos Taberner,28
2025,102,Ignacio Buse,21
2025,103,Vit Kopriva,28
2025,104,Yannick Hanfmann,34
2025,105,Roman Andres Burruchaga,23
2025,106,Thiago Agustin Tirante,24
2025,107,Luca Nardi,22
2025,108,Jordan Thompson,31
2025,109,Nikoloz Basilashvili,33
2025,110,Yoshihito Nishioka,30
2025,111,Tomas Barrios Vera,28
2025,112,Brandon Holt,27
2025,113,Rinky Hijikata,24
2025,114,Mackenzie McDonald,30
2025,115,Borna Coric,29
2025,116,Christopher O'Connell,31
2025,117,Alexander Blockx,20
2025,118,Patrick Kypson,26
2025,119,David Goffin,35
2025,120,Elmer Moller,22
2025,121,Dusan Lajovic,35
2025,122,Nicolas Jarry,30
2025,123,Yunchaokete Bu,23
2025,124,Chun-Hsin Tseng,24
2025,125,Jan Choinski,29
2025,126,Otto Virtanen,24
2025,127,Dino Prizmic,20
2025,128,Billy Harris,30
2025,129,Roberto Carballes Baena,32
2025,130,Vilius Gaubas,20
2025,131,Marco Trungelliti,35
2025,132,Sebastian Ofner,29
2025,133,Liam Draxl,24
2025,134,Moez Echargui,32
2025,135,Martin Landaluce,19
2025,136,Nicolai Budkov Kjaer,19
2025,137,Kyrian Jacquet,24
2025,138,Francesco Passaro,24
2025,139,Francesco Maestrelli,23
2025,140,Hugo Dellien,32
2025,141,Andrea Pellegrino,28
2025,142,Lukas Klein,27
2025,143,Zachary Svajda,23
2025,144,Adolfo Daniel Vallejo,21
2025,145,Ugo Blanchet,26
2025,146,Colton Smith,22
2025,147,Sho Shimabukuro,28
2025,148,Matteo Gigante,23
2025,149,Mark Lajal,22
2025,150,Coleman Wong,21
2025,151,Jaime Faria,22
2025,152,Daniel Elahi Galan,29
2025,153,Titouan Droguet,24
2025,154,Giulio Zeppieri,24
2025,155,Pierre-Hugues Herbert,34
2025,156,Kei Nishikori,36
2025,157,Stan Wawrinka,40
2025,158,Henrique Rocha,21
2025,159,Yosuke Watanuki,27
2025,160,Guy Den Ouden,23
2025,161,Juan Pablo Ficovich,28
2025,162,Luka Mikrut,21
2025,163,Harold Mayot,23
2025,164,Zsombor Piros,26
2025,165,Daniel Merida,21
2025,166,Luca Van Assche,21
2025,167,Nishesh Basavareddy,20
2025,168,Rafael Jodar,19
2025,169,Vitaliy Sachko,28
2025,170,Nicolas Mejia,25
2025,171,Alex Bolt,32
2025,172,Roman Safiullin,28
2025,173,Elias Ymer,29
2025,174,Martin Damm,22
2025,175,Jay Clarke,27
2025,176,Jurij Rodionov,26
2025,177,Hugo Grenier,29
2025,178,Zdenek Kolar,29
2025,179,Leandro Riedi,23
2025,180,Tristan Boyer,24
2025,181,Yibing Wu,26
2025,182,Dane Sweeny,24
2025,183,Federico Agustin Gomez,29
2025,184,Rei Sakamoto,19
2025,185,Daniel Evans,35
2025,186,Justin Engel,18
2025,187,Jerome Kym,22
2025,188,Michael Zheng,21
2025,189,Arthur Fery,23
2025,190,August Holmgren,27
2025,191,Alex Barrena,23
2025,192,Bernard Tomic,33
2025,193,James McCabe,22
2025,194,Stefano Travaglia,34
2025,195,Jason Kubler,32
2025,196,Alvaro Guillen Meza,22
2025,197,Thiago Monteiro,31
2025,198,Daniil Glinka,25
2025,199,Sascha Gueymard Wayenburg,22
2025,200,Oliver Crawford,26
2025,201,Dan Added,26
2025,202,Clement Tabur,25
2025,203,Jack Pinnington Jones,22
2025,204,Alex Molcan,28
2025,205,Alexis Galarneau,26
2025,206,Mitchell Krueger,31
2025,207,Joao Lucas Reis Da Silva,25
2025,208,Gilles Arnaud Bailly,20
2025,209,Chris Rodesch,24
2025,210,Juan Carlos Prado Angelo,20
2025,211,George Loffhagen,24
2025,212,Facundo Diaz Acosta,25
2025,213,Pablo Llamas Ruiz,23
2025,214,Lorenzo Giustino,34
2025,215,Gonzalo Bueno,21
2025,216,Murphy Cassone,23
2025,217,Thiago Seyboth Wild,25
2025,218,Luka Pavlovic,25
2025,219,Ryan Peniston,30
2025,220,Yu Hsiou Hsu,26
2025,221,Lukas Neumayer,23
2025,222,Lloyd Harris,28
2025,223,Dmitry Popko,29
2025,224,Nerman Fatic,31
2025,225,Felipe Meligeni Alves,27
2025,226,Santiago Rodriguez Taverna,26
2025,227,Arthur Bouquier,25
2025,228,Marco Cecchinato,33
2025,229,Rio Noguchi,27
2025,230,Genaro Alberto Olivieri,27
2025,231,Rodrigo Pacheco Mendez,20
2025,232,Matej Dodig,20
2025,233,Lautaro Midon,21
2025,234,Johannus Monday,23
2025,235,Kimmer Coppejans,31
2025,236,Federico Cina,18
2025,237,Timofey Skatov,24
2025,238,Marko Topo,22
2025,239,Daniel Rincon,22
2025,240,Alejandro Moro Canas,25
2025,241,Gustavo Heide,23
2025,242,Viktor Durasovic,28
2025,243,Marc-Andrea Huesler,29
2025,244,Arthur Gea,20
2025,245,Hady Habib,27
2025,246,Andrea Collarini,33
2025,247,Max Houkes,25
2025,248,Clement Chidekh,24
2025,249,Murkel Dellien,28
2025,250,Yi Zhou,20
2025,251,Daniel Michalski,25
2025,252,Kaichi Uchida,31
2025,253,Juncheng Shang,20
2025,254,Benjamin Hassan,30
2025,255,Juan Pablo Varillas,30
2025,256,Joel Schwaerzler,19
2025,257,Remy Bertola,27
2025,258,Geoffrey Blancaneaux,27
2025,259,Calvin Hemery,30
2025,260,Nicolas Kicker,33
2025,261,Ivan Gakhov,29
2025,262,Toby Samuel,23
2025,263,Dimitar Kuzmanov,32
2025,264,Christopher Eubanks,29
2025,265,Frederico Ferreira Silva,30
2025,266,Patrick Zahraj,26
2025,267,Tiago Pereira,21
2025,268,Gauthier Onclin,24
2025,269,Federico Coria,33
2025,270,Tom Paris,23
2025,271,Andres Martin,24
2025,272,Andres Andrade,27
2025,273,Ilia Simakin,22
2025,274,Edas Butvilas,21
2025,275,Pedro Boscardin Dias,22
2025,276,Fajing Sun,29
2025,277,Sumit Nagal,28
2025,278,Henri Squire,25
2025,279,Beibit Zhukayev,25
2025,280,Filip Cristian Jianu,24
2025,281,Alex Rybakov,28
2025,282,Stefanos Sakellaridis,21
2025,283,Florent Bax,26
2025,284,Alastair Gray,27
2025,285,Marat Sharipov,23
2025,286,Saba Purtseladze,24
2025,287,Michael Mmoh,27
2025,288,James Trotter,26
2025,289,Stefan Kozlov,27
2025,290,Andrej Nedic,21
2025,291,Tom Gentzsch,22
2025,292,Fabrizio Andaloro,24
2025,293,Abdullah Shelbayh,22
2025,294,Garrett Johns,25
2025,295,Borna Gojo,27
2025,296,Tyler Zink,24
2025,297,Michael Geerts,30
2025,298,Mikhail Kukushkin,38
2025,299,Norbert Gombos,35
2025,300,Darwin Blanch,18
2025,301,Matheus Pucinelli De Almeida,24
2025,302,Sandro Kopp,25
2025,303,Jacopo Berrettini,27
2025,304,Hynek Barton,21
2025,305,Robin Bertrand,22
2025,306,Liam Broady,31
2025,307,Nikolas Sanchez Izquierdo,26
2025,308,Petr Brunclik,19
2025,309,Yasutaka Uchiyama,33
2025,310,Lilian Marmousez,23
2025,311,Aziz Dougaz,28
2025,312,Gianluca Cadenasso,21
2025,313,Richard Gasquet,39
2025,314,Eliakim Coulibaly,23
2025,315,Harry Wendelken,24
2025,316,Jie Cui,27
2025,317,Akira Santillan,28
2025,318,Charles Broom,27
2025,319,Duje Ajdukovic,24
2025,320,Carlos Sanchez Jover,25
2025,321,Matteo Martineau,26
2025,322,Miguel Damas,26
2025,323,Mats Rosenkranz,27
2025,324,Facundo Mena,33
2025,325,Renta Tokuda,27
2025,326,Adrian Boitan,26
2025,327,Philip Henning,25
2025,328,Petr Bar Biryukov,23
2025,329,Omar Jasika,28
2025,330,Mathys Erhard,24
2025,331,Li Tu,29
2025,332,Giles Hussey,28
2025,333,Oliver Tarvet,22
2025,334,Franco Agamenone,32
2025,335,Andrej Martin,36
2025,336,Andrea Vavassori,30
2025,337,Alfredo Perez,28
2025,338,Hamish Stewart,26
2025,339,Jelle Sels,30
2025,340,Daniel Dutra da Silva,37
2025,341,Sergey Fomin,24
2025,342,Jakub Paul,26
2025,343,Gabriele Piraino,22
2025,344,Maxim Mrva,18
2025,345,Gonzalo Villanueva,30
2025,346,Mika Brunold,21
2025,347,Cedrik-Marcel Stebe,35
2025,348,Martin Krumich,23
2025,349,Andre Ilagan,25
2025,350,Constant Lestienne,33
2025,351,Yuta Shimizu,26
2025,352,Franco Roncadelli,25
2025,353,Antoine Ghibaudo,20
2025,354,Maximus Jones,21
2025,355,Javier Barranco Cosano,27
2025,356,Moerani Bouzige,26
2025,357,Henry Searle,19
2025,358,Patrick Maloney,25
2025,359,Sanhui Shin,28
2025,360,Christian Langmo,29
2025,361,Adria Soriano Barrera,26
2025,362,Nicolas Alvarez Varona,24
2025,363,Hayato Matsuoka,20
2025,364,Hyeon Chung,29
2025,365,Dominic Stricker,23
2025,366,Juan Bautista Torres,23
2025,367,Denis Yevseyev,32
2025,368,Samir Banerjee,22
2025,369,Aslan Karatsev,32
2025,370,Alibek Kachmazov,23
2025,371,Gastao Elias,35
2025,372,Hernan Casanova,31
2025,373,Corentin Denolly,28
2025,374,Christoph Negritu,31
2025,375,Luca Potenza,25
2025,376,Taro Daniel,32
2025,377,Felix Gill,23
2025,378,Viacheslav Bielinskyi,22
2025,379,Alexey Vatutin,33
2025,380,Guido Ivan Justo,28
2025,381,Pol Martin Tiffon,26
2025,382,Paul Jubb,26
2025,383,Kilian Feldbausch,20
2025,384,Pedro Sakamoto,32
2025,385,Tung-Lin Wu,27
2025,386,Diego Dedura,17
2025,387,Cezar Cretu,24
2025,388,Federico Arnaboldi,25
2025,389,Trevor Svajda,19
2025,390,Raul Brancaccio,28
2025,391,Max Alcala Gurri,23
2025,392,Aidan McHugh,25
2025,393,Mili Poljicak,21
2025,394,David Jorda Sanchis,31
2025,395,Matias Soto,26
2025,396,Marc Polmans,28
2025,397,Rudolf Molleker,25
2025,398,Facundo Bagnis,35
2025,399,Ioannis Xilas,24
2025,400,Carlo Alberto Caniato,20
2025,401,Andrea Picchione,27
2025,402,Aryan Shah,20
2025,403,Albert Ramos-Vinolas,37
2025,404,Igor Marcondes,28
2025,405,Daniel Milavsky,24
2025,406,Robert Strombachs,26
2025,407,Raphael Perot,24
2025,408,Lucas Poullain,30
2025,409,Maks Kasnikowski,22
2025,410,Zhizhen Zhang,29
2025,411,Mariano Kestelboim,29
2025,412,Inaki Montes-De La Torre,23
2025,413,Mert Alkaya,25
2025,414,Alex Hernandez,26
2025,415,Oriol Roca Batalla,32
2025,416,Luca Castelnuovo,28
2025,417,Alex Martinez,24
2025,418,Arthur Weber,33
2025,419,Stuart Parker,28
2025,420,Florian Broska,27
2025,421,Marek Gengel,30
2025,422,Kasidit Samrej,24
2025,423,Max Basing,23
2025,424,Ricardas Berankis,35
2025,425,Michele Ribecai,22
2025,426,Dan  Martin,26
2025,427,Lorenzo Carboni,19
2025,428,Antoine Escoffier,33
2025,429,Hikaru Shiraishi,25
2025,430,Keegan Smith,27
2025,431,Neil Oberleitner,26
2025,432,Vadym Ursu,28
2025,433,Etienne Donnet,24
2025,434,Radu Albot,36
2025,435,Erik Arutiunian,21
2025,436,Roberto Cid Subervi,32
2025,437,Juan Manuel La Serna,21
2025,438,Luciano Emanuel Ambrogi,22
2025,439,Oleg Prihodko,28
2025,440,Milos Karol,23
2025,441,Mae Malige,19
2025,442,Buvaysar Gadamauri,25
2025,443,Federico Bondioli,20
2025,444,Jonas Forejtek,24
2025,445,Yusuke Takahashi,28
2025,446,Max Wiskandt,23
2025,447,Olle Wallin,24
2025,448,Cyril Vandermeersch,26
2025,449,Alexander Binda,24
2025,450,Lorenzo Joaquin Rodriguez,26
2025,451,Bernabe Zapata Miralles,28
2025,452,Stefano Napolitano,30
2025,453,Yanki Erel,25
2025,454,Thanasi Kokkinakis,29
2025,455,Dali Blanch,22
2025,456,Gianmarco Ferrari,25
2025,457,Svyatoslav Gulin,23
2025,458,Giovanni Fonio,27
2025,459,Olaf Pieczkowski,21
2025,460,Maxim Zhukov,20
2025,461,Andrew Fenty,25
2025,462,Andrey Chepelev,27
2025,463,Marvin Moeller,26
2025,464,Mateus Alves,24
2025,465,Pavel Kotov,27
2025,466,Eduardo Ribeiro,27
2025,467,Enrico Dalla Valle,27
2025,468,James Story,24
2025,469,Ognjen Milic,18
2025,470,Hiroki Moriya,35
2025,471,Karan Singh,22
2025,472,Carlos Lopez Montagud,25
2025,473,Takuya Kumasaka,27
2025,474,Juan Estevez,20
2025,475,Eric Vanshelboim,24
2025,476,Jake Delaney,28
2025,477,Pedro Vives Marcos,24
2025,478,Filippo Moroni,24
2025,479,Lukas Pokorny,23
2025,480,Filip Peliwo,31
2025,481,Laurent Lokoli,31
2025,482,Nikolay Vylegzhanin,25
2025,483,Mirza Basic,34
2025,484,Edward Winter,21
2025,485,Pietro Fellin,24
2025,486,Soonwoo Kwon,28
2025,487,Yan Bai,36
2025,488,Tsung-Hao Huang,26
2025,489,Tadeas Paroulek,25
2025,490,Blaise Bicknell,24
2025,491,Joao Eduardo Schiessl,21
2025,492,Eero Vasa,28
2025,493,Alexander Weis,28
2025,494,Jack Loge,21
2025,495,Lui Maxted,22
2025,496,Aristotelis Thanos,24
2025,497,Branko Djuric,20
2025,498,Alexander Ritschard,31
2025,499,Bor Artnak,21
2025,500,Vladyslav Orlov,30
2025,501,Jay Friend,22
2025,502,Maxime Janvier,29
2025,503,Tristan McCormick,26
2025,504,Nicolas Arseneault,18
2025,505,Sean Cuenin,21
2025,506,Tibo Colson,25
2025,507,Alex Marti Pujolras,26
2025,508,Stefan Palosi,25
2025,509,Dominik Koepfer,31
2025,510,Henry Bernet,18
2025,511,Blake Ellis,26
2025,512,Andrea Guerrieri,27
2025,513,Egor Agafonov,23
2025,514,Renzo Olivo,33
2025,515,Ryan Nijboer,26
2025,516,Gregoire Barrere,31
2025,517,Thomas Faurel,19
2025,518,Stefan Adrian Andreescu,24
2025,519,Matthew Dellavedova,25
2025,520,Daniel Masur,31
2025,521,Philip Sekulic,22
2025,522,Mukund Sasikumar,28
2025,523,Dhakshineswar Suresh,25
2025,524,Samuele Pieri,23
2025,525,Carl Emil Overbeck,24
2025,526,Valerio Aboian,23
2025,527,Ryuki Matsuda,26
2025,528,Sergio Callejon Hernando,21
2025,529,Tommaso Compagnucci,26
2025,530,Khumoyun Sultanov,27
2025,531,Oleksandr Ovcharenko,24
2025,532,Alberto Barroso Campos,29
2025,533,Bruno Kuzuhara,21
2025,534,Tristan Lamasine,32
2025,535,Leo Borg,22
2025,536,Dennis Novak,32
2025,537,Masamichi Imamura,27
2025,538,Sebastian Gima,23
2025,539,Cannon Kingsley,24
2025,540,Peter Fajta,23
2025,541,Georgii Kravchenko,25
2025,542,Fares Zakaria,24
2025,543,Stefan Popovic,22
2025,544,Yuki Mochizuki,28
2025,545,Maximilian Neuchrist,34
2025,546,Ivan Marrero Curbelo,27
2025,547,Gabriele Pennaforti,25
2025,548,Kokoro Isomura,22
2025,549,Emil Ruusuvuori,26
2025,550,Aleksandre Bakshi,28
2025,551,Nino Ehrenschneider,24
2025,552,Ergi Kirkin,26
2025,553,Johan Nikles,28
2025,554,Lucas Pouille,31
2025,555,Govind Nanda,24
2025,556,Elmar Ejupovic,32
2025,557,Karue Sell,32
2025,558,Dominik Palan,25
2025,559,Maxwell Mckennon,23
2025,560,Woobin Shin,21
2025,561,Amr Elsayed,26
2025,562,Max Hans Rehberg,22
2025,563,Justin Boulais,24
2025,564,Tomasz Berkieta,19
2025,565,Pavle Marinkov,19
2025,566,Igor Gimenez,25
2025,567,Sebastian Sorger,20
2025,568,Dominik Kellovsky,29
2025,569,Dusan Obradovic,24
2025,570,Paulo Andre Saraiva Dos Santos,25
2025,571,Kirill Kivattsev,28
2025,572,Arda Azkara,22
2025,573,Oleksii Krutykh,25
2025,574,Filippo Romano,20
2025,575,Taha Baadi,24
2025,576,Radu Mihai Papoe,23
2025,577,Anton Matusevich,24
2025,578,Robin Catry,23
2025,579,Arthur Nagel,22
2025,580,Maxime Chazal,32
2025,581,Alvin Nicholas Tudorica,23
2025,582,Michal Krajci,20
2025,583,Juan Sebastian Gomez,33
2025,584,Filip Jeff Planinsek,24
2025,585,Manuel Mazza,26
2025,586,Michael Vrbensky,26
2025,587,Petr Nesterov,22
2025,588,Manas Dhamne,18
2025,589,Stefan Dostanic,24
2025,590,Enzo Couacaud,30
2025,591,Cem Ilkel,30
2025,592,Dan Alexandru Tomescu,26
2025,593,Jozef Kovalik,33
2025,594,Adhithya Ganesan,20
2025,595,Miguel Tobon,19
2025,596,Constantin Bittoun Kouzmine,26
2025,597,Lucas Gerch,31
2025,598,Digvijaypratap Singh,25
2025,599,Joaquin Aguilar Cardozo,20
2025,600,Tai Sach,23
2025,601,Millen Hurrion,26
2025,602,Matthew William Donald,21
2025,603,Karl Poling,26
2025,604,Emilien Demanet,20
2025,605,Adrian Oetzbach,28
2025,606,Shunsuke Mitsui,23
2025,607,Nick Hardt,25
2025,608,Koki Matsuda,25
2025,609,Andres Santamarta Roig,18
2025,610,Juan Carlos Aguilar,27
2025,611,Lucio Ratti,21
2025,612,Carlos Maria Zarate,20
2025,613,Loann Massard,20
2025,614,Louis Wessels,27
2025,615,Luis Carlos Alvarez,21
2025,616,Max Schoenhaus,18
2025,617,Alan Fernando Rubio Fierros,26
2025,618,Aidan Mayo,22
2025,619,Maxence Beauge,25
2025,620,Gerard Campana Lee,21
2025,621,Nicholas David Ionel,23
2025,622,Yassine Dlimi,22
2025,623,Damien Wenger,25
2025,624,Mees Rottgering,18
2025,625,Mario Gonzalez Fernandez,23
2025,626,Yurii Dzhavakian,32
2025,627,Mikael Ymer,27
2025,628,Jakub Nicod,21
2025,629,Shintaro Imai,32
2025,630,Lorenzo Sciahbasi,20
2025,631,Yuta Kawahashi,27
2025,632,S D Prajwal Dev,29
2025,633,Kenta Miyoshi,21
2025,634,Alec Deckers,25
2025,635,Toby Kodat,22
2025,636,Ryan Fishback,23
2025,637,Christian Sigsgaard,28
2025,638,Johan Alexander Rodriguez,22
2025,639,Daniel Siniakov,22
2025,640,Juan Cruz Martin Manzano,21
2025,641,Ye Cong Mo,25
2025,642,Kuan-Yi Lee,29
2025,643,Andrew Paulson,24
2025,644,Mate Valkusz,27
2025,645,Reda Bennani,18
2025,646,Yusuke Kusuhara,28
2025,647,Rigele Te,28
2025,648,Santiago De La Fuente,23
2025,649,Igor Kudriashov,22
2025,650,Denis Klok,27
2025,651,Massimo Giunta,21
2025,652,Karol Filar,27
2025,653,Facundo Juarez,28
2025,654,Arthur Reymond,26
2025,655,Chase Ferguson,26
2025,656,Axel Garcian,23
2025,657,Aziz Ouakaa,26
2025,658,Kyle Kang,20
2025,659,Aidan Kim,21
2025,660,Alafia Ayeni,26
2025,661,Tim Handel,29
2025,662,Duncan Chan,20
2025,663,Jacopo Vasami,18
2025,664,Iliyan Radulov,20
2025,665,Stijn Slump,26
2025,666,Imanol Lopez Morillo,26
2025,667,Giuseppe La Vela,25
2025,668,Luca Castagnola,23
2025,669,Quinn Vandecasteele,23
2025,670,Giovanni Oradini,28
2025,671,Nick Kyrgios,30
2025,672,Dragos Nicolae Madaras,28
2025,673,Michael Agwi,22
2025,674,Jan Kumstat,18
2025,675,Radu David Turcanu,19
2025,676,Daniel Antonio Nunez,24
2025,677,Pawit Sornlaksup,26
2025,678,Alexander Donski,27
2025,679,Francesco Forti,26
2025,680,Matisse Bobichon,23
2025,681,Felix Corwin,29
2025,682,Alejo Sanchez Quilez,20
2025,683,Alejandro Manzanera Pertusa,22
2025,684,Pierre Delage,24
2025,685,Ryan Dickerson,28
2025,686,Abel Forger,20
2025,687,Pedro Cachin,30
2025,688,Joshua Sheehy,28
2025,689,Braden Shick,22
2025,690,Blu Baker,24
2025,691,Yuta Kikuchi,26
2025,692,Rodrigo Alujas,23
2025,693,Pedro Araujo,23
2025,694,Sergi Perez Contri,27
2025,695,Sidharth Rawat,32
2025,696,Strong Kirchheimer,30
2025,697,Nicolas Moreno De Alboran,28
2025,698,Cooper Williams,20
2025,699,Pierluigi Basile,18
2025,700,Tuncay Duran,21
2025,701,Tianhui Zhang,19
2025,702,Marcel Zielinski,25
2025,703,Niels Visker,24
2025,704,Kyle Edmund,30
2025,705,Pablo Martinez Gomez,19
2025,706,James Watt,25
2025,707,Peter Bertran,29
2025,708,Naoki Nakagawa,29
2025,709,Sora Fukuda,28
2025,710,Semen Pankin,26
2025,711,Gabriel Ghetu,18
2025,712,Ali Yazdani,22
2025,713,Federico Iannaccone,26
2025,714,Kenny De Schepper,38
2025,715,Guillaume Dalmasso,23
2025,716,Kaylan Bigun,19
2025,717,Uisung Park,25
2025,718,Jose Pereira,34
2025,719,Felix Balshaw,19
2025,720,Diego Augusto Barreto Sanchez,23
2025,721,Michiel De Krom,27
2025,722,Leo Vithoontien,26
2025,723,Pedro Rodrigues,19
2025,724,Joris De Loore,32
2025,725,Matthew Summers,27
2025,726,Michael Bassem Sobhy,21
2025,727,Maik Steiner,31
2025,728,Manuel Guinard,30
2025,729,Conner Huertas del Pino,30
2025,730,JiSung Nam,32
2025,731,Ignacio Monzon,27
2025,732,Kai Wehnelt,30
2025,733,Yanaki Milev,21
2025,734,Fausto Tabacco,23
2025,735,Cruz Hewitt,17
2025,736,John Echeverria,24
2025,737,Daniil Ostapenkov,22
2025,738,Dinko Dinev,21
2025,739,Maximilian Marterer,30
2025,740,Micah Braswell,24
2025,741,Theo Papamalamis,19
2025,742,Luca Staeheli,25
2025,743,Alex Knaff,28
2025,744,Alessandro Pecci,24
2025,745,Tomas Farjat,24
2025,746,Josip Simundza,21
2025,747,Matteo Covato,20
2025,748,Maxence Bertimon,26
2025,749,Amaury Raynel,23
2025,750,Dimitris Sakellaridis,19
2025,751,Cesar Bouchelaghem,21
2025,752,Timofei Derepasko,18
2025,753,Tiago Torres,23
2025,754,Samuel Alejandro Linde Palacios,18
2025,755,Samuel Heredia,19
2025,756,Taisei Ichikawa,25
2025,757,Tomas Curras Abasolo,25
2025,758,Evan Zhu,27
2025,759,Mika Petkovic,19
2025,760,Alexis Gautier,28
2025,761,Trey Hilderbrand,25
2025,762,Mwendwa Mbithi,27
2025,763,Adrien Gobat,24
2025,764,Yanis Ghazouani Durand,25
2025,765,Nicolas Tepmahc,24
2025,766,Joshua Charlton,26
2025,767,Mitsuki Wei Kang Leong,21
2025,768,Kris Van Wyk,29
2025,769,Leo Raquillet,20
2025,770,Luca Preda,19
2025,771,Shinji Hazawa,26
2025,772,Naoya Honda,19
2025,773,John Sperle,23
2025,774,Jack Anthrop,22
2025,775,Victor Lilov,21
2025,776,Francisco Rocha,26
2025,777,Matt Kuhar,29
2025,778,Aleksandr Braynin,26
2025,779,Leonardo Rossi,23
2025,780,Lucas Andrade Da Silva,20
2025,781,Roger Pascual Ferra,19
2025,782,Egor Gerasimov,33
2025,783,Matyas Fuele,27
2025,784,Attila Boros,22
2025,785,Alec Beckley,24
2025,786,M Rifki Fitriadi,26
2025,787,Martin Van Der Meerschen,25
2025,788,Colin Sinclair,31
2025,789,Melios Efstathiou,26
2025,790,Oscar Jose Gutierrez,32
2025,791,Samir Hamza Reguig,23
2025,792,Wishaya Trongcharoenchaikul,30
2025,793,Fryderyk Lechno-Wasiutynski,20
2025,794,Ilya Ivashka,31
2025,795,Gustavo Ribeiro De Almeida,19
2025,796,Benoit Paire,36
2025,797,Mikalai Haliak,27
2025,798,Alan Magadan,24
2025,799,Bautista Vilicich,24
2025,800,Linang Xiao,25
2025,801,Duckhee Lee,27
2025,802,William Grant,24
2025,803,Artur Kukasian,21
2025,804,J.J. Wolf,27
2025,805,Oscar Weightman,24
2025,806,Albert Pedrico Kravtsov,20
2025,807,Karim Bennani,18
2025,808,Pedro Rodenas,21
2025,809,Evgeny Karlovskiy,31
2025,810,Oliver Bonding,18
2025,811,Aleksandr Lobanov,24
2025,812,Lucas Bouquet,28
2025,813,Emile Hudd,25
2025,814,Alejandro Juan Mano,20
2025,815,Toufik Sahtali,26
2025,816,Wilson Leite,34
2025,817,Jacob Brumm,27
2025,818,Nikita Belozertsev,17
2025,819,Bruno Fernandez,21
2025,820,Ajeet Rai,26
2025,821,Keisuke Saitoh,24
2025,822,Maximilian Homberg,22
2025,823,Thanapet Chanta,26
2025,824,Lorenzo Rottoli,23
2025,825,Taiyo Yamanaka,24
2025,826,Iannis Miletich,20
2025,827,Kosuke Ogura,29
2025,828,Jacob Bradshaw,23
2025,829,Petros Tsitsipas,25
2025,830,Amir Omarkhanov,18
2025,831,Michel Hopp,27
2025,832,Vincent Marysko,19
2025,833,Benjamin Torrealba,20
2025,834,Niccolo Catini,28
2025,835,Martin Klizan,36
2025,836,Gian Luca Tanner,24
2025,837,Kristijan Juhas,24
2025,838,Alejandro Turriziani Alvarez,22
2025,839,Maximo Zeitune,19
2025,840,Marlon Vankan,25
2025,841,Evgenii Tiurnev,28
2025,842,Julio Cesar Porras,27
2025,843,Jorge Plans,23
2025,844,Rafael Izquierdo Luque,25
2025,845,Mert Naci Turker,27
2025,846,Thiago Cigarran,25
2025,847,Noah Schachter,26
2025,848,Ben Jones,27
2025,849,Marko Maksimovic,19
2025,850,Dong Ju Kim,23
2025,851,Patrick Schoen,20
2025,852,Matt Ponchet,21
2025,852,Hoyoung Roh,19
2025,854,Marc Van Der Merwe,31
2025,855,Xiaofei Wang,22
2025,856,Ryotaro Taguchi,25
2025,857,Izan Almazan Valiente,19
2025,858,Ignacio Parisca Romera,20
2025,859,Niklas Schell,26
2025,860,Alexandre Aubriot,26
2025,861,Pierre Yves Bailly,22
2025,862,Ryan Seggerman,26
2025,863,Luca Wiedenmann,27
2025,864,Shunsuke Nakagawa,25
2025,865,Isaiah Strode,28
2025,866,Charlie Robertson,19
2025,867,Jeffrey Von Der Schulenburg,23
2025,868,Giorgio Tabacco,22
2025,869,Lautaro Agustin Falabella,27
2025,870,Jakub Filip,20
2025,871,Amit Vales,20
2025,872,Nikita Mashtakov,26
2025,873,Dragos Nicolae Cazacu,21
2025,874,Manuel Plunger,23
2025,874,Emon Van Loben Sels,21
2025,876,Moise Kouame,16
2025,877,Scott Jones,27
2025,878,Kalin Ivanovski,21
2025,879,Nikola Slavic,25
2025,880,Matyas Cerny,24
2025,881,Daisuke Sumizawa,26
2025,882,Joao Victor Couto Loureiro,22
2025,883,Andrea Fiorentini,24
2025,884,Diego Schwartzman,33
2025,885,Nicolas Ian Kotzen,22
2025,886,Arklon Huertas Del Pino Cordova,31
2025,887,Aoran Wang,28
2025,888,Tiago Cacao,27
2025,889,Enzo Wallart,28
2025,890,Jumpei Yamasaki,28
2025,891,Dev Javia,23
2025,892,Orlando Luz,27
2025,893,Ilya Snitari,23
2025,894,Andreja Petrovic,25
2025,895,Ivan Nedelko,39
2025,896,Fernando Cavallo,20
2025,897,Miles Jones,25
2025,898,Tomas Serrano Luis,23
2025,899,Anas Mazdrashki,19
2025,900,Alexander Klintcharov,29
2025,901,Daniel De Jonge,26
2025,902,Ezekiel Clark,27
2025,903,Seydina Andre,22
2025,904,Nicolas Jadoun,23
2025,905,Jesse Delaney,27
2025,906,Anton Shepp,23
2025,907,Mathias Bourgue,31
2025,907,Peter Makk,24
2025,909,Enzo Kohlmann De Freitas,19
2025,910,Kasra Rahmani,19
2025,911,Marcus Walters,27
2025,912,Carles Hernandez,24
2025,913,Finn Murgett,24
2025,914,Nitin Kumar Sinha,26
2025,915,Grigoriy Lomakin,27
2025,916,Matthew Forbes,19
2025,917,Paul Inchauspe,21
2025,918,Theodore Dean,23
2025,919,Calvin Mueller,25
2025,920,Pavel Lagutin,20
2025,921,Lorenzo Bocchi,28
2025,922,Yaojie Zeng,23
2025,923,Salvador Price,20
2025,924,Adan Freire Da Silva,26
2025,925,Evan Bynoe,26
2025,926,Romain Faucon,23
2025,927,Kristjan Tamm,27
2025,928,Pietro Marino,24
2025,929,Zoran Ludoski,20
2025,930,Gianluca Mager,31
2025,931,Aleksa Ciric,25
2025,932,Rudy Quan,19
2025,933,Filip Pieczonka,21
2025,934,Pablo Masjuan Ginel,23
2025,935,Stijn Paardekooper,22
2025,936,Marc Majdandzic,20
2025,937,Juan Sebastian Osorio,28
2025,938,Benjamin Pietri,29
2025,939,Yaroslav Demin,20
2025,940,Chirag Duhan,21
2025,941,Gijs Brouwer,29
2025,942,Steven Diez,34
2025,943,Yun seong Chung,27
2025,944,Ivan Ivanov,17
2025,945,Qian Sun,24
2025,946,Brian Bozemoj,22
2025,947,Finn Bass,26
2025,948,John Hallquist Lithen,24
2025,949,Axel Nefve,25
2025,950,Diego Fernandez Flores,25
2025,951,Giannicola Misasi,25
2025,952,Michael Zhu,33
2025,953,David Pichler,29
2025,954,Johannes Ingildsen,28
2025,955,Georgi Georgiev,19
2025,956,Luca Pow,20
2025,957,Ozan Baris,21
2025,958,Matt Hulme,26
2025,959,Jea Moon Lee,32
2025,960,Manish Sureshkumar,26
2025,961,Pietro Romeo Scomparin,24
2025,962,Adrian Andreev,24
2025,963,Thantub Suksumrarn,24
2025,964,Karlis Ozolins,23
2025,965,Bekkhan Atlangeriev,24
2025,966,Marcello Serafini,23
2025,967,Ewen Lumsden,25
2025,968,Nicolas Zanellato,23
2025,969,Tomas Martinez,22
2025,970,Justin Schlageter,24
2025,971,Lucas Marionneau,19
2025,972,Jeremy Gschwendtner,27
2025,973,Mihai Razvan Marinescu,24
2025,974,Nicolas Barrientos,38
2025,975,Dante Pagani,17
2025,976,Taym Al Azmeh,21
2025,977,Spencer Johnson,22
2025,978,Jack Kennedy,17
2025,979,Mateo Barreiros Reyes,25
2025,980,Ryo Tabata,17
2025,981,Alejo Lorenzo Lingua Lavallen,24
2025,982,Leonardo Aboian,27
2025,983,Samuel Vincent Ruggeri,23
2025,984,Maxim Shin,22
2025,985,Peter Buldorini,21
2025,986,Younes Lalami,24
2025,987,Thomas Braithwaite,26
2025,988,Lorenzo Lorusso,25
2025,989,Lorenzo Angelini,19
2025,990,Nicolas Villalon,21
2025,991,Gabriel Debru,20
2025,992,Ryan Colby,22
2025,993,Ziga Sesko,17
2025,994,Kuang Qing Xu,19
2025,995,Andrew Delgado,20
2025,996,Suk Hyun Choo,24
2025,997,Dominique Rolland,21
2025,998,William Rejchtman Vinciguerra,18
2025,999,Dominik Recek,30
2025,1000,Blake Mott,29
2024,1,Jannik Sinner,23
2024,2,Alexander Zverev,27
2024,3,Carlos Alcaraz,21
2024,4,Taylor Fritz,27
2024,5,Daniil Medvedev,28
2024,6,Casper Ruud,26
2024,7,Novak Djokovic,37
2024,8,Andrey Rublev,27
2024,9,Alex de Minaur,25
2024,10,Grigor Dimitrov,33
2024,11,Stefanos Tsitsipas,26
2024,12,Tommy Paul,27
2024,13,Holger Rune,21
2024,14,Ugo Humbert,26
2024,15,Jack Draper,23
2024,16,Hubert Hurkacz,27
2024,17,Lorenzo Musetti,22
2024,18,Frances Tiafoe,26
2024,19,Karen Khachanov,28
2024,20,Arthur Fils,20
2024,21,Ben Shelton,22
2024,22,Sebastian Korda,24
2024,23,Alejandro Tabilo,27
2024,24,Alexei Popyrin,25
2024,25,Tomas Machac,24
2024,26,Jordan Thompson,30
2024,27,Sebastian Baez,24
2024,28,Jiri Lehecka,23
2024,29,Felix Auger-Aliassime,24
2024,30,Francisco Cerundolo,26
2024,31,Giovanni Mpetshi Perricard,21
2024,32,Flavio Cobolli,22
2024,33,Alexander Bublik,27
2024,34,Matteo Berrettini,28
2024,35,Nicolas Jarry,29
2024,36,Nuno Borges,27
2024,37,Matteo Arnaldi,23
2024,38,Brandon Nakashima,23
2024,39,Tomas Martin Etcheverry,25
2024,40,Tallon Griekspoor,28
2024,41,Alex Michelsen,20
2024,42,Jan-Lennard Struff,34
2024,43,Pedro Martinez,27
2024,44,Luciano Darderi,22
2024,45,Zhizhen Zhang,28
2024,46,Marcos Giron,31
2024,47,Mariano Navone,23
2024,48,Jakub Mensik,19
2024,49,Cameron Norrie,29
2024,50,Juncheng Shang,19
2024,51,Roberto Bautista Agut,36
2024,52,David Goffin,34
2024,53,Lorenzo Sonego,29
2024,54,Miomir Kecmanovic,25
2024,55,Gael Monfils,38
2024,56,Denis Shapovalov,25
2024,57,Roberto Carballes Baena,31
2024,58,Fabian Marozsan,25
2024,59,Arthur Rinderknech,29
2024,60,Roman Safiullin,27
2024,61,Alejandro Davidovich Fokina,25
2024,62,Jaume Munar,27
2024,63,Arthur Cazaux,22
2024,64,Christopher O'Connell,30
2024,65,Yunchaokete Bu,22
2024,66,Adrian Mannarino,36
2024,67,Alexandre Muller,27
2024,68,Aleksandar Vukic,28
2024,69,Yoshihito Nishioka,29
2024,70,Corentin Moutet,25
2024,71,Zizou Bergs,25
2024,72,Quentin Halys,28
2024,73,Rinky Hijikata,23
2024,74,Thiago Seyboth Wild,24
2024,75,Benjamin Bonzi,28
2024,76,Hugo Gaston,24
2024,77,Thanasi Kokkinakis,28
2024,78,Alexander Shevchenko,24
2024,79,Facundo Diaz Acosta,24
2024,80,Botic van de Zandschulp,29
2024,81,Dusan Lajovic,34
2024,82,James Duckworth,32
2024,83,Damir Dzumhur,32
2024,84,Taro Daniel,31
2024,85,Francisco Comesana,24
2024,86,Pavel Kotov,26
2024,87,Gabriel Diallo,23
2024,88,Sebastian Ofner,28
2024,89,Daniel Altmaier,26
2024,90,Borna Coric,28
2024,91,Fabio Fognini,37
2024,92,Luca Nardi,21
2024,93,Adam Walton,25
2024,94,Otto Virtanen,23
2024,95,Emil Ruusuvuori,25
2024,96,Yannick Hanfmann,33
2024,97,Camilo Ugo Carabelli,25
2024,98,Sumit Nagal,27
2024,99,Jacob Fearnley,23
2024,100,Federico Coria,32
2024,101,Lucas Pouille,30
2024,102,Dominik Koepfer,30
2024,103,Mattia Bellucci,23
2024,104,Marton Fucsovics,32
2024,105,Max Purcell,26
2024,106,Kei Nishikori,35
2024,107,Christopher Eubanks,28
2024,108,Francesco Passaro,23
2024,109,Thiago Monteiro,30
2024,110,Nicolas Moreno De Alboran,27
2024,111,Aleksandar Kovacevic,26
2024,112,Jesper de Jong,24
2024,113,Mikhail Kukushkin,37
2024,114,Hamad Medjedovic,21
2024,115,Laslo Djere,29
2024,116,Harold Mayot,22
2024,117,Thiago Agustin Tirante,23
2024,118,Alexander Ritschard,30
2024,119,Chun-Hsin Tseng,23
2024,120,Kamil Majchrzak,28
2024,121,Raphael Collignon,22
2024,122,Learner Tien,19
2024,123,Jaime Faria,21
2024,124,Hugo Dellien,31
2024,125,Billy Harris,29
2024,126,Daniel Elahi Galan,28
2024,127,Jozef Kovalik,32
2024,128,Luca Van Assche,20
2024,129,Richard Gasquet,38
2024,130,Vit Kopriva,27
2024,131,Mackenzie McDonald,29
2024,132,Lloyd Harris,27
2024,133,Tristan Boyer,23
2024,134,Jerome Kym,21
2024,135,Leandro Riedi,22
2024,136,Lukas Klein,26
2024,137,Federico Agustin Gomez,28
2024,138,Nishesh Basavareddy,19
2024,139,Juan Manuel Cerundolo,23
2024,140,Valentin Vacherot,26
2024,141,Matteo Gigante,22
2024,142,Duje Ajdukovic,23
2024,143,Marco Trungelliti,34
2024,144,Facundo Bagnis,34
2024,145,Joao Fonseca,18
2024,146,Yasutaka Uchiyama,32
2024,147,Mitchell Krueger,30
2024,148,Pierre-Hugues Herbert,33
2024,149,Felipe Meligeni Alves,26
2024,150,Seongchan Hong,27
2024,151,Martin Landaluce,18
2024,152,Cristian Garin,28
2024,153,Rafael Nadal,38
2024,154,Tomas Barrios Vera,27
2024,155,Hugo Grenier,28
2024,156,Roman Andres Burruchaga,22
2024,157,Alex Bolt,31
2024,158,Terence Atmane,22
2024,159,Marc-Andrea Huesler,28
2024,160,Elmer Moller,21
2024,161,Stan Wawrinka,39
2024,162,Gregoire Barrere,30
2024,163,Radu Albot,35
2024,164,Daniel Evans,34
2024,165,Albert Ramos-Vinolas,36
2024,166,Zachary Svajda,22
2024,167,Stefano Napolitano,29
2024,168,Tristan Schoolkate,23
2024,169,Alejandro Moro Canas,24
2024,170,Coleman Wong,20
2024,171,Henrique Rocha,20
2024,172,Gustavo Heide,22
2024,173,Jan Choinski,28
2024,174,Li Tu,28
2024,175,Jurij Rodionov,25
2024,176,Gijs Brouwer,28
2024,177,Henri Squire,24
2024,178,Omar Jasika,27
2024,179,Marin Cilic,36
2024,180,Maks Kasnikowski,21
2024,181,Dmitry Popko,28
2024,182,Titouan Droguet,23
2024,183,Murkel Dellien,27
2024,184,Maximilian Marterer,29
2024,185,Paul Jubb,25
2024,186,Vilius Gaubas,20
2024,187,Juan Pablo Ficovich,27
2024,188,Constant Lestienne,32
2024,189,Clement Chidekh,23
2024,190,Sho Shimabukuro,27
2024,191,Timofey Skatov,23
2024,192,Yuta Shimizu,25
2024,193,James Trotter,25
2024,194,Alibek Kachmazov,22
2024,195,Carlos Taberner,27
2024,196,Pablo Carreno Busta,33
2024,197,Valentin Royer,23
2024,198,Brandon Holt,26
2024,199,Nick Hardt,24
2024,200,August Holmgren,26
2024,201,Calvin Hemery,29
2024,202,Ethan Quinn,20
2024,203,Alexander Blockx,19
2024,204,Andrea Collarini,32
2024,205,Alexis Galarneau,25
2024,206,Enzo Couacaud,29
2024,207,Antoine Escoffier,32
2024,208,Nikoloz Basilashvili,32
2024,209,Juan Pablo Varillas,29
2024,210,Matteo Martineau,25
2024,211,Patrick Kypson,25
2024,212,Emilio Nava,23
2024,213,Bernard Tomic,32
2024,214,Filip Cristian Jianu,23
2024,215,Facundo Mena,32
2024,216,Hady Habib,26
2024,217,Adrian Andreev,23
2024,218,Benjamin Hassan,29
2024,219,Nicolas Mejia,24
2024,220,Oriol Roca Batalla,31
2024,221,Stefano Travaglia,33
2024,222,Ugo Blanchet,25
2024,223,Khumoyun Sultanov,26
2024,224,Javier Barranco Cosano,26
2024,225,Dalibor Svrcina,22
2024,226,Lukas Neumayer,22
2024,227,Aziz Dougaz,27
2024,228,Eliot Spizzirri,23
2024,229,Mark Lajal,21
2024,230,Gianluca Mager,30
2024,231,Federico Arnaboldi,24
2024,232,Gauthier Onclin,23
2024,233,Adolfo Daniel Vallejo,20
2024,234,Ignacio Buse,20
2024,235,Shintaro Mochizuki,21
2024,236,Tung-Lin Wu,26
2024,237,Giulio Zeppieri,23
2024,238,Milos Raonic,34
2024,239,Yu Hsiou Hsu,25
2024,240,Gonzalo Bueno,20
2024,241,Andy Andrade,26
2024,242,Francesco Maestrelli,22
2024,243,Beibit Zhukayev,24
2024,244,Maxime Cressy,27
2024,245,Gonzalo Oliveira,29
2024,246,Denis Yevseyev,31
2024,247,Liam Draxl,23
2024,248,Matias Soto,25
2024,249,Zsombor Piros,25
2024,250,Abdullah Shelbayh,21
2024,251,Pol Martin Tiffon,25
2024,252,Edas Butvilas,20
2024,253,Gabriel Debru,19
2024,254,Daniel Masur,30
2024,255,Yan Bai,35
2024,256,James McCabe,21
2024,257,Marek Gengel,29
2024,258,Manuel Guinard,29
2024,259,Karue Sell,31
2024,260,Andrea Pellegrino,27
2024,261,J.J. Wolf,26
2024,262,Lorenzo Giustino,33
2024,263,Robin Bertrand,21
2024,264,Jay Clarke,26
2024,265,Kyrian Jacquet,23
2024,266,Matej Dodig,19
2024,267,Denis Kudla,32
2024,268,Rudolf Molleker,24
2024,269,Alvaro Guillen Meza,21
2024,270,Max Hans Rehberg,21
2024,271,Aidan Mayo,21
2024,272,Bernabe Zapata Miralles,27
2024,273,Daniel Rincon,21
2024,274,Andrea Vavassori,29
2024,275,Samuel Vincent Ruggeri,22
2024,276,Charles Broom,26
2024,277,Fajing Sun,28
2024,278,Santiago Rodriguez Taverna,25
2024,279,Geoffrey Blancaneaux,26
2024,280,Juan Bautista Torres,22
2024,281,Mateus Alves,23
2024,282,Remy Bertola,26
2024,283,Enrico Dalla Valle,26
2024,284,Pablo Llamas Ruiz,22
2024,285,Ergi Kirkin,25
2024,286,Pedro Cachin,29
2024,287,Aslan Karatsev,31
2024,288,Juan Carlos Prado Angelo,19
2024,289,Gastao Elias,34
2024,290,Mathys Erhard,23
2024,291,Martin Klizan,35
2024,292,Dino Prizmic,19
2024,293,Reilly Opelka,27
2024,294,Philip Sekulic,21
2024,295,Mili Poljicak,20
2024,296,Rio Noguchi,26
2024,297,Daniel Merida,20
2024,298,Michael Geerts,29
2024,299,Dominic Stricker,22
2024,300,Chris Rodesch,23
2024,301,Matheus Pucinelli De Almeida,23
2024,302,Jelle Sels,29
2024,303,Daniel Dutra da Silva,36
2024,304,Corentin Denolly,27
2024,305,Maxime Janvier,28
2024,306,Carlos Sanchez Jover,24
2024,307,Cezar Cretu,23
2024,308,Frederico Ferreira Silva,29
2024,309,Ivan Gakhov,28
2024,310,Oleksandr Ovcharenko,23
2024,311,Benjamin Lock,31
2024,312,Max Houkes,24
2024,313,Oleg Prihodko,27
2024,314,Ricardas Berankis,34
2024,315,Genaro Alberto Olivieri,26
2024,316,Filip Misolic,23
2024,317,Michael Mmoh,26
2024,318,Ilia Simakin,21
2024,319,Jacopo Berrettini,26
2024,320,Alexey Vatutin,32
2024,321,Marc Polmans,27
2024,322,Renzo Olivo,32
2024,323,Nicholas David Ionel,22
2024,324,Philip Henning,24
2024,325,Alexey Zakharov,24
2024,326,Martin Damm,21
2024,327,Elias Ymer,28
2024,328,Joris De Loore,31
2024,329,Hazem Naw,24
2024,330,Joel Schwaerzler,18
2024,331,Egor Gerasimov,32
2024,332,Alex Marti Pujolras,25
2024,333,Giovanni Fonio,26
2024,334,Pedro Sakamoto,31
2024,335,Murphy Cassone,22
2024,336,Dimitar Kuzmanov,31
2024,337,Eliakim Coulibaly,22
2024,338,Blake Ellis,25
2024,339,Jules Marie,33
2024,340,Toby Kodat,21
2024,341,Jiri Vesely,31
2024,342,Marat Sharipov,22
2024,343,Guy Den Ouden,22
2024,344,Andrea Picchione,26
2024,345,Dane Sweeny,23
2024,346,Jakub Nicod,20
2024,347,Sandro Kopp,24
2024,348,Soonwoo Kwon,27
2024,349,Christoph Negritu,30
2024,350,Nikolas Sanchez Izquierdo,25
2024,351,Dennis Novak,31
2024,352,Masamichi Imamura,26
2024,353,Nicola Kuhn,24
2024,354,Stefan Kozlov,26
2024,355,Maxime Chazal,31
2024,356,Nicolas Alvarez Varona,23
2024,357,Kyle Edmund,29
2024,358,Evgenii Tiurnev,27
2024,359,Kris Van Wyk,28
2024,360,Jie Cui,26
2024,361,Kaichi Uchida,30
2024,362,Luka Pavlovic,24
2024,363,Yi Zhou,19
2024,364,Adrian Boitan,25
2024,365,Colton Smith,21
2024,366,Franco Roncadelli,24
2024,367,Mukund Sasikumar,27
2024,368,Rodrigo Pacheco Mendez,19
2024,369,Michael Vrbensky,25
2024,370,Diego Schwartzman,32
2024,371,Johannus Monday,22
2024,372,Naoki Nakagawa,28
2024,373,Mats Rosenkranz,26
2024,374,Yosuke Watanuki,26
2024,375,Marco Cecchinato,32
2024,376,Jack Pinnington Jones,21
2024,377,Clement Tabur,24
2024,378,Adria Soriano Barrera,25
2024,379,Matthew Dellavedova,24
2024,380,Luka Mikrut,20
2024,381,Gerard Campana Lee,20
2024,382,Arthur Gea,19
2024,383,Nerman Fatic,30
2024,384,David Jorda Sanchis,30
2024,385,Mika Brunold,20
2024,386,Alejo Lorenzo Lingua Lavallen,23
2024,387,Vitaliy Sachko,27
2024,388,Lautaro Midon,20
2024,389,Lilian Marmousez,22
2024,390,Ryan Nijboer,25
2024,391,Franco Agamenone,31
2024,392,Vadym Ursu,27
2024,393,Marko Topo,21
2024,394,Roberto Cid Subervi,31
2024,395,Ramkumar Ramanathan,30
2024,396,Justin Engel,17
2024,397,Christian Langmo,28
2024,398,Hiroki Moriya,34
2024,399,Kimmer Coppejans,30
2024,400,Andre Ilagan,24
2024,401,Joao Lucas Reis Da Silva,24
2024,402,Robert Strombachs,25
2024,403,Oliver Crawford,25
2024,404,Jonas Forejtek,23
2024,405,Arthur Bouquier,24
2024,406,Daniel Michalski,24
2024,407,Luciano Emanuel Ambrogi,21
2024,408,Yibing Wu,25
2024,409,Michael Agwi,21
2024,410,Zdenek Kolar,28
2024,411,Thai-Son Kwiatkowski,29
2024,412,Jakub Paul,25
2024,413,Rei Sakamoto,18
2024,414,Hernan Casanova,30
2024,415,Benoit Paire,35
2024,416,Kasidit Samrej,23
2024,417,Pedro Araujo,22
2024,418,Viktor Durasovic,27
2024,419,Ryan Seggerman,25
2024,420,Petr Bar Biryukov,22
2024,421,Giles Hussey,27
2024,422,Milos Karol,22
2024,423,Gonzalo Villanueva,29
2024,424,Bor Artnak,20
2024,425,Miguel Damas,25
2024,426,Evgeny Karlovskiy,30
2024,427,Andrej Martin,35
2024,428,Ryan Peniston,29
2024,429,Tommaso Compagnucci,25
2024,430,Neil Oberleitner,25
2024,431,Norbert Gombos,34
2024,432,Bogdan Bobrov,27
2024,433,Alexander Weis,27
2024,434,Valerio Aboian,22
2024,435,Govind Nanda,23
2024,436,Felix Gill,22
2024,437,Tom Gentzsch,21
2024,438,Gabriele Pennaforti,24
2024,439,Petr Nesterov,21
2024,440,Guido Ivan Justo,27
2024,441,Laurent Lokoli,30
2024,442,Altug Celikbilek,28
2024,443,Gianluca Cadenasso,20
2024,444,Saba Purtseladze,23
2024,445,Ernesto Escobedo,28
2024,446,Tristan Lamasine,31
2024,447,Borna Gojo,26
2024,448,Hynek Barton,20
2024,449,Alessandro Pecci,23
2024,450,Michiel De Krom,26
2024,451,Sebastian Fanselow,33
2024,452,Raul Brancaccio,27
2024,453,Orlando Luz,26
2024,454,Lucas Poullain,29
2024,455,Federico Iannaccone,25
2024,456,Dan Alexandru Tomescu,25
2024,457,Max Alcala Gurri,22
2024,458,Omni Kumar,23
2024,459,Mohamed Safwat,34
2024,460,Anton Matusevich,23
2024,461,Peter Bertran,28
2024,462,Micah Braswell,23
2024,463,Mathias Bourgue,30
2024,464,Kokoro Isomura,21
2024,465,Shintaro Imai,31
2024,466,Carlos Lopez Montagud,24
2024,467,Patrick Zahraj,25
2024,468,Sascha Gueymard Wayenburg,21
2024,469,Tomas Farjat,23
2024,470,Gabriele Piraino,21
2024,471,Svyatoslav Gulin,22
2024,472,Alex Molcan,27
2024,473,Karan Singh,21
2024,474,Giovanni Oradini,27
2024,475,Blake Mott,28
2024,476,Stefan Popovic,21
2024,477,Pawel Juszczak,30
2024,478,Aidan McHugh,24
2024,479,Dan Added,25
2024,480,Marvin Moeller,25
2024,481,Alafia Ayeni,25
2024,482,Marcello Serafini,22
2024,483,Arthur Fery,22
2024,484,Riccardo Bonadio,31
2024,485,Lucas Gerch,30
2024,486,Ajeet Rai,25
2024,487,Patrick Maloney,24
2024,488,Daniil Glinka,24
2024,489,Stefanos Sakellaridis,20
2024,490,Facundo Juarez,27
2024,491,Kiranpal Pannu,27
2024,492,Aleksandre Bakshi,27
2024,493,Duarte Vale,25
2024,494,Mariano Kestelboim,28
2024,495,Damien Wenger,24
2024,496,Florent Bax,25
2024,497,Andrew Paulson,23
2024,498,Tyler Zink,23
2024,499,Stefan Palosi,24
2024,500,Yanaki Milev,20
2024,501,Pedro Boscardin Dias,21
2024,502,Moez Echargui,31
2024,503,Lucas Bouquet,27
2024,504,Jake Delaney,27
2024,505,Stefan Dostanic,23
2024,506,Tennys Sandgren,33
2024,507,Jose Pereira,33
2024,508,Stijn Slump,25
2024,509,Max Wiskandt,22
2024,510,Stuart Parker,27
2024,511,Henry Searle,18
2024,512,Takuya Kumasaka,26
2024,513,Lukas Pokorny,22
2024,514,Niels Visker,23
2024,515,Tiago Pereira,20
2024,516,Yurii Dzhavakian,31
2024,517,Moerani Bouzige,25
2024,518,Nicolai Budkov Kjaer,18
2024,519,Andrea Guerrieri,26
2024,520,Yshai Oliel,24
2024,521,Federico Bondioli,19
2024,522,Federico Cina,17
2024,523,Yanki Erel,24
2024,524,Dominic Thiem,31
2024,525,Orel Kimhi,21
2024,526,Kirill Kivattsev,27
2024,527,Daniel Cukierman,29
2024,528,Evgeny Donskoy,34
2024,529,Peter Fajta,22
2024,530,Yusuke Takahashi,27
2024,531,Emile Hudd,24
2024,532,Bruno Kuzuhara,20
2024,533,Nikolay Vylegzhanin,24
2024,534,Eric Vanshelboim,23
2024,535,Joao Domingues,31
2024,536,Garrett Johns,24
2024,537,Dominik Palan,24
2024,538,Egor Agafonov,22
2024,539,Illya Marchenko,37
2024,540,Harrison Adams,30
2024,541,Joao Eduardo Schiessl,20
2024,542,Iliyan Radulov,19
2024,543,Oleksii Krutykh,24
2024,544,Viacheslav Bielinskyi,21
2024,545,Ryuki Matsuda,25
2024,546,Liam Broady,30
2024,547,Leo Borg,21
2024,548,Keegan Smith,26
2024,549,Julio Cesar Porras,26
2024,550,Elmar Ejupovic,31
2024,551,Cannon Kingsley,23
2024,552,Eduardo Ribeiro,26
2024,553,Inaki Montes-De La Torre,22
2024,554,Arthur Weber,32
2024,555,Alberto Barroso Campos,28
2024,556,Alexis Gautier,27
2024,557,Martin Krumich,22
2024,558,Juan Carlos Aguilar,26
2024,559,Felix Corwin,28
2024,560,Juan Pablo Paz,29
2024,561,Lorenzo Joaquin Rodriguez,25
2024,562,Mirza Basic,33
2024,563,Ryotaro Taguchi,24
2024,564,Antoine Ghibaudo,19
2024,565,Dominik Kellovsky,28
2024,566,Blaise Bicknell,23
2024,567,Alex Barrena,22
2024,568,Alec Beckley,23
2024,569,Strong Kirchheimer,29
2024,570,Alexander Binda,23
2024,571,Leonardo Aboian,26
2024,572,Alejo Sanchez Quilez,19
2024,573,Alex Martinez,23
2024,574,Woobin Shin,20
2024,575,Sergey Fomin,23
2024,576,Jacob Bradshaw,22
2024,577,Mario Gonzalez Fernandez,22
2024,578,Radu Mihai Papoe,22
2024,579,George Loffhagen,23
2024,580,Alex Rybakov,27
2024,581,Nick Chappell,32
2024,582,Sanhui Shin,27
2024,583,Keisuke Saitoh,23
2024,584,Tim Handel,28
2024,585,Filip Peliwo,30
2024,586,Rigele Te,27
2024,587,Andres Martin,23
2024,588,Luke Saville,30
2024,589,Nino Serdarusic,28
2024,590,Diego Dedura,16
2024,591,Aryan Shah,19
2024,592,Edward Winter,20
2024,593,Ye Cong Mo,24
2024,594,Ilya Snitari,22
2024,595,Maximilian Neuchrist,33
2024,596,Max Basing,22
2024,597,Kilian Feldbausch,19
2024,598,Carlos Gimeno Valero,23
2024,599,Arthur Reymond,25
2024,600,Aristotelis Thanos,23
2024,601,Hamish Stewart,25
2024,602,Hikaru Shiraishi,24
2024,603,Gianmarco Ferrari,24
2024,604,Eero Vasa,27
2024,605,Elliot Benchetrit,26
2024,606,Bautista Vilicich,23
2024,607,Liam Gavrielides,20
2024,608,Vladyslav Orlov,29
2024,609,Juan Estevez,19
2024,610,Steven Diez,33
2024,611,Juan Manuel La Serna,20
2024,612,Antoine Cornut-Chauvinc,24
2024,613,Mikalai Haliak,26
2024,614,Igor Gimenez,24
2024,615,Constantin Bittoun Kouzmine,25
2024,616,Diego Augusto Barreto Sanchez,22
2024,617,Tristan McCormick,25
2024,618,Federico Gaio,32
2024,619,Edoardo Lavagno,26
2024,620,Andrej Nedic,20
2024,621,Nam Hoang Ly,27
2024,622,Louis Wessels,26
2024,623,Antoine Hoang,29
2024,624,Alastair Gray,26
2024,625,Florian Broska,26
2024,626,Fabrizio Andaloro,23
2024,627,Louis Dussin,25
2024,628,Yuki Mochizuki,27
2024,629,Dusan Obradovic,23
2024,630,Olaf Pieczkowski,20
2024,631,Emilien Demanet,19
2024,632,Mate Valkusz,26
2024,633,Aidan Kim,20
2024,634,Dev Javia,22
2024,635,Kenny De Schepper,37
2024,636,Yaroslav Demin,19
2024,637,Adrian Oetzbach,27
2024,638,Jason Kubler,31
2024,639,Oliver Tarvet,21
2024,640,Filip Krajinovic,32
2024,641,Peter Heller,32
2024,642,Alvin Nicholas Tudorica,22
2024,643,Mitsuki Wei Kang Leong,20
2024,644,Sebastian Gima,22
2024,645,Alessandro Giannessi,34
2024,646,Mae Malige,18
2024,647,Tibo Colson,24
2024,648,Johan Nikles,27
2024,649,Martyn Pawelski,20
2024,650,Mariano Tammaro,20
2024,651,Jacob Brumm,26
2024,652,Trevor Svajda,18
2024,653,Timo Legout,22
2024,654,Mateo Barreiros Reyes,24
2024,655,Ben Jones,26
2024,656,Aziz Ouakaa,25
2024,657,Juan Sebastian Gomez,32
2024,658,Gerald Melzer,34
2024,659,Kenta Miyoshi,20
2024,660,Savva Polukhin,26
2024,661,Ewen Lumsden,24
2024,662,Sebastian Sorger,19
2024,663,Imanol Lopez Morillo,25
2024,664,Leonardo Rossi,22
2024,665,Quinn Vandecasteele,22
2024,666,Gergely Madarasz,30
2024,667,Branko Djuric,19
2024,668,Denis Klok,26
2024,669,Buvaysar Gadamauri,24
2024,670,Amr Elsayed,25
2024,671,Wishaya Trongcharoenchaikul,29
2024,672,Harry Wendelken,23
2024,673,Olle Wallin,23
2024,674,Karl Poling,25
2024,675,Thanapet Chanta,25
2024,676,Evan Zhu,26
2024,677,Deney Wassermann,23
2024,678,Franco Ribero,25
2024,679,Maik Steiner,30
2024,680,Kyle Kang,19
2024,681,Samir Banerjee,21
2024,682,Antoine Bellier,28
2024,683,Sander Jong,24
2024,684,Alex Hernandez,25
2024,685,Maxwell Mckennon,22
2024,686,John Sperle,22
2024,687,Luca Potenza,24
2024,688,Colin Sinclair,30
2024,689,David Pichler,28
2024,690,Alejandro Manzanera Pertusa,21
2024,691,Tom Paris,22
2024,692,Siddharth Vishwakarma,30
2024,693,Loann Massard,19
2024,694,Aleksandr Braynin,25
2024,695,Noah Schachter,25
2024,696,Diego Fernandez Flores,24
2024,697,Samir Hamza Reguig,22
2024,698,Christian Sigsgaard,27
2024,699,Ulises Blanch,26
2024,700,Adam Neff,23
2024,701,Linang Xiao,24
2024,702,Peter Buldorini,20
2024,703,Massimo Giunta,20
2024,704,Luca Castagnola,22
2024,705,John Echeverria,23
2024,706,Ignacio Monzon,26
2024,707,Tsung-Hao Huang,25
2024,708,Devin Badenhorst,20
2024,709,Marius Copil,34
2024,710,Theo Papamalamis,18
2024,711,Maxence Beauge,24
2024,712,Maxence Rivet,21
2024,713,Albert Pedrico Kravtsov,19
2024,714,William Grant,23
2024,715,Erik Arutiunian,20
2024,716,Niccolo Catini,27
2024,717,Duckhee Lee,26
2024,718,Taisei Ichikawa,24
2024,719,Cem Ilkel,29
2024,720,Lautaro Agustin Falabella,26
2024,721,Jack Loge,20
2024,722,Fares Zakaria,23
2024,723,Zura Tkemaladze,24
2024,724,Sergi Perez Contri,26
2024,725,Alex Knaff,27
2024,726,Joao Sousa,35
2024,727,JiSung Nam,31
2024,728,Trey Hilderbrand,24
2024,729,Johan Alexander Rodriguez,21
2024,730,Andrey Chepelev,26
2024,731,Marlon Vankan,24
2024,732,Rudy Quan,18
2024,733,Vasek Pospisil,34
2024,734,Ozan Baris,20
2024,735,Dali Blanch,21
2024,736,Kosuke Ogura,28
2024,737,Oscar Otte,31
2024,738,Karlis Ozolins,22
2024,739,Mikhail Gorokhov,20
2024,740,Samuele Pieri,22
2024,741,Juan Bautista Otegui,25
2024,742,Wilson Leite,33
2024,743,Simon Beaupain,25
2024,744,Gavin Young,22
2024,745,Lorenzo Bocchi,27
2024,746,Patrick Brady,20
2024,747,Filip Jeff Planinsek,23
2024,748,Taha Baadi,23
2024,749,Alexander Donski,26
2024,750,Lorenzo Rottoli,22
2024,751,Luca Wiedenmann,26
2024,752,Nicolas Zanellato,22
2024,753,Ioan Alexandru Chirita,22
2024,754,Ivan Marrero Curbelo,26
2024,755,Nathan Ponwith,26
2024,756,Giuseppe La Vela,24
2024,757,Maximus Jones,20
2024,758,Ezekiel Clark,26
2024,759,Michael Zheng,20
2024,760,Gian Marco Moroni,26
2024,761,Alfredo Perez,27
2024,762,Miljan Zekic,36
2024,763,Salvatore Caruso,32
2024,764,Adam Heinonen,22
2024,765,Bogdan Pavel,25
2024,766,Alexander Stater,25
2024,767,Khololwam Montsi,22
2024,768,Martin Borisiouk,24
2024,769,Gabriel Decamps,25
2024,770,Cengiz Aksu,26
2024,771,Jakub Filip,19
2024,772,Tomohiro Masabayashi,26
2024,773,Francisco Rocha,25
2024,774,Adhithya Ganesan,19
2024,775,Kane Bonsach Ganley,20
2024,776,S D Prajwal Dev,28
2024,777,Joshua Sheehy,27
2024,778,Leo Vithoontien,25
2024,779,Alan Fernando Rubio Fierros,25
2024,780,Fabien Salle,25
2024,781,Evan Furness,26
2024,782,Vuk Radjenovic,19
2024,783,Axel Garcian,22
2024,784,Fausto Tabacco,22
2024,785,Alexandre Reco,25
2024,786,Henry Bernet,17
2024,787,Blaz Rola,34
2024,788,Nicolas Kicker,32
2024,789,James Story,23
2024,790,Thomas Fancutt,29
2024,791,Georgii Kravchenko,24
2024,792,Alexander Klintcharov,28
2024,793,Stefan Adrian Andreescu,23
2024,794,Maxim Zhukov,19
2024,795,Louis Tessa,26
2024,796,Alexandre Aubriot,25
2024,797,Maxence Bertimon,25
2024,798,Jason Jung,35
2024,799,Guido Andreozzi,33
2024,800,Oliver Anderson,26
2024,801,Adrian Bodmer,29
2024,802,Gilles Arnaud Bailly,19
2024,803,Pavle Marinkov,18
2024,804,Darwin Blanch,17
2024,805,Peter Benjamin Privara,20
2024,806,Luca Castelnuovo,27
2024,807,Yanis Ghazouani Durand,24
2024,808,Carlo Alberto Caniato,19
2024,809,Michele Ribecai,21
2024,810,Conner Huertas del Pino,29
2024,811,Pedro Vives Marcos,23
2024,812,Etienne Donnet,23
2024,813,Amaury Raynel,22
2024,814,Aliaksandr Liaonenka,25
2024,815,Joaquin Aguilar Cardozo,19
2024,816,Matt Hulme,25
2024,817,Miles Jones,24
2024,818,Kai Wehnelt,29
2024,819,Paulo Andre Saraiva Dos Santos,24
2024,820,Noah Perfetti,23
2024,821,Alexander Bernard,21
2024,822,Ioannis Xilas,23
2024,823,Yun seong Chung,26
2024,824,James Watt,24
2024,825,Evgeny Philippov,22
2024,826,Enzo Wallart,27
2024,827,Preston Brown,23
2024,828,Matthew William Donald,20
2024,829,Pierluigi Basile,17
2024,830,Jack Loutit,20
2024,831,Jay Friend,21
2024,832,Kaylan Bigun,18
2024,833,Philip Hjorth,25
2024,834,Filip Pieczonka,20
2024,835,Axel Nefve,24
2024,836,Benjamin Winter Lopez,26
2024,837,Makoto Ochi,28
2024,838,Lorenzo Carboni,18
2024,839,Vlad Andrei Dancu,25
2024,840,Stefano D'Agostino,21
2024,841,Filippo Romano,19
2024,842,Skander Mansouri,29
2024,843,Juan Ignacio Londero,31
2024,844,Tianhui Zhang,18
2024,845,Guillaume Dalmasso,22
2024,846,Daniel Antonio Nunez,23
2024,847,Ignacio Parisca Romera,19
2024,848,Francesco Ferrari,27
2024,849,Jasza Szajrych,22
2024,850,Gabriele Maria Noce,29
2024,851,Saveliy Ivanov,20
2024,852,Jack Anthrop,21
2024,853,Luis Carlos Alvarez,20
2024,854,Nikola Milojevic,29
2024,855,Jesse Flores,29
2024,856,Lasse Poertner,19
2024,857,Dan  Martin,25
2024,858,Michael Zhu,32
2024,859,Renta Tokuda,26
2024,860,Matias Franco Descotte,30
2024,861,Diogo Marques,25
2024,862,Adil Kalyanpur,24
2024,863,Sebastian Eriksson,19
2024,864,Dragos Nicolae Cazacu,20
2024,865,Dhakshineswar Suresh,24
2024,866,Alexander Kotzen,24
2024,867,Mees Rottgering,17
2024,868,Cyril Vandermeersch,25
2024,869,Karim-Mohamed Maamoun,33
2024,870,Yuta Kikuchi,25
2024,871,Sheng Tang,24
2024,872,Sasa Markovic,19
2024,873,Matthew Summers,26
2024,874,Luca Giacomini,27
2024,875,Collin Altamirano,29
2024,876,Michael Bassem Sobhy,20
2024,877,Mihai Razvan Marinescu,23
2024,878,Maximilian Homberg,21
2024,879,Timo Stodder,28
2024,880,Maxim Mrva,17
2024,881,Kuan-Yi Lee,28
2024,882,Seita Watanabe,24
2024,883,Alessandro Bellifemine,23
2024,884,Nikita Mashtakov,25
2024,885,Luca Fantini,24
2024,886,Illya Beloborodko,23
2024,887,Toby Martin,31
2024,888,Kristjan Tamm,26
2024,889,Taiyo Yamanaka,23
2024,890,Jesse Delaney,26
2024,891,Oscar Jose Gutierrez,31
2024,892,Seydina Andre,21
2024,893,Grigoriy Lomakin,26
2024,894,Pierre Yves Bailly,21
2024,895,Niki Kaliyanda Poonacha,29
2024,896,Rafael Jodar,18
2024,897,Kaito Uesugi,29
2024,898,Manuel Mazza,25
2024,899,Felix Balshaw,18
2024,900,Martin Van Der Meerschen,24
2024,901,Alec Deckers,24
2024,902,Pawit Sornlaksup,25
2024,903,Cooper Williams,19
2024,904,Giorgio Tabacco,21
2024,905,Henrik Wiersholm,27
2024,906,Niels Lootsma,30
2024,907,Sebastian Prechtel,28
2024,908,Petr Brunclik,18
2024,909,Iannis Miletich,19
2024,910,Sidane Pontjodikromo,24
2024,911,Amit Vales,19
2024,912,Kuzey Cekirge,24
2024,913,Gabriele Bosio,24
2024,914,Pietro Marino,23
2024,915,Benito Sanchez Martinez,22
2024,916,Ivan Nedelko,38
2024,917,Patrick Schoen,19
2024,918,John Hallquist Lithen,23
2024,919,Tyler Stice,24
2024,920,Sora Fukuda,27
2024,921,Viktor Jovic,22
2024,922,Niccolo Baroni,21
2024,923,Elgin Khoeblal,23
2024,923,Victor Lilov,20
2024,925,Matyas Cerny,23
2024,926,Ignacio Antonio Becerra Otarola,24
2024,926,Oliver Ojakaar,19
2024,928,Mwendwa Mbithi,26
2024,929,Daniel Paty,25
2024,930,Tomasz Berkieta,18
2024,931,Hayato Matsuoka,19
2024,932,Niccolò Ciavarella,20
2024,933,Tadeas Paroulek,25
2024,934,Petar Jovanovic,21
2024,935,Daniel Milavsky,23
2024,936,Maciej Rajski,33
2024,937,Nino Ehrenschneider,23
2024,938,Adit Sinha,21
2024,939,Alan Magadan,23
2024,940,Yuta Kawahashi,26
2024,941,Manish Sureshkumar,25
2024,942,Adrien Gobat,23
2024,943,Gregor Ramskogler,26
2024,944,Matt Kuhar,28
2024,945,Josip Simundza,20
2024,946,Artur Kukasian,20
2024,947,Nicolas Jadoun,22
2024,948,Brian Bozemoj,21
2024,949,Patrick Kaukovalta,26
2024,950,Corban Crowther,21
2024,951,Niklas Schell,25
2024,952,Savriyan Danilov,24
2024,953,Rubin Statham,37
2024,954,Eric Hadigian,25
2024,955,Emilien Voisin,24
2024,956,Arda Azkara,21
2024,956,Ryotero Matsumura,28
2024,958,Benjamin Thomas George,22
2024,959,Mert Naci Turker,26
2024,960,Tomas Curras Abasolo,24
2024,961,Daisuke Sumizawa,25
2024,962,Chirag Duhan,20
2024,963,Andrew Fenty,24
2024,964,Ali Habib,22
2024,965,Thiago Cigarran,24
2024,966,Sergio Callejon Hernando,20
2024,967,Pablo Trochu,21
2024,968,Quentin Folliot,25
2024,969,Daniel Cox,34
2024,970,Isaiah Strode,27
2024,971,Aristarkh Safonov,21
2024,972,Mariano Dedura-Palomero,19
2024,973,Hayden Jones,18
2024,974,Chanyeong Oh,26
2024,975,Andrin Casanova,20
2024,975,Milan Welte,23
2024,977,Derek Pham,20
2024,978,Isaac Becroft,24
2024,979,Fermin Tenti,27
2024,980,Stefan Latinovic,25
2024,981,Mert Alkaya,24
2024,982,M Rifki Fitriadi,25
2024,983,Aleksa Pisaric,19
2024,984,Benjamin Pietri,28
2024,985,Gian Marco Ortenzi,24
2024,986,Gabriel Donev,28
2024,987,Matteo De Vincentis,26
2024,988,Andrea Fiorentini,23
2024,989,Zhenxiong Dong,26
2024,990,Thijmen Loof,22
2024,991,Luc Fomba,25
2024,991,Jan Kupcic,23
2024,993,Fernando Cavallo,19
2024,994,Abel Forger,19
2024,994,Aldin Setkic,37
2024,996,Juan Sebastian Osorio,27
2024,997,Dylan Dietrich,20
2024,998,Uisung Park,24
2024,999,Guy Orly Iradukunda,28
2024,1000,Semen Pankin,25
2023,1,Novak Djokovic,36
2023,2,Carlos Alcaraz,20
2023,3,Daniil Medvedev,27
2023,4,Jannik Sinner,22
2023,5,Andrey Rublev,26
2023,6,Stefanos Tsitsipas,25
2023,7,Alexander Zverev,26
2023,8,Holger Rune,20
2023,9,Hubert Hurkacz,26
2023,10,Taylor Fritz,26
2023,11,Casper Ruud,25
2023,12,Alex de Minaur,24
2023,13,Tommy Paul,26
2023,14,Grigor Dimitrov,32
2023,15,Karen Khachanov,27
2023,16,Frances Tiafoe,25
2023,17,Ben Shelton,21
2023,18,Cameron Norrie,28
2023,19,Nicolas Jarry,28
2023,20,Ugo Humbert,25
2023,21,Francisco Cerundolo,25
2023,22,Adrian Mannarino,35
2023,23,Tallon Griekspoor,27
2023,24,Sebastian Korda,23
2023,25,Jan-Lennard Struff,33
2023,26,Alejandro Davidovich Fokina,24
2023,27,Lorenzo Musetti,21
2023,28,Sebastian Baez,22
2023,29,Felix Auger-Aliassime,23
2023,30,Tomas Martin Etcheverry,24
2023,31,Jiri Lehecka,22
2023,32,Alexander Bublik,26
2023,33,Laslo Djere,28
2023,34,Christopher Eubanks,27
2023,35,Aslan Karatsev,30
2023,36,Arthur Fils,19
2023,37,Borna Coric,27
2023,38,Daniel Evans,33
2023,39,Roman Safiullin,26
2023,40,Alexei Popyrin,24
2023,41,Mackenzie McDonald,28
2023,42,Andy Murray,36
2023,43,Sebastian Ofner,27
2023,44,Matteo Arnaldi,22
2023,45,Max Purcell,25
2023,46,Lorenzo Sonego,28
2023,47,Yoshihito Nishioka,28
2023,48,Alexander Shevchenko,23
2023,49,Stan Wawrinka,38
2023,50,Botic van de Zandschulp,28
2023,51,Yannick Hanfmann,32
2023,52,Dusan Lajovic,33
2023,53,J.J. Wolf,25
2023,54,Miomir Kecmanovic,24
2023,55,Jordan Thompson,29
2023,56,Daniel Altmaier,25
2023,57,Roberto Bautista Agut,35
2023,58,Zhizhen Zhang,27
2023,59,Marton Fucsovics,31
2023,60,Marcos Giron,30
2023,61,Jack Draper,22
2023,62,Aleksandar Vukic,27
2023,63,Roberto Carballes Baena,30
2023,64,Fabian Marozsan,24
2023,65,Thanasi Kokkinakis,27
2023,66,Nuno Borges,26
2023,67,Pavel Kotov,25
2023,68,Christopher O'Connell,29
2023,69,Emil Ruusuvuori,24
2023,70,Pedro Cachin,28
2023,71,Rinky Hijikata,22
2023,72,Borna Gojo,25
2023,73,Benjamin Bonzi,27
2023,74,Gael Monfils,37
2023,75,Taro Daniel,30
2023,76,Richard Gasquet,37
2023,77,Dominik Koepfer,29
2023,78,Tomas Machac,23
2023,79,Thiago Seyboth Wild,23
2023,80,Bernabe Zapata Miralles,26
2023,81,Alexandre Muller,26
2023,82,Cristian Garin,27
2023,83,Juan Pablo Varillas,28
2023,84,Gregoire Barrere,29
2023,85,Alejandro Tabilo,26
2023,86,Jaume Munar,26
2023,87,Constant Lestienne,31
2023,88,Federico Coria,31
2023,89,Albert Ramos-Vinolas,35
2023,90,Luca Van Assche,19
2023,91,Maximilian Marterer,28
2023,92,Matteo Berrettini,27
2023,93,Daniel Elahi Galan,27
2023,94,Dominic Stricker,21
2023,95,Facundo Diaz Acosta,23
2023,96,Arthur Rinderknech,28
2023,97,Alex Michelsen,19
2023,98,Dominic Thiem,30
2023,99,Yosuke Watanuki,25
2023,100,Quentin Halys,27
2023,101,Flavio Cobolli,21
2023,102,Jason Kubler,30
2023,103,Tomas Barrios Vera,26
2023,104,Hugo Gaston,23
2023,105,Michael Mmoh,25
2023,106,Pedro Martinez,26
2023,107,Fabio Fognini,36
2023,108,Liam Broady,29
2023,109,Denis Shapovalov,24
2023,110,Aleksandar Kovacevic,25
2023,111,David Goffin,33
2023,112,Hugo Dellien,30
2023,113,Hamad Medjedovic,20
2023,114,Diego Schwartzman,31
2023,115,Jurij Rodionov,24
2023,116,James Duckworth,31
2023,117,Benoit Paire,34
2023,118,Luca Nardi,20
2023,119,Alex Molcan,26
2023,120,Juan Manuel Cerundolo,22
2023,121,Yibing Wu,24
2023,122,Thiago Monteiro,29
2023,123,Thiago Agustin Tirante,22
2023,124,Francisco Comesana,23
2023,125,Mariano Navone,22
2023,126,Maxime Cressy,26
2023,127,Zsombor Piros,24
2023,128,Luciano Darderi,21
2023,129,Zizou Bergs,24
2023,130,Arthur Cazaux,21
2023,131,Radu Albot,34
2023,132,Vit Kopriva,26
2023,133,Corentin Moutet,24
2023,134,Brandon Nakashima,22
2023,135,Giulio Zeppieri,22
2023,136,Mikael Ymer,25
2023,137,Shintaro Mochizuki,20
2023,138,Sumit Nagal,26
2023,139,Gabriel Diallo,22
2023,140,Lloyd Harris,26
2023,141,Camilo Ugo Carabelli,24
2023,142,Zachary Svajda,21
2023,143,Duje Ajdukovic,22
2023,144,Terence Atmane,21
2023,145,Joris De Loore,30
2023,146,Filip Misolic,22
2023,147,Emilio Nava,22
2023,148,Felipe Meligeni Alves,25
2023,149,Sho Shimabukuro,26
2023,150,Marc Polmans,26
2023,151,Benjamin Hassan,28
2023,152,Nicolas Moreno De Alboran,26
2023,153,Jesper de Jong,23
2023,154,Damir Dzumhur,31
2023,155,Elias Ymer,27
2023,156,Andrea Pellegrino,26
2023,157,Andrea Vavassori,28
2023,158,Pablo Llamas Ruiz,21
2023,159,Antoine Escoffier,31
2023,160,Jan Choinski,27
2023,161,Titouan Droguet,22
2023,162,Gijs Brouwer,27
2023,163,Denis Kudla,31
2023,164,Dalibor Svrcina,21
2023,165,Dennis Novak,30
2023,166,Harold Mayot,21
2023,167,Jakub Mensik,18
2023,168,Otto Virtanen,22
2023,169,Vitaliy Sachko,26
2023,170,Lukas Klein,25
2023,171,Yunchaokete Bu,21
2023,172,John Isner,38
2023,173,Genaro Alberto Olivieri,25
2023,174,Zdenek Kolar,27
2023,175,Hugo Grenier,27
2023,176,Adam Walton,24
2023,177,Mattia Bellucci,22
2023,178,Dino Prizmic,18
2023,179,Ryan Peniston,28
2023,180,Ivan Gakhov,27
2023,181,Matteo Gigante,21
2023,182,Ilya Ivashka,29
2023,183,Juncheng Shang,18
2023,184,Roman Andres Burruchaga,21
2023,185,Raul Brancaccio,26
2023,186,Kimmer Coppejans,29
2023,187,Daniel Rincon,20
2023,188,Beibit Zhukayev,23
2023,189,Calvin Hemery,28
2023,190,Denis Yevseyev,30
2023,191,Patrick Kypson,24
2023,192,Guido Pella,33
2023,193,Stefano Travaglia,31
2023,194,Marc-Andrea Huesler,27
2023,195,Abdullah Shelbayh,20
2023,196,Soonwoo Kwon,26
2023,197,Federico Gaio,31
2023,198,Marco Cecchinato,31
2023,199,Billy Harris,28
2023,200,Francesco Passaro,22
2023,201,Rudolf Molleker,23
2023,202,Alexis Galarneau,24
2023,203,Alessandro Giannessi,33
2023,204,Tung-Lin Wu,25
2023,205,Giovanni Mpetshi Perricard,20
2023,206,Mark Lajal,20
2023,207,Dimitar Kuzmanov,30
2023,208,Yu Hsiou Hsu,24
2023,209,Santiago Rodriguez Taverna,24
2023,210,Enzo Couacaud,28
2023,211,Yuta Shimizu,24
2023,212,Franco Agamenone,30
2023,213,Oriol Roca Batalla,30
2023,214,Kyrian Jacquet,22
2023,215,Oliver Crawford,24
2023,216,Mate Valkusz,25
2023,217,Nerman Fatic,29
2023,218,Riccardo Bonadio,30
2023,219,Ugo Blanchet,24
2023,220,Illya Marchenko,36
2023,221,Alexander Ritschard,29
2023,222,Timofey Skatov,22
2023,223,Francesco Maestrelli,21
2023,224,Gonzalo Oliveira,28
2023,225,Li Tu,27
2023,226,Jules Marie,32
2023,227,Dragos Nicolae Madaras,26
2023,228,Jozef Kovalik,31
2023,229,Marco Trungelliti,33
2023,230,Andrea Collarini,31
2023,231,Gauthier Onclin,22
2023,232,Stefano Napolitano,28
2023,233,Geoffrey Blancaneaux,25
2023,234,Aziz Dougaz,26
2023,235,Clement Tabur,23
2023,236,Lukas Neumayer,21
2023,237,Pierre-Hugues Herbert,32
2023,238,Ricardas Berankis,33
2023,239,Laurent Lokoli,29
2023,240,Edoardo Lavagno,25
2023,241,Steve Johnson,34
2023,242,Facundo Bagnis,33
2023,243,Alejandro Moro Canas,23
2023,244,Jason Jung,34
2023,245,Antoine Bellier,27
2023,246,Henrique Rocha,19
2023,247,Gustavo Heide,21
2023,248,Guido Andreozzi,32
2023,249,Joao Sousa,34
2023,250,Lucas Poullain,28
2023,251,Evgeny Donskoy,33
2023,252,Oscar Otte,30
2023,253,Coleman Wong,19
2023,254,Juan Pablo Ficovich,26
2023,255,Cem Ilkel,28
2023,256,Dane Sweeny,22
2023,257,Martin Damm,20
2023,258,Maxime Janvier,27
2023,259,Tennys Sandgren,32
2023,260,Tristan Schoolkate,22
2023,261,Leandro Riedi,21
2023,262,Henri Squire,23
2023,263,Brandon Holt,25
2023,264,Mikhail Kukushkin,35
2023,265,Adrian Andreev,22
2023,266,Matteo Martineau,24
2023,267,Nicholas David Ionel,21
2023,268,Tristan Boyer,22
2023,269,Yasutaka Uchiyama,31
2023,270,Alibek Kachmazov,21
2023,271,Arthur Fery,21
2023,272,James McCabe,20
2023,273,Seongchan Hong,26
2023,274,Giovanni Fonio,25
2023,275,Daniel Michalski,23
2023,276,Valentin Royer,22
2023,277,Philip Sekulic,20
2023,278,Mathias Bourgue,29
2023,279,Federico Delbonis,33
2023,280,Valentin Vacherot,25
2023,281,Renzo Olivo,31
2023,282,Moez Echargui,30
2023,283,Mitchell Krueger,29
2023,284,Murkel Dellien,26
2023,285,Enrico Dalla Valle,25
2023,286,Michael Geerts,28
2023,287,Lorenzo Giustino,32
2023,288,Salvatore Caruso,31
2023,289,Bernard Tomic,31
2023,290,Maximilian Neuchrist,32
2023,291,Nikolas Sanchez Izquierdo,24
2023,292,Jiri Vesely,30
2023,293,Aidan Mayo,20
2023,294,Emilio Gomez,32
2023,295,Oleksii Krutykh,23
2023,296,August Holmgren,25
2023,297,Jenson Brooksby,23
2023,298,Chun-Hsin Tseng,22
2023,299,Marvin Moeller,24
2023,300,Michael Vrbensky,23
2023,301,Hady Habib,25
2023,302,Liam Draxl,22
2023,303,Francesco Forti,24
2023,304,Dan Added,24
2023,305,Altug Celikbilek,27
2023,306,Luke Saville,29
2023,307,Kaichi Uchida,29
2023,308,Alexander Weis,26
2023,309,Tristan Lamasine,30
2023,310,Gabriel Debru,18
2023,311,Filip Krajinovic,31
2023,312,Alvaro Guillen Meza,20
2023,313,Joao Lucas Reis Da Silva,23
2023,314,Steven Diez,32
2023,315,Norbert Gombos,33
2023,316,Andrew Paulson,22
2023,317,Milos Raonic,32
2023,318,Nino Serdarusic,27
2023,319,Toby Kodat,20
2023,320,Marius Copil,33
2023,321,Sebastian Fanselow,31
2023,322,Thai-Son Kwiatkowski,28
2023,323,Manuel Guinard,28
2023,324,Samuel Vincent Ruggeri,21
2023,325,Maks Kasnikowski,20
2023,326,Kalin Ivanovski,19
2023,327,Timo Stodder,27
2023,328,Charles Broom,25
2023,329,Alex Bolt,30
2023,330,Lucas Pouille,29
2023,331,Dominik Palan,23
2023,332,Guy Den Ouden,21
2023,333,David Jorda Sanchis,29
2023,334,Mathys Erhard,22
2023,335,Yanki Erel,23
2023,336,Frederico Ferreira Silva,28
2023,337,Gastao Elias,33
2023,338,Gianluca Mager,29
2023,339,Ergi Kirkin,24
2023,340,Hernan Casanova,29
2023,341,Pedro Sakamoto,30
2023,342,Matheus Pucinelli De Almeida,22
2023,343,Omar Jasika,26
2023,344,Ethan Quinn,19
2023,345,George Loffhagen,22
2023,346,Robert Strombachs,24
2023,347,Carlos Sanchez Jover,23
2023,348,Louis Wessels,25
2023,349,Alexander Blockx,18
2023,350,Aidan McHugh,23
2023,351,Filip Cristian Jianu,22
2023,352,Kei Nishikori,33
2023,353,Raphael Collignon,21
2023,354,Arthur Weber,31
2023,355,Benjamin Lock,30
2023,356,Gilbert Klier Junior,23
2023,357,Naoki Nakagawa,27
2023,358,Mohamed Safwat,33
2023,359,Blake Ellis,24
2023,360,Carlos Taberner,26
2023,361,Bogdan Bobrov,26
2023,362,Juan Bautista Torres,21
2023,363,Cezar Cretu,22
2023,364,Max Houkes,23
2023,365,Karl Friberg,24
2023,366,Egor Gerasimov,31
2023,367,Khumoyun Sultanov,25
2023,368,Orlando Luz,25
2023,369,Yan Bai,34
2023,370,Vilius Gaubas,18
2023,371,Felix Gill,21
2023,372,Omni Kumar,22
2023,373,Yun seong Chung,25
2023,374,Nick Hardt,23
2023,375,Nicolas Mejia,23
2023,376,Federico Agustin Gomez,27
2023,377,Peter Gojowczyk,34
2023,378,Gerard Campana Lee,19
2023,379,Rio Noguchi,24
2023,380,Alex Barrena,21
2023,381,Clement Chidekh,22
2023,382,Javier Barranco Cosano,25
2023,383,Alberto Barroso Campos,27
2023,384,Marat Sharipov,21
2023,385,Mikalai Haliak,25
2023,386,Marko Topo,20
2023,387,Christian Langmo,27
2023,388,Nick Chappell,31
2023,389,Tim Handel,27
2023,390,Alexis Gautier,26
2023,391,Martin Krumich,20
2023,392,Akira Santillan,26
2023,393,Jay Clarke,25
2023,394,Eric Vanshelboim,22
2023,395,Pol Martin Tiffon,24
2023,396,Leo Borg,20
2023,397,Elmer Moller,20
2023,398,Maxime Chazal,30
2023,399,Blaise Bicknell,22
2023,400,Colin Sinclair,29
2023,401,Remy Bertola,25
2023,402,Matija Pecotic,34
2023,403,Giovanni Oradini,26
2023,404,Skander Mansouri,28
2023,405,Ernesto Escobedo,27
2023,406,Hiroki Moriya,33
2023,407,Blake Mott,27
2023,408,Lucas Gerch,29
2023,409,Eduardo Ribeiro,25
2023,410,Damien Wenger,23
2023,411,Jaime Faria,20
2023,412,Elmar Ejupovic,30
2023,413,Gonzalo Villanueva,28
2023,414,Pedro Boscardin Dias,20
2023,415,Kacper Zuk,24
2023,416,Stefanos Sakellaridis,19
2023,417,Strong Kirchheimer,28
2023,418,Gonzalo Bueno,19
2023,419,Tibo Colson,23
2023,420,Miljan Zekic,35
2023,421,Yshai Oliel,23
2023,422,Alvaro Lopez San Martin,26
2023,423,Kris Van Wyk,27
2023,424,Daniel Masur,29
2023,425,Evan Zhu,25
2023,426,Evan Furness,25
2023,427,Julian Ocleppo,26
2023,428,Mateus Alves,22
2023,429,Lorenzo Rottoli,21
2023,430,Cannon Kingsley,22
2023,431,Anton Matusevich,22
2023,432,Viktor Durasovic,26
2023,433,Robin Bertrand,20
2023,434,Svyatoslav Gulin,21
2023,435,Fajing Sun,27
2023,436,Daniel Cox,33
2023,437,Vasek Pospisil,33
2023,438,Ulises Blanch,25
2023,439,Adrian Boitan,24
2023,440,Ramkumar Ramanathan,29
2023,441,Kilian Feldbausch,18
2023,442,Carlos Lopez Montagud,23
2023,443,Giles Hussey,26
2023,444,Ignacio Buse,19
2023,445,Daniel Dutra da Silva,35
2023,446,Yusuke Takahashi,26
2023,447,Mats Rosenkranz,25
2023,448,Valerio Aboian,21
2023,449,Martin Landaluce,17
2023,450,Miguel Damas,24
2023,451,Blaz Rola,33
2023,452,Learner Tien,18
2023,453,Rubin Statham,36
2023,454,Sascha Gueymard Wayenburg,20
2023,455,Dmitry Popko,27
2023,456,Saba Purtseladze,22
2023,457,Nishesh Basavareddy,18
2023,458,Alexey Vatutin,31
2023,459,Eliakim Coulibaly,21
2023,460,Luciano Emanuel Ambrogi,20
2023,461,Vadym Ursu,26
2023,462,Arthur Gea,18
2023,463,Filip Peliwo,29
2023,464,James Trotter,24
2023,465,Toby Samuel,21
2023,466,Lucas Catarina,27
2023,467,Alex Marti Pujolras,24
2023,468,Feliciano Lopez,42
2023,469,Ryan Nijboer,24
2023,470,Jacopo Berrettini,25
2023,471,Adolfo Daniel Vallejo,19
2023,472,Hazem Naw,23
2023,473,Sebastian Gima,21
2023,474,Facundo Mena,31
2023,475,Garrett Johns,23
2023,476,Imanol Lopez Morillo,24
2023,477,Hynek Barton,19
2023,478,Kenny De Schepper,36
2023,479,Thomas Fancutt,28
2023,480,Sandro Kopp,23
2023,481,Marcello Serafini,21
2023,482,Kirill Kivattsev,26
2023,483,John Millman,34
2023,484,Jerome Kym,20
2023,485,Rigele Te,26
2023,486,Makoto Ochi,27
2023,487,Gianmarco Ferrari,23
2023,488,Daniel Cukierman,28
2023,489,Bruno Kuzuhara,19
2023,490,Gilles Arnaud Bailly,18
2023,491,Nicolas Zanellato,21
2023,492,Elliot Benchetrit,25
2023,493,Nathan Ponwith,25
2023,494,Federico Iannaccone,24
2023,495,Matthew Dellavedova,23
2023,496,Andrey Chepelev,25
2023,497,Pedro Sousa,35
2023,498,Matej Dodig,18
2023,499,Daniil Glinka,23
2023,500,Lautaro Midon,19
2023,501,Neil Oberleitner,24
2023,502,Ignacio Monzon,25
2023,503,Alex Knaff,26
2023,504,Jea Moon Lee,30
2023,505,Jie Cui,25
2023,506,Daniel Merida,19
2023,507,Inaki Montes-De La Torre,21
2023,508,Jakub Paul,24
2023,509,Nicolas Kicker,31
2023,510,Andres Martin,22
2023,511,Viacheslav Bielinskyi,20
2023,512,Ajeet Rai,24
2023,513,Yurii Dzhavakian,30
2023,514,Jake Delaney,26
2023,515,Darian King,31
2023,516,Radu Mihai Papoe,21
2023,517,Sergi Perez Contri,25
2023,518,Gonzalo Lama,30
2023,519,Jeremy Chardy,36
2023,520,Alastair Gray,25
2023,521,Zhe Li,37
2023,522,Timo Legout,21
2023,523,Luka Mikrut,19
2023,524,Yanaki Milev,19
2023,525,Sidane Pontjodikromo,23
2023,526,Sanhui Shin,26
2023,527,Christian Harrison,29
2023,528,Corentin Denolly,26
2023,529,Fausto Tabacco,21
2023,530,Bor Artnak,19
2023,531,Roberto Cid Subervi,30
2023,532,Andrea Picchione,25
2023,533,Michael Zheng,19
2023,534,Jakub Nicod,19
2023,535,Antoine Hoang,28
2023,536,Lorenzo Joaquin Rodriguez,24
2023,537,Vlad Andrei Dancu,24
2023,538,Kyle Edmund,28
2023,539,Dayne Kelly,33
2023,540,Jonas Forejtek,22
2023,541,Gabriele Piraino,20
2023,542,Gabriele Pennaforti,23
2023,543,Martyn Pawelski,19
2023,544,Evgeny Philippov,21
2023,545,Hanwen Li,21
2023,546,Harry Wendelken,22
2023,547,Alexandr Cozbinov,28
2023,548,Matias Franco Descotte,29
2023,549,Alafia Ayeni,24
2023,550,Olaf Pieczkowski,19
2023,551,Stefan Popovic,20
2023,552,Buvaysar Gadamauri,23
2023,553,Peter Heller,31
2023,554,Yuki Mochizuki,26
2023,555,Orel Kimhi,20
2023,556,Emilien Voisin,23
2023,557,Mukund Sasikumar,26
2023,558,Petr Nesterov,20
2023,559,Denis Klok,25
2023,560,Edas Butvilas,19
2023,561,Peter Fajta,21
2023,562,Nam Hoang Ly,26
2023,563,Alex Rybakov,26
2023,564,Gerald Melzer,33
2023,565,Adrien Gobat,22
2023,566,Tom Paris,21
2023,567,Henri Laaksonen,31
2023,568,Mika Brunold,19
2023,569,M Rifki Fitriadi,24
2023,570,Constantin Bittoun Kouzmine,24
2023,571,Jose Pereira,32
2023,572,Renta Tokuda,25
2023,573,Luca Wiedenmann,25
2023,574,Victor Lilov,19
2023,575,Evgeny Karlovskiy,29
2023,576,Max Hans Rehberg,20
2023,577,Matyas Fuele,25
2023,578,John Echeverria,22
2023,579,Duarte Vale,24
2023,580,Juan Pablo Paz,28
2023,581,Pedro Vives Marcos,22
2023,582,Arklon Huertas Del Pino Cordova,29
2023,583,Florent Bax,24
2023,584,Lukas Pokorny,21
2023,585,Kai Wehnelt,28
2023,586,Stefan Dostanic,22
2023,587,Luka Pavlovic,23
2023,588,Shuichi Sekiguchi,32
2023,589,Wilson Leite,32
2023,590,Adria Soriano Barrera,24
2023,591,Marlon Vankan,23
2023,592,Marek Gengel,28
2023,593,Keegan Smith,25
2023,594,Federico Arnaboldi,23
2023,595,Andrej Nedic,19
2023,596,Nikoloz Basilashvili,31
2023,597,Mats Moraing,31
2023,598,Alfredo Perez,26
2023,599,Tommaso Compagnucci,24
2023,600,Sebastian Prechtel,27
2023,601,Vladyslav Orlov,28
2023,602,Adrian Oetzbach,26
2023,603,Juan Ignacio Londero,30
2023,604,Sander Jong,23
2023,605,Ezekiel Clark,25
2023,606,Pablo Carreno Busta,32
2023,607,Yassine Dlimi,20
2023,608,Pedro Rodenas,19
2023,609,Juan Carlos Prado Angelo,18
2023,610,Guido Ivan Justo,26
2023,611,Tsung-Hao Huang,24
2023,612,Digvijaypratap Singh,23
2023,613,Dan Alexandru Tomescu,24
2023,614,Tomas Farjat,22
2023,615,S D Prajwal Dev,27
2023,616,Ryuki Matsuda,23
2023,617,Jaimee Floyd Angele,23
2023,618,Jiri Barnat,22
2023,619,Franco Roncadelli,23
2023,620,Edan Leshem,26
2023,621,Alec Deckers,23
2023,622,Mirza Basic,32
2023,623,Andrea Guerrieri,25
2023,624,Jeremy Jahn,33
2023,625,Luca Giacomini,26
2023,626,Nikolay Vylegzhanin,23
2023,627,Kevin Anderson,37
2023,628,Justin Boulais,22
2023,629,Ryan Seggerman,24
2023,630,Kyle Kang,18
2023,631,Tatsuma Ito,35
2023,632,Sidharth Rawat,30
2023,633,Luca Potenza,23
2023,634,Diego Augusto Barreto Sanchez,21
2023,635,Amaury Raynel,21
2023,636,Kiranpal Pannu,26
2023,637,Egor Agafonov,21
2023,638,Georgii Kravchenko,23
2023,639,Quinn Vandecasteele,21
2023,640,Sora Fukuda,26
2023,641,Alexander Zgirovsky,22
2023,642,Luca Castelnuovo,26
2023,643,David Pichler,27
2023,644,Tom Gentzsch,20
2023,645,Jacob Fearnley,22
2023,646,Chris Rodesch,22
2023,647,Ozan Baris,19
2023,648,Maximus Jones,19
2023,649,Daniel Little,26
2023,650,Christoph Negritu,29
2023,651,Fernando Verdasco,40
2023,652,Pawel Juszczak,29
2023,653,Hamish Stewart,24
2023,654,Dali Blanch,20
2023,655,Maxence Beauge,23
2023,656,Ye Cong Mo,23
2023,657,Andre Ilagan,23
2023,658,Johan Alexander Rodriguez,20
2023,659,Lorenzo Claverie,21
2023,660,Kasidit Samrej,22
2023,661,Kazuki Nishiwaki,29
2023,662,Matias Soto,24
2023,663,Lorenzo Bocchi,26
2023,664,Kyle Seelig,26
2023,665,Justin Barki,23
2023,666,Paul Jubb,24
2023,667,Hikaru Shiraishi,23
2023,668,Andy Andrade,25
2023,669,Rishab Agarwal,28
2023,670,Rafael Nadal,37
2023,671,Jack Sock,31
2023,672,Marin Cilic,35
2023,673,David Perez Sanz,29
2023,674,Sergey Fomin,22
2023,675,Jorge Martinez Martinez,28
2023,676,JiSung Nam,30
2023,677,Evgenii Tiurnev,26
2023,678,Conner Huertas del Pino,28
2023,679,Daniel Paty,24
2023,680,Dusan Obradovic,22
2023,681,Tao Mu,23
2023,682,Petr Nouza,25
2023,683,Yuta Kawahashi,25
2023,684,Luca Castagnola,21
2023,685,Duckhee Lee,25
2023,686,Leonardo Aboian,25
2023,687,Moerani Bouzige,24
2023,688,Ilia Simakin,20
2023,689,Thiemo de Bakker,35
2023,690,Sebastian Sorger,18
2023,691,JJ Tracy,21
2023,692,Rodrigo Pacheco Mendez,18
2023,693,Lorenzo Carboni,17
2023,694,Fabrizio Andaloro,22
2023,695,Joshua Sheehy,26
2023,696,Jakob Schnaitter,27
2023,697,Patrik Rikl,24
2023,698,Bjorn Fratangelo,30
2023,699,Enzo Wallart,26
2023,700,Alejo Sanchez Quilez,18
2023,701,Facundo Juarez,26
2023,702,Mario Gonzalez Fernandez,21
2023,703,Aleksandr Braynin,24
2023,704,Jacob Bradshaw,21
2023,705,Marcel Zielinski,23
2023,706,Mili Poljicak,19
2023,707,Prajnesh Gunneswaran,34
2023,708,Jack Pinnington Jones,20
2023,709,Nicola Kuhn,23
2023,710,Arthur Reymond,24
2023,711,Oleg Prihodko,26
2023,712,Deney Wassermann,22
2023,713,Daisuke Sumizawa,24
2023,714,Jacob Brumm,25
2023,715,Zura Tkemaladze,23
2023,716,Nicolas Alvarez Varona,22
2023,717,Shinji Hazawa,24
2023,718,Gabriel Decamps,24
2023,719,Giorgio Tabacco,20
2023,720,Arthur Bouquier,22
2023,721,Lilian Marmousez,21
2023,722,Stuart Parker,26
2023,723,Jimmy Yang,26
2023,724,Jeremy Jin,19
2023,725,Leonardo Rossi,21
2023,726,Peter Benjamin Privara,19
2023,727,Joao Fonseca,17
2023,728,Alexey Zakharov,23
2023,729,Eliot Spizzirri,22
2023,730,Johannus Monday,21
2023,731,Andrea Arnaboldi,35
2023,732,Alejandro Manzanera Pertusa,20
2023,733,Lewie Lane,22
2023,734,Niels Visker,22
2023,735,Liam Gavrielides,19
2023,736,Amr Elsayed,24
2023,737,Aziz Ouakaa,24
2023,738,Mariano Kestelboim,27
2023,739,Carlos Gimeno Valero,22
2023,740,Linang Xiao,23
2023,741,Jelle Sels,28
2023,742,Adam Moundir,28
2023,743,Antoine Ghibaudo,18
2023,744,Maxime Mora,26
2023,745,Millen Hurrion,24
2023,746,Max Alcala Gurri,21
2023,747,Siddharth Vishwakarma,29
2023,748,Maxence Rivet,20
2023,749,Palaphoom Kovapitukted,24
2023,750,Tristan McCormick,24
2023,751,Edward Winter,19
2023,752,Simon Beaupain,24
2023,753,Ilya Snitari,21
2023,754,Alexandros Skorilas,23
2023,755,Tiago Pereira,19
2023,756,Robin Haase,36
2023,757,Philip Henning,23
2023,758,Julio Cesar Porras,25
2023,759,Giuseppe La Vela,23
2023,760,Brandon Walkin,29
2023,761,Aldin Setkic,36
2023,762,Xiaofei Wang,20
2023,763,Juan Carlos Aguilar,25
2023,764,Simon Anthony Ivanov,23
2023,765,Alexandre Aubriot,24
2023,766,Alec Beckley,22
2023,767,Colin Markes,26
2023,768,Alex Martinez,22
2023,769,Aoran Wang,26
2023,770,Juan Bautista Otegui,24
2023,771,Igor Gimenez,23
2023,772,Cash Hanzlik,21
2023,773,Sean Cuenin,19
2023,774,Peter Bertran,27
2023,775,Hanyi Liu,22
2023,776,Takuya Kumasaka,25
2023,777,Ray Ho,23
2023,778,Florian Broska,25
2023,779,Boris Butulija,24
2023,780,Calin Manda,25
2023,781,Jeremy Beale,29
2023,782,Gian Marco Moroni,25
2023,783,Shunsuke Mitsui,21
2023,784,Maxence Broville,24
2023,785,Viktor Jovic,21
2023,786,Niki Kaliyanda Poonacha,28
2023,787,Stefan Kozlov,25
2023,788,Franco Emanuel Egea,27
2023,789,Patrick Kaukovalta,25
2023,790,Aidan Kim,19
2023,791,Max Wiskandt,21
2023,792,Justin Roberts,27
2023,793,Taisei Ichikawa,23
2023,794,Karan Singh,20
2023,795,Grigoriy Lomakin,25
2023,796,Nicolas Tepmahc,22
2023,797,Kokoro Isomura,20
2023,798,Nikola Milojevic,28
2023,799,Petr Bar Biryukov,21
2023,800,Yeong-Seok Jeong,23
2023,801,Riccardo Balzerani,25
2023,802,Jonathan Mridha,28
2023,803,Dominik Kellovsky,27
2023,804,Szymon Kielan,21
2023,805,Joao Domingues,30
2023,806,Derek Pham,19
2023,807,Uisung Park,23
2023,808,Pierre Yves Bailly,20
2023,809,Karim-Mohamed Maamoun,32
2023,810,Filippo Moroni,22
2023,811,Dan  Martin,24
2023,812,Kristjan Tamm,25
2023,813,Shintaro Imai,30
2023,814,Alexander Stater,24
2023,815,Felix Corwin,27
2023,816,Alejo Lorenzo Lingua Lavallen,22
2023,817,Jorge Panta,28
2023,818,Seydina Andre,20
2023,819,Daniel Rodrigues,23
2023,820,Aleksandre Bakshi,26
2023,821,Patrick Brady,19
2023,822,Diego Fernandez Flores,23
2023,823,Mitsuki Wei Kang Leong,19
2023,824,Thomas Setodji,28
2023,825,Roberto Marcora,34
2023,826,Pablo Cuevas,37
2023,827,Tauheed Browning,21
2023,828,Ignacio Antonio Becerra Otarola,23
2023,829,Massimo Giunta,19
2023,830,Michiel De Krom,25
2023,831,Kody Pearson,24
2023,832,Alan Fernando Rubio Fierros,24
2023,833,Ishaque Eqbal,25
2023,834,Alejandro Hoyos,24
2023,835,Samir Hamza Reguig,21
2023,836,Harrison Adams,29
2023,837,Adam Neff,22
2023,838,Simone Roncalli,27
2023,839,William Grant,22
2023,840,Gergely Madarasz,29
2023,841,Bang Shuo Yin,24
2023,842,Calum Puttergill,30
2023,843,Cyril Vandermeersch,24
2023,844,Alexander Binda,22
2023,845,Johannes Haerteis,27
2023,846,Kai Lemstra,24
2023,847,Mateo Barreiros Reyes,23
2023,848,Erik Arutiunian,19
2023,849,Wishaya Trongcharoenchaikul,28
2023,850,Matthew William Donald,19
2023,851,Ryan Harrison,31
2023,852,Alexandar Lazarov,26
2023,853,Luke Simkiss,25
2023,854,Manuel Mazza,24
2023,855,Alessandro Pecci,22
2023,856,François Musitelli,25
2023,857,Milos Karol,21
2023,858,Luigi Sorrentino,25
2023,859,Oscar Jose Gutierrez,30
2023,860,Pedro Araujo,21
2023,861,Karue Sell,30
2023,861,Iiro Vasa,21
2023,863,Iliyan Radulov,18
2023,864,Ofek Shimanov,18
2023,865,Boris Pokotilov,26
2023,866,Aliaksandr Liaonenka,24
2023,867,Emile Hudd,23
2023,868,Yunseok Jang,20
2023,869,Mark Whitehouse,30
2023,870,Pietro Marino,22
2023,871,Aleksandre Metreveli,30
2023,872,Ignacio Carou,24
2023,873,Gage Brymer,28
2023,874,Tim van Rijthoven,26
2023,875,Fnu Nidunjianzan,19
2023,876,Brayden Schnur,28
2023,877,Bradley Klahn,33
2023,878,Etienne Donnet,22
2023,879,Luciano Carraro,25
2023,880,Isaac Becroft,23
2023,881,Max Dahlin,17
2023,882,Christian Sigsgaard,26
2023,883,Guy Den Heijer,26
2023,884,Joao Eduardo Schiessl,19
2023,885,Lukas Rosol,38
2023,886,Leo Vithoontien,24
2023,887,Thomas Braithwaite,24
2023,888,Andrea Bacaloni,21
2023,889,Oliver Tarvet,20
2023,890,Bogdan Pavel,24
2023,891,Samir Banerjee,20
2023,892,Tuncay Duran,19
2023,893,Vito Tonejc,24
2023,894,Koray Kirci,25
2023,895,Fermin Tenti,26
2023,896,Ernests Gulbis,35
2023,897,Amit Vales,18
2023,898,Jayden Court,23
2023,899,Henrik Wiersholm,26
2023,900,Daniel Antonio Nunez,22
2023,901,Fabien Salle,24
2023,902,Yi Zhou,18
2023,903,Jesse Flores,28
2023,904,Noah Schachter,24
2023,905,Patrick Zahraj,24
2023,906,Chukang Wang,24
2023,907,Benjamin Winter Lopez,25
2023,908,Juan Manuel La Serna,19
2023,909,Marco Miceli,25
2023,910,Pierre Delage,22
2023,911,Siem Woldeab,22
2023,912,Matthias Bachinger,36
2023,913,Branko Djuric,18
2023,914,Henry Searle,17
2023,915,Mirko Martinez,25
2023,916,Alexander Kotzen,23
2023,917,Daniil Ostapenkov,20
2023,918,Alexandre Reco,24
2023,919,Fernando Yamacita,26
2023,920,Kalman L. Boyd,26
2023,921,Collin Altamirano,28
2023,922,Manish Sureshkumar,24
2023,923,John Sperle,21
2023,924,Tomas Lanik,21
2023,925,Maxim Zhukov,18
2023,926,Kosuke Ogura,27
2023,927,Raphael Perot,22
2023,928,Arjun Kadhe,29
2023,929,Matthew Romios,24
2023,930,Francisco Rocha,24
2023,931,Gian Matias Di Natale,26
2023,932,Adit Sinha,20
2023,933,Ryotaro Taguchi,23
2023,934,Luca Fantini,23
2023,935,Jasza Szajrych,21
2023,936,Yannik Steinegger,23
2023,937,Louis Tessa,25
2023,938,Rrezart Cungu,25
2023,938,Michael Zhu,31
2023,940,Niccolo Catini,26
2023,941,Samuele Pieri,21
2023,942,Bruno Pujol Navarro,22
2023,943,Jeffrey Von Der Schulenburg,21
2023,944,Murphy Cassone,21
2023,945,Marcelo Zormann,27
2023,946,Oleksandr Ovcharenko,22
2023,947,Rei Sakamoto,17
2023,948,Axel Nefve,23
2023,949,Keshav Chopra,22
2023,950,David Poljak,27
2023,951,Kareem Al Allaf,25
2023,952,Stefan Palosi,23
2023,953,Gabriele Bosio,23
2023,954,Keisuke Saitoh,22
2023,955,Johannes Ingildsen,26
2023,956,Nikolay Nedelchev,20
2023,957,Niklas Schell,24
2023,958,Ben Jones,25
2023,959,Jack Anthrop,20
2023,959,Hunter Heck,21
2023,961,Guy Orly Iradukunda,27
2023,962,Sekou Bangoura,32
2023,963,Elgin Khoeblal,22
2023,964,Jaycer Lyeons,23
2023,965,Fons Van Sambeek,21
2023,966,George Houghton,25
2023,967,Luca Tomasetto,27
2023,968,Juan Sebastian Gomez,31
2023,969,Lucas Renard,31
2023,970,Paulo Andre Saraiva Dos Santos,23
2023,971,Jake Van Emburgh,25
2023,972,Matias Zukas,27
2023,973,A.J. Catanzariti,28
2023,974,Philip Florig,20
2023,975,Maik Steiner,29
2023,976,Dax Donders,23
2023,977,Matej Vocel,26
2023,978,Marc Majdandzic,18
2023,979,Raphael Lambling,23
2023,980,Tyler Stice,23
2023,981,Eero Vasa,26
2023,982,Federico Bondioli,18
2023,983,Maciej Rajski,32
2023,984,Dylan Dietrich,19
2023,985,Daniel De Jonge,24
2023,986,Rafael Tosetto,24
2023,987,Sheng Tang,23
2023,988,Daniel Bagnolini,20
2023,989,Tomas Curras Abasolo,23
2023,990,Alexander Donski,25
2023,991,Stefano Reitano,26
2023,992,Aleksandr Lobanov,22
2023,993,Benjamin Thomas George,21
2023,994,Matt Kuhar,27
2023,994,Kuan-Yi Lee,27
2023,996,Marcus McDaniel,21
2023,997,Hayato Matsuoka,18
2023,998,Rimpei Kawakami,23
2023,999,Daniele Capecchi,28
2023,1000,Matthias Ujvary,19
2022,1,Carlos Alcaraz,19
2022,2,Rafael Nadal,36
2022,3,Casper Ruud,24
2022,4,Stefanos Tsitsipas,24
2022,5,Novak Djokovic,35
2022,6,Felix Auger-Aliassime,22
2022,7,Daniil Medvedev,26
2022,8,Andrey Rublev,25
2022,9,Taylor Fritz,25
2022,10,Hubert Hurkacz,25
2022,11,Holger Rune,19
2022,12,Alexander Zverev,25
2022,13,Pablo Carreno Busta,31
2022,14,Cameron Norrie,27
2022,15,Jannik Sinner,21
2022,16,Matteo Berrettini,26
2022,17,Marin Cilic,34
2022,18,Denis Shapovalov,23
2022,19,Frances Tiafoe,24
2022,20,Karen Khachanov,26
2022,21,Roberto Bautista Agut,34
2022,22,Nick Kyrgios,27
2022,23,Lorenzo Musetti,20
2022,24,Alex de Minaur,23
2022,25,Diego Schwartzman,30
2022,26,Borna Coric,26
2022,27,Daniel Evans,32
2022,28,Grigor Dimitrov,31
2022,29,Miomir Kecmanovic,23
2022,30,Francisco Cerundolo,24
2022,31,Alejandro Davidovich Fokina,23
2022,32,Tommy Paul,25
2022,33,Sebastian Korda,22
2022,34,Maxime Cressy,25
2022,35,Botic van de Zandschulp,27
2022,36,Yoshihito Nishioka,27
2022,37,Alexander Bublik,25
2022,38,Reilly Opelka,25
2022,39,Albert Ramos-Vinolas,34
2022,40,Emil Ruusuvuori,23
2022,41,John Isner,37
2022,42,Jack Draper,21
2022,43,Sebastian Baez,21
2022,44,Arthur Rinderknech,27
2022,45,Lorenzo Sonego,27
2022,46,Adrian Mannarino,34
2022,47,Brandon Nakashima,21
2022,48,Jenson Brooksby,22
2022,49,Andy Murray,35
2022,50,Alex Molcan,25
2022,51,Corentin Moutet,23
2022,52,Gael Monfils,36
2022,53,David Goffin,32
2022,54,Filip Krajinovic,30
2022,55,Fabio Fognini,35
2022,56,Marc-Andrea Huesler,26
2022,57,Pedro Cachin,27
2022,58,Jaume Munar,25
2022,59,Aslan Karatsev,29
2022,60,Benjamin Bonzi,26
2022,61,Marcos Giron,29
2022,62,Pedro Martinez,25
2022,63,Mackenzie McDonald,27
2022,64,Quentin Halys,26
2022,65,Constant Lestienne,30
2022,66,J.J. Wolf,24
2022,67,Daniel Elahi Galan,26
2022,68,Richard Gasquet,36
2022,69,Mikael Ymer,24
2022,70,Laslo Djere,27
2022,71,Thiago Monteiro,28
2022,72,Bernabe Zapata Miralles,25
2022,73,Ilya Ivashka,28
2022,74,Roberto Carballes Baena,29
2022,75,Federico Coria,30
2022,76,Oscar Otte,29
2022,77,Kamil Majchrzak,26
2022,78,Christopher O'Connell,28
2022,79,Tomas Martin Etcheverry,23
2022,80,Dusan Lajovic,32
2022,81,Jiri Lehecka,21
2022,82,Joao Sousa,33
2022,83,Soonwoo Kwon,25
2022,84,Jordan Thompson,28
2022,85,Cristian Garin,26
2022,86,Ugo Humbert,24
2022,87,Marton Fucsovics,30
2022,88,Roman Safiullin,25
2022,89,Facundo Bagnis,32
2022,90,Gregoire Barrere,28
2022,91,Nikoloz Basilashvili,30
2022,92,Taro Daniel,29
2022,93,Thanasi Kokkinakis,26
2022,94,Daniel Altmaier,24
2022,95,Tallon Griekspoor,26
2022,96,Ben Shelton,20
2022,97,Tomas Machac,22
2022,98,Vasek Pospisil,32
2022,99,Zhizhen Zhang,26
2022,100,Alejandro Tabilo,25
2022,101,Marco Cecchinato,30
2022,102,Dominic Thiem,29
2022,103,Radu Albot,33
2022,104,Emilio Gomez,31
2022,105,Juan Pablo Varillas,27
2022,106,Denis Kudla,30
2022,107,Jason Kubler,29
2022,108,Hugo Gaston,22
2022,109,Jiri Vesely,29
2022,110,Steve Johnson,33
2022,111,Tim van Rijthoven,25
2022,112,Nuno Borges,25
2022,113,Michael Mmoh,24
2022,114,Norbert Gombos,32
2022,115,Chun-Hsin Tseng,21
2022,116,Yibing Wu,23
2022,117,Pavel Kotov,24
2022,118,Dominic Stricker,20
2022,119,Francesco Passaro,21
2022,120,Alexei Popyrin,23
2022,121,Pablo Andujar,36
2022,122,Jurij Rodionov,23
2022,123,Christopher Eubanks,26
2022,124,Fernando Verdasco,39
2022,125,Federico Delbonis,32
2022,126,Camilo Ugo Carabelli,23
2022,127,Elias Ymer,26
2022,128,Yannick Hanfmann,31
2022,129,Zizou Bergs,23
2022,130,Aleksandar Vukic,26
2022,131,Jack Sock,30
2022,132,Hugo Dellien,29
2022,133,Jelle Sels,27
2022,134,Matteo Arnaldi,21
2022,135,Luca Nardi,19
2022,136,Lukas Klein,24
2022,137,Jozef Kovalik,30
2022,138,Franco Agamenone,29
2022,139,Luca Van Assche,18
2022,140,Vit Kopriva,25
2022,141,Hugo Grenier,26
2022,142,Timofey Skatov,21
2022,143,Gilles Simon,37
2022,144,Borna Gojo,24
2022,145,Yosuke Watanuki,24
2022,146,Manuel Guinard,27
2022,147,John Millman,33
2022,148,Stan Wawrinka,37
2022,149,Filip Misolic,21
2022,150,Jan-Lennard Struff,32
2022,151,Juan Manuel Cerundolo,21
2022,152,Nicolas Jarry,27
2022,153,Mattia Bellucci,21
2022,154,Alexander Shevchenko,22
2022,155,James Duckworth,30
2022,156,Gijs Brouwer,26
2022,157,Leandro Riedi,20
2022,158,Aleksandar Kovacevic,24
2022,159,Maximilian Marterer,27
2022,160,Alexandre Muller,25
2022,161,Giulio Zeppieri,21
2022,162,Zsombor Piros,23
2022,163,Liam Broady,28
2022,164,Rinky Hijikata,21
2022,165,Carlos Taberner,25
2022,166,Felipe Meligeni Alves,24
2022,167,Ryan Peniston,27
2022,168,Ricardas Berankis,32
2022,169,Alexander Ritschard,28
2022,170,Geoffrey Blancaneaux,24
2022,171,Flavio Cobolli,20
2022,172,Henri Laaksonen,30
2022,173,Fabian Marozsan,23
2022,174,Enzo Couacaud,27
2022,175,Otto Virtanen,21
2022,176,Facundo Mena,30
2022,177,Juan Pablo Ficovich,25
2022,178,Emilio Nava,21
2022,179,Benoit Paire,33
2022,180,Dennis Novak,29
2022,181,Andrea Pellegrino,25
2022,182,Renzo Olivo,30
2022,183,Antoine Bellier,26
2022,184,Tung-Lin Wu,24
2022,185,Oleksii Krutykh,22
2022,186,Damir Dzumhur,30
2022,187,Riccardo Bonadio,29
2022,188,Mikhail Kukushkin,35
2022,189,Adrian Andreev,21
2022,190,Santiago Rodriguez Taverna,23
2022,191,Facundo Diaz Acosta,22
2022,192,Juncheng Shang,17
2022,193,Sebastian Ofner,26
2022,194,Raul Brancaccio,25
2022,195,Nicolas Kicker,30
2022,196,Dimitar Kuzmanov,29
2022,197,Kaichi Uchida,28
2022,198,Stefan Kozlov,24
2022,199,Dominik Koepfer,28
2022,200,Francesco Maestrelli,20
2022,201,Frederico Ferreira Silva,27
2022,202,Nick Hardt,22
2022,203,Cedrik-Marcel Stebe,32
2022,204,Laurent Lokoli,28
2022,205,Antoine Escoffier,30
2022,206,Luciano Darderi,20
2022,207,Alexis Galarneau,23
2022,208,Rio Noguchi,23
2022,209,Evan Furness,24
2022,210,Li Tu,26
2022,211,Matheus Pucinelli De Almeida,21
2022,212,Gianluca Mager,28
2022,213,Andrea Vavassori,27
2022,214,Mitchell Krueger,28
2022,215,Nicolas Moreno De Alboran,25
2022,216,Lukas Rosol,37
2022,217,Brandon Holt,24
2022,218,Kimmer Coppejans,28
2022,219,Paul Jubb,23
2022,220,Max Purcell,24
2022,221,Yu Hsiou Hsu,23
2022,222,Dalibor Svrcina,20
2022,223,Marco Trungelliti,32
2022,224,Genaro Alberto Olivieri,24
2022,225,Thiago Agustin Tirante,21
2022,226,Ernesto Escobedo,26
2022,227,Gabriel Diallo,21
2022,228,Omar Jasika,25
2022,229,Nicholas David Ionel,20
2022,230,Tomas Barrios Vera,25
2022,231,Nikola Milojevic,27
2022,232,Gastao Elias,32
2022,233,Miljan Zekic,34
2022,234,Nino Serdarusic,26
2022,235,Peter Gojowczyk,33
2022,236,Altug Celikbilek,26
2022,237,Lloyd Harris,25
2022,238,Skander Mansouri,27
2022,239,Roman Andres Burruchaga,20
2022,240,Jay Clarke,24
2022,241,Nerman Fatic,28
2022,242,Ivan Gakhov,26
2022,243,Mariano Navone,21
2022,244,Nam Hoang Ly,25
2022,245,Kacper Zuk,23
2022,246,Andrea Collarini,30
2022,247,Zdenek Kolar,26
2022,248,Jan Choinski,26
2022,249,Dane Sweeny,21
2022,250,Matteo Gigante,20
2022,251,Arthur Fils,18
2022,252,Seongchan Hong,25
2022,253,Juan Bautista Torres,20
2022,254,Michael Geerts,27
2022,255,Hamad Medjedovic,19
2022,256,Harold Mayot,20
2022,257,Hernan Casanova,28
2022,258,Robin Haase,35
2022,259,Nicolas Mejia,22
2022,260,Daniel Michalski,22
2022,261,Gonzalo Lama,29
2022,262,Alessandro Giannessi,32
2022,263,Jonas Forejtek,21
2022,264,Sho Shimabukuro,25
2022,265,Tennys Sandgren,31
2022,266,Alastair Gray,24
2022,267,Nikolas Sanchez Izquierdo,23
2022,268,Oriol Roca Batalla,29
2022,269,Pablo Cuevas,36
2022,270,Hiroki Moriya,32
2022,271,Francisco Comesana,22
2022,272,Steven Diez,31
2022,273,Aziz Dougaz,25
2022,274,Maximilian Neuchrist,31
2022,275,Mate Valkusz,24
2022,276,Juan Ignacio Londero,29
2022,277,Yunchaokete Bu,20
2022,278,Egor Gerasimov,30
2022,279,Timo Stodder,26
2022,280,Raphael Collignon,20
2022,281,Lorenzo Giustino,31
2022,282,Marek Gengel,27
2022,283,Lucas Gerch,28
2022,284,Nicolas Alvarez Varona,21
2022,285,Dan Added,23
2022,286,Titouan Droguet,21
2022,287,Joao Domingues,29
2022,288,Jesper de Jong,22
2022,289,Daniel Masur,28
2022,290,Valentin Vacherot,24
2022,291,Evan Zhu,24
2022,292,Denis Yevseyev,29
2022,293,Pol Martin Tiffon,23
2022,294,Salvatore Caruso,30
2022,295,Ugo Blanchet,23
2022,296,Lukas Neumayer,20
2022,297,Alexandar Lazarov,25
2022,298,Javier Barranco Cosano,24
2022,299,Terence Atmane,20
2022,300,Daniel Dutra da Silva,34
2022,301,Zachary Svajda,20
2022,302,Mats Moraing,30
2022,303,Benjamin Hassan,27
2022,304,Filip Cristian Jianu,21
2022,305,Pierre-Hugues Herbert,31
2022,306,Roberto Quiroz,30
2022,307,Ernests Gulbis,34
2022,308,Beibit Zhukayev,22
2022,309,Louis Wessels,24
2022,310,Stefano Travaglia,30
2022,311,Gonzalo Villanueva,27
2022,312,Gian Marco Moroni,24
2022,313,Evgeny Karlovskiy,28
2022,314,Alejandro Moro Canas,22
2022,315,Joao Lucas Reis Da Silva,22
2022,316,Bjorn Fratangelo,29
2022,317,Thomas Fabbiano,33
2022,318,Ulises Blanch,24
2022,319,Shintaro Mochizuki,19
2022,320,Yasutaka Uchiyama,30
2022,321,Clement Tabur,22
2022,322,Oliver Crawford,23
2022,323,Gabriel Decamps,23
2022,324,Alexey Vatutin,30
2022,325,Nicolas Alvarez,26
2022,326,Elmar Ejupovic,29
2022,327,Murkel Dellien,25
2022,328,Dragos Nicolae Madaras,25
2022,329,Sam Querrey,35
2022,330,Dmitry Popko,26
2022,331,Max Houkes,22
2022,332,Valentin Royer,21
2022,333,Rudolf Molleker,22
2022,334,Marc Polmans,25
2022,335,Yun seong Chung,24
2022,336,Alibek Kachmazov,20
2022,337,Vitaliy Sachko,25
2022,338,Carlos Lopez Montagud,22
2022,339,Gauthier Onclin,21
2022,340,Mukund Sasikumar,25
2022,341,Joris De Loore,29
2022,342,Andrea Arnaboldi,34
2022,343,Viktor Durasovic,25
2022,344,Maxime Janvier,26
2022,345,Christian Harrison,28
2022,346,Filip Horansky,29
2022,347,Aljaz Bedene,33
2022,348,Prajnesh Gunneswaran,33
2022,349,Pedro Boscardin Dias,19
2022,350,Kenny De Schepper,35
2022,351,Alexander Weis,25
2022,352,Pablo Llamas Ruiz,20
2022,353,Giovanni Oradini,25
2022,354,Andreas Seppi,38
2022,355,Billy Harris,27
2022,356,Remy Bertola,24
2022,357,Henri Squire,22
2022,358,Moez Echargui,29
2022,359,Daniel Cukierman,27
2022,360,Michael Vrbensky,23
2022,361,Antoine Hoang,27
2022,362,Mathys Erhard,21
2022,363,Sergey Fomin,21
2022,364,Filip Peliwo,28
2022,365,Andrew Paulson,21
2022,366,Edoardo Lavagno,24
2022,367,Tristan Schoolkate,21
2022,368,Benjamin Lock,29
2022,369,Andrey Chepelev,24
2022,370,Giovanni Mpetshi Perricard,19
2022,371,Alex Rybakov,25
2022,372,Aidan McHugh,22
2022,373,Gerald Melzer,32
2022,374,Marius Copil,32
2022,375,Stuart Parker,25
2022,376,Charles Broom,24
2022,377,Oleksandr Ovcharenko,21
2022,378,Cem Ilkel,27
2022,379,Edan Leshem,25
2022,380,Dominik Palan,22
2022,381,Lucas Pouille,28
2022,382,Arthur Cazaux,20
2022,383,Jason Jung,33
2022,384,Ergi Kirkin,23
2022,385,Maks Kasnikowski,19
2022,386,Alvaro Lopez San Martin,25
2022,387,Guido Andreozzi,31
2022,388,Evgeny Donskoy,32
2022,389,Alberto Barroso Campos,26
2022,390,Akira Santillan,25
2022,391,Govind Nanda,21
2022,392,Mirza Basic,31
2022,393,Vladyslav Orlov,27
2022,394,Giovanni Fonio,24
2022,395,Daniel Cox,32
2022,396,Duje Ajdukovic,21
2022,397,Johan Nikles,25
2022,398,Yuta Shimizu,23
2022,399,Juan Bautista Otegui,23
2022,400,Sebastian Fanselow,30
2022,401,Cezar Cretu,21
2022,402,Mark Lajal,19
2022,403,Kyle Seelig,25
2022,404,Keegan Smith,24
2022,405,James McCabe,19
2022,406,Ben Patael,25
2022,407,Jakub Mensik,17
2022,408,Jose Pereira,31
2022,409,Mathias Bourgue,28
2022,410,Jurgen Briand,23
2022,411,Illya Marchenko,35
2022,412,Gianmarco Ferrari,22
2022,413,Gustavo Heide,20
2022,414,Matteo Martineau,23
2022,415,Damien Wenger,22
2022,416,Philipp Kohlschreiber,39
2022,417,Thiago Seyboth Wild,22
2022,418,Carlos Sanchez Jover,22
2022,419,Alex Marti Pujolras,23
2022,420,Daniel Rincon,19
2022,421,Sascha Gueymard Wayenburg,19
2022,422,Matias Franco Descotte,28
2022,423,Max Hans Rehberg,19
2022,424,Eduardo Ribeiro,24
2022,425,Federico Gaio,30
2022,426,Juan Pablo Paz,27
2022,427,Facundo Juarez,25
2022,428,Jerome Kym,19
2022,429,Adrian Menendez-Maceiras,37
2022,430,Samuel Vincent Ruggeri,20
2022,431,Adam Walton,23
2022,432,Alafia Ayeni,23
2022,433,Malek Jaziri,38
2022,434,Ramkumar Ramanathan,28
2022,435,Oscar Jose Gutierrez,29
2022,436,Strong Kirchheimer,27
2022,437,Martin Krumich,20
2022,438,Wilson Leite,31
2022,439,Karl Friberg,23
2022,440,Oleg Prihodko,25
2022,441,Andrey Kuznetsov,31
2022,442,Carlos Gimeno Valero,21
2022,443,Mats Rosenkranz,24
2022,444,Andrej Martin,33
2022,445,Lucas Miedler,26
2022,446,Kyrian Jacquet,21
2022,447,Hady Habib,24
2022,448,Nick Chappell,30
2022,449,Omni Kumar,21
2022,450,David Poljak,26
2022,451,Valerio Aboian,20
2022,452,Marko Topo,19
2022,453,Sandro Kopp,22
2022,454,Ethan Quinn,18
2022,455,Martin Damm,19
2022,456,Dayne Kelly,32
2022,457,Martin Cuevas,30
2022,458,Francesco Forti,23
2022,459,Jorge Panta,27
2022,460,Robin Bertrand,19
2022,461,Mateus Alves,21
2022,462,Bernard Tomic,30
2022,463,Naoki Nakagawa,26
2022,464,Rimpei Kawakami,22
2022,465,Corentin Denolly,25
2022,466,Shintaro Imai,29
2022,467,Denis Istomin,36
2022,468,Leonardo Aboian,24
2022,469,Ajeet Rai,23
2022,470,Abdullah Shelbayh,19
2022,471,Calvin Hemery,27
2022,472,Felix Gill,20
2022,473,Arthur Fery,20
2022,474,David Pichler,26
2022,475,Dino Prizmic,17
2022,476,JiSung Nam,29
2022,477,Colin Sinclair,28
2022,478,Yshai Oliel,22
2022,479,Alexis Gautier,25
2022,480,Federico Arnaboldi,22
2022,481,Ilya Snitari,20
2022,482,August Holmgren,24
2022,483,Matias Zukas,26
2022,484,Robert Strombachs,23
2022,485,Luca Potenza,22
2022,486,Elliot Benchetrit,24
2022,487,Jules Marie,31
2022,488,Aldin Setkic,35
2022,489,Khumoyun Sultanov,24
2022,490,Eliakim Coulibaly,20
2022,491,Arklon Huertas Del Pino Cordova,28
2022,492,Ezekiel Clark,24
2022,493,Sam Riffice,23
2022,494,Konstantin Kravchuk,37
2022,495,Pedro Sousa,34
2022,496,Eduard Esteve Lobato,28
2022,497,Yanki Erel,22
2022,498,Stefano Napolitano,27
2022,499,Sebastian Gima,20
2022,500,Julian Lenz,29
2022,501,Gage Brymer,27
2022,502,Sumit Nagal,25
2022,503,Nicola Kuhn,22
2022,504,Michail Pervolarakis,26
2022,505,Gonzalo Oliveira,27
2022,506,Alfredo Perez,25
2022,507,Leo Borg,19
2022,508,Inaki Montes-De La Torre,20
2022,509,Nicolas Barrientos,35
2022,510,Alejo Lorenzo Lingua Lavallen,21
2022,511,Mili Poljicak,18
2022,512,Christian Langmo,26
2022,513,Eric Vanshelboim,21
2022,514,Bogdan Bobrov,25
2022,515,Ignacio Monzon,24
2022,516,Kris Van Wyk,26
2022,517,Stefan Palosi,22
2022,518,Daniel Merida,18
2022,519,Simon Beaupain,23
2022,520,Marcello Serafini,20
2022,521,Patrick Kypson,23
2022,522,Murphy Cassone,20
2022,523,Rubin Statham,35
2022,524,Mark Whitehouse,29
2022,525,Gergely Madarasz,28
2022,526,Aidan Mayo,19
2022,527,Sekou Bangoura,31
2022,528,Makoto Ochi,26
2022,529,Orlando Luz,24
2022,530,Thomas Fancutt,27
2022,531,Alexandr Cozbinov,27
2022,532,Harry Wendelken,21
2022,533,Imanol Lopez Morillo,23
2022,534,Giles Hussey,25
2022,535,Shinji Hazawa,23
2022,536,Toby Samuel,20
2022,537,Matias Soto,23
2022,538,Timo Legout,20
2022,539,Yuki Mochizuki,25
2022,540,Kalin Ivanovski,18
2022,541,Gabriele Piraino,19
2022,542,Adria Soriano Barrera,23
2022,543,Philip Sekulic,19
2022,544,Constantin Bittoun Kouzmine,23
2022,545,Gonzalo Bueno,18
2022,546,Cannon Kingsley,21
2022,547,Alec Deckers,22
2022,548,Daniele Capecchi,27
2022,549,JC Aragone,27
2022,550,Shuichi Sekiguchi,31
2022,551,Yuki Bhambri,30
2022,552,Johannus Monday,20
2022,553,Justin Boulais,21
2022,554,Digvijaypratap Singh,22
2022,555,Georgii Kravchenko,22
2022,556,Tristan Lamasine,29
2022,557,Jakub Paul,23
2022,558,Nathan Ponwith,24
2022,559,Tsung-Hao Huang,23
2022,560,Arthur Weber,30
2022,561,Luke Saville,28
2022,562,Andres Andrade,24
2022,563,Jaimee Floyd Angele,22
2022,564,Rigele Te,25
2022,565,Max Alcala Gurri,20
2022,566,Tao Mu,22
2022,567,Saba Purtseladze,21
2022,568,Noah Rubin,26
2022,569,Sean Cuenin,18
2022,570,Amr Elsayed,23
2022,571,Maxime Chazal,29
2022,572,Matthew Dellavedova,22
2022,573,Duarte Vale,23
2022,574,Jose Fco. Vidal Azorin,29
2022,575,Mirko Martinez,24
2022,576,Conner Huertas del Pino,27
2022,577,Jorge Martinez Martinez,27
2022,578,Andres Martin,21
2022,579,Donald Young,33
2022,580,Peter Heller,30
2022,581,Kyle Edmund,27
2022,582,Marvin Moeller,23
2022,583,Jack Pinnington Jones,19
2022,584,Henry Patten,26
2022,585,Liam Draxl,21
2022,586,David Jorda Sanchis,28
2022,587,Lucas Catarina,26
2022,588,Sidharth Rawat,29
2022,589,Jaime Faria,19
2022,590,Fajing Sun,26
2022,591,Sebastian Prechtel,26
2022,592,Igor Marcondes,25
2022,593,Roberto Cid Subervi,29
2022,594,Ryan Harrison,30
2022,595,James Trotter,23
2022,596,Jonathan Mridha,27
2022,597,Riccardo Balzerani,24
2022,598,Arjun Kadhe,28
2022,599,Alex Michelsen,18
2022,600,Uisung Park,22
2022,601,Tristan McCormick,23
2022,602,Kasidit Samrej,21
2022,603,Ryota Tanuma,27
2022,604,Alexander Bernard,19
2022,605,Alexander Donski,24
2022,606,Go Soeda,38
2022,607,Gilbert Klier Junior,22
2022,608,Matyas Fuele,24
2022,609,Blu Baker,21
2022,610,Peter Bertran,26
2022,611,Alex Hernandez,23
2022,612,Alex Knaff,25
2022,613,Aleksandre Metreveli,29
2022,614,Fausto Tabacco,20
2022,615,Savva Polukhin,24
2022,616,Rrezart Cungu,24
2022,617,Viacheslav Bielinskyi,19
2022,618,Giorgio Tabacco,19
2022,619,Peter Fajta,20
2022,620,Tomas Farjat,21
2022,621,Pedja Krstin,28
2022,622,Hanwen Li,20
2022,623,Kai Wehnelt,27
2022,624,Fermin Tenti,25
2022,625,Cristian Rodriguez,32
2022,626,Petr Nouza,24
2022,627,Christopher Heyman,29
2022,628,Evgenii Tiurnev,25
2022,629,Gabriel Debru,17
2022,630,Benjamin Winter Lopez,24
2022,631,Quentin Folliot,23
2022,632,Colin Markes,25
2022,633,Jerzy Janowicz,32
2022,634,Bruno Kuzuhara,18
2022,635,Arthur Reymond,23
2022,636,Alex Bolt,29
2022,637,Clement Chidekh,21
2022,638,Cheong-Eui Kim,32
2022,639,Felix Corwin,26
2022,640,Nicolae Frunza,25
2022,641,Luca Tomasetto,26
2022,642,Simone Roncalli,26
2022,643,Tim Handel,26
2022,644,Stefan Popovic,19
2022,645,Ruben Bemelmans,34
2022,646,Miguel Damas,23
2022,647,Jeremy Jahn,32
2022,648,Bekkhan Atlangeriev,21
2022,649,Duckhee Lee,24
2022,650,Dominik Boehler,26
2022,651,Nicolas Zanellato,20
2022,652,Pedro Araujo,20
2022,653,Lukas Krainer,22
2022,654,Stefan Dostanic,21
2022,655,Hazem Naw,22
2022,656,Johannes Haerteis,26
2022,657,Federico Agustin Gomez,26
2022,658,Tibo Colson,22
2022,659,Koray Kirci,24
2022,660,Federico Iannaccone,23
2022,661,Oscar Weightman,21
2022,662,Manish Sureshkumar,23
2022,663,Sahar Simon,21
2022,664,Kiranpal Pannu,25
2022,665,Christoph Negritu,28
2022,666,Arthur Bouquier,22
2022,667,Mikael Torpegaard,28
2022,668,Mohamed Safwat,32
2022,669,Tommaso Compagnucci,23
2022,670,Lukas Pokorny,20
2022,671,Davide Galoppini,28
2022,672,Edward Winter,18
2022,673,Tobias Kamke,36
2022,674,Garrett Johns,22
2022,675,Zhe Li,36
2022,676,Emilien Voisin,22
2022,677,Alex Barrena,20
2022,678,Tomas Lipovsek Puches,29
2022,679,Franco Emanuel Egea,26
2022,680,Shunsuke Mitsui,20
2022,681,Andrew Harris,28
2022,682,Bor Artnak,18
2022,683,Andrea Picchione,24
2022,684,Roberto Marcora,33
2022,685,Tatsuma Ito,34
2022,686,Olle Wallin,21
2022,687,Enzo Wallart,25
2022,688,Adam Moundir,27
2022,689,Sidane Pontjodikromo,22
2022,690,Ignacio Carou,23
2022,691,Victor Lilov,18
2022,692,Kirill Kivattsev,25
2022,693,Marco Miceli,24
2022,694,Matteo Donati,27
2022,695,Pawel Juszczak,28
2022,696,Duje Kekez,29
2022,697,Alec Beckley,21
2022,698,Keisuke Saitoh,21
2022,699,Simon Anthony Ivanov,22
2022,700,Zura Tkemaladze,22
2022,701,Matthieu Perchicot,30
2022,702,William Blumberg,24
2022,703,Juan Ignacio Galarza,28
2022,704,Cyril Vandermeersch,23
2022,705,Xiaofei Wang,19
2022,706,Szymon Kielan,20
2022,707,Anton Matusevich,21
2022,708,Fernando Yamacita,25
2022,709,Marcelo Zormann,26
2022,710,Yusuke Takahashi,25
2022,711,Thomas Deschamps,24
2022,712,Luigi Sorrentino,24
2022,713,Mick Veldheer,26
2022,714,Ivan Nedelko,36
2022,715,Manuel Mazza,23
2022,716,Ryuki Matsuda,22
2022,717,Orel Kimhi,19
2022,718,Attila Balazs,34
2022,719,Chris Rodesch,21
2022,720,Alexander Erler,25
2022,721,Ignacio Buse,18
2022,722,Elmer Moller,19
2022,723,Palaphoom Kovapitukted,23
2022,724,Daniel Rodrigues,22
2022,725,Emil Reinberg,25
2022,726,Lorenzo Bocchi,25
2022,727,Alvaro Guillen Meza,19
2022,728,Jiri Barnat,21
2022,729,Niki Kaliyanda Poonacha,27
2022,730,Maxence Beauge,22
2022,731,Hynek Barton,18
2022,732,Tadeas Paroulek,22
2022,733,Renta Tokuda,24
2022,734,Simon Carr,23
2022,735,S D Prajwal Dev,26
2022,736,Sergi Perez Contri,24
2022,737,Savriyan Danilov,22
2022,738,Yan Bondarevskiy,22
2022,739,Florent Bax,23
2022,740,Matthew Ebden,35
2022,741,Patrik Rikl,23
2022,742,Yuta Kikuchi,23
2022,743,Maxime Mora,25
2022,744,Coleman Wong,18
2022,745,Khololwam Montsi,20
2022,746,Adolfo Daniel Vallejo,18
2022,747,John Echeverria,21
2022,748,Calin Manda,24
2022,749,Andrea Guerrieri,24
2022,750,Roko Horvat,21
2022,751,Michiel De Krom,24
2022,752,Pedro Rodenas,18
2022,753,Vilius Gaubas,17
2022,754,Daisuke Sumizawa,23
2022,755,Andrea Basso,29
2022,756,Kareem Al Allaf,24
2022,757,Ryan Nijboer,23
2022,758,Pavel Nejedly,29
2022,759,Lorenzo Rottoli,20
2022,760,Jea Moon Lee,29
2022,761,Guy Den Ouden,20
2022,762,Santiago De La Fuente,20
2022,763,Roy Smith,24
2022,764,Enrico Dalla Valle,24
2022,765,Vlad Andrei Dancu,23
2022,766,Blaise Bicknell,21
2022,767,Niklas Schell,23
2022,768,Mathieu Scaglia,24
2022,769,Alejandro Manzanera Pertusa,19
2022,770,Daniil Glinka,22
2022,771,Micah Braswell,21
2022,772,Christian Sigsgaard,25
2022,773,Mariano Kestelboim,26
2022,774,Deney Wassermann,21
2022,775,Ilia Simakin,19
2022,776,Aleksandre Bakshi,25
2022,777,Leopold Zima,22
2022,778,Osgar O'Hoisin,26
2022,779,Aaron Addison,27
2022,780,Juan Carlos Prado Angelo,17
2022,781,Blake Ellis,23
2022,782,Maciej Rajski,31
2022,783,Evgeny Philippov,20
2022,784,Nicolas Buitrago,24
2022,785,Ivan Liutarevich,26
2022,786,Bruno Pujol Navarro,21
2022,787,Stefano Battaglino,24
2022,788,Luis Patino,29
2022,789,Alex Martinez,21
2022,790,John McNally,24
2022,791,Olaf Pieczkowski,18
2022,792,Jarno Jans,22
2022,793,Luciano Emanuel Ambrogi,19
2022,794,Tom Gentzsch,19
2022,795,Franco Roncadelli,22
2022,796,Alejandro Hoyos,23
2022,797,Johannes Ingildsen,25
2022,798,Bogdan Ionut Apostol,26
2022,799,Kristjan Tamm,24
2022,800,Denis Klok,24
2022,801,Pedro Sakamoto,29
2022,802,Federico Zeballos,34
2022,803,Martyn Pawelski,18
2022,804,Mario Gonzalez Fernandez,20
2022,805,Lorenzo Joaquin Rodriguez,23
2022,806,Mitchell Harper,25
2022,807,Juan Sebastian Gomez,30
2022,808,Marat Sharipov,20
2022,809,Masamichi Imamura,24
2022,810,Marco Brugnerotto,26
2022,811,Joao Victor Couto Loureiro,19
2022,812,Ray Ho,22
2022,813,Stefanos Sakellaridis,18
2022,814,Alejandro Gonzalez,33
2022,815,Matthias Bachinger,35
2022,816,Davide Pontoglio,30
2022,817,Adrian Boitan,23
2022,818,Filippo Baldi,26
2022,819,Petr Nesterov,19
2022,820,Filip Bergevi,28
2022,821,Buvaysar Gadamauri,22
2022,822,Francesco Vilardo,32
2022,823,Svyatoslav Gulin,20
2022,824,Arnaud Bovy,22
2022,825,Kazuma Kawachi,28
2022,826,Dali Blanch,19
2022,827,Daniel Little,25
2022,828,Calum Puttergill,29
2022,829,Nicolas Tepmahc,21
2022,830,Feliciano Lopez,41
2022,831,Matija Pecotic,33
2022,832,Joao Fonseca,16
2022,833,Max Basing,20
2022,834,Fabrizio Andaloro,21
2022,835,Tyler Zink,21
2022,836,Oleksandr Bielinskyi,28
2022,837,Illya Beloborodko,21
2022,838,Dan Alexandru Tomescu,23
2022,839,Mikalai Haliak,24
2022,840,Ricardo Rodriguez - Pace,29
2022,841,Guido Ivan Justo,25
2022,842,Toby Kodat,19
2022,843,Kosuke Ogura,26
2022,844,Nitin Kumar Sinha,23
2022,845,Nino Ehrenschneider,21
2022,846,Darian King,30
2022,847,Taha Baadi,21
2022,848,Alexandre Aubriot,23
2022,849,Alexandru Jecan,34
2022,850,Henrique Rocha,18
2022,851,Raphael Lambling,22
2022,852,Lilian Marmousez,20
2022,853,Cayetano March,22
2022,854,Philip Florig,19
2022,855,Dusan Obradovic,21
2022,856,Jonathan Eysseric,32
2022,857,Melios Efstathiou,23
2022,858,Inigo Cervantes,33
2022,859,Patrick Maloney,22
2022,860,Learner Tien,17
2022,861,Karim-Mohamed Maamoun,31
2022,862,Alan Fernando Rubio Fierros,23
2022,863,Omar Giacalone,30
2022,864,Takuya Kumasaka,24
2022,865,Stefano Reitano,25
2022,866,Takuto Niki,35
2022,867,Connor Farren,28
2022,868,Pierre Delage,21
2022,869,Gabriel Donev,26
2022,870,Domagoj Biljesko,25
2022,871,Amaury Raynel,20
2022,872,Boris Butulija,23
2022,873,Bradley Klahn,32
2022,873,Matej Vocel,25
2022,875,Koki Matsuda,22
2022,876,Nicolas Kobelt,18
2022,877,Jumpei Yamasaki,25
2022,878,Axel Garcian,20
2022,879,Nicolas Parizzia,24
2022,880,Taisei Ichikawa,22
2022,881,Filippo Speziali,22
2022,882,Moerani Bouzige,23
2022,883,Taiyo Yamanaka,21
2022,884,Diego Augusto Barreto Sanchez,20
2022,885,Vladislav Ivanov,23
2022,886,Lukas Palovic,20
2022,887,Gabriele Maria Noce,27
2022,888,Marsel Ilhan,35
2022,889,Joshua Goodger,24
2022,890,Juan Manuel Benitez Chavarriaga,27
2022,891,Mika Brunold,18
2022,892,Jacopo Berrettini,24
2022,893,Gabriel Alejandro Hidalgo,32
2022,894,Yanaki Milev,18
2022,895,Kazuki Nishiwaki,28
2022,896,Thiago Cigarran,22
2022,897,Kyle Kang,17
2022,898,Gabriele Pennaforti,22
2022,899,Leonid Sheyngezikht,22
2022,900,Lucas Bouquet,25
2022,901,Paul Woerner,26
2022,902,Oscar Moraing,22
2022,903,Giacomo Dambrosi,21
2022,903,Haoyuan Huang,20
2022,905,Carlos Gomez-Herrera,32
2022,906,Yeong-Seok Jeong,22
2022,907,Thomaz Bellucci,34
2022,908,Aliaksandr Bulitski,29
2022,909,Lautaro Midon,18
2022,910,Brayden Schnur,27
2022,911,Radu Mihai Papoe,20
2022,912,Aziz Kijametovic,26
2022,913,Yuichi Sugita,34
2022,914,Jie Cui,24
2022,915,Yuichiro Inui,27
2022,916,Kristijan Juhas,21
2022,917,Arvid Nordquist,24
2022,918,Nathan Seateun,25
2022,919,Karan Singh,19
2022,920,Aleksi Lofman,20
2022,921,Kokoro Isomura,19
2022,922,Peter Benjamin Privara,18
2022,923,Ken Cavrak,21
2022,924,Grigoriy Lomakin,24
2022,925,Diego Fernandez Flores,22
2022,926,Maik Steiner,28
2022,927,Kelsey Stevenson,32
2022,928,Viktor Jovic,20
2022,929,Michael Zheng,18
2022,930,Sander Jong,22
2022,931,Vito Tonejc,23
2022,932,Cash Hanzlik,20
2022,933,Luca Giacomini,25
2022,933,Jordan Hasson,23
2022,935,Younes Lalami,21
2022,936,Sebastian Dominko,19
2022,937,Kilian Feldbausch,17
2022,938,A.J. Catanzariti,27
2022,939,Inaki Cabrera Bello,20
2022,940,Kody Pearson,23
2022,941,Alexander Zgirovsky,21
2022,942,Milan Welte,21
2022,943,Lorenzo Gagliardo,22
2022,944,Rishab Agarwal,27
2022,945,Noah Lopez,20
2022,946,Alexander Crnokrak,22
2022,947,Neil Oberleitner,23
2022,948,Maximus Jones,18
2022,949,Boris Fassbender,24
2022,950,William Grant,21
2022,951,Joao Menezes,26
2022,952,Julian Ocleppo,25
2022,953,Adrian Bodmer,27
2022,954,Yassine Dlimi,19
2022,955,Julio Cesar Porras,24
2022,956,Florian Broska,24
2022,957,Joshua Sheehy,25
2022,958,Seydina Andre,19
2022,959,Niccolo Catini,25
2022,960,Alexis Musialek,34
2022,961,Yannick Mertens,35
2022,962,Lorenzo Claverie,20
2022,963,Yuttana Charoenphon,22
2022,964,Filip Duda,24
2022,964,Mwendwa Mbithi,24
2022,966,Xavi Matas Ortega,20
2022,967,Maxence Broville,23
2022,968,Wishaya Trongcharoenchaikul,27
2022,969,Adrian Oetzbach,25
2022,970,Brandon Walkin,28
2022,971,Maxim Zhukov,17
2022,972,Igor Gimenez,22
2022,973,Marlon Vankan,22
2022,974,Seita Watanabe,22
2022,975,Daniel Siniakov,19
2022,976,Alexandros Skorilas,22
2022,977,Aziz Ouakaa,23
2022,978,Markos Kalovelonis,28
2022,979,Albano Olivetti,31
2022,980,Patrick Zahraj,23
2022,981,Blake Mott,26
2022,982,Alexander Kotzen,22
2022,982,George Loffhagen,21
2022,984,Isaac Becroft,22
2022,984,JJ Tracy,20
2022,986,Luca Wiedenmann,24
2022,987,Petros Chrysochos,26
2022,987,Rayane Roumane,22
2022,989,Siddharth Vishwakarma,28
2022,990,Jeremy Jin,18
2022,991,Lukas Lacko,35
2022,992,Lorenzo Bresciani,22
2022,993,Jasza Szajrych,20
2022,994,Tobias Franco,20
2022,995,Ji Hoon Son,28
2022,996,Fabio Coelho,22
2022,997,Guy Orly Iradukunda,26
2022,998,Sebastian Sorger,17
2022,999,Ignasi De Rueda De Genover,24
2022,1000,Isaiah Strode,25
2019,1,Rafael Nadal,33
2019,2,Novak Djokovic,32
2019,3,Roger Federer,38
2019,4,Dominic Thiem,26
2019,5,Daniil Medvedev,23
2019,6,Stefanos Tsitsipas,21
2019,7,Alexander Zverev,22
2019,8,Matteo Berrettini,23
2019,9,Roberto Bautista Agut,31
2019,10,Gael Monfils,33
2019,11,David Goffin,29
2019,12,Fabio Fognini,32
2019,13,Kei Nishikori,30
2019,14,Diego Schwartzman,27
2019,15,Denis Shapovalov,20
2019,16,Stan Wawrinka,34
2019,17,Karen Khachanov,23
2019,18,Alex de Minaur,20
2019,19,John Isner,34
2019,20,Grigor Dimitrov,28
2019,21,Felix Auger-Aliassime,19
2019,22,Lucas Pouille,25
2019,23,Andrey Rublev,22
2019,24,Benoit Paire,30
2019,25,Guido Pella,29
2019,26,Nikoloz Basilashvili,27
2019,27,Pablo Carreno Busta,28
2019,28,Borna Coric,23
2019,29,Jo-Wilfried Tsonga,34
2019,30,Nick Kyrgios,24
2019,31,Milos Raonic,29
2019,32,Taylor Fritz,22
2019,33,Cristian Garin,23
2019,34,Dusan Lajovic,29
2019,35,Jan-Lennard Struff,29
2019,36,Reilly Opelka,22
2019,37,Hubert Hurkacz,22
2019,38,Laslo Djere,24
2019,39,Marin Cilic,31
2019,40,Filip Krajinovic,27
2019,41,Albert Ramos-Vinolas,31
2019,42,Daniel Evans,29
2019,43,Adrian Mannarino,31
2019,44,Sam Querrey,32
2019,45,Pablo Cuevas,33
2019,46,Radu Albot,30
2019,47,Frances Tiafoe,21
2019,48,John Millman,30
2019,49,Fernando Verdasco,36
2019,50,Juan Ignacio Londero,26
2019,51,Jeremy Chardy,32
2019,52,Lorenzo Sonego,24
2019,53,Cameron Norrie,24
2019,54,Casper Ruud,21
2019,55,Gilles Simon,35
2019,56,Alexander Bublik,22
2019,57,Ugo Humbert,21
2019,58,Aljaz Bedene,30
2019,59,Miomir Kecmanovic,20
2019,60,Joao Sousa,30
2019,61,Richard Gasquet,33
2019,62,Feliciano Lopez,38
2019,63,Jordan Thompson,25
2019,64,Pablo Andujar,33
2019,65,Pierre-Hugues Herbert,28
2019,66,Ricardas Berankis,29
2019,67,Mikhail Kukushkin,32
2019,68,Tennys Sandgren,28
2019,69,Kyle Edmund,24
2019,70,Marton Fucsovics,27
2019,71,Marco Cecchinato,27
2019,72,Andreas Seppi,35
2019,73,Yoshihito Nishioka,24
2019,74,Mikael Ymer,21
2019,75,Hugo Dellien,26
2019,76,Federico Delbonis,29
2019,77,Nicolas Jarry,24
2019,78,Jannik Sinner,18
2019,79,Philipp Kohlschreiber,36
2019,80,Roberto Carballes Baena,26
2019,81,Yasutaka Uchiyama,27
2019,82,Gregoire Barrere,25
2019,83,Corentin Moutet,20
2019,84,Stefano Travaglia,28
2019,85,Steve Johnson,30
2019,86,Jaume Munar,22
2019,87,Alejandro Davidovich Fokina,20
2019,88,Soonwoo Kwon,22
2019,89,Thiago Monteiro,25
2019,90,Tommy Paul,22
2019,91,Kevin Anderson,33
2019,92,Leonardo Mayer,32
2019,93,Damir Dzumhur,27
2019,94,Dominik Koepfer,25
2019,95,Ivo Karlovic,40
2019,96,Salvatore Caruso,27
2019,97,Alexei Popyrin,20
2019,98,Egor Gerasimov,27
2019,99,Lloyd Harris,22
2019,100,James Duckworth,27
2019,101,Kamil Majchrzak,23
2019,102,Marcos Giron,26
2019,103,Yuichi Sugita,31
2019,104,Henri Laaksonen,27
2019,105,Jiri Vesely,26
2019,106,Brayden Schnur,24
2019,107,Andrej Martin,30
2019,108,Dennis Novak,26
2019,109,Norbert Gombos,29
2019,110,Taro Daniel,26
2019,111,Marcel Granollers,33
2019,112,Evgeny Donskoy,29
2019,113,Denis Kudla,27
2019,114,Thomas Fabbiano,30
2019,115,Paolo Lorenzi,38
2019,116,Antoine Hoang,24
2019,117,Peter Gojowczyk,30
2019,118,Gianluca Mager,25
2019,119,Christopher O'Connell,25
2019,120,Federico Coria,27
2019,121,Go Soeda,35
2019,122,Juan Martin del Potro,31
2019,123,Emil Ruusuvuori,20
2019,124,Prajnesh Gunneswaran,30
2019,125,Andy Murray,32
2019,126,Yannick Maden,30
2019,127,Jason Jung,30
2019,128,Hyeon Chung,23
2019,129,Mackenzie McDonald,24
2019,130,Sumit Nagal,22
2019,131,Ilya Ivashka,25
2019,132,Guido Andreozzi,28
2019,133,Attila Balazs,31
2019,134,Marc Polmans,22
2019,135,Bradley Klahn,29
2019,136,Steven Diez,28
2019,137,Facundo Bagnis,29
2019,138,Zhizhen Zhang,23
2019,139,Jozef Kovalik,27
2019,140,Pedro Sousa,31
2019,141,Martin Klizan,30
2019,142,Dudi Sela,34
2019,143,Juan Pablo Varillas,24
2019,144,Guillermo Garcia-Lopez,36
2019,145,Blaz Rola,29
2019,146,Emilio Gomez,28
2019,147,Tatsuma Ito,31
2019,148,Alessandro Giannessi,29
2019,149,Vasek Pospisil,29
2019,150,Sergiy Stakhovsky,33
2019,151,Lorenzo Giustino,28
2019,152,Federico Gaio,27
2019,153,Marius Copil,29
2019,154,Jay Clarke,21
2019,155,Nikola Milojevic,24
2019,156,Sebastian Ofner,23
2019,157,Steve Darcis,35
2019,158,Viktor Troicki,33
2019,159,Alex Bolt,26
2019,160,Kimmer Coppejans,25
2019,161,Andrew Harris,25
2019,162,Robin Haase,32
2019,163,Oscar Otte,26
2019,164,Rudolf Molleker,19
2019,165,Cedrik-Marcel Stebe,29
2019,166,Darian King,27
2019,167,Mitchell Krueger,25
2019,168,Mikael Torpegaard,25
2019,169,Danilo Petrovic,27
2019,170,Pedro Martinez,22
2019,171,Filip Horansky,26
2019,172,Yannick Hanfmann,28
2019,173,Joao Domingues,26
2019,174,Ramkumar Ramanathan,25
2019,175,Mohamed Safwat,29
2019,176,Elias Ymer,23
2019,177,Denis Istomin,33
2019,178,Tallon Griekspoor,23
2019,179,Marcos Baghdatis,34
2019,180,Lukas Rosol,34
2019,181,Roberto Marcora,30
2019,182,Enrique Lopez Perez,28
2019,183,Lukas Lacko,32
2019,184,Peter Polansky,31
2019,185,Bernard Tomic,27
2019,186,Dmitry Popko,23
2019,187,Mats Moraing,27
2019,188,J.J. Wolf,21
2019,189,Joao Menezes,23
2019,190,Carlos Taberner,22
2019,191,Daniel Elahi Galan,23
2019,192,Enzo Couacaud,24
2019,193,Zhe Li,33
2019,194,Nicolas Mahut,37
2019,195,Andrea Collarini,27
2019,196,Maxime Cressy,22
2019,197,Mario Vilella Martinez,24
2019,198,Botic van de Zandschulp,24
2019,199,Thanasi Kokkinakis,23
2019,200,Bernabe Zapata Miralles,22
2019,201,Malek Jaziri,35
2019,202,Frederico Ferreira Silva,24
2019,203,Dustin Brown,35
2019,204,Constant Lestienne,27
2019,205,Tommy Robredo,37
2019,206,Maxime Janvier,23
2019,207,Bjorn Fratangelo,26
2019,208,Facundo Mena,27
2019,209,Marco Trungelliti,29
2019,210,Noah Rubin,23
2019,211,Thiago Seyboth Wild,19
2019,212,Alexey Vatutin,27
2019,213,Alejandro Tabilo,22
2019,214,Nicola Kuhn,19
2019,215,Yan Bai,30
2019,216,Hiroki Moriya,29
2019,217,Elliot Benchetrit,21
2019,218,Michael Mmoh,21
2019,219,Janko Tipsarevic,35
2019,220,Quentin Halys,23
2019,221,Max Purcell,21
2019,222,Tristan Lamasine,26
2019,223,Matthias Bachinger,32
2019,224,Ernesto Escobedo,23
2019,225,Matteo Viola,32
2019,226,Ernests Gulbis,31
2019,227,Adrian Menendez-Maceiras,34
2019,228,Christopher Eubanks,23
2019,229,Stefano Napolitano,24
2019,230,Donald Young,30
2019,231,Zdenek Kolar,23
2019,232,Mathias Bourgue,25
2019,233,Julian Lenz,26
2019,234,Alexandre Muller,22
2019,235,Tung-Lin Wu,21
2019,236,Rogerio Dutra Silva,35
2019,237,Juan Pablo Ficovich,22
2019,238,Duckhee Lee,21
2019,239,Maximilian Marterer,24
2019,240,Liam Broady,25
2019,241,Filippo Baldi,23
2019,242,Tobias Kamke,33
2019,243,Thai-Son Kwiatkowski,24
2019,244,Matthew Ebden,32
2019,245,Roberto Ortega-Olmedo,28
2019,246,Pedja Krstin,25
2019,247,JiSung Nam,26
2019,248,Francisco Cerundolo,21
2019,249,Sebastian Korda,19
2019,250,Viktor Galovic,29
2019,251,Pavel Kotov,21
2019,252,Hugo Gaston,19
2019,253,Daniel Masur,25
2019,254,Akira Santillan,22
2019,255,Roman Safiullin,22
2019,256,Illya Marchenko,32
2019,257,Evgeny Karlovskiy,25
2019,258,Roberto Cid Subervi,26
2019,259,Gian Marco Moroni,21
2019,260,Ruben Bemelmans,31
2019,261,Jason Kubler,26
2019,262,Shuichi Sekiguchi,28
2019,263,Yosuke Watanuki,21
2019,264,Jan Choinski,23
2019,265,Renzo Olivo,27
2019,266,Roberto Quiroz,27
2019,267,Mukund Sasikumar,22
2019,268,Hugo Grenier,23
2019,269,Jenson Brooksby,19
2019,270,Lucas Miedler,23
2019,271,Teymuraz Gabashvili,34
2019,272,Gonzalo Oliveira,24
2019,273,Aleksandar Vukic,23
2019,274,Santiago Giraldo,32
2019,275,JC Aragone,24
2019,276,Borna Gojo,21
2019,277,Marc-Andrea Huesler,23
2019,278,Nino Serdarusic,23
2019,279,Daniel Altmaier,21
2019,280,Denis Yevseyev,26
2019,281,Mischa Zverev,32
2019,282,Filip Peliwo,25
2019,283,Cem Ilkel,24
2019,284,Jose Hernandez-Fernandez,29
2019,285,Jeremy Jahn,29
2019,286,Kaichi Uchida,25
2019,287,Alex Molcan,22
2019,288,Tsung-Hua Yang,28
2019,289,Aslan Karatsev,26
2019,290,Harry Bourchier,23
2019,291,Tim van Rijthoven,22
2019,292,Arthur De Greef,27
2019,293,Markus Eriksson,30
2019,294,Mirza Basic,28
2019,295,Facundo Arguello,27
2019,296,Shintaro Imai,26
2019,297,Manuel Guinard,24
2019,298,Kevin King,28
2019,299,Jurij Rodionov,20
2019,300,Orlando Luz,21
2019,301,Nicolas Alvarez,23
2019,302,Ryan Harrison,27
2019,303,Lukas Klein,21
2019,304,Aleksandr Nedovyesov,32
2019,305,Chun-Hsin Tseng,18
2019,306,Luca Vanni,34
2019,307,John-Patrick Smith,30
2019,308,Pedro Sakamoto,26
2019,309,Uladzimir Ignatik,29
2019,310,Andrea Arnaboldi,32
2019,311,Gonzalo Escobar,30
2019,312,Benjamin Hassan,24
2019,313,Javier Barranco Cosano,21
2019,314,Michael Redlicki,26
2019,315,Yun seong Chung,21
2019,316,Sekou Bangoura,28
2019,317,Di Wu,28
2019,318,James Ward,32
2019,319,Thomaz Bellucci,32
2019,320,Oriol Roca Batalla,26
2019,321,Luke Saville,25
2019,322,Tomas Barrios Vera,22
2019,323,Geoffrey Blancaneaux,21
2019,324,Ivan Nedelko,33
2019,325,Corentin Denolly,22
2019,326,Altug Celikbilek,23
2019,327,Arthur Rinderknech,24
2019,328,Igor Sijsling,32
2019,329,Guilherme Clezar,26
2019,330,Khumoyun Sultanov,21
2019,331,Sandro Ehrat,28
2019,332,Viktor Durasovic,22
2019,333,Vaclav Safranek,25
2019,334,Simone Bolelli,34
2019,335,Daniel Nguyen,29
2019,336,Jeroen Vanneste,25
2019,337,Peter Torebko,31
2019,338,Jack Draper,18
2019,339,Andrea Pellegrino,22
2019,340,Evan King,27
2019,341,Tomas Martin Etcheverry,20
2019,342,Skander Mansouri,24
2019,343,Konstantin Kravchuk,34
2019,344,Collin Altamirano,24
2019,345,Blaz Kavcic,32
2019,346,Raul Brancaccio,22
2019,347,Laurent Lokoli,25
2019,348,Maxime Hamou,24
2019,349,Christian Lindell,28
2019,350,Karim-Mohamed Maamoun,28
2019,351,Baptiste Crepatte,25
2019,352,Vit Kopriva,22
2019,353,Marcelo Arevalo,29
2019,354,Sadio Doumbia,29
2019,355,Tim Smyczek,32
2019,356,Ze Zhang,29
2019,357,Tomas Machac,19
2019,358,Maverick Banes,27
2019,359,Benjamin Bonzi,23
2019,360,Lorenzo Musetti,17
2019,361,Andrea Vavassori,24
2019,362,Dayne Kelly,29
2019,363,Pedro Cachin,24
2019,364,Rayane Roumane,19
2019,365,Nerman Fatic,25
2019,366,Gianluigi Quinzi,23
2019,367,Brandon Nakashima,18
2019,368,Fajing Sun,23
2019,369,Alexander Ritschard,25
2019,370,Antoine Escoffier,27
2019,371,Jules Okala,22
2019,372,Jelle Sels,24
2019,373,Gastao Elias,29
2019,374,Yuta Shimizu,20
2019,375,Diego Hidalgo,26
2019,376,Pablo Vivero Gonzalez,24
2019,377,Hernan Casanova,25
2019,378,Brydan Klein,29
2019,379,Oscar Jose Gutierrez,26
2019,380,Maxime Chazal,26
2019,381,Giulio Zeppieri,18
2019,382,Agustin Velotti,27
2019,383,Matias Franco Descotte,25
2019,384,Dan Added,20
2019,385,Michael Geerts,24
2019,386,Adam Pavlasek,25
2019,387,Edan Leshem,22
2019,388,Ulises Blanch,21
2019,389,Ryan Peniston,24
2019,390,Saketh Myneni,32
2019,391,Felipe Meligeni Alves,21
2019,392,Juan Manuel Cerundolo,18
2019,393,Peter Heller,27
2019,394,Martin Redlicki,24
2019,395,Gonzalo Villanueva,24
2019,396,Matija Pecotic,30
2019,397,Eduardo Struvay,29
2019,398,Sebastian Baez,19
2019,399,Artem Dubrivnyy,20
2019,400,Christopher Heyman,26
2019,401,Bruno Santanna,26
2019,402,Yshai Oliel,19
2019,403,Lloyd Glasspool,26
2019,404,Alessandro Bega,28
2019,405,Julian Ocleppo,22
2019,406,Riccardo Bonadio,26
2019,407,Evan Hoyt,24
2019,408,Daniel Gimeno-Traver,34
2019,409,Camilo Ugo Carabelli,20
2019,410,Genaro Alberto Olivieri,21
2019,411,Nicolas Mejia,19
2019,412,Calvin Hemery,24
2019,413,Jan Satral,29
2019,414,Gleb Sakharov,31
2019,415,Nikolas Sanchez Izquierdo,20
2019,416,Enrico Dalla Valle,21
2019,417,Sanjar Fayziev,25
2019,418,Laurynas Grigelis,28
2019,419,Yannick Mertens,32
2019,420,Alen Avidzba,19
2019,421,Hugo Nys,28
2019,422,Stefan Kozlov,21
2019,423,Dimitar Kuzmanov,26
2019,424,Zsombor Piros,20
2019,425,Marko Tepavac,25
2019,426,Filip Cristian Jianu,18
2019,427,Rio Noguchi,21
2019,428,Michael Vrbensky,20
2019,429,Louis Wessels,21
2019,430,Fabrizio Ornago,27
2019,431,Johannes Haerteis,23
2019,432,Yusuke Takahashi,22
2019,433,Ronald Slobodchikov,26
2019,434,Makoto Ochi,23
2019,435,Renta Tokuda,21
2019,436,Jesper de Jong,19
2019,437,Daniel Michalski,19
2019,438,Vladyslav Orlov,24
2019,439,Evgenii Tiurnev,22
2019,440,Evan Furness,21
2019,441,Ivan Gakhov,23
2019,442,Danylo Kalenichenko,25
2019,443,Sho Shimabukuro,22
2019,444,Jurgen Zopp,31
2019,445,Alexander Sarkissian,29
2019,446,Bogdan Bobrov,22
2019,447,Pol Toledo Bague,25
2019,448,Carlos Boluda-Purkiss,26
2019,449,Jacob Grills,24
2019,450,Kacper Zuk,20
2019,451,Gijs Brouwer,23
2019,452,Manuel Pena Lopez,21
2019,453,Andres Artunedo Martinavarro,26
2019,454,Adam Moundir,24
2019,455,Jumpei Yamasaki,22
2019,456,Marko Miladinovic,19
2019,457,Alexandru Jecan,31
2019,458,Aziz Dougaz,22
2019,459,Francesco Forti,20
2019,460,Tobias Simon,28
2019,461,Martins Podzus,25
2019,462,Fred Gil,34
2019,463,Pavel Nejedly,26
2019,464,Lucas Gerch,25
2019,465,Daniel Brands,32
2019,466,Johan Nikles,22
2019,467,Niels Lootsma,25
2019,468,Alejandro Gonzalez,30
2019,469,Jordi Arconada,23
2019,470,Nick Chappell,27
2019,471,Johan Tatlot,23
2019,472,Scott Griekspoor,28
2019,473,Rafael Matos,23
2019,474,Riccardo Balzerani,21
2019,475,David Poljak,23
2019,476,Matteo Martineau,20
2019,477,Carlos Gomez-Herrera,29
2019,478,Matthieu Perchicot,27
2019,479,Ricardo Ojeda Lara,26
2019,480,Cristian Rodriguez,29
2019,481,Eduard Esteve Lobato,25
2019,482,David Pichler,23
2019,483,Jacopo Berrettini,21
2019,484,Quentin Robert,25
2019,485,Benjamin Lock,26
2019,486,Alexander Zhurbin,27
2019,487,Michail Pervolarakis,23
2019,488,Jorge Panta,24
2019,489,Evan Song,27
2019,490,Gage Brymer,24
2019,491,Petros Chrysochos,23
2019,492,Carlos Alcaraz,16
2019,493,Alvaro Lopez San Martin,22
2019,494,Sebastian Fanselow,28
2019,495,Ergi Kirkin,20
2019,496,Patrik Niklas-Salminen,22
2019,497,Alexey Zakharov,19
2019,498,Yu Hsiou Hsu,20
2019,499,Brandon Holt,21
2019,500,Paul Jubb,20
2019,501,Tak Khunn Wang,28
2019,502,Facundo Diaz Acosta,19
2019,503,Sidharth Rawat,26
2019,504,Lucas Catarina,23
2019,505,Matias Zukas,23
2019,506,Antoine Cornut-Chauvinc,19
2019,507,Carlos Berlocq,36
2019,508,Aldin Setkic,32
2019,509,Wilson Leite,28
2019,510,Seongchan Hong,22
2019,511,Thiemo de Bakker,31
2019,512,Takanyi Garanganga,29
2019,513,Nick Hardt,19
2019,514,Blake Mott,23
2019,515,Gerardo Lopez Villasenor,24
2019,516,Alexander Erler,22
2019,517,Alexandar Lazarov,22
2019,518,Gabriel Petit,24
2019,519,Thomas Fancutt,24
2019,520,Jaume Pla Malfeito,24
2019,521,Simon Carr,20
2019,522,Ricardo Rodriguez - Pace,26
2019,523,Martin Cuevas,27
2019,524,Bastian Malla,23
2019,525,Maximiliano Estevez,30
2019,526,Mick Veldheer,23
2019,527,Roy Smith,21
2019,528,Alex Rybakov,22
2019,529,Marek Gengel,24
2019,530,Pol Martin Tiffon,20
2019,531,Govind Nanda,18
2019,532,Mate Valkusz,21
2019,533,Jordan Correia,22
2019,534,Marvin Netuschil,28
2019,535,Vladyslav Manafov,26
2019,536,Jonas Forejtek,18
2019,537,Liam Caruana,21
2019,538,Elmar Ejupovic,26
2019,539,Juan Ignacio Galarza,25
2019,540,Tom Jomby,28
2019,541,Fabian Marozsan,20
2019,542,Mariano Kestelboim,23
2019,543,Gilbert Klier Junior,19
2019,544,Pietro Rondoni,26
2019,545,Federico Zeballos,31
2019,546,Ben Patael,22
2019,547,Alexis Galarneau,20
2019,548,Tomislav Brkic,29
2019,549,Marsel Ilhan,32
2019,550,Peter Nagy,27
2019,551,Jonathan Mridha,24
2019,552,Alejandro Gomez,28
2019,553,Marco Bortolotti,28
2019,554,Strong Kirchheimer,24
2019,555,Sam Riffice,20
2019,556,Nicholas David Ionel,17
2019,557,Miljan Zekic,31
2019,558,Zizou Bergs,20
2019,559,Dennis Novikov,26
2019,560,Vitaliy Sachko,22
2019,561,Raymond Sarmiento,27
2019,562,Aleksandar Kovacevic,21
2019,563,Joao Lucas Reis Da Silva,19
2019,564,Andrea Basso,26
2019,565,Adam El Mihdawy,30
2019,566,Facundo Juarez,22
2019,567,Fermin Tenti,22
2019,568,Alexander Donski,21
2019,569,Takuto Niki,32
2019,570,Petr Nouza,21
2019,571,Colin Sinclair,25
2019,572,Mauricio Echazu,30
2019,573,Arklon Huertas Del Pino Cordova,25
2019,574,Yuki Mochizuki,22
2019,575,Jie Cui,21
2019,576,Imanol Lopez Morillo,20
2019,577,Emiliano Maggioli,18
2019,578,Arnaud Bovy,19
2019,579,Carlos Gimeno Valero,18
2019,580,Daniel Dutra da Silva,31
2019,581,Anton Matusevich,18
2019,582,Tomas Lipovsek Puches,26
2019,583,Nikita Mashtakov,20
2019,584,Timofey Skatov,18
2019,585,Aidan McHugh,19
2019,586,Ryan Shane,25
2019,587,Nik Razborsek,26
2019,588,Alexis Gautier,22
2019,589,Pedro Vives Marcos,18
2019,590,Matthew Romios,20
2019,591,Christian Langmo,23
2019,592,Nicolas Alberto Arreche,25
2019,593,Kai Wehnelt,24
2019,594,Duje Ajdukovic,18
2019,595,Savriyan Danilov,19
2019,596,Yecong He,25
2019,597,Arjun Kadhe,25
2019,598,Felix Corwin,23
2019,599,Giovanni Fonio,21
2019,600,Erik Crepaldi,29
2019,601,Benjamin Sigouin,20
2019,602,Constantin Schmitz,24
2019,603,Santiago Rodriguez Taverna,20
2019,604,Arthur Reymond,20
2019,605,Peter Kobelt,29
2019,606,Jose Fco. Vidal Azorin,26
2019,607,Axel Geller,20
2019,608,Harri Heliovaara,30
2019,609,Antoine Bellier,23
2019,610,Georgii Kravchenko,19
2019,611,Cheong-Eui Kim,29
2019,612,Ryan Nijboer,20
2019,613,Luca Castelnuovo,22
2019,614,Evan Zhu,21
2019,615,Juan Sebastian Gomez,27
2019,616,Joao Pedro Sorgi,26
2019,617,Yan Bondarevskiy,19
2019,618,Ryota Tanuma,24
2019,619,Tiago Cacao,21
2019,620,Kevin Krawietz,27
2019,621,Thomas Laurent,22
2019,622,Jurabek Karimov,21
2019,623,Jiri Lehecka,18
2019,624,Kyrian Jacquet,18
2019,625,Wishaya Trongcharoenchaikul,24
2019,626,Alexander Weis,22
2019,627,Dusty H. Boyer,26
2019,628,Marat Deviatiarov,25
2019,629,Naoki Tajima,19
2019,630,Mats Rosenkranz,21
2019,631,Lucas Poullain,24
2019,632,Nicolas Moreno De Alboran,22
2019,633,Maximilian Neuchrist,28
2019,634,Adrian Obert,24
2019,635,Filip Bergevi,25
2019,636,Michal Dembek,22
2019,637,Denis Klok,21
2019,638,Clement Tabur,19
2019,639,Davide Galoppini,25
2019,640,Maxime Tchoutakian,25
2019,641,Vincent Millot,33
2019,642,John McNally,21
2019,643,Bradley Mousley,23
2019,644,Nicolae Frunza,22
2019,645,Henry Craig,25
2019,646,Luca Giacomini,22
2019,647,Karl Friberg,20
2019,648,Dennis Uspensky,23
2019,649,Patrik Rikl,20
2019,650,Alexander Brown,20
2019,651,Lamine Ouahab,35
2019,652,Jared Hiltzik,25
2019,653,Inigo Cervantes,30
2019,654,Gregoire Jacq,27
2019,655,Nam Hoang Ly,22
2019,656,Jaroslav Pospisil,38
2019,657,Kuan-Yi Lee,23
2019,658,Adrian Andreev,18
2019,659,Alexander Shevchenko,19
2019,660,Jean Thirouin,22
2019,661,Oleksii Krutykh,19
2019,662,Alexander Igoshin,27
2019,663,Alessandro Petrone,29
2019,664,Christian Harrison,25
2019,665,Artem Smirnov,31
2019,666,Youssef Hossam,21
2019,667,Gustav Hansson,24
2019,668,Nathan Ponwith,21
2019,669,Ruan Roelofse,30
2019,670,Robin Stanek,24
2019,671,Manish Sureshkumar,20
2019,672,Ronan Joncour,22
2019,673,Giorgio Ricca,24
2019,674,Robert Strombachs,20
2019,675,Nuno Borges,22
2019,676,Gerard Granollers,30
2019,677,Daniele Capecchi,24
2019,678,Runhao Hua,23
2019,679,Aleksandre Metreveli,26
2019,680,David Perez Sanz,25
2019,681,Jose Olivares,22
2019,682,Jakub Paul,20
2019,683,Jonathan Gray,22
2019,684,Dimitriy Voronin,20
2019,685,Kirill Kivattsev,22
2019,686,Michal Konecny,30
2019,687,Kento Takeuchi,32
2019,688,Andrey Chepelev,21
2019,689,Rubin Statham,32
2019,690,Harold Mayot,17
2019,691,Jonathan Eysseric,29
2019,692,Eric Vanshelboim,18
2019,693,Ante Pavic,30
2019,694,Kenny De Schepper,32
2019,695,Vasil Kirkov,20
2019,696,Mark Whitehouse,26
2019,697,Bogdan Ionut Apostol,23
2019,698,Xin Gao,25
2019,699,Oleg Prihodko,22
2019,700,Benjamin Dhoe,23
2019,701,Austin Rapp,23
2019,702,Ignacio Monzon,21
2019,703,Ivan Davydov,23
2019,704,Paul Woerner,23
2019,705,Simone Roncalli,23
2019,706,Franko Skugor,32
2019,707,Ezekiel Clark,21
2019,708,Stephane Robert,39
2019,709,Nicolas Alvarez Varona,18
2019,710,Kelsey Stevenson,29
2019,711,Mateus Alves,18
2019,712,Harrison Adams,25
2019,713,Jaimee Floyd Angele,19
2019,714,Carlos Sanchez Jover,19
2019,715,Simon Freund,23
2019,716,Kristian Lozan,21
2019,717,Dominik Boehler,23
2019,718,Shalva Dzhanashiya,27
2019,719,Alec Adamson,25
2019,720,Jared Donaldson,23
2019,721,Joao Souza,31
2019,722,Sergio Gutierrez-Ferrol,30
2019,723,Kristjan Tamm,21
2019,724,Sergey Fomin,18
2019,725,Cayetano March,19
2019,726,Benjamin Winter Lopez,21
2019,727,Maksim Tikhomirov,29
2019,728,Beibit Zhukayev,19
2019,729,Oliver Crawford,20
2019,730,Gauthier Onclin,18
2019,731,Naoki Nakagawa,23
2019,732,Guy Orly Iradukunda,23
2019,733,Marco Miceli,21
2019,734,Lenny Hampel,23
2019,735,Alexander Crnokrak,19
2019,736,Fabien Reboul,24
2019,737,Carlos Lopez Montagud,19
2019,738,Lorenzo Bocchi,22
2019,739,Albert Alcaraz Ivorra,24
2019,740,Thiago Agustin Tirante,18
2019,741,Andrey Golubev,32
2019,742,Rinky Hijikata,18
2019,743,Taisei Ichikawa,19
2019,744,Maxim Ratniuk,23
2019,745,Alexis Musialek,31
2019,746,Francesco Vilardo,30
2019,747,Markos Kalovelonis,25
2019,748,Leny Mitjana,25
2019,749,Laurent Rochette,31
2019,750,Hady Habib,21
2019,751,Stefan Seifert,34
2019,752,Mateo Nicolas Martinez,25
2019,753,Gianluca Di Nicola,24
2019,754,Paul Oosterbaan,24
2019,755,Bart Stevens,21
2019,756,Connor Farren,25
2019,757,Conner Huertas del Pino,24
2019,758,Keegan Smith,21
2019,759,Toshihide Matsui,41
2019,760,Clement Geens,23
2019,761,Juan Bautista Otegui,20
2019,762,Andrea Guerrieri,21
2019,763,Hiroyasu Ehara,28
2019,764,Lorenzo Frigerio,30
2019,765,Kazuki Nishiwaki,25
2019,766,Francisco Comesana,19
2019,767,Luke Johnson,25
2019,768,Michel Vernier,27
2019,769,Riccardo Maiga,30
2019,770,Nicolo Turchetti,23
2019,771,Matteo Donati,24
2019,772,Tigre Hank,28
2019,773,Alexander Vasilenko,24
2019,774,Victor Estrella Burgos,39
2019,775,Dejan Katic,31
2019,776,Quentin Folliot,20
2019,777,Peter Bertran,23
2019,778,Jonas Trinker,24
2019,779,Damien Wenger,19
2019,780,Takashi Saito,24
2019,781,Vladimir Ivanov,32
2019,782,Brandon Walkin,25
2019,783,Guido Ivan Justo,22
2019,784,Michiel De Krom,21
2019,785,Ondrej Krstev,22
2019,786,Peter Bothwell,24
2019,787,Maxime Pauwels,21
2019,788,Alejandro Mendoza,29
2019,789,Nicolas Barrientos,32
2019,790,Tom Kocevar-Desman,29
2019,791,Julius Tverijonas,25
2019,792,Ljubomir Celebic,28
2019,793,Joshua Ortlip,22
2019,794,Raphael Baltensperger,22
2019,795,Franco Emanuel Egea,23
2019,796,Ye Cong Mo,19
2019,797,Boris Pokotilov,22
2019,798,Chukang Wang,20
2019,799,Federico Iannaccone,20
2019,800,Dragos Dima,27
2019,801,Luis Faria,20
2019,802,Tomas Jirousek,19
2019,803,Finn Tearney,29
2019,804,Andrew Paulson,18
2019,805,Sem Verbeek,25
2019,806,Shinji Hazawa,20
2019,807,Stuart Parker,22
2019,808,Matej Sabanov,27
2019,809,Sandro Kopp,19
2019,810,Mwendwa Mbithi,21
2019,811,Alessandro Ingarao,20
2019,812,Andrew Watson,23
2019,813,Gabriele Maria Noce,24
2019,814,Alafia Ayeni,20
2019,815,Simon Yitbarek,19
2019,816,Adelchi Virgili,29
2019,817,Sebastian Prechtel,23
2019,818,Alexandr Cozbinov,24
2019,819,Chien-hsun Lo,21
2019,820,Carl Soderlund,22
2019,821,Valentin Royer,18
2019,822,Martin Beran,24
2019,823,Gergely Madarasz,25
2019,824,Calum Puttergill,26
2019,825,Dragos Nicolae Madaras,22
2019,826,Mehluli Don Ayanda Sibanda,20
2019,827,Dan Alexandru Tomescu,20
2019,828,Guy Den Heijer,22
2019,829,Tadeas Paroulek,20
2019,830,Louis Tessa,21
2019,831,Anas Fattar,32
2019,832,Tsung-Hao Huang,20
2019,833,Albano Olivetti,28
2019,834,Toby Martin,26
2019,835,Aryan Goveas,21
2019,836,Grigoriy Lomakin,21
2019,837,Haru Inoue,23
2019,838,Manuel Sanchez,28
2019,839,Sanhui Shin,22
2019,840,Gonzalo Lama,26
2019,841,Shintaro Mochizuki,16
2019,842,Justin Roberts,23
2019,843,Jan Zielinski,23
2019,844,Jung-Woong Na,27
2019,845,Vlad Andrei Dancu,20
2019,846,Calin Manda,21
2019,847,Duje Kekez,26
2019,848,David Jorda Sanchis,25
2019,849,Blake Ellis,20
2019,850,Soichiro Moritani,25
2019,851,Justin Butsch,24
2019,852,Stefano Battaglino,21
2019,853,Daniel Cukierman,24
2019,854,Yibing Wu,20
2019,855,Gengo Kikuchi,28
2019,856,Gabriel Alejandro Hidalgo,29
2019,857,Jack Findel-Hawkins,25
2019,858,David Volfson,22
2019,859,Ray Ho,19
2019,860,George Tsivadze,26
2019,861,Sora Fukuda,22
2019,862,Dominik Palan,19
2019,863,Alexander Lebedev,22
2019,864,Alex Hernandez,20
2019,865,Tristan Schoolkate,18
2019,866,Patrick Kypson,20
2019,866,Matias Soto,20
2019,868,Aleksandre Bakshi,22
2019,869,Victor Cornea,26
2019,870,Cannon Kingsley,18
2019,871,Liam Draxl,18
2019,872,Petr Michnev,30
2019,873,Zachary Eisinga,19
2019,874,Matvey Khomentovskiy,25
2019,875,Federico Arnaboldi,19
2019,876,Yan Sabanin,29
2019,877,Dostanbek Tashbulatov,19
2019,878,Pierre Delage,18
2019,879,Ching-Mou Yu,24
2019,880,Valentin Guenther,21
2019,881,Niklas Guttau,19
2019,882,Hong Kit Wong,21
2019,883,Luca Prevosto,21
2019,884,Julian Bradley,27
2019,885,Ignacio Carou,20
2019,886,Daniel Rodrigues,19
2019,887,Pawel Juszczak,25
2019,888,Samuele Ramazzotti,20
2019,889,Ryan James Storrie,21
2019,890,Christian Samuelsson,23
2019,891,Sumit Sarkar,20
2019,892,Alibek Kachmazov,17
2019,893,Isaiah Strode,22
2019,894,Maciej Rajski,28
2019,895,Ivan Liutarevich,23
2019,896,Alan Kohen,26
2019,897,Jacob Dunbar,24
2019,898,Mariano Navone,18
2019,899,Marco Brugnerotto,23
2019,900,Yuanfeng Li,26
2019,901,Luca Gelhardt,25
2019,902,Saida'Lo Saidkarimov,22
2019,903,Vladimir Korolev,24
2019,904,Koray Kirci,21
2019,905,Yanais Laurent,27
2019,906,Anis Ghorbel,30
2019,907,Flavio Cobolli,17
2019,908,Martin Damm,16
2019,909,Billy Harris,24
2019,910,Matheus Pucinelli De Almeida,18
2019,911,Pascal Meis,26
2019,912,Mick Lescure,26
2019,913,Uisung Park,19
2019,914,Zachary Svajda,17
2019,915,Hugo Schott,23
2019,916,Giacomo Dambrosi,18
2019,917,Kenneth Raisma,21
2019,918,Sarp Agabigun,22
2019,919,Simon Beaupain,20
2019,920,Juan Pablo Paz,24
2019,921,Rishab Agarwal,24
2019,922,Franco Feitt,27
2019,923,Matvey Minin,18
2019,924,Ugo Blanchet,20
2019,925,Florian Lakat,24
2019,926,Max Houkes,19
2019,927,Alex Blumenberg,27
2019,928,Sidane Pontjodikromo,19
2019,929,Rhett Purcell,23
2019,930,Simon Anthony Ivanov,19
2019,931,Sergi Perez Contri,21
2019,932,Mikhail Fufygin,29
2019,933,Aziz Ouakaa,20
2019,934,Maxime Mora,22
2019,935,Luis Patino,26
2019,936,Nathan Seateun,22
2019,937,Edris Fetisleam,20
2019,938,Aziz Kijametovic,23
2019,939,Igor Marcondes,22
2019,940,Andrea Bolla,21
2019,941,Gianni Mina,27
2019,942,Justin Boulais,18
2019,943,Alfredo Perez,22
2019,944,Emilio Nava,18
2019,945,Chuhan Wang,27
2019,946,Vadym Ursu,22
2019,947,S D Prajwal Dev,23
2019,948,Luka Pavlovic,19
2019,949,Shao-Fan Liu,22
2019,950,Jordi Samper-Montana,29
2019,951,Rimpei Kawakami,19
2019,952,Moez Echargui,26
2019,953,Christoph Negritu,25
2019,954,William Bushamuka,23
2019,955,Luca Tomasetto,23
2019,956,Jakob Aichhorn,21
2019,957,Dhruv Sunish,20
2019,958,Bart Van Den Berg,26
2019,959,Kalman L. Boyd,22
2019,960,Albert Roglan,21
2019,961,Yanki Erel,19
2019,962,Cameron Green,23
2019,963,Adrian Bodmer,24
2019,964,Majed Kilani,22
2019,965,Alexis Canter,21
2019,966,Sagadat Ayap,24
2019,967,Issei Okamura,27
2019,968,Javier Marti,27
2019,969,Riccardo Bellotti,28
2019,970,Justin Eleveld,27
2019,971,Ko Suzuki,28
2019,972,Yuta Kawahashi,21
2019,973,Karue Sell,26
2019,974,Wojciech Marek,18
2019,975,Kyle Seelig,22
2019,976,Logan Smith,23
2019,977,Cengiz Aksu,21
2019,978,Taha Baadi,18
2019,979,Pierre Faivre,23
2019,980,Dalibor Svrcina,17
2019,981,Michael Shabaz,32
2019,982,Hamidreza Nadaf,27
2019,983,Florent Diep,28
2019,984,MinKyu Song,29
2019,985,Matthew  Mendez,24
2019,985,Alejo Vilaro,24
2019,987,Marius Ruzgas,23
2019,988,Giovani Samaha,25
2019,989,Gabriel Donev,23
2019,990,Dragos Constantin Ignat,26
2019,991,Matyas Fuele,21
2019,992,Lucas Gomez,24
2019,993,Luigi Sorrentino,21
2019,994,Tyler Mercier,28
2019,995,Kazuma Kawachi,25
2019,996,Vijay S P Natarajan,33
2019,997,Aaron Schmid,19
2019,998,Mikalai Haliak,21
2019,999,Timur Kiyamov,23
2019,1000,Zihao Xia,22
2018,1,Novak Djokovic,31
2018,2,Rafael Nadal,32
2018,3,Roger Federer,37
2018,4,Alexander Zverev,21
2018,5,Juan Martin del Potro,30
2018,6,Kevin Anderson,32
2018,7,Marin Cilic,30
2018,8,Dominic Thiem,25
2018,9,Kei Nishikori,29
2018,10,John Isner,33
2018,11,Karen Khachanov,22
2018,12,Borna Coric,22
2018,13,Fabio Fognini,31
2018,14,Kyle Edmund,23
2018,15,Stefanos Tsitsipas,20
2018,16,Daniil Medvedev,22
2018,17,Diego Schwartzman,26
2018,18,Milos Raonic,28
2018,19,Grigor Dimitrov,27
2018,20,Marco Cecchinato,26
2018,21,Nikoloz Basilashvili,26
2018,22,David Goffin,28
2018,23,Pablo Carreno Busta,27
2018,24,Roberto Bautista Agut,30
2018,25,Hyeon Chung,22
2018,26,Richard Gasquet,32
2018,27,Denis Shapovalov,19
2018,28,Fernando Verdasco,35
2018,29,Gael Monfils,32
2018,30,Gilles Simon,34
2018,31,Alex de Minaur,19
2018,32,Lucas Pouille,24
2018,33,Steve Johnson,29
2018,34,Philipp Kohlschreiber,35
2018,35,Nick Kyrgios,23
2018,36,Marton Fucsovics,26
2018,37,Andreas Seppi,34
2018,38,John Millman,29
2018,39,Frances Tiafoe,20
2018,40,Jeremy Chardy,31
2018,41,Martin Klizan,29
2018,42,Adrian Mannarino,30
2018,43,Nicolas Jarry,23
2018,44,Joao Sousa,29
2018,45,Malek Jaziri,34
2018,46,Matthew Ebden,31
2018,47,Damir Dzumhur,26
2018,48,Dusan Lajovic,28
2018,49,Taylor Fritz,21
2018,50,Robin Haase,31
2018,51,Sam Querrey,31
2018,52,Benoit Paire,29
2018,53,Mikhail Kukushkin,31
2018,54,Matteo Berrettini,22
2018,55,Pierre-Hugues Herbert,27
2018,56,Leonardo Mayer,31
2018,57,Jan-Lennard Struff,28
2018,58,Guido Pella,28
2018,59,Peter Gojowczyk,29
2018,60,Marius Copil,28
2018,61,Tennys Sandgren,27
2018,62,Ryan Harrison,26
2018,63,Denis Kudla,26
2018,64,Feliciano Lopez,37
2018,65,Albert Ramos-Vinolas,30
2018,66,Stan Wawrinka,33
2018,67,Aljaz Bedene,29
2018,68,Andrey Rublev,21
2018,69,Mischa Zverev,31
2018,70,Vasek Pospisil,28
2018,71,Tomas Berdych,33
2018,72,Jordan Thompson,24
2018,73,Roberto Carballes Baena,25
2018,74,Maximilian Marterer,23
2018,75,Yoshihito Nishioka,23
2018,76,Bradley Klahn,28
2018,77,Taro Daniel,25
2018,78,Mackenzie McDonald,23
2018,79,Guido Andreozzi,27
2018,80,Federico Delbonis,28
2018,81,Jaume Munar,21
2018,82,Pablo Andujar,32
2018,83,Bernard Tomic,26
2018,84,Cristian Garin,22
2018,85,Jozef Kovalik,26
2018,86,Hubert Hurkacz,21
2018,87,Mirza Basic,27
2018,88,Pablo Cuevas,32
2018,89,Jiri Vesely,25
2018,90,Cameron Norrie,23
2018,91,Ilya Ivashka,24
2018,92,Denis Istomin,32
2018,93,Laslo Djere,23
2018,94,Filip Krajinovic,26
2018,95,Ernests Gulbis,30
2018,96,Marcel Granollers,32
2018,97,Evgeny Donskoy,28
2018,98,Radu Albot,29
2018,99,Reilly Opelka,21
2018,100,Ivo Karlovic,39
2018,101,Thomas Fabbiano,29
2018,102,Ugo Humbert,20
2018,103,Michael Mmoh,20
2018,104,Pedro Sousa,30
2018,105,Guillermo Garcia-Lopez,35
2018,106,Jack Sock,26
2018,107,Lorenzo Sonego,23
2018,108,Felix Auger-Aliassime,18
2018,109,Paolo Lorenzi,37
2018,110,Prajnesh Gunneswaran,29
2018,111,Jared Donaldson,22
2018,112,Casper Ruud,20
2018,113,Jason Kubler,25
2018,114,Lukas Lacko,31
2018,115,Elias Ymer,22
2018,116,Ricardas Berankis,28
2018,117,Ruben Bemelmans,30
2018,118,Juan Ignacio Londero,25
2018,119,Peter Polansky,30
2018,120,Thiago Monteiro,24
2018,121,Jason Jung,29
2018,122,Hugo Dellien,25
2018,123,Marco Trungelliti,28
2018,124,Marcos Baghdatis,33
2018,125,David Ferrer,36
2018,126,Yannick Maden,29
2018,127,Lloyd Harris,21
2018,128,Quentin Halys,22
2018,129,Adrian Menendez-Maceiras,33
2018,130,Matthias Bachinger,31
2018,131,Miomir Kecmanovic,19
2018,132,Ramkumar Ramanathan,24
2018,133,Stefano Travaglia,27
2018,134,Sergiy Stakhovsky,32
2018,135,Noah Rubin,22
2018,136,Bjorn Fratangelo,25
2018,137,Yuki Bhambri,26
2018,138,Gilles Muller,35
2018,139,Carlos Berlocq,35
2018,140,Dennis Novak,25
2018,141,Simone Bolelli,33
2018,142,Lukas Rosol,33
2018,143,Jurgen Zopp,30
2018,144,Corentin Moutet,19
2018,145,Yuichi Sugita,30
2018,146,Thanasi Kokkinakis,22
2018,147,Alexei Popyrin,19
2018,148,Tatsuma Ito,30
2018,149,Antoine Hoang,23
2018,150,Mats Moraing,26
2018,151,Constant Lestienne,26
2018,152,Yannick Hanfmann,27
2018,153,Facundo Bagnis,28
2018,154,Alex Bolt,25
2018,155,Gianluigi Quinzi,22
2018,156,Pedro Martinez,21
2018,157,Egor Gerasimov,26
2018,158,Salvatore Caruso,26
2018,159,Rogerio Dutra Silva,34
2018,160,Alessandro Giannessi,28
2018,161,Dominik Koepfer,24
2018,162,Alexander Bublik,21
2018,163,Gregoire Barrere,24
2018,164,Tim Smyczek,31
2018,165,Filippo Baldi,22
2018,166,Marc Polmans,21
2018,167,Oscar Otte,25
2018,168,Luca Vanni,33
2018,169,Henri Laaksonen,26
2018,170,Christopher Eubanks,22
2018,171,Pedja Krstin,24
2018,172,Brayden Schnur,23
2018,173,Horacio Zeballos,33
2018,174,Nikola Milojevic,23
2018,175,Alexey Vatutin,26
2018,176,Andrea Arnaboldi,31
2018,177,Kamil Majchrzak,22
2018,178,Nicolas Kicker,26
2018,179,Sebastian Ofner,22
2018,180,Aleksandr Nedovyesov,31
2018,181,Roberto Quiroz,26
2018,182,Daniel Brands,31
2018,183,Andrej Martin,29
2018,184,Mohamed Safwat,28
2018,185,Yasutaka Uchiyama,26
2018,186,James Ward,31
2018,187,Ernesto Escobedo,22
2018,188,Blaz Rola,28
2018,189,Daniel Gimeno-Traver,33
2018,190,Nicolas Mahut,36
2018,191,Hiroki Moriya,28
2018,192,Daniel Evans,28
2018,193,John-Patrick Smith,29
2018,194,Yosuke Watanuki,20
2018,195,Stephane Robert,38
2018,196,Maxime Janvier,22
2018,197,Kenny De Schepper,31
2018,198,Darian King,26
2018,199,Stefano Napolitano,23
2018,200,Adam Pavlasek,24
2018,201,Tommy Robredo,36
2018,202,Tommy Paul,21
2018,203,Matteo Donati,23
2018,204,Arthur De Greef,26
2018,205,Viktor Troicki,32
2018,206,Blaz Kavcic,31
2018,207,Rudolf Molleker,18
2018,208,Ze Zhang,28
2018,209,Zdenek Kolar,22
2018,210,Federico Gaio,26
2018,211,Sergio Gutierrez-Ferrol,29
2018,212,Kimmer Coppejans,24
2018,213,Tobias Kamke,32
2018,214,Go Soeda,34
2018,215,Filip Horansky,25
2018,216,Calvin Hemery,23
2018,217,Jurij Rodionov,19
2018,218,Duckhee Lee,20
2018,219,Enrique Lopez Perez,27
2018,220,Marcelo Arevalo,28
2018,221,Daniel Elahi Galan,22
2018,222,Lorenzo Giustino,27
2018,223,Viktor Galovic,28
2018,224,Joao Domingues,25
2018,225,Thomaz Bellucci,31
2018,226,Gian Marco Moroni,20
2018,227,Facundo Arguello,26
2018,228,Mitchell Krueger,24
2018,229,Kevin Krawietz,26
2018,230,Dustin Brown,34
2018,231,Tallon Griekspoor,22
2018,232,Guilherme Clezar,25
2018,233,Jay Clarke,20
2018,234,James Duckworth,26
2018,235,Soonwoo Kwon,21
2018,236,Dudi Sela,33
2018,237,Alejandro Davidovich Fokina,19
2018,238,Gleb Sakharov,30
2018,239,Jo-Wilfried Tsonga,33
2018,240,Andy Murray,31
2018,241,Christian Harrison,24
2018,242,Thiemo de Bakker,30
2018,243,Filip Peliwo,24
2018,244,Gerald Melzer,28
2018,245,Nicola Kuhn,18
2018,246,Evgeny Karlovskiy,24
2018,247,Norbert Gombos,28
2018,248,Donald Young,29
2018,249,Cem Ilkel,23
2018,250,Uladzimir Ignatik,28
2018,251,Roberto Cid Subervi,25
2018,252,Attila Balazs,30
2018,253,Santiago Giraldo,31
2018,254,JC Aragone,23
2018,255,Mikael Ymer,20
2018,256,Florian Mayer,35
2018,257,Dennis Novikov,25
2018,258,Daniel Masur,24
2018,259,Saketh Myneni,31
2018,260,Alexandr Dolgopolov,30
2018,261,Benjamin Bonzi,22
2018,262,Kevin King,27
2018,263,Gastao Elias,28
2018,264,Nino Serdarusic,22
2018,265,Mathias Bourgue,24
2018,266,Bernabe Zapata Miralles,21
2018,267,Jose Hernandez-Fernandez,28
2018,268,Pedro Cachin,23
2018,269,Johan Tatlot,22
2018,270,Gianluca Mager,24
2018,271,Mario Vilella Martinez,23
2018,272,Ricardo Ojeda Lara,25
2018,273,Liam Broady,24
2018,274,Yun seong Chung,20
2018,275,Elliot Benchetrit,20
2018,276,Danilo Petrovic,26
2018,277,Zhe Li,32
2018,278,Victor Estrella Burgos,38
2018,279,Federico Coria,26
2018,280,Max Purcell,20
2018,281,Gonzalo Oliveira,23
2018,282,Kaichi Uchida,24
2018,283,Carlos Taberner,21
2018,284,Enzo Couacaud,23
2018,285,Lucas Miedler,22
2018,286,Evan King,26
2018,287,Laurynas Grigelis,27
2018,288,Jurgen Melzer,37
2018,289,Akira Santillan,21
2018,290,Roberto Marcora,29
2018,291,Matteo Viola,31
2018,292,Jan Choinski,22
2018,293,Vaclav Safranek,24
2018,294,Scott Griekspoor,27
2018,295,Mukund Sasikumar,21
2018,296,Thai-Son Kwiatkowski,23
2018,297,Maverick Banes,26
2018,298,Tsung-Hua Yang,27
2018,299,Ante Pavic,29
2018,300,Andrea Collarini,26
2018,301,Alexander Sarkissian,28
2018,302,Tomislav Brkic,28
2018,303,Joris De Loore,25
2018,304,Aldin Setkic,31
2018,305,Martin Cuevas,26
2018,306,Yibing Wu,19
2018,307,Di Wu,27
2018,308,Marcos Giron,25
2018,309,Tristan Lamasine,25
2018,310,Collin Altamirano,23
2018,311,Mate Valkusz,20
2018,312,Alejandro Gonzalez,29
2018,313,Ulises Blanch,20
2018,314,Jelle Sels,23
2018,315,Carlos Gomez-Herrera,28
2018,316,Stefan Kozlov,20
2018,317,Tim Puetz,31
2018,318,Frank Dancevic,34
2018,319,Roberto Ortega-Olmedo,27
2018,320,Evan Song,26
2018,321,Vincent Millot,32
2018,322,Dragos Dima,26
2018,323,Sebastian Fanselow,27
2018,324,Frederico Ferreira Silva,23
2018,325,Maximilian Neuchrist,27
2018,326,Yusuke Takahashi,21
2018,327,Bradley Mousley,22
2018,328,Roy Smith,20
2018,329,Dimitar Kuzmanov,25
2018,330,Mikael Torpegaard,24
2018,331,Renzo Olivo,26
2018,332,Roman Safiullin,21
2018,333,Tak Khunn Wang,27
2018,334,Andrea Pellegrino,21
2018,335,Borna Gojo,20
2018,336,David Guez,36
2018,337,Renta Tokuda,20
2018,338,Zsombor Piros,19
2018,339,Miljan Zekic,30
2018,340,Sumit Nagal,21
2018,341,Hugo Grenier,22
2018,342,Alexandre Muller,21
2018,343,Andrew Harris,24
2018,344,Pavel Kotov,20
2018,345,Tomas Barrios Vera,21
2018,346,Dayne Kelly,28
2018,347,Alex Molcan,21
2018,348,Aleksandar Vukic,22
2018,349,Sergey Betov,31
2018,350,Juan Pablo Varillas,23
2018,351,Dmitry Popko,22
2018,352,Blake Ellis,19
2018,353,Carlos Boluda-Purkiss,25
2018,354,Zihao Xia,21
2018,355,Antoine Escoffier,26
2018,356,Jared Hiltzik,24
2018,357,Franko Skugor,31
2018,358,Makoto Ochi,22
2018,359,Denis Yevseyev,25
2018,360,Zhizhen Zhang,22
2018,361,Ryan Shane,24
2018,362,Luke Saville,24
2018,363,Gonzalo Escobar,29
2018,364,J.J. Wolf,20
2018,365,Tung-Lin Wu,20
2018,366,JiSung Nam,25
2018,367,Andrea Basso,25
2018,368,Teymuraz Gabashvili,33
2018,369,Emilio Gomez,27
2018,370,Daniel Altmaier,20
2018,371,Marc-Andrea Huesler,22
2018,372,Jan Satral,28
2018,373,Rubin Statham,31
2018,374,Andrew Whittington,25
2018,375,Benjamin Hassan,23
2018,376,Harri Heliovaara,29
2018,377,Pedro Sakamoto,25
2018,378,Petros Chrysochos,22
2018,379,Jeremy Jahn,28
2018,380,Liam Caruana,20
2018,381,Daniel Munoz de la Nava,36
2018,382,Alessandro Bega,27
2018,383,Oriol Roca Batalla,25
2018,384,Viktor Durasovic,21
2018,385,Emil Ruusuvuori,19
2018,386,Khumoyun Sultanov,20
2018,387,Johannes Haerteis,22
2018,388,Guillermo Olaso,30
2018,389,Yan Bai,29
2018,390,Alexis Galarneau,19
2018,391,Andreas Haider-Maurer,31
2018,392,Arjun Kadhe,24
2018,393,Illya Marchenko,31
2018,394,Tom Jomby,27
2018,395,Julian Lenz,25
2018,396,Shuichi Sekiguchi,27
2018,397,Ivan Gakhov,22
2018,398,Joao Menezes,22
2018,399,Sekou Bangoura,27
2018,400,Joao Souza,30
2018,401,N.Sriram Balaji,28
2018,402,Joao Monteiro,25
2018,403,Chien-hsun Lo,20
2018,404,Alexander Ward,28
2018,405,Michael Redlicki,25
2018,406,Youssef Hossam,20
2018,407,Brydan Klein,28
2018,408,Rigele Te,21
2018,409,Ivan Nedelko,32
2018,410,Marinko Matosevic,33
2018,411,Jacob Grills,23
2018,412,Tim van Rijthoven,21
2018,413,Jordi Samper-Montana,28
2018,414,Gerard Granollers,29
2018,415,Alen Avidzba,18
2018,416,Steven Diez,27
2018,417,Andres Artunedo Martinavarro,25
2018,418,Zizou Bergs,19
2018,419,Wishaya Trongcharoenchaikul,23
2018,420,Geoffrey Blancaneaux,20
2018,421,Sadio Doumbia,28
2018,422,Cristian Rodriguez,28
2018,423,Arthur Rinderknech,23
2018,424,Igor Sijsling,31
2018,425,Markus Eriksson,29
2018,426,Corentin Denolly,21
2018,427,Tobias Simon,27
2018,428,Lloyd Glasspool,25
2018,429,Javier Barranco Cosano,20
2018,430,Marvin Netuschil,27
2018,431,Albano Olivetti,27
2018,432,Sidharth Rawat,25
2018,433,Frederik Nielsen,35
2018,434,Nam Hoang Ly,21
2018,435,Takanyi Garanganga,28
2018,436,Enrico Dalla Valle,20
2018,437,Karue Sell,25
2018,438,Karim-Mohamed Maamoun,27
2018,439,Maximo Gonzalez,35
2018,440,William Blumberg,20
2018,441,Lamine Ouahab,34
2018,442,Tom Fawcett,23
2018,443,Fabrizio Ornago,26
2018,444,Austin Krajicek,28
2018,445,Martin Redlicki,23
2018,446,Harrison Adams,24
2018,447,Hernan Casanova,24
2018,448,Miliaan Niesten,30
2018,449,Thiago Seyboth Wild,18
2018,450,Edan Leshem,21
2018,451,Bastian Malla,22
2018,452,Patrick Kypson,19
2018,453,Gregoire Jacq,26
2018,454,Flavio Cipolla,35
2018,455,Andrea Vavassori,23
2018,456,Ji Hoon Son,24
2018,457,Manuel Guinard,23
2018,458,Benjamin Mitchell,26
2018,459,Alafia Ayeni,19
2018,460,Patricio Heras,29
2018,461,Antoine Cornut-Chauvinc,18
2018,462,Yannick Jankovits,31
2018,463,Harry Bourchier,22
2018,464,Louis Wessels,20
2018,465,Edoardo Eremin,25
2018,466,Evan Furness,20
2018,467,Christopher Heyman,25
2018,468,Ronnie Schneider,24
2018,469,Michael Vrbensky,19
2018,470,Omar Jasika,21
2018,471,Altug Celikbilek,22
2018,472,Juan Ignacio Galarza,24
2018,473,Orlando Luz,20
2018,474,Alejandro Gomez,27
2018,474,Konstantin Kravchuk,33
2018,476,Fabien Reboul,23
2018,477,Manuel Pena Lopez,20
2018,478,Riccardo Bellotti,27
2018,479,Manuel Sanchez,27
2018,480,Lucas Catarina,22
2018,481,Robin Kern,25
2018,482,Camilo Ugo Carabelli,19
2018,483,Alexandar Lazov,28
2018,483,Felipe Mantilla,25
2018,485,Aslan Karatsev,25
2018,486,Chun-Hsin Tseng,17
2018,487,Yuta Shimizu,19
2018,488,Francesco Forti,19
2018,489,Raul Brancaccio,21
2018,490,Alex Rybakov,21
2018,491,Peter Torebko,30
2018,492,Evan Hoyt,23
2018,493,Jacopo Berrettini,20
2018,494,Thomas Fancutt,23
2018,495,Pavel Krainik,26
2018,496,Gijs Brouwer,22
2018,497,Riccardo Balzerani,20
2018,498,Pietro Rondoni,25
2018,499,Marc Sieber,30
2018,500,Ruan Roelofse,29
2018,501,Jules Okala,21
2018,502,Ti Chen,35
2018,503,Riccardo Bonadio,25
2018,504,Matteo Martineau,19
2018,505,Hiroyasu Ehara,27
2018,505,Giovanni Fonio,20
2018,507,Cedrik-Marcel Stebe,28
2018,508,Nathan Pasha,26
2018,509,Kirill Kivattsev,21
2018,510,Hugo Nys,27
2018,511,Lucas Gerch,24
2018,511,Ben Patael,21
2018,511,Abhinav Sanjeev Shanmugam,20
2018,514,Luca Giacomini,21
2018,515,Inigo Cervantes,29
2018,516,Gerardo Lopez Villasenor,23
2018,517,Jeremy Beale,24
2018,517,Lucas Gomez,23
2018,519,Germain Gigounon,29
2018,520,Lukas Klein,20
2018,521,Pol Toledo Bague,24
2018,522,Yannick Mertens,31
2018,523,Juan Pablo Ficovich,21
2018,524,Sebastian Korda,18
2018,525,Remi Boutillier,28
2018,526,Yecong He,24
2018,527,Andrej Glvac,21
2018,527,Brandon Nakashima,17
2018,529,Daniel Michalski,18
2018,529,Artem Smirnov,30
2018,531,Farrukh Dustov,32
2018,532,Brandon Holt,20
2018,532,Seongchan Hong,21
2018,532,Pawel Juszczak,24
2018,532,Yen-Hsun Lu,35
2018,536,Pavel Nejedly,25
2018,537,Botic van de Zandschulp,23
2018,538,Evgenii Tiurnev,21
2018,539,Tigre Hank,27
2018,540,Nicolaas Scholtz,27
2018,541,Danny Thomas,19
2018,542,Daniel Nguyen,28
2018,543,Marsel Ilhan,31
2018,543,Michal Przysiezny,34
2018,545,Shinji Hazawa,19
2018,545,Pruchya Isaro,23
2018,545,Nicolas Meister,29
2018,548,Artem Dubrivnyy,19
2018,548,John McNally,20
2018,548,Christian Seraphim,23
2018,551,Jannik Sinner,17
2018,552,Gabor Borsos,27
2018,553,Patrik Rikl,19
2018,554,Benjamin Lock,25
2018,554,Felipe Meligeni Alves,20
2018,554,Benjamin Sigouin,19
2018,557,Xin Gao,24
2018,557,Samuel Monette,24
2018,559,Jakub Paul,19
2018,560,Fred Gil,33
2018,561,Jack Draper,17
2018,562,Agustin Velotti,26
2018,563,Ergi Kirkin,19
2018,564,Yuya Kibi,32
2018,564,Gianni Mina,26
2018,566,Marko Miladinovic,18
2018,567,Nicolas Alvarez,22
2018,567,Francesco Vilardo,29
2018,569,Luis Patino,25
2018,570,Fajing Sun,22
2018,571,Nicolae Frunza,21
2018,572,Marco Bortolotti,27
2018,573,Aziz Dougaz,21
2018,574,Facundo Diaz Acosta,18
2018,574,Marko Djokovic,27
2018,574,Sander Gille,27
2018,574,Luis David Martinez,29
2018,574,Vishnu Vardhan,31
2018,579,Colin Sinclair,24
2018,580,Sergey Fomin,17
2018,581,Manish Sureshkumar,19
2018,581,Pablo Vivero Gonzalez,23
2018,583,Daniel Dutra da Silva,30
2018,583,Or Ram-Harel,23
2018,583,Laurent Rochette,30
2018,586,Vladyslav Manafov,25
2018,587,Alberto Romero De Avila Senise,21
2018,588,Sandro Ehrat,27
2018,589,Patrik Niklas-Salminen,21
2018,590,Skander Mansouri,23
2018,591,Sanjar Fayziev,24
2018,592,Maxime Cressy,21
2018,592,Alvaro Lopez San Martin,21
2018,594,Nathaniel Lammons,25
2018,594,Keenan Mayo,18
2018,594,Joao Lucas Reis Da Silva,18
2018,597,Oliver Crawford,19
2018,597,Baptiste Crepatte,24
2018,597,Nik Razborsek,25
2018,597,Takashi Saito,23
2018,601,Alexander Erler,21
2018,601,Peter Heller,26
2018,601,Jonathan Kanar,24
2018,601,Yuki Mochizuki,21
2018,601,David Poljak,22
2018,606,Michael Geerts,23
2018,606,David Vega Hernandez,24
2018,608,Peter Bothwell,23
2018,608,Axel Geller,19
2018,608,Niki Kaliyanda Poonacha,23
2018,608,Martins Podzus,24
2018,612,Guy Orly Iradukunda,22
2018,612,Ricardo Rodriguez - Pace,25
2018,614,Lorenzo Frigerio,29
2018,614,Mikhail Fufygin,28
2018,614,Antonio Massara,23
2018,614,Gonzalo Villanueva,23
2018,618,Yu Hsiou Hsu,19
2018,618,Jumpei Yamasaki,21
2018,620,Nick Chappell,26
2018,620,Alexander Ritschard,24
2018,622,Bogdan Ionut Apostol,22
2018,622,Walter Trusendi,33
2018,624,Danylo Kalenichenko,24
2018,625,Trent Bryde,19
2018,625,Lenny Hampel,22
2018,625,Joao Pedro Sorgi,25
2018,628,Evan Zhu,20
2018,629,Marc Giner,27
2018,630,Eduard Esteve Lobato,24
2018,631,Bruno Santanna,25
2018,632,Gonzalo Lama,25
2018,633,Moez Echargui,25
2018,634,Tiago Cacao,20
2018,635,Peter Kobelt,28
2018,636,Stefano Baldoni,21
2018,636,Nuno Borges,21
2018,636,William Griffith,23
2018,636,Denys Molchanov,31
2018,636,Nikolas Sanchez Izquierdo,19
2018,641,Tomas Martin Etcheverry,19
2018,641,Genaro Alberto Olivieri,20
2018,641,Tadeas Paroulek,19
2018,641,MinKyu Song,28
2018,641,Ryan James Storrie,20
2018,641,Matej Vocel,21
2018,647,Rio Noguchi,20
2018,647,Yaraslav Shyla,25
2018,647,Jeroen Vanneste,24
2018,650,Adrian Bodmer,23
2018,650,Linus Frost,23
2018,650,Suraj R Prabodh,23
2018,653,Jordan Correia,21
2018,653,Sora Fukuda,21
2018,653,Stephan Gerritsen,22
2018,653,Hong Kit Wong,20
2018,657,Jaimee Floyd Angele,18
2018,657,Deiton Baughman,22
2018,657,Jie Cui,20
2018,657,Shintaro Imai,25
2018,661,Niels Desein,31
2018,661,Andrew Watson,22
2018,661,Michael Zhu,26
2018,664,Felix Corwin,22
2018,664,Jack Findel-Hawkins,24
2018,664,Michael Look,31
2018,664,Pascal Meis,25
2018,664,Johan Nikles,21
2018,664,Jose Pereira,27
2018,664,Jaume Pla Malfeito,23
2018,664,Sam Riffice,19
2018,672,Oscar Jose Gutierrez,25
2018,672,Strong Kirchheimer,23
2018,672,Paul Oosterbaan,23
2018,672,Alessandro Petrone,28
2018,676,Ryan Peniston,23
2018,677,Jordi Arconada,22
2018,677,Sebastien Boltz,25
2018,677,Omar Salman,22
2017,1,Rafael Nadal,31
2017,2,Roger Federer,36
2017,3,Grigor Dimitrov,26
2017,4,Alexander Zverev,20
2017,5,Dominic Thiem,24
2017,6,Marin Cilic,29
2017,7,David Goffin,27
2017,8,Jack Sock,25
2017,9,Stan Wawrinka,32
2017,10,Pablo Carreno Busta,26
2017,11,Juan Martin del Potro,29
2017,12,Novak Djokovic,30
2017,13,Sam Querrey,30
2017,14,Kevin Anderson,31
2017,15,Jo-Wilfried Tsonga,32
2017,16,Andy Murray,30
2017,17,John Isner,32
2017,18,Lucas Pouille,23
2017,19,Tomas Berdych,32
2017,20,Roberto Bautista Agut,29
2017,21,Nick Kyrgios,22
2017,22,Kei Nishikori,27
2017,23,Albert Ramos-Vinolas,29
2017,24,Milos Raonic,26
2017,25,Gilles Muller,34
2017,26,Diego Schwartzman,25
2017,27,Fabio Fognini,30
2017,28,Adrian Mannarino,29
2017,29,Philipp Kohlschreiber,34
2017,30,Damir Dzumhur,25
2017,31,Richard Gasquet,31
2017,32,Pablo Cuevas,31
2017,33,Mischa Zverev,30
2017,34,Filip Krajinovic,25
2017,35,Fernando Verdasco,34
2017,36,Feliciano Lopez,36
2017,37,David Ferrer,35
2017,38,Alexandr Dolgopolov,29
2017,39,Andrey Rublev,20
2017,40,Yuichi Sugita,29
2017,41,Benoit Paire,28
2017,42,Robin Haase,30
2017,43,Paolo Lorenzi,36
2017,44,Steve Johnson,28
2017,45,Karen Khachanov,21
2017,46,Gael Monfils,31
2017,47,Ryan Harrison,25
2017,48,Borna Coric,21
2017,49,Aljaz Bedene,28
2017,50,Kyle Edmund,22
2017,51,Denis Shapovalov,18
2017,52,Leonardo Mayer,30
2017,53,Jan-Lennard Struff,27
2017,54,Jared Donaldson,21
2017,55,Viktor Troicki,31
2017,56,Julien Benneteau,36
2017,57,Joao Sousa,28
2017,58,Hyeon Chung,21
2017,59,Nikoloz Basilashvili,25
2017,60,Peter Gojowczyk,28
2017,61,Donald Young,28
2017,62,Jiri Vesely,24
2017,63,Denis Istomin,31
2017,64,Guido Pella,27
2017,65,Daniil Medvedev,21
2017,66,Horacio Zeballos,32
2017,67,Dudi Sela,32
2017,68,Federico Delbonis,27
2017,69,Florian Mayer,34
2017,70,Guillermo Garcia-Lopez,34
2017,71,Yen-Hsun Lu,34
2017,72,Evgeny Donskoy,27
2017,73,Thomas Fabbiano,28
2017,74,Mikhail Kukushkin,29
2017,75,Dusan Lajovic,27
2017,76,Matthew Ebden,30
2017,77,Steve Darcis,33
2017,78,Jeremy Chardy,30
2017,79,Frances Tiafoe,19
2017,80,Ivo Karlovic,38
2017,81,Pierre-Hugues Herbert,26
2017,82,Cedrik-Marcel Stebe,27
2017,83,Victor Estrella Burgos,37
2017,84,Mikhail Youzhny,35
2017,85,Marton Fucsovics,25
2017,86,Andreas Seppi,33
2017,87,Radu Albot,28
2017,88,Laslo Djere,22
2017,89,Gilles Simon,32
2017,90,Maximilian Marterer,22
2017,91,Stefanos Tsitsipas,19
2017,92,Lukas Lacko,30
2017,93,Marius Copil,27
2017,94,Jordan Thompson,23
2017,95,Nicolas Kicker,25
2017,96,Tennys Sandgren,26
2017,97,Blaz Kavcic,30
2017,98,Malek Jaziri,33
2017,99,Taro Daniel,24
2017,100,Gerald Melzer,27
2017,101,Rogerio Dutra Silva,33
2017,102,Marcos Baghdatis,32
2017,103,Nicolas Mahut,35
2017,104,Taylor Fritz,20
2017,105,Janko Tipsarevic,33
2017,106,Roberto Carballes Baena,24
2017,107,Andrey Kuznetsov,26
2017,108,Vasek Pospisil,27
2017,109,Marco Cecchinato,25
2017,110,Bjorn Fratangelo,24
2017,111,Nicolas Jarry,22
2017,112,Carlos Berlocq,34
2017,113,Thomaz Bellucci,29
2017,114,Cameron Norrie,22
2017,115,Gastao Elias,27
2017,116,Yuki Bhambri,25
2017,117,Alexander Bublik,20
2017,118,Ruben Bemelmans,29
2017,119,Yannick Hanfmann,26
2017,120,Ernesto Escobedo,21
2017,121,Henri Laaksonen,25
2017,122,Sergiy Stakhovsky,31
2017,123,Jerzy Janowicz,27
2017,124,Thiago Monteiro,23
2017,125,Dustin Brown,33
2017,126,Pedro Sousa,29
2017,127,Adrian Menendez-Maceiras,32
2017,128,John Millman,28
2017,129,Quentin Halys,21
2017,130,Tim Smyczek,29
2017,131,Oscar Otte,24
2017,132,Norbert Gombos,27
2017,133,Daniel Evans,27
2017,134,Stefano Travaglia,25
2017,135,Matteo Berrettini,21
2017,136,Ricardas Berankis,27
2017,137,Peter Polansky,29
2017,138,Mirza Basic,26
2017,139,Casper Ruud,19
2017,140,Bernard Tomic,25
2017,141,Martin Klizan,28
2017,142,Elias Ymer,21
2017,143,Sebastian Ofner,21
2017,144,Renzo Olivo,25
2017,145,Uladzimir Ignatik,27
2017,146,Akira Santillan,20
2017,147,Yannick Maden,28
2017,148,Ramkumar Ramanathan,23
2017,149,Egor Gerasimov,25
2017,150,Go Soeda,33
2017,151,Nicolas Almagro,32
2017,152,Tommy Paul,20
2017,153,Tatsuma Ito,29
2017,154,Alessandro Giannessi,27
2017,155,Corentin Moutet,18
2017,156,Gleb Sakharov,29
2017,157,Calvin Hemery,22
2017,158,Nikola Milojevic,22
2017,159,Kenny De Schepper,30
2017,160,Andrej Martin,28
2017,161,Mathias Bourgue,23
2017,162,Felix Auger-Aliassime,17
2017,163,Jurgen Zopp,29
2017,164,Tommy Robredo,35
2017,165,Jozef Kovalik,25
2017,166,Yoshihito Nishioka,22
2017,167,Stefan Kozlov,19
2017,168,Soonwoo Kwon,20
2017,169,Joao Domingues,24
2017,170,Liam Broady,23
2017,171,Simone Bolelli,32
2017,172,Alexey Vatutin,25
2017,173,Darian King,25
2017,174,Denis Kudla,25
2017,175,Michael Mmoh,19
2017,176,Mackenzie McDonald,22
2017,177,Marcel Granollers,31
2017,178,Arthur De Greef,25
2017,179,Aldin Setkic,30
2017,180,Matthias Bachinger,30
2017,181,Facundo Bagnis,27
2017,182,Viktor Galovic,27
2017,183,Filip Peliwo,23
2017,184,Jaume Munar,20
2017,185,Carlos Taberner,20
2017,186,Jurgen Melzer,36
2017,187,Benjamin Bonzi,21
2017,188,Vincent Millot,31
2017,189,Alex Bolt,24
2017,190,Marcelo Arevalo,27
2017,191,Mitchell Krueger,23
2017,192,Ze Zhang,27
2017,193,Guido Andreozzi,26
2017,194,Gonzalo Oliveira,22
2017,195,Duckhee Lee,19
2017,196,Illya Marchenko,30
2017,197,Kamil Majchrzak,21
2017,198,Ricardo Ojeda Lara,24
2017,199,Ernests Gulbis,29
2017,200,Attila Balazs,29
2017,201,Noah Rubin,21
2017,202,Adam Pavlasek,23
2017,203,Lukas Rosol,32
2017,204,Salvatore Caruso,25
2017,205,Guilherme Clezar,24
2017,206,Blaz Rola,27
2017,207,Miomir Kecmanovic,18
2017,208,Alex de Minaur,18
2017,209,Thanasi Kokkinakis,21
2017,210,Mohamed Safwat,27
2017,211,Stefano Napolitano,22
2017,212,Lorenzo Sonego,22
2017,213,Evan King,25
2017,214,Bradley Klahn,27
2017,215,Kevin King,26
2017,216,Pedja Krstin,23
2017,217,Brayden Schnur,22
2017,218,Stephane Robert,37
2017,219,John-Patrick Smith,28
2017,220,Marco Trungelliti,27
2017,221,Yasutaka Uchiyama,25
2017,222,Zdenek Kolar,21
2017,223,Sumit Nagal,20
2017,224,Dmitry Popko,21
2017,225,Dennis Novak,24
2017,226,Andrew Whittington,24
2017,227,Santiago Giraldo,30
2017,228,Vaclav Safranek,23
2017,229,Reilly Opelka,20
2017,230,Ilya Ivashka,23
2017,231,Dennis Novikov,24
2017,232,Tallon Griekspoor,21
2017,233,Tobias Kamke,31
2017,234,Andrea Arnaboldi,29
2017,235,Karim-Mohamed Maamoun,26
2017,236,Luca Vanni,32
2017,237,Teymuraz Gabashvili,32
2017,238,Hubert Hurkacz,20
2017,239,Jason Jung,28
2017,240,Tomislav Brkic,27
2017,241,Hugo Dellien,24
2017,242,Nicola Kuhn,17
2017,243,Prajnesh Gunneswaran,28
2017,244,Di Wu,26
2017,245,Andrea Collarini,25
2017,246,Joao Souza,29
2017,247,Christian Harrison,23
2017,248,Sam Groth,30
2017,249,Paul-Henri Mathieu,35
2017,250,Edan Leshem,20
2017,251,Joao Monteiro,23
2017,252,Tommy Haas,39
2017,253,Danilo Petrovic,25
2017,254,Federico Gaio,25
2017,255,Jay Clarke,19
2017,256,Alexander Sarkissian,27
2017,257,Cem Ilkel,22
2017,258,Javier Marti,25
2017,259,Lorenzo Giustino,26
2017,260,Aleksandr Nedovyesov,30
2017,261,Pedro Martinez,20
2017,262,Julien Cagnina,23
2017,263,Austin Krajicek,27
2017,264,Tsung-Hua Yang,26
2017,265,Pedro Cachin,22
2017,266,Matteo Donati,22
2017,267,Kimmer Coppejans,23
2017,268,Marek Jaloviec,23
2017,269,Enrique Lopez Perez,26
2017,270,Zhe Li,31
2017,271,Facundo Arguello,25
2017,272,Dayne Kelly,27
2017,273,Mats Moraing,25
2017,274,Konstantin Kravchuk,32
2017,275,Daniel Altmaier,19
2017,276,Omar Jasika,20
2017,277,Max Purcell,19
2017,278,Joris De Loore,24
2017,279,Roberto Quiroz,25
2017,280,Blake Mott,21
2017,281,Yusuke Takahashi,20
2017,282,Brydan Klein,27
2017,283,Laurynas Grigelis,26
2017,284,Matteo Viola,30
2017,285,Christopher Heyman,24
2017,286,Jose Hernandez-Fernandez,27
2017,287,David Guez,35
2017,288,Ivan Nedelko,31
2017,289,Alexander Ward,27
2017,290,Daniel Munoz de la Nava,35
2017,291,Lloyd Harris,20
2017,292,Rubin Statham,30
2017,293,Ivan Gakhov,21
2017,294,Franko Skugor,30
2017,295,Marcos Giron,24
2017,296,Jan Choinski,21
2017,297,Daniel Elahi Galan,21
2017,298,Ante Pavic,28
2017,299,Youssef Hossam,19
2017,300,Maverick Banes,25
2017,301,Geoffrey Blancaneaux,19
2017,302,Nino Serdarusic,21
2017,303,Christian Lindell,26
2017,304,Bernabe Zapata Miralles,20
2017,305,Dominik Koepfer,23
2017,306,Steven Diez,26
2017,307,Yannick Mertens,30
2017,308,Federico Coria,25
2017,309,Roberto Ortega-Olmedo,26
2017,310,Martin Cuevas,25
2017,311,Cristian Garin,21
2017,312,Markus Eriksson,28
2017,313,Yibing Wu,18
2017,314,Antoine Hoang,22
2017,315,Hernan Casanova,23
2017,316,Constant Lestienne,25
2017,317,Tristan Lamasine,24
2017,318,Michael Linzer,28
2017,319,Ti Chen,34
2017,320,Daniel Brands,30
2017,321,Filip Horansky,24
2017,322,Bradley Mousley,21
2017,323,Marc Polmans,20
2017,324,Marsel Ilhan,30
2017,325,Miljan Zekic,29
2017,326,Evgeny Karlovskiy,23
2017,327,Nicolaas Scholtz,26
2017,328,Carlos Boluda-Purkiss,24
2017,329,Jeremy Jahn,27
2017,330,Inigo Cervantes,28
2017,331,Mario Vilella Martinez,22
2017,332,Sebastian Fanselow,25
2017,333,Andrea Basso,24
2017,334,Daniel Dutra da Silva,29
2017,335,Gianluigi Quinzi,21
2017,336,Ivan Dodig,32
2017,337,Tim Puetz,30
2017,338,Daniel Nguyen,27
2017,339,Raymond Sarmiento,25
2017,340,Axel Michon,27
2017,341,Jason Kubler,24
2017,342,Zhizhen Zhang,21
2017,343,Riccardo Bellotti,26
2017,344,Yannick Jankovits,30
2017,345,Alessandro Bega,26
2017,346,Maxime Hamou,22
2017,347,Christopher Eubanks,21
2017,348,Daniel Masur,23
2017,349,Hiroki Moriya,27
2017,350,Scott Griekspoor,26
2017,351,Kaichi Uchida,23
2017,352,Jan Satral,27
2017,353,Rajeev Ram,33
2017,354,Radek Stepanek,39
2017,355,Frederico Ferreira Silva,22
2017,356,Yosuke Watanuki,19
2017,357,Alexandre Muller,20
2017,358,Edward Corrie,29
2017,359,Andrea Pellegrino,20
2017,360,Carlos Gomez-Herrera,27
2017,361,Juan Ignacio Galarza,23
2017,362,Juan Ignacio Londero,24
2017,363,Frank Dancevic,33
2017,364,Joao Pedro Sorgi,24
2017,365,Lucas Catarina,21
2017,366,Daniel Gimeno-Traver,32
2017,367,James McGee,30
2017,368,Shuichi Sekiguchi,26
2017,369,Lenny Hampel,21
2017,370,Marc Giner,26
2017,371,Albano Olivetti,26
2017,372,Thiemo de Bakker,29
2017,373,Alejandro Gonzalez,28
2017,374,N.Sriram Balaji,27
2017,375,Facundo Mena,25
2017,376,Dzmitry Zhyrmont,28
2017,377,Marinko Matosevic,32
2017,378,Hiroyasu Ehara,26
2017,379,Sora Fukuda,20
2017,380,Filippo Baldi,21
2017,381,Ugo Humbert,19
2017,382,Yannick Vandenbulcke,27
2017,383,Juan Pablo Ficovich,20
2017,384,Dimitar Kuzmanov,24
2017,385,Maxime Janvier,21
2017,386,Antoine Escoffier,25
2017,387,Oriol Roca Batalla,24
2017,388,Petr Michnev,28
2017,389,Renta Tokuda,19
2017,390,Gerard Granollers,28
2017,391,Patricio Heras,28
2017,392,Maximo Gonzalez,34
2017,393,Christopher O'Connell,23
2017,394,Yaraslav Shyla,24
2017,395,Lucas Miedler,21
2017,396,Sergio Gutierrez-Ferrol,28
2017,397,Alejandro Falla,34
2017,398,Sanjar Fayziev,23
2017,399,Alexandar Lazov,27
2017,400,Elliot Benchetrit,19
2017,401,Gonzalo Escobar,28
2017,402,Pol Toledo Bague,23
2017,403,Gonzalo Lama,24
2017,404,Eduard Esteve Lobato,23
2017,405,Marc Sieber,29
2017,406,Maximilian Neuchrist,26
2017,407,Shintaro Imai,24
2017,408,Mariano Kestelboim,21
2017,409,Viktor Durasovic,20
2017,410,Jared Hiltzik,23
2017,411,Hugo Grenier,21
2017,412,Roberto Cid Subervi,24
2017,413,Lloyd Glasspool,24
2017,414,Juan Pablo Paz,22
2017,415,Riccardo Bonadio,24
2017,416,David Pichler,21
2017,417,Mikael Ymer,19
2017,418,Marco Chiudinelli,36
2017,419,Kento Takeuchi,30
2017,420,Adelchi Virgili,27
2017,421,Baptiste Crepatte,23
2017,422,Clement Geens,21
2017,423,Fabrizio Ornago,25
2017,424,Cheong-Eui Kim,27
2017,425,Cristian Rodriguez,27
2017,426,Mukund Sasikumar,20
2017,427,Altug Celikbilek,21
2017,428,Samuel Bensoussan,26
2017,429,Liam Caruana,19
2017,430,Ruben Ramirez Hidalgo,39
2017,431,Yan Bai,28
2017,432,Mate Delic,24
2017,433,Boy Westerhof,32
2017,434,Pawel Juszczak,23
2017,435,Marko Tepavac,23
2017,436,Robin Kern,24
2017,437,Michal Konecny,28
2017,438,Fabien Reboul,22
2017,439,Ryan Shane,23
2017,440,Gianluca Mager,23
2017,441,Thomas Brechemier,21
2017,442,Andrew Harris,23
2017,443,Yannik Reuter,26
2017,444,Corentin Denolly,20
2017,445,Tomas Lipovsek Puches,24
2017,446,Alexis Musialek,29
2017,447,Sekou Bangoura,26
2017,448,Benjamin Lock,24
2017,449,Guillermo Olaso,29
2017,450,Johan Tatlot,21
2017,451,Jules Okala,20
2017,452,Andreas Haider-Maurer,30
2017,453,Dennis Nevolo,28
2017,454,Vladyslav Manafov,24
2017,455,Evgenii Tiurnev,20
2017,456,Agustin Velotti,25
2017,457,Nils Langer,27
2017,458,Pavel Kotov,19
2017,459,Botic van de Zandschulp,22
2017,460,Maxime Chazal,24
2017,461,Alessandro Petrone,27
2017,462,Tom Farquharson,25
2017,463,Sadio Doumbia,27
2017,464,Sam Barry,25
2017,465,Igor Smilansky,22
2017,466,Bruno Santanna,24
2017,467,Aleksandar Vukic,21
2017,468,Dragos Dima,25
2017,469,Leny Mitjana,23
2017,470,Takanyi Garanganga,27
2017,471,Gregoire Jacq,25
2017,472,Takuto Niki,30
2017,473,Adrian Bodmer,22
2017,474,Pablo Vivero Gonzalez,22
2017,475,Jan Mertl,35
2017,476,Andres Artunedo Martinavarro,24
2017,477,Nikola Cacic,27
2017,478,Chuhan Wang,25
2017,479,Maxime Tabatruong,28
2017,480,Pedro Sakamoto,24
2017,481,Jonathan Eysseric,27
2017,482,Wishaya Trongcharoenchaikul,22
2017,483,David Perez Sanz,23
2017,484,Fajing Sun,21
2017,485,Marco Bortolotti,26
2017,486,JC Aragone,22
2017,487,Dmitry Tursunov,35
2017,488,Michal Przysiezny,33
2017,489,Samuel Monette,23
2017,490,Remi Boutillier,27
2017,491,Niels Desein,30
2017,492,Pascal Brunner,28
2017,493,Juan Pablo Varillas,22
2017,494,Jordi Samper-Montana,27
2017,495,Cristian Carli,21
2017,496,Alejandro Davidovich Fokina,18
2017,497,Nam Hoang Ly,20
2017,498,Roman Safiullin,20
2017,499,Alex Molcan,20
2017,500,Laurent Lokoli,23
2017,501,Thomas Statzberger,25
2017,502,Evan Song,25
2017,503,Jurij Rodionov,18
2017,504,Julian Lenz,24
2017,505,Elmar Ejupovic,24
2017,506,Adrian Ungur,32
2017,507,Ulises Blanch,19
2017,508,Emilio Gomez,26
2017,509,Lorenzo Frigerio,28
2017,510,Jonathan Mridha,22
2017,511,Vishnu Vardhan,30
2017,512,Peter Nagy,25
2017,513,Gijs Brouwer,21
2017,514,Fred Gil,32
2017,515,Artem Smirnov,29
2017,516,Mick Lescure,24
2017,517,Miguel Semmler,20
2017,518,Enzo Couacaud,22
2017,519,Benjamin Becker,36
2017,520,Thai-Son Kwiatkowski,22
2017,521,Luke Saville,23
2017,522,Igor Sijsling,30
2017,523,Pietro Rondoni,24
2017,524,Tomas Papik,23
2017,525,Moez Echargui,24
2017,526,Vijay S P Natarajan,31
2017,527,Gianluca Di Nicola,22
2017,528,Felipe Mantilla,24
2017,529,Mor Bulis,21
2017,530,Tung-Lin Wu,19
2017,531,Tobias Simon,26
2017,532,Rafael Matos,21
2017,533,Genaro Alberto Olivieri,19
2017,534,Lukas Klein,19
2017,535,Harry Bourchier,21
2017,536,Edoardo Eremin,24
2017,537,Marvin Netuschil,26
2017,538,Adrien Bossel,30
2017,539,Nuno Borges,20
2017,540,Joao Menezes,21
2017,541,Peter Torebko,29
2017,542,Sidharth Rawat,24
2017,543,Matias Franco Descotte,23
2017,544,Ronnie Schneider,23
2017,545,Denis Yevseyev,24
2017,546,Jacob Grills,22
2017,547,Ljubomir Celebic,26
2017,548,Andrea Vavassori,22
2017,549,Peter Kobelt,27
2017,550,Romain Barbosa,23
2017,551,Jelle Sels,22
2017,552,Jonathan Gray,20
2017,553,Pascal Meis,24
2017,554,Gianni Mina,25
2017,555,Manuel Sanchez,26
2017,556,Jonas Merckx,24
2017,557,Makoto Ochi,21
2017,558,Maciej Rajski,26
2017,559,Davide Galoppini,23
2017,560,Alexander Vasilenko,22
2017,561,Martins Podzus,23
2017,562,Raul Brancaccio,20
2017,563,Tomas Barrios Vera,20
2017,564,Finn Tearney,27
2017,565,Jeroen Vanneste,23
2017,566,Rudolf Molleker,17
2017,567,Patrik Nema,20
2017,568,Nicholas S. Hu,23
2017,569,Vit Kopriva,20
2017,570,Tomislav Jotovski,27
2017,571,Matthew Barton,26
2017,572,Grega Zemlja,31
2017,573,Luke Bambridge,22
2017,574,Andre Ghem,35
2017,575,Ronald Slobodchikov,24
2017,576,Omar Giacalone,25
2017,577,Danylo Kalenichenko,23
2017,578,Colin Van Beem,25
2017,579,Kevin Krawietz,25
2017,580,Benjamin Hassan,22
2017,581,Ivan Endara,29
2017,582,Jurabek Karimov,19
2017,583,Yun seong Chung,19
2017,584,Evan Furness,19
2017,585,Alexios Halebian,23
2017,586,Federico Zeballos,29
2017,587,Jonathan Kanar,23
2017,588,Andrey Golubev,30
2017,589,Denys Molchanov,30
2017,590,Lamine Ouahab,33
2017,591,Oscar Jose Gutierrez,24
2017,592,Juan Carlos Saez,26
2017,593,Sho Katayama,28
2017,594,Pietro Licciardi,23
2017,595,David Vega Hernandez,23
2017,596,George Von Massow,27
2017,597,Karunuday Singh,27
2017,598,Marcus Willis,27
2017,599,Maxime Authom,30
2017,600,Marc-Andrea Huesler,21
2017,601,Ben Patael,20
2017,602,Yan Sabanin,27
2017,603,Dante Gennaro,24
2017,604,Robin Stanek,22
2017,605,Jose Pereira,26
2017,606,Deiton Baughman,21
2017,607,Nicolae Frunza,20
2017,608,Arjun Kadhe,23
2017,609,Frederik Nielsen,34
2017,610,Sami Reinwein,25
2017,611,Franco Agamenone,24
2017,612,Kristian Lozan,19
2017,613,William Blumberg,19
2017,614,Thiago Seyboth Wild,17
2017,615,Eric Quigley,28
2017,616,Yecong He,23
2017,617,Nathan Pasha,25
2017,618,Xin Gao,23
2017,619,Vasile Antonescu,27
2017,620,Saketh Myneni,30
2017,621,Aslan Karatsev,24
2017,622,Alexei Popyrin,18
2017,623,Kuan-Yi Lee,21
2017,624,Gregoire Barrere,23
2017,625,Marvin Moeller,18
2017,626,Hong Chung,24
2017,627,Christopher Diaz-Figueroa,27
2017,628,Alejandro Gomez,26
2017,629,Yshai Oliel,17
2017,630,Alexander Kudryavtsev,32
2017,631,Zsombor Piros,18
2017,632,Vladimir Ivanov,30
2017,633,Naoki Nakagawa,21
2017,634,Yanais Laurent,25
2017,635,Marek Gengel,22
2017,636,Wilson Leite,26
2017,637,Gavin Van Peperzeel,25
2017,638,Roberto Marcora,28
2017,639,Matthias Haim,19
2017,640,Denys Mylokostov,24
2017,641,Louis Wessels,19
2017,642,Miliaan Niesten,29
2017,643,Olexiy Kolisnyk,21
2017,644,Alex Rybakov,20
2017,645,Ching-Mou Yu,22
2017,646,Billy Harris,22
2017,647,Hugo Nys,26
2017,648,Dekel Bar,24
2017,649,Filippo Leonardi,30
2017,650,Antonio Massara,22
2017,651,Ilya Vasilyev,21
2017,652,Andriej Kapas,28
2017,653,Alexander Zhurbin,25
2017,654,Pere Riba,29
2017,655,Eduardo Struvay,27
2017,656,Manuel Pena Lopez,19
2017,657,Francesco Vilardo,27
2017,658,J.J. Wolf,19
2017,659,Yuki Mochizuki,20
2017,660,Kristijan Mesaros,29
2017,661,Yann Marti,29
2017,662,Borna Gojo,19
2017,663,Matias Zukas,21
2017,664,Daniiar Duldaev,25
2017,665,Paul Woerner,21
2017,666,Javier Barranco Cosano,19
2017,667,Nicolas Santos,29
2017,668,Anis Ghorbel,28
2017,669,Gustav Hansson,22
2017,670,Emil Ruusuvuori,18
2017,671,Young Seok Kim,22
2017,672,Shalva Dzhanashiya,25
2017,673,Milan Drinic,20
2017,674,Juan Manuel Benitez Chavarriaga,22
2017,675,Blake Ellis,18
2017,676,Richard Gabb,25
2017,677,Ryan James Storrie,19
2017,678,Fred Simonsson,23
2017,679,Walter Trusendi,32
2017,680,Florent Diep,26
2017,681,Franco Emanuel Egea,21
2017,682,Gibril Diarra,27
2017,683,Fabiano De Paula,29
2017,684,Jaroslav Pospisil,36
2017,685,Yuya Kibi,31
2017,686,Anil Yuksel,27
2017,687,Dejan Katic,29
2017,688,David Jorda Sanchis,23
2017,689,Laurent Rochette,29
2017,690,Karue Sell,24
2017,691,Henry Craig,23
2017,692,Haadin Salim Bava,23
2017,693,Riccardo Balzerani,19
2017,694,Maxime Pauwels,19
2017,695,Oliver Golding,24
2017,696,Mikael Torpegaard,23
2017,697,Amine Ahouda,20
2017,698,Tom Jomby,26
2017,699,Raphael Baltensperger,20
2017,700,Michiel De Krom,19
2017,701,Dominik Boehler,21
2017,702,Antoine Bellier,21
2017,703,Harri Heliovaara,28
2017,704,Andre Gaspar Murta,23
2017,705,Patrick Kypson,18
2017,706,Tak Khunn Wang,26
2017,707,Gian Marco Moroni,19
2017,708,Marat Deviatiarov,23
2017,709,Roman Khassanov,21
2017,710,Juan Lizariturry,26
2017,711,Erik Crepaldi,27
2017,712,Jaume Pla Malfeito,22
2017,713,Ruan Roelofse,28
2017,714,Martin Redlicki,22
2017,715,Petr Nouza,19
2017,716,Michal Dembek,20
2017,717,Santiago Rodriguez Taverna,18
2017,718,Albert Alcaraz Ivorra,22
2017,719,Christian Hirschmueller,24
2017,720,Lukas Ollert,25
2017,721,Alexander Igoshin,25
2017,722,Reda El Amrani,29
2017,723,Orlando Luz,19
2017,724,Julian Ocleppo,20
2017,725,Mauricio Echazu,28
2017,726,Nerman Fatic,23
2017,727,Manuel Guinard,22
2017,728,Bernardo Saraiva,24
2017,729,Shane Vinsant,24
2017,730,Masato Shiga,26
2017,731,Jacopo Stefanini,21
2017,732,Issam Haitham Taweel,28
2017,733,Marcel Felder,33
2017,734,Benjamin Mitchell,25
2017,735,Or Ram-Harel,22
2017,736,Philip Bester,29
2017,737,Artur Shakhnubaryan,21
2017,738,Luca Margaroli,25
2017,739,Jordan Correia,20
2017,740,Kirill Kivattsev,20
2017,741,Neil Pauffley,27
2017,742,Marcelo Zormann,21
2017,743,Aryan Goveas,19
2017,744,Christoph Negritu,23
2017,745,Andre Begemann,33
2017,746,Stephan Fransen,29
2017,747,Kaito Uesugi,22
2017,748,Carl Soderlund,20
2017,749,Adam Chadaj,33
2017,750,Vitaly Kozyukov,23
2017,751,Jea Moon Lee,24
2017,752,Anton Zaitcev,30
2017,753,Alexandar Lazarov,20
2017,754,Pavel Nejedly,24
2017,755,Fernando Romboli,28
2017,756,Jaime Fermosell Delgado,20
2017,757,Markos Kalovelonis,23
2017,758,Volodoymyr Uzhylovskyi,29
2017,759,Carlos Salamanca,34
2017,760,Collin Altamirano,22
2017,761,Tae-Woo Lee,26
2017,762,Caio Zampieri,31
2017,763,Sam Riffice,18
2017,764,Julien Dubail,29
2017,765,Bastian Malla,21
2017,766,Giovanni Fonio,19
2017,767,Thomas Fancutt,22
2017,768,Denis Matsukevich,31
2017,769,Vadym Ursu,20
2017,770,Domagoj Biljesko,20
2017,771,Ken Onishi,21
2017,772,Jakob Sude,26
2017,773,David Poljak,21
2017,774,Seongchan Hong,20
2017,775,Aziz Dougaz,20
2017,776,Adam El Mihdawy,28
2017,777,Peter Heller,25
2017,778,Duje Kekez,24
2017,779,Jaime Pulgar-Garcia,28
2017,780,Cameron Silverman,25
2017,781,Hunter Callahan,25
2017,782,Gonzalo Villanueva,22
2017,783,Mikhail Korovin,21
2017,784,Patrik Rikl,18
2017,785,Juan Sebastian Gomez,25
2017,786,Pruchya Isaro,22
2017,787,Evan Zhu,19
2017,788,Timur Khabibulin,22
2017,789,Jeremy Beale,23
2017,790,Claudio Fortuna,27
2017,791,Benjamin Sigouin,18
2017,792,Matej Sabanov,25
2017,793,Jorge Montero,27
2017,794,Sebastien Boltz,24
2017,795,Pavel Krainik,25
2017,796,Niels Lootsma,23
2017,797,Oleg Khotkov,27
2017,798,Christopher Rungkat,27
2017,799,Yusuke Watanuki,27
2017,800,Alexander Erler,20
2017,801,Mikhail Fufygin,27
2017,802,Bogdan Borza,20
2017,803,Kevin Griekspoor,26
2017,804,Viktor Filipenko,26
2017,805,Jumpei Yamasaki,20
2017,806,Sem Verbeek,23
2017,807,Nicola Ghedin,29
2017,808,Giovanni Lapentti,34
2017,809,Antal Van Der Duim,30
2017,810,Felipe Martinez Sarrasague,20
2017,811,Zihao Xia,20
2017,812,Geronimo Espin Busleiman,20
2017,813,Wil Spencer,28
2017,814,Sebastian Prechtel,21
2017,815,Patrik Brydolf,26
2017,816,Timur Kiyamov,21
2017,817,Petru-Alexandru Luncanu,28
2017,818,Rigele Te,20
2017,819,Gabriel Petit,22
2017,820,Ricardo Rodriguez - Pace,24
2017,821,Bogdan Bobrov,20
2017,822,Peter Bothwell,22
2017,823,Nicolo Turchetti,21
2017,824,Florian Fallert,25
2017,825,Sergio Martos Gornes,23
2017,826,Yurii Dzhavakian,24
2017,827,Tristan Meraut,21
2017,828,Jonas Luetjen,27
2017,829,Ryan Haviland,37
2017,830,MinKyu Song,27
2017,831,Nik Razborsek,24
2017,832,Tom Kocevar-Desman,27
2017,833,Germain Gigounon,28
2017,834,Daniel Appelgren,21
2017,835,Igor Marcondes,20
2017,836,Lucas Gomez,22
2017,837,Ricardo Hocevar,32
2017,838,Alejandro Tabilo,20
2017,839,Maciej Smola,24
2017,840,Temur Ismailov,22
2017,841,Alon Elia,22
2017,842,Mikhail Elgin,36
2017,843,James Ward,30
2017,844,Jimmy Wang,32
2017,845,Florian Lakat,22
2017,846,Sebastian Korda,17
2017,847,Mate Valkusz,19
2017,848,Camilo Ugo Carabelli,18
2017,849,Rrezart Cungu,19
2017,850,Julian Onken,29
2017,851,Denis Klok,19
2017,852,Soichiro Moritani,23
2017,853,Luca Gelhardt,22
2017,854,Peter Goldsteiner,27
2017,855,Oleksandr Bielinskyi,23
2017,856,Omar Salman,21
2017,857,Yuichi Ito,31
2017,858,Raleigh Smith,26
2017,859,Muhammet Haylaz,22
2017,860,Nicolas Alvarez,21
2017,861,Isak Arvidsson,25
2017,862,Dan Added,18
2017,863,Cristobal Saavedra-Corvalan,27
2017,864,Wilfredo Gonzalez,24
2017,865,Pierre Faivre,21
2017,866,Maxim Ratniuk,21
2017,867,Nicolas Alberto Arreche,23
2017,868,Thomas Setodji,22
2017,869,Fran Zvonimir Zgombic,21
2017,870,Ryota Tanuma,22
2017,871,Daniil Zarichanskyy,19
2017,872,Emil Reinberg,20
2017,873,Danny Thomas,18
2017,874,Bastian Trinker,27
2017,875,David Souto,25
2017,876,Jeffrey Schorsch,22
2017,877,Artem Dubrivnyy,18
2017,877,Adrian Obert,22
2017,879,Yuta Shimizu,18
2017,880,Sho Shimabukuro,20
2017,881,Maxime Tchoutakian,23
2017,882,Jorge Panta,22
2017,883,Matej Vocel,20
2017,884,Vladimir Polyakov,23
2017,885,Sarp Agabigun,20
2017,886,Daniel Nolan,20
2017,887,Adrian Andrzejczuk,21
2017,888,Skander Mansouri,22
2017,889,Harrison Adams,23
2017,890,Luca Giacomini,20
2017,891,Andre Miele,30
2017,892,Simon Carr,18
2017,893,Karl Friberg,18
2017,894,Jake Delaney,20
2017,895,Bogdan Ionut Apostol,21
2017,896,Johannes Haerteis,21
2017,897,Francisco Cabral,20
2017,898,James Frawley,23
2017,899,Johan Nikles,20
2017,900,Francois-Arthur Vibert,27
2017,901,Jose Fco. Vidal Azorin,24
2017,902,Trevor Allen Johnson,21
2017,903,Seong-Gook Oh,25
2017,904,Brandon Holt,19
2017,905,Tom Fawcett,22
2017,906,Kenneth Raisma,19
2017,907,Lukas Ruepke,24
2017,908,Mazen Osama,22
2017,909,Luke Johnson,23
2017,910,Facundo Juarez,20
2017,911,Dmitry Mnushkin,21
2017,912,Jose Olivares,20
2017,913,Louis Chaix,22
2017,914,Cing-Yang Meng,19
2017,915,Caio Silva,26
2017,916,Issei Okamura,25
2017,917,Nuno Deus,22
2017,918,Alexis Gautier,20
2017,919,Ryan Nijboer,18
2017,920,Fernando Bogajo,25
2017,921,Finn Bass,18
2017,922,Romain Jouan,32
2017,923,Marcin Gawron,29
2017,924,Alexandre Tsuchiya,25
2017,925,Michael Vrbensky,17
2017,926,Clement Larriere,20
2017,927,Filip Duda,19
2017,928,Sherif Sabry,31
2017,929,Federico Moreno,23
2017,930,Dane Propoggia,27
2017,931,Alessandro Luisi,28
2017,932,Dragos Nicolae Madaras,20
2017,933,Mate Pavic,24
2017,934,Nikola Mektic,29
2017,935,Julian Cash,21
2017,936,Jacob Dunbar,22
2017,937,Soren Hess-Olesen,26
2017,938,Scott Puodziunas,28
2017,939,Khumoyun Sultanov,19
2017,940,James Marsalek,25
2017,941,Chanyeong Oh,19
2017,942,Ryusei Makiguchi,26
2017,943,Luis Patino,24
2017,944,Ryan Peniston,22
2017,945,Vitaliy Sachko,20
2017,946,Marc Fornell-Mestres,35
2017,947,Felipe Meligeni Alves,19
2017,948,Chien-hsun Lo,19
2017,949,Michael Zhu,25
2017,950,Alexandru Jecan,29
2017,951,Gabor Borsos,26
2017,952,Mats Rosenkranz,19
2017,953,Dominik Kellovsky,21
2017,954,Winston Lin,24
2017,955,Ivan Davydov,21
2017,956,Alberto Romero De Avila Senise,20
2017,957,Takao Suzuki,41
2017,958,Julian Zlobinsky,21
2017,959,Logan Smith,21
2017,960,Kirill Dmitriev,26
2017,961,Zizou Bergs,18
2017,962,Tal Goldengoren,21
2017,963,Adrian Boitan,18
2017,964,Tyler Lu,22
2017,965,Tigre Hank,26
2017,966,Rhyne Williams,26
2017,967,Isaiah Strode,20
2017,968,Diego Hidalgo,24
2017,969,Alexander Day,22
2017,970,Franjo Raspudic,27
2017,971,Francis Casey Alcantara,25
2017,972,Piotr Matuszewski,19
2017,973,Simone Roncalli,21
2017,974,Strong Kirchheimer,22
2017,975,Eduardo Dischinger,25
2017,975,Hong Kit Wong,19
2017,977,Eduardo Agustin Torre,23
2017,978,Carlos Eduardo Severino,27
2017,979,Enrico Dalla Valle,19
2017,980,Juan Ignacio Ameal,23
2017,981,Connor Farren,23
2017,981,Tim Van Terheijden,27
2017,983,Adria Mas Mascolo,24
2017,984,Nick Chappell,25
2017,985,Andrey Chepelev,19
2017,986,Aaron Cortes Alcaraz,23
2017,987,Thales Turini,28
2017,988,Jui-Chen Hung,27
2017,989,Hugo Voljacques,24
2017,990,James Duckworth,25
2017,991,Guillermo Duran,29
2017,992,Riccardo Ghedin,32
2017,993,Juraj Masar,25
2017,994,Keegan Smith,19
2017,995,Mick Veldheer,21
2017,996,Sergio Luis Hernandez Ramirez,18
2017,997,Ezekiel Clark,19
2017,998,Sergey Fomin,16
2017,999,Alvaro Lopez San Martin,20
2017,1000,Jolan Cailleau,22
2016,1,Andy Murray,29
2016,2,Novak Djokovic,29
2016,3,Milos Raonic,25
2016,4,Stan Wawrinka,31
2016,5,Kei Nishikori,26
2016,6,Marin Cilic,28
2016,7,Gael Monfils,30
2016,8,Dominic Thiem,23
2016,9,Rafael Nadal,30
2016,10,Tomas Berdych,31
2016,11,David Goffin,26
2016,12,Jo-Wilfried Tsonga,31
2016,13,Nick Kyrgios,21
2016,14,Roberto Bautista Agut,28
2016,15,Lucas Pouille,22
2016,16,Roger Federer,35
2016,17,Grigor Dimitrov,25
2016,18,Richard Gasquet,30
2016,19,John Isner,31
2016,20,Ivo Karlovic,37
2016,21,David Ferrer,34
2016,22,Pablo Cuevas,30
2016,23,Jack Sock,24
2016,24,Alexander Zverev,19
2016,25,Gilles Simon,31
2016,26,Bernard Tomic,24
2016,27,Albert Ramos-Vinolas,28
2016,28,Feliciano Lopez,35
2016,29,Viktor Troicki,30
2016,30,Pablo Carreno Busta,25
2016,31,Sam Querrey,29
2016,32,Philipp Kohlschreiber,33
2016,33,Steve Johnson,27
2016,34,Gilles Muller,33
2016,35,Martin Klizan,27
2016,36,Marcos Baghdatis,31
2016,37,Marcel Granollers,30
2016,38,Juan Martin del Potro,28
2016,39,Nicolas Mahut,34
2016,40,Paolo Lorenzi,35
2016,41,Federico Delbonis,26
2016,42,Fernando Verdasco,33
2016,43,Joao Sousa,27
2016,44,Nicolas Almagro,31
2016,45,Kyle Edmund,21
2016,46,Andrey Kuznetsov,25
2016,47,Benoit Paire,27
2016,48,Borna Coric,20
2016,49,Fabio Fognini,29
2016,50,Florian Mayer,33
2016,51,Mischa Zverev,29
2016,52,Diego Schwartzman,24
2016,53,Karen Khachanov,20
2016,54,Stephane Robert,36
2016,55,Jiri Vesely,23
2016,56,Facundo Bagnis,26
2016,57,Mikhail Youzhny,34
2016,58,Malek Jaziri,32
2016,59,Robin Haase,29
2016,60,Adrian Mannarino,28
2016,61,Thomaz Bellucci,28
2016,62,Alexandr Dolgopolov,28
2016,63,Jan-Lennard Struff,26
2016,64,Yen-Hsun Lu,33
2016,65,Juan Monaco,32
2016,66,Daniel Evans,26
2016,67,Kevin Anderson,30
2016,68,Gerald Melzer,26
2016,69,Jeremy Chardy,29
2016,70,Guillermo Garcia-Lopez,33
2016,71,Horacio Zeballos,31
2016,72,Dustin Brown,32
2016,73,Paul-Henri Mathieu,34
2016,74,Illya Marchenko,29
2016,75,Adam Pavlasek,22
2016,76,Taylor Fritz,19
2016,77,Damir Dzumhur,24
2016,78,Pierre-Hugues Herbert,25
2016,79,Jordan Thompson,22
2016,80,Guido Pella,26
2016,81,Gastao Elias,26
2016,82,Thiago Monteiro,22
2016,83,Renzo Olivo,24
2016,84,John Millman,27
2016,85,Konstantin Kravchuk,31
2016,86,Steve Darcis,32
2016,87,Andreas Seppi,32
2016,88,Donald Young,27
2016,89,Mikhail Kukushkin,29
2016,90,Ryan Harrison,24
2016,91,Santiago Giraldo,29
2016,92,Ricardas Berankis,26
2016,93,Dusan Lajovic,26
2016,94,Nikoloz Basilashvili,24
2016,95,Carlos Berlocq,33
2016,96,Dudi Sela,31
2016,97,Radu Albot,27
2016,98,Rogerio Dutra Silva,32
2016,99,Daniil Medvedev,20
2016,100,Yoshihito Nishioka,21
2016,101,Aljaz Bedene,27
2016,102,Victor Estrella Burgos,36
2016,103,James Duckworth,24
2016,104,Hyeon Chung,20
2016,105,Jared Donaldson,20
2016,106,Inigo Cervantes,27
2016,107,Radek Stepanek,38
2016,108,Frances Tiafoe,18
2016,109,Sergiy Stakhovsky,30
2016,110,Nicolas Kicker,24
2016,111,Guido Andreozzi,25
2016,112,Yuichi Sugita,28
2016,113,Lukas Rosol,31
2016,114,Bjorn Fratangelo,23
2016,115,Daniel Gimeno-Traver,31
2016,116,Stefan Kozlov,18
2016,117,Jozef Kovalik,24
2016,118,Tobias Kamke,30
2016,119,Benjamin Becker,35
2016,120,Marco Chiudinelli,35
2016,121,Denis Istomin,30
2016,122,Lukas Lacko,29
2016,123,Joao Souza,28
2016,124,Thomas Fabbiano,27
2016,125,Evgeny Donskoy,26
2016,126,Go Soeda,32
2016,127,Taro Daniel,23
2016,128,Alessandro Giannessi,26
2016,129,Rajeev Ram,32
2016,130,Julien Benneteau,35
2016,131,Denis Kudla,24
2016,132,Marius Copil,26
2016,133,Vasek Pospisil,26
2016,134,Arthur De Greef,24
2016,135,Peter Polansky,28
2016,136,Henri Laaksonen,24
2016,137,Andrej Martin,27
2016,138,Teymuraz Gabashvili,31
2016,139,Leonardo Mayer,29
2016,140,Tim Smyczek,28
2016,141,Ernesto Escobedo,20
2016,142,Norbert Gombos,26
2016,143,Vincent Millot,30
2016,144,Janko Tipsarevic,32
2016,145,Roberto Carballes Baena,23
2016,146,Marco Trungelliti,26
2016,147,Ivan Dodig,31
2016,148,Ruben Ramirez Hidalgo,38
2016,149,Duckhee Lee,18
2016,150,Maximo Gonzalez,33
2016,151,Ernests Gulbis,28
2016,152,Darian King,24
2016,153,Quentin Halys,20
2016,154,Jason Jung,27
2016,155,Grega Zemlja,30
2016,156,Andrey Rublev,19
2016,157,Luca Vanni,31
2016,158,Marton Fucsovics,24
2016,159,Di Wu,25
2016,160,Elias Ymer,20
2016,161,Jan Satral,26
2016,162,Kenny De Schepper,29
2016,163,Enrique Lopez Perez,25
2016,164,Albert Montanes,36
2016,165,Constant Lestienne,24
2016,166,Steven Diez,25
2016,167,Ruben Bemelmans,28
2016,168,Daniel Brands,29
2016,169,Dennis Novikov,23
2016,170,Andrew Whittington,23
2016,171,Tatsuma Ito,28
2016,172,Stefano Napolitano,21
2016,173,Hiroki Moriya,26
2016,174,Aleksandr Nedovyesov,29
2016,175,Federico Gaio,24
2016,176,Maximilian Marterer,21
2016,177,Igor Sijsling,29
2016,178,Kimmer Coppejans,22
2016,179,Ilya Ivashka,22
2016,180,Sam Groth,29
2016,181,Mirza Basic,25
2016,182,Michael Berrer,36
2016,183,Mathias Bourgue,22
2016,184,Agustin Velotti,24
2016,185,Laslo Djere,21
2016,186,Marcelo Arevalo,26
2016,187,Marco Cecchinato,24
2016,188,Pedro Sousa,28
2016,189,Peter Gojowczyk,27
2016,190,Uladzimir Ignatik,26
2016,191,Tennys Sandgren,25
2016,192,Saketh Myneni,29
2016,193,Alexander Kudryavtsev,31
2016,194,James McGee,29
2016,195,Joris De Loore,23
2016,196,Matthew Barton,25
2016,197,Michael Mmoh,18
2016,198,Marko Tepavac,22
2016,199,Mohamed Safwat,26
2016,200,Noah Rubin,20
2016,201,Ze Zhang,26
2016,202,Miljan Zekic,28
2016,203,Alexander Sarkissian,26
2016,204,Reilly Opelka,19
2016,205,Alexander Bublik,19
2016,206,Yannik Reuter,25
2016,207,Matteo Donati,21
2016,208,Akira Santillan,19
2016,209,Jordi Samper-Montana,26
2016,210,Stefanos Tsitsipas,18
2016,211,Cristian Garin,20
2016,212,Tristan Lamasine,23
2016,213,Lorenzo Giustino,25
2016,214,Jeremy Jahn,26
2016,215,Franko Skugor,29
2016,216,Mitchell Krueger,22
2016,217,Blaz Kavcic,29
2016,218,Andre Ghem,34
2016,219,Alejandro Gonzalez,27
2016,220,Guilherme Clezar,23
2016,221,Marinko Matosevic,31
2016,222,Marc Polmans,19
2016,223,Dmitry Popko,20
2016,224,Pedja Krstin,22
2016,225,Casper Ruud,18
2016,226,John-Patrick Smith,27
2016,227,Ramkumar Ramanathan,22
2016,228,Riccardo Bellotti,25
2016,229,Andrey Golubev,29
2016,230,Yuya Kibi,30
2016,231,Amir Weintraub,30
2016,232,Daniel Masur,22
2016,233,Yasutaka Uchiyama,24
2016,234,Filip Krajinovic,24
2016,235,Aslan Karatsev,23
2016,236,Adrian Menendez-Maceiras,31
2016,237,Christopher O'Connell,22
2016,238,Nikola Milojevic,21
2016,239,Gonzalo Lama,23
2016,240,Jose Hernandez-Fernandez,26
2016,241,Frank Dancevic,32
2016,242,Jonathan Eysseric,26
2016,243,Kristijan Mesaros,28
2016,244,Zdenek Kolar,20
2016,245,Brian Baker,31
2016,246,Marsel Ilhan,29
2016,247,Gregoire Barrere,22
2016,248,Dennis Novak,23
2016,249,Federico Coria,24
2016,250,Denis Shapovalov,17
2016,251,Yannick Mertens,29
2016,252,Austin Krajicek,26
2016,253,Salvatore Caruso,24
2016,254,Aldin Setkic,29
2016,255,Blaz Rola,26
2016,256,Alexandre Sidorenko,28
2016,257,Thiemo de Bakker,28
2016,258,Maxime Janvier,20
2016,259,Axel Michon,26
2016,260,Marc Sieber,28
2016,261,Vaclav Safranek,22
2016,262,Sekou Bangoura,25
2016,263,Luke Saville,22
2016,264,Caio Zampieri,30
2016,265,Andrea Arnaboldi,28
2016,266,Laurynas Grigelis,25
2016,267,Filippo Volandri,35
2016,268,Maxime Authom,29
2016,269,Sadio Doumbia,26
2016,270,Ti Chen,33
2016,271,Edward Corrie,28
2016,272,Yannick Maden,27
2016,273,Alejandro Falla,33
2016,274,Pere Riba,28
2016,275,Ricardo Ojeda Lara,23
2016,276,Cameron Norrie,21
2016,277,Eduardo Struvay,26
2016,278,Germain Gigounon,27
2016,279,Kamil Majchrzak,20
2016,280,Jerzy Janowicz,26
2016,281,Sam Barry,24
2016,282,Tommy Paul,19
2016,283,Antal Van Der Duim,29
2016,284,Lloyd Harris,19
2016,285,Zhe Li,30
2016,286,Blake Mott,20
2016,287,Petr Michnev,27
2016,288,Sebastian Ofner,20
2016,289,Roberto Quiroz,24
2016,290,Calvin Hemery,21
2016,291,Gianluigi Quinzi,20
2016,292,Jaume Munar,19
2016,293,Edouard Roger-Vasselin,33
2016,294,Emilio Gomez,25
2016,295,Alexey Vatutin,24
2016,296,Clement Geens,20
2016,297,Egor Gerasimov,24
2016,298,Kevin Krawietz,24
2016,299,Laurent Lokoli,22
2016,300,Lorenzo Sonego,21
2016,301,Marek Jaloviec,22
2016,302,Liam Broady,22
2016,303,Dragos Dima,24
2016,304,Michael Linzer,27
2016,305,Pedro Martinez,19
2016,306,Jurgen Melzer,35
2016,307,Philip Bester,28
2016,308,Tomas Lipovsek Puches,23
2016,309,Alessandro Bega,25
2016,310,Oriol Roca Batalla,23
2016,311,Adrian Ungur,31
2016,312,Attila Balazs,28
2016,313,Carlos Taberner,19
2016,314,Maxime Hamou,21
2016,315,Yannick Hanfmann,25
2016,316,Frederico Ferreira Silva,21
2016,317,Dzmitry Zhyrmont,27
2016,318,Adam El Mihdawy,27
2016,319,Gianni Mina,24
2016,320,Prajnesh Gunneswaran,27
2016,321,Mackenzie McDonald,21
2016,322,Brydan Klein,26
2016,323,David Perez Sanz,22
2016,324,Max Purcell,18
2016,325,Albano Olivetti,25
2016,326,Stefano Travaglia,24
2016,327,Daniel Nguyen,26
2016,328,Nikola Mektic,28
2016,329,Jurgen Zopp,28
2016,330,Nicolas Jarry,21
2016,331,Alexandre Muller,19
2016,332,Yann Marti,28
2016,333,Yannick Jankovits,29
2016,334,Roman Safiullin,19
2016,335,Gianluca Mager,22
2016,336,Soonwoo Kwon,19
2016,337,Michal Konecny,27
2016,338,Edoardo Eremin,23
2016,339,Shuichi Sekiguchi,25
2016,340,Mikael Torpegaard,22
2016,341,Juan Ignacio Londero,23
2016,342,Joao Domingues,23
2016,343,Joao Pedro Sorgi,23
2016,344,Juan Pablo Paz,21
2016,345,Danilo Petrovic,24
2016,346,Karim-Mohamed Maamoun,25
2016,347,Tallon Griekspoor,20
2016,348,Maxime Chazal,23
2016,349,Alex de Minaur,17
2016,350,Evan King,24
2016,351,Daniel Munoz de la Nava,34
2016,352,Hugo Nys,25
2016,353,Alvaro Lopez San Martin,19
2016,354,Gleb Sakharov,28
2016,355,Marek Michalicka,30
2016,356,Sumit Nagal,19
2016,357,Roberto Ortega-Olmedo,25
2016,358,Tommy Robredo,34
2016,359,Nils Langer,26
2016,360,Andrea Collarini,24
2016,361,Vladyslav Manafov,23
2016,362,Benjamin Bonzi,20
2016,363,Ivan Nedelko,30
2016,364,Andreas Beck,30
2016,365,Cem Ilkel,21
2016,366,Raymond Sarmiento,24
2016,367,Omar Jasika,19
2016,368,Sanjar Fayziev,22
2016,369,Gregoire Jacq,24
2016,370,Peter Torebko,28
2016,371,Marvin Netuschil,25
2016,372,Jan Mertl,34
2016,373,Seongchan Hong,19
2016,374,Lamine Ouahab,32
2016,375,Walter Trusendi,31
2016,376,Daniel Elahi Galan,20
2016,377,Takuto Niki,29
2016,378,Matteo Viola,29
2016,379,Christopher Heyman,23
2016,380,Lloyd Glasspool,23
2016,381,Tim van Rijthoven,19
2016,382,Nicolas Meister,27
2016,383,Hubert Hurkacz,19
2016,384,Mikelis Libietis,24
2016,385,Nicolas Barrientos,29
2016,386,Pablo Vivero Gonzalez,21
2016,387,Frederik Nielsen,33
2016,388,Alejandro Gomez,25
2016,389,Jarmere Jenkins,26
2016,390,Jaroslav Pospisil,35
2016,391,Evgenii Tiurnev,19
2016,392,Dayne Kelly,26
2016,393,Maximilian Neuchrist,25
2016,394,Maximiliano Estevez,27
2016,395,Maverick Banes,24
2016,396,Eric Quigley,27
2016,397,Marc Giner,25
2016,398,Lukas Mugevicius,22
2016,399,Ante Pavic,27
2016,400,Alex Kuznetsov,29
2016,401,Mario Vilella Martinez,21
2016,402,Botic van de Zandschulp,21
2016,403,Lucas Miedler,20
2016,404,Daniel Altmaier,18
2016,405,Julien Dubail,28
2016,406,Cheong-Eui Kim,26
2016,407,Facundo Mena,24
2016,408,Alexander Ward,26
2016,409,Edan Leshem,19
2016,410,Bernabe Zapata Miralles,19
2016,411,Dmitry Tursunov,34
2016,412,Makoto Ochi,20
2016,413,Temur Ismailov,21
2016,414,Bruno Santanna,23
2016,415,Miki Jankovic,22
2016,416,Christian Lindell,25
2016,417,N.Sriram Balaji,26
2016,418,Remi Boutillier,26
2016,419,Enzo Couacaud,21
2016,420,David Guez,34
2016,421,Tomislav Brkic,26
2016,422,Romain Jouan,31
2016,423,Yusuke Takahashi,19
2016,424,Jan Hernych,37
2016,425,Filip Horansky,23
2016,426,Alexandar Lazov,26
2016,427,Fred Gil,31
2016,428,Michal Przysiezny,32
2016,429,Jimmy Wang,31
2016,430,Peter Nagy,24
2016,431,Kaichi Uchida,22
2016,432,Pablo Andujar,30
2016,433,Dimitar Kuzmanov,23
2016,434,Vishnu Vardhan,29
2016,435,Matteo Berrettini,20
2016,436,Yong-Kyu Lim,25
2016,437,Maxim Dubarenco,23
2016,438,Daniel Dutra da Silva,28
2016,439,Erik Crepaldi,26
2016,440,Facundo Arguello,24
2016,441,Marcus Willis,26
2016,442,Jesse Huta Galung,31
2016,443,Niels Lootsma,22
2016,444,James Ward,29
2016,445,Aleksandre Metreveli,23
2016,446,Brayden Schnur,21
2016,447,Christopher Rungkat,26
2016,448,Vladimir Ivanov,29
2016,449,Bastian Malla,20
2016,450,Tak Khunn Wang,25
2016,451,Robin Stanek,21
2016,452,Xin Gao,22
2016,453,Carl Soderlund,19
2016,454,Mats Moraing,24
2016,455,Markus Eriksson,27
2016,456,Marco Bortolotti,25
2016,457,Franco Agamenone,23
2016,458,Peter Kobelt,26
2016,459,Kuan-Yi Lee,20
2016,460,Tomas Barrios Vera,19
2016,461,Rubin Statham,29
2016,462,Tomas Papik,22
2016,463,Pol Toledo Bague,22
2016,464,Simone Bolelli,31
2016,465,Ivan Gakhov,20
2016,466,Hernan Casanova,22
2016,467,Dennis Nevolo,27
2016,468,Romain Barbosa,22
2016,469,Andres Artunedo Martinavarro,23
2016,470,Cedrik-Marcel Stebe,26
2016,471,Gavin Van Peperzeel,24
2016,472,Lorenzo Frigerio,27
2016,473,Jonas Luetjen,26
2016,474,Juan Ignacio Galarza,22
2016,475,Lenny Hampel,20
2016,476,Hans Podlipnik-Castillo,28
2016,477,Antoine Hoang,21
2016,478,Claudio Fortuna,26
2016,479,Corentin Denolly,19
2016,480,Mariano Kestelboim,20
2016,481,Gonzalo Oliveira,21
2016,482,Andrea Pellegrino,19
2016,483,Nino Serdarusic,20
2016,484,Andriej Kapas,27
2016,485,Albert Alcaraz Ivorra,21
2016,486,Christian Harrison,22
2016,487,Ivan Endara,28
2016,488,Adrien Bossel,29
2016,489,Scott Griekspoor,25
2016,490,Hugo Grenier,20
2016,491,Pedro Cachin,21
2016,492,Finn Tearney,26
2016,493,Matthias Bachinger,29
2016,494,Bradley Mousley,20
2016,495,Riccardo Bonadio,23
2016,496,Vit Kopriva,19
2016,497,Mikael Ymer,18
2016,498,Niels Desein,29
2016,499,Benjamin Mitchell,24
2016,500,Shintaro Imai,23
2016,501,Evgeny Karlovskiy,22
2016,502,Alexander Igoshin,24
2016,503,Farrukh Dustov,30
2016,504,Gonzalo Escobar,27
2016,505,Anil Yuksel,26
2016,506,Antoine Escoffier,24
2016,507,Matias Zukas,20
2016,508,Federico Zeballos,28
2016,509,Filip Peliwo,22
2016,510,Denys Mylokostov,23
2016,511,Dominik Kellovsky,20
2016,512,Markos Kalovelonis,22
2016,513,Mukund Sasikumar,19
2016,514,Dominik Koepfer,22
2016,515,Yaraslav Shyla,23
2016,516,Jonny O'Mara,21
2016,517,Nicolaas Scholtz,25
2016,518,Oscar Otte,23
2016,519,Sebastian Fanselow,24
2016,520,Omar Salman,20
2016,521,Petru-Alexandru Luncanu,27
2016,522,Altug Celikbilek,20
2016,523,Matija Pecotic,27
2016,524,Wil Spencer,27
2016,525,Nicolas Santos,28
2016,526,Laurent Rochette,28
2016,527,Gabriel Alejandro Hidalgo,26
2016,528,Takanyi Garanganga,26
2016,529,Corentin Moutet,17
2016,530,Daniel Cukierman,21
2016,531,Antonio Massara,21
2016,532,Yuki Bhambri,24
2016,533,Nikola Cacic,26
2016,534,Juan Sebastian Gomez,24
2016,535,Jay Clarke,18
2016,536,Benjamin Lock,23
2016,537,Bastian Trinker,26
2016,538,Louis Wessels,18
2016,539,Francisco Bahamonde,20
2016,540,Patrik Rosenholm,28
2016,541,Gonzalo Villanueva,21
2016,542,Jaume Pla Malfeito,21
2016,543,Pedro Sakamoto,23
2016,544,Orlando Luz,18
2016,545,Lennert Van Der Linden,27
2016,546,Marcelo Zormann,20
2016,547,Fernando Romboli,27
2016,548,Tobias Simon,25
2016,549,Greg Jones,27
2016,550,Mate Delic,23
2016,551,Jared Hiltzik,22
2016,552,Gerard Granollers,27
2016,553,Adelchi Virgili,26
2016,554,Connor Smith,26
2016,555,Andre Gaspar Murta,22
2016,556,Masato Shiga,25
2016,557,Rhyne Williams,25
2016,558,Ryan Shane,22
2016,559,Fabien Reboul,21
2016,560,Ricardo Hocevar,31
2016,561,Omar Giacalone,24
2016,562,Miliaan Niesten,28
2016,563,Anton Zaitcev,29
2016,564,Vijay S P Natarajan,30
2016,565,Lucas Gomez,21
2016,566,JiSung Nam,23
2016,567,Gianluca Naso,29
2016,568,Jose Pereira,25
2016,569,Robin Kern,23
2016,570,Alexis Musialek,28
2016,571,Francesco Vilardo,26
2016,572,Sergey Betov,29
2016,573,Isak Arvidsson,24
2016,574,Andrea Basso,23
2016,575,Michal Schmid,28
2016,576,Julien Cagnina,22
2016,577,Jonas Merckx,23
2016,578,Ljubomir Celebic,25
2016,579,Marcos Giron,23
2016,580,Cristian Rodriguez,26
2016,581,Pawel Juszczak,22
2016,582,Nicolae Frunza,19
2016,583,Sami Reinwein,24
2016,584,Michael Geerts,21
2016,585,Kento Takeuchi,29
2016,586,Alex Bolt,23
2016,587,Martin Cuevas,24
2016,588,Joao Monteiro,22
2016,589,Danylo Kalenichenko,22
2016,590,Vitaly Kozyukov,22
2016,591,Andrea Vavassori,21
2016,592,Alexander Zhurbin,24
2016,593,Cristobal Saavedra-Corvalan,26
2016,594,Yosuke Watanuki,18
2016,595,Roberto Cid Subervi,23
2016,596,Viktor Galovic,26
2016,597,Yun seong Chung,18
2016,598,Evan Song,24
2016,599,Jules Okala,19
2016,600,Alexandar Lazarov,19
2016,601,Patrik Fabian,22
2016,602,Juan Pablo Ficovich,19
2016,603,Daniel Cox,26
2016,604,Alejandro Tabilo,19
2016,605,Jumpei Yamasaki,19
2016,606,Jan Choinski,20
2016,607,David Pichler,20
2016,608,Roberto Marcora,27
2016,609,Yan Bai,27
2016,610,Bar Tzuf Botzer,22
2016,611,Antoine Bellier,20
2016,612,Vadym Ursu,19
2016,613,Felix Auger-Aliassime,16
2016,614,Juan Carlos Saez,25
2016,615,Luke Bambridge,21
2016,616,Carlos Gomez-Herrera,26
2016,617,Sidharth Rawat,23
2016,618,Mick Lescure,23
2016,619,Nerman Fatic,22
2016,620,Pavel Nejedly,23
2016,621,Fajing Sun,20
2016,622,Viktor Durasovic,19
2016,623,Pascal Meis,23
2016,624,Laslo Urrutia Fuentes,26
2016,625,Artem Smirnov,28
2016,626,Gibril Diarra,26
2016,627,Chuhan Wang,24
2016,628,Ben Patael,19
2016,629,Marat Deviatiarov,22
2016,630,Victor Baluda,24
2016,631,Daniel Nolan,19
2016,632,Carlos Boluda-Purkiss,23
2016,633,Lleyton Hewitt,35
2016,634,Hong Chung,23
2016,635,Geoffrey Blancaneaux,18
2016,636,Yecong He,22
2016,637,Julian Reister,30
2016,638,Neil Pauffley,26
2016,639,Jordan Ubiergo,23
2016,640,Filip Veger,22
2016,641,Juan Pablo Varillas,21
2016,642,Issei Okamura,24
2016,643,Tucker Vorster,28
2016,644,Liang-Chi Huang,24
2016,645,Giovanni Lapentti,33
2016,646,Alexander Vasilenko,21
2016,647,Oscar Jose Gutierrez,23
2016,648,Jose Fco. Vidal Azorin,23
2016,649,Christopher Eubanks,20
2016,650,Boy Westerhof,31
2016,651,Maxime Teixeira,27
2016,652,Joran Vliegen,23
2016,653,Marcin Gawron,28
2016,654,Ilya Vasilyev,20
2016,655,Ching-Mou Yu,21
2016,656,Denys Molchanov,29
2016,657,Jacopo Stefanini,20
2016,658,Davide Galoppini,22
2016,659,Patricio Heras,27
2016,660,Sanam Singh,28
2016,661,Alberto Brizzi,32
2016,662,Nam Hoang Ly,19
2016,663,Young Seok Kim,21
2016,664,Gonzales Austin,24
2016,665,Min-Hyeok Cho,29
2016,666,Matt Reid,26
2016,667,Gengo Kikuchi,25
2016,668,Richard Gabb,24
2016,669,Alex Molcan,19
2016,670,Thomas Fancutt,21
2016,671,Filipp Kekercheni,21
2016,672,Clay Thompson,24
2016,673,Pascal Brunner,27
2016,674,Christoph Negritu,22
2016,675,Matwe Middelkoop,33
2016,676,Thai-Son Kwiatkowski,21
2016,677,Thomas Brechemier,20
2016,678,Sho Katayama,27
2016,679,Dragos Nicolae Madaras,19
2016,680,Nick Chappell,24
2016,681,Christopher Diaz-Figueroa,26
2016,682,Fabrizio Ornago,24
2016,683,Miguel Semmler,19
2016,684,Bowen Ouyang,24
2016,685,Tim Puetz,29
2016,686,Reda El Amrani,28
2016,687,Anis Ghorbel,27
2016,688,Juan Manuel Benitez Chavarriaga,21
2016,689,Gianluca Di Nicola,21
2016,690,Jelle Sels,21
2016,691,Alberto Romero De Avila Senise,19
2016,692,David Poljak,20
2016,693,Sebastien Boltz,23
2016,694,Johan Nikles,19
2016,695,Jonathan Kanar,22
2016,696,Flavio Cipolla,33
2016,697,Benjamin Balleret,33
2016,698,Matthew Ebden,29
2016,699,Mateo Nicolas Martinez,22
2016,700,Rigele Te,19
2016,701,Luca Pancaldi,23
2016,702,Vasile Antonescu,26
2016,703,MinKyu Song,26
2016,704,Sang-Woo Noh,24
2016,705,Kenneth Raisma,18
2016,706,Kirill Dmitriev,25
2016,706,Sander Gille,25
2016,708,Yannick Vandenbulcke,26
2016,709,Julian Onken,28
2016,710,Grzegorz Panfil,28
2016,711,Yuichi Ito,30
2016,712,Samuel Bensoussan,25
2016,713,Andres Molteni,28
2016,714,Adrien Puget,25
2016,715,Carlos Eduardo Severino,26
2016,716,Filippo Baldi,20
2016,717,Thales Turini,27
2016,718,Vadim Alekseenko,33
2016,719,Ryan Haviland,36
2016,720,Mikhail Elgin,35
2016,721,Steven De Waard,25
2016,722,Ilija Vucic,26
2016,723,Jose Olivares,19
2016,724,Renta Tokuda,18
2016,725,Borna Gojo,18
2016,726,Alexios Halebian,22
2016,727,Nicola Ghedin,28
2016,728,Marcos Giraldi Requena,23
2016,729,Julian Ocleppo,19
2016,730,Fabiano De Paula,28
2016,731,Dominik Boehler,20
2016,732,James Marsalek,24
2016,733,Naoki Nakagawa,20
2016,734,Luis Patino,23
2016,735,Bogdan Borza,19
2016,736,Winston Lin,23
2016,737,Alexander Lobkov,26
2016,738,Artur Dubinski,20
2016,739,Khumoyun Sultanov,18
2016,740,Zihao Xia,19
2016,741,Dejan Katic,28
2016,741,David Agung Susanto,25
2016,743,Oliver Anderson,18
2016,744,Andrei Vasilevski,25
2016,745,Teodor-Dacian Craciun,36
2016,746,Hugo Dellien,23
2016,747,Patrik Niklas-Salminen,19
2016,748,Johannes Haerteis,20
2016,749,Maxime Tabatruong,27
2016,750,Joao Menezes,20
2016,751,Rishab Agarwal,21
2016,752,Fred Simonsson,22
2016,753,Hugo Voljacques,23
2016,754,Raul Brancaccio,19
2016,755,Johan Tatlot,20
2016,756,Julian Lenz,23
2016,757,Aleksandar Vukic,20
2016,758,Jurabek Karimov,18
2016,759,Evgeny Elistratov,21
2016,760,Oleksandr Bielinskyi,22
2016,761,Franco Emanuel Egea,20
2016,762,Scott Clayton,22
2016,763,David Vega Hernandez,22
2016,764,Matteo Trevisan,27
2016,765,Joshua Milton,27
2016,766,Tsung-Hua Yang,25
2016,767,Alessandro Petrone,26
2016,768,Gijs Brouwer,20
2016,769,Caio Silva,25
2016,770,Ryota Tanuma,21
2016,771,Muhammet Haylaz,21
2016,772,Dan Dowson,20
2016,773,Austin Smith,23
2016,774,Igor Marcondes,19
2016,775,Jakob Sude,25
2016,776,Ryusei Makiguchi,25
2016,777,Ricardo Rodriguez - Pace,23
2016,778,Raleigh Smith,25
2016,779,Martin Beran,21
2016,780,Dominic Weidinger,21
2016,781,Wishaya Trongcharoenchaikul,21
2016,782,Tomislav Jotovski,26
2016,783,Ronan Joncour,19
2016,784,JC Aragone,21
2016,785,Nicola Kuhn,16
2016,786,Richard Muzaev,24
2016,787,Deiton Baughman,20
2016,788,Manuel Sanchez,25
2016,789,Lukas Ollert,24
2016,790,Yusuke Watanuki,26
2016,791,Martins Podzus,22
2016,792,Tomislav Ternar,26
2016,793,Soichiro Moritani,22
2016,794,Denis Matsukevich,30
2016,795,Farris Fathi Gosea,22
2016,796,Aron Hiltzik,20
2016,797,Youssef Hossam,18
2016,798,Miomir Kecmanovic,17
2016,799,Valentin Vacherot,18
2016,800,Timon Reichelt,27
2016,801,Leny Mitjana,22
2016,802,Guillermo Rivera-Aranguiz,27
2016,803,Jorge Montero,26
2016,804,Peter Goldsteiner,26
2016,805,Ivan Davydov,20
2016,806,Matias Franco Descotte,22
2016,807,John Lamble,24
2016,808,George Tsivadze,23
2016,809,Gabor Borsos,25
2016,810,Denis Yevseyev,23
2016,811,Elmar Ejupovic,23
2016,812,Issam Haitham Taweel,27
2016,813,Fabricio Neis,26
2016,814,Javier Marti,24
2016,815,Aziz Dougaz,19
2016,816,Mike Urbanija,27
2016,817,Stanislav Poplavskyy,25
2016,818,Gian Marco Moroni,18
2016,819,Peter Bothwell,21
2016,820,Mauricio Echazu,27
2016,821,Eduard Esteve Lobato,22
2016,822,Leon Schutt,23
2016,823,Kevin Griekspoor,25
2016,824,Francesco Picco,25
2016,825,Joel Cannell,19
2016,826,Nik Razborsek,23
2016,827,Peter Vajda,20
2016,828,Volodoymyr Uzhylovskyi,28
2016,829,Baptiste Crepatte,22
2016,830,Ilya Lebedev,26
2016,831,Hiroyasu Ehara,25
2016,832,Cameron Silverman,24
2016,833,Moez Echargui,23
2016,834,Simeon Rossier,21
2016,835,Milan Drinic,19
2016,836,Pietro Licciardi,22
2016,837,Frank Moser,40
2016,838,Maxime Mora,19
2016,839,Michael Grant,24
2016,840,Zhizhen Zhang,20
2016,841,Jeroen Vanneste,22
2016,842,Mico Santiago,22
2016,843,Giorgio Ricca,21
2016,844,Libor Salaba,24
2016,845,Filippo Leonardi,29
2016,846,Andrei Stefan Apostol,21
2016,847,Ken Onishi,20
2016,848,Colin Van Beem,24
2016,849,Bernd Kossler,23
2016,850,George Von Massow,26
2016,851,Dekel Bar,23
2016,852,Bradley Klahn,26
2016,853,Cristian Villagran,34
2016,854,Andre Goransson,22
2016,855,Yuya Ito,19
2016,856,Daniele Capecchi,21
2016,857,Alejandro Davidovich Fokina,17
2016,858,Jeremy Beale,22
2016,859,Nathan Pasha,24
2016,860,Amine Ahouda,19
2016,861,Louis Tessa,18
2016,862,Luca Margaroli,24
2016,863,Bernardo Saraiva,23
2016,864,Connor Farren,22
2016,865,Bastian Wagner,22
2016,866,Maciej Smola,23
2016,867,Alexandru Jecan,28
2016,868,Sherif Sabry,30
2016,869,Florian Fallert,24
2016,870,Cristian Carli,20
2016,871,Kevin King,25
2016,872,Harry Bourchier,20
2016,873,Marek Gengel,21
2016,874,Mikhail Fufygin,26
2016,875,Francis Casey Alcantara,24
2016,876,Camilo Ugo Carabelli,17
2016,877,Elie Rousset,27
2016,878,Tom Kocevar-Desman,26
2016,879,Juan Lizariturry,25
2016,880,Viktor Filipenko,25
2016,881,Tal Goldengoren,20
2016,882,Patrik Nema,19
2016,883,Gaston-Arturo Grimolizzi,30
2016,884,Duje Kekez,23
2016,885,Jean-Marc Werner,26
2016,886,Felipe Mantilla,23
2016,887,Christian Hirschmueller,23
2016,888,Thomas Statzberger,24
2016,889,Francois-Arthur Vibert,26
2016,890,Wilson Leite,25
2016,891,Rui Machado,32
2016,892,Johann Willems,21
2016,893,Jarryd Chaplin,24
2016,894,Tiago Lopes,30
2016,895,Demian Raab,23
2016,896,Ranjeet Virali-Murugesan,31
2016,897,Matej Vocel,19
2016,898,Ryota Kishi,23
2016,899,Jonathan Mridha,21
2016,900,Karim Hossam,22
2016,901,Andre Miele,29
2016,902,Marc Fornell-Mestres,34
2016,903,Hunter Callahan,24
2016,904,Daniel Appelgren,20
2016,905,Florent Diep,25
2016,906,Maciej Rajski,25
2016,907,Michal Dembek,19
2016,908,Lukasz Kubot,34
2016,909,Somdev Devvarman,31
2016,910,Tung-Lin Wu,18
2016,911,Dalwinder Singh,20
2016,912,David Pel,25
2016,913,Romain Arneodo,24
2016,914,Joy Vigani,20
2016,915,Stijn Meulemans,24
2016,916,Maxim Ratniuk,20
2016,917,Eros Siringo,25
2016,918,Vasko Mladenov,27
2016,919,Arata Onozawa,28
2016,920,Javier Pulgar-Garcia,27
2016,921,Mor Bulis,20
2016,922,Lucas Catarina,20
2016,923,Nuno Deus,21
2016,924,Jorge Hernando Ruano,29
2016,925,Petar Conkic,20
2016,926,Sergio Martos Gornes,22
2016,927,Yan Sabanin,26
2016,928,Pirmin Haenle,28
2016,929,Ruben Gonzales,31
2016,930,Roman Jebavy,27
2016,931,Yshai Oliel,16
2016,932,Yibing Wu,17
2016,933,Lukas Ruepke,23
2016,934,Piotr Matuszewski,18
2016,935,Hong Kit Wong,18
2016,936,Alex Rybakov,19
2016,937,Ivan Bjelica,32
2016,938,Raphael Baltensperger,19
2016,939,Yurii Dzhavakian,23
2016,940,Ricardo Urzua-Rivera,27
2016,941,Jake Delaney,19
2016,941,Franjo Raspudic,26
2016,943,Petr Hajek,19
2016,943,Santiago Maresca,22
2016,945,Riccardo Sinicropi,26
2016,946,Andrew Carter,26
2016,947,Romain Bauvy,22
2016,948,Mateusz Terczynski,20
2016,949,Jui-Chen Hung,26
2016,950,Aria Harajchi,20
2016,951,Riccardo Ghedin,31
2016,952,Mikhail Vaks,23
2016,953,Alan Gadjiev,20
2016,954,Genaro Alberto Olivieri,18
2016,954,Krisjanis Stabins,27
2016,956,Ronald Slobodchikov,23
2016,957,Pavel Kotov,18
2016,958,Alban Meuffels,24
2016,959,Shane Vinsant,23
2016,960,Orel Ovil,20
2016,961,Jordan Correia,19
2016,961,Rafael Matos,20
2016,961,Keelan Oakley,24
2016,964,Milos Sekulic,27
2016,965,Eduardo Agustin Torre,22
2016,966,Alex Blumenberg,24
2016,967,Anton Galkin,25
2016,968,Ondrej Krstev,19
2016,969,Eduardo Dischinger,24
2016,970,Daniil Zarichanskyy,18
2016,971,Joshua Paris,20
2016,972,Timur Khabibulin,21
2016,973,Alberto Cammarata,23
2016,974,Darko Jandric,22
2016,975,Nils Brinkmann,24
2016,976,Alon Elia,21
2016,977,Oleg Khotkov,26
2016,978,Alessandro Luisi,27
2016,979,Fabrice Martin,30
2016,980,Mikhail Ledovskikh,30
2016,981,Miguel Semedo,20
2016,982,Nico Matic,24
2016,983,Kacper Zuk,17
2016,984,Matteo Fago,29
2016,985,Evan Zhu,18
2016,986,Jolan Cailleau,21
2016,987,Mate Valkusz,18
2016,988,Jurij Rodionov,17
2016,989,Daniel Yoo,31
2016,990,Evan Furness,18
2016,991,Ricardo Villacorta-Alonso,31
2016,992,Ugo Humbert,18
2016,993,Gabriel Donev,20
2016,994,Mitchell Thomas Mcdaniels,24
2016,995,Pietro Rondoni,23
2016,996,Patrick Daciek,26
2016,997,Darren K. Polkinghorne,23
2016,998,Jirat Navasirisomboon,20
2016,999,Matthieu Roy,27
2016,1000,Manuel Guinard,21
2015,1,Novak Djokovic,28
2015,2,Andy Murray,28
2015,3,Roger Federer,34
2015,4,Stan Wawrinka,30
2015,5,Rafael Nadal,29
2015,6,Tomas Berdych,30
2015,7,David Ferrer,33
2015,8,Kei Nishikori,25
2015,9,Richard Gasquet,29
2015,10,Jo-Wilfried Tsonga,30
2015,11,John Isner,30
2015,12,Kevin Anderson,29
2015,13,Marin Cilic,27
2015,14,Milos Raonic,25
2015,15,Gilles Simon,31
2015,16,David Goffin,25
2015,17,Feliciano Lopez,34
2015,18,Bernard Tomic,23
2015,19,Benoit Paire,26
2015,20,Dominic Thiem,22
2015,21,Fabio Fognini,28
2015,22,Viktor Troicki,29
2015,23,Ivo Karlovic,36
2015,24,Gael Monfils,29
2015,25,Roberto Bautista Agut,27
2015,26,Jack Sock,23
2015,27,Guillermo Garcia-Lopez,32
2015,28,Grigor Dimitrov,24
2015,29,Andreas Seppi,31
2015,30,Nick Kyrgios,20
2015,31,Jeremy Chardy,28
2015,32,Steve Johnson,26
2015,33,Joao Sousa,26
2015,34,Philipp Kohlschreiber,32
2015,35,Leonardo Mayer,28
2015,36,Alexandr Dolgopolov,27
2015,37,Thomaz Bellucci,27
2015,38,Gilles Muller,32
2015,39,Vasek Pospisil,25
2015,40,Pablo Cuevas,29
2015,41,Jiri Vesely,22
2015,42,Tommy Robredo,33
2015,43,Martin Klizan,26
2015,44,Borna Coric,19
2015,45,Aljaz Bedene,26
2015,46,Marcos Baghdatis,30
2015,47,Adrian Mannarino,27
2015,48,Donald Young,26
2015,49,Fernando Verdasco,32
2015,50,Teymuraz Gabashvili,30
2015,51,Hyeon Chung,19
2015,52,Federico Delbonis,25
2015,53,Juan Monaco,31
2015,54,Albert Ramos-Vinolas,27
2015,55,Lukas Rosol,30
2015,56,Victor Estrella Burgos,35
2015,57,Jerzy Janowicz,25
2015,58,Simone Bolelli,30
2015,59,Sam Querrey,28
2015,60,Sam Groth,28
2015,61,Denis Istomin,29
2015,62,Sergiy Stakhovsky,29
2015,63,Andreas Haider-Maurer,28
2015,64,Pablo Andujar,29
2015,65,Mikhail Kukushkin,28
2015,66,Robin Haase,28
2015,67,Pablo Carreno Busta,24
2015,68,Paolo Lorenzi,34
2015,69,Denis Kudla,23
2015,70,Santiago Giraldo,28
2015,71,Nicolas Mahut,33
2015,72,Inigo Cervantes,26
2015,73,Nicolas Almagro,30
2015,74,Guido Pella,25
2015,75,Daniel Munoz de la Nava,33
2015,76,Dusan Lajovic,25
2015,77,Yen-Hsun Lu,32
2015,78,Lucas Pouille,21
2015,79,Andrey Kuznetsov,24
2015,80,Thanasi Kokkinakis,19
2015,81,Ernests Gulbis,27
2015,82,Damir Dzumhur,23
2015,83,Alexander Zverev,18
2015,84,Marcel Granollers,29
2015,85,Ricardas Berankis,25
2015,86,Steve Darcis,31
2015,87,Ivan Dodig,30
2015,88,Diego Schwartzman,23
2015,89,Rajeev Ram,31
2015,90,Marco Cecchinato,23
2015,91,Evgeny Donskoy,25
2015,92,John Millman,26
2015,93,Yuki Bhambri,23
2015,94,Illya Marchenko,28
2015,95,Paul-Henri Mathieu,33
2015,96,Taro Daniel,22
2015,97,Benjamin Becker,34
2015,98,Daniel Gimeno-Traver,30
2015,99,Thiemo de Bakker,27
2015,100,Dudi Sela,30
2015,101,Filip Krajinovic,23
2015,102,Kyle Edmund,20
2015,103,Malek Jaziri,31
2015,104,Austin Krajicek,25
2015,105,Matthew Ebden,28
2015,106,Luca Vanni,30
2015,107,Jan-Lennard Struff,25
2015,108,Ruben Bemelmans,27
2015,109,Tim Smyczek,27
2015,110,Lukas Lacko,28
2015,111,Carlos Berlocq,32
2015,112,Ryan Harrison,23
2015,113,Nikoloz Basilashvili,23
2015,114,Marsel Ilhan,28
2015,115,Michael Berrer,35
2015,116,Albert Montanes,35
2015,117,Yoshihito Nishioka,20
2015,118,Dustin Brown,31
2015,119,Tatsuma Ito,27
2015,120,James Duckworth,23
2015,121,Radu Albot,26
2015,122,Alejandro Falla,32
2015,123,Edouard Roger-Vasselin,32
2015,124,Horacio Zeballos,30
2015,125,Rogerio Dutra Silva,31
2015,126,Yuichi Sugita,27
2015,127,Mikhail Youzhny,33
2015,128,Bjorn Fratangelo,22
2015,129,John-Patrick Smith,26
2015,130,Kimmer Coppejans,21
2015,131,Roberto Carballes Baena,22
2015,132,Go Soeda,31
2015,133,Gastao Elias,25
2015,134,Jared Donaldson,19
2015,135,Mirza Basic,24
2015,136,Elias Ymer,19
2015,137,Facundo Arguello,23
2015,138,Norbert Gombos,25
2015,139,Konstantin Kravchuk,30
2015,140,Facundo Bagnis,25
2015,141,Alejandro Gonzalez,26
2015,142,Joao Souza,27
2015,143,Adrian Menendez-Maceiras,30
2015,144,Blaz Rola,25
2015,145,Igor Sijsling,28
2015,146,Andrej Martin,26
2015,147,Maximo Gonzalez,32
2015,148,Kenny De Schepper,28
2015,149,Andre Ghem,33
2015,150,Dennis Novikov,22
2015,151,Blaz Kavcic,28
2015,152,Karen Khachanov,19
2015,153,Jarkko Nieminen,34
2015,154,Jordan Thompson,21
2015,155,Jurgen Melzer,34
2015,156,James Ward,28
2015,157,Thomas Fabbiano,26
2015,158,Andrea Arnaboldi,28
2015,159,Daniel Brands,28
2015,160,Adam Pavlasek,21
2015,161,Farrukh Dustov,29
2015,162,Aleksandr Nedovyesov,28
2015,163,Jurgen Zopp,27
2015,164,Alexander Kudryavtsev,30
2015,165,Marius Copil,25
2015,166,Gerald Melzer,25
2015,167,Pierre-Hugues Herbert,24
2015,168,David Guez,33
2015,169,Adrian Ungur,30
2015,170,Saketh Myneni,28
2015,171,Mischa Zverev,28
2015,172,Grega Zemlja,29
2015,173,Renzo Olivo,23
2015,174,Taylor Fritz,18
2015,175,Guilherme Clezar,22
2015,176,Frances Tiafoe,17
2015,177,Somdev Devvarman,30
2015,178,Vincent Millot,29
2015,179,Nicolas Kicker,23
2015,180,Matteo Donati,20
2015,181,Henri Laaksonen,23
2015,182,Franko Skugor,28
2015,183,Daniel Evans,25
2015,184,Brydan Klein,25
2015,185,Andrey Rublev,18
2015,186,Laslo Djere,20
2015,187,Luke Saville,21
2015,188,Egor Gerasimov,23
2015,189,Ze Zhang,25
2015,190,Hans Podlipnik-Castillo,27
2015,191,Jordi Samper-Montana,25
2015,192,Filippo Volandri,34
2015,193,Michal Przysiezny,31
2015,194,Peter Gojowczyk,26
2015,195,Aslan Karatsev,22
2015,196,Tristan Lamasine,22
2015,197,Radek Stepanek,37
2015,198,Alexander Sarkissian,25
2015,199,Hiroki Moriya,25
2015,200,Yannick Mertens,28
2015,201,Ti Chen,32
2015,202,James McGee,28
2015,203,Aldin Setkic,28
2015,204,Tsung-Hua Yang,24
2015,205,Quentin Halys,19
2015,206,Andrey Golubev,28
2015,207,Matija Pecotic,26
2015,208,Stephane Robert,35
2015,209,Frank Dancevic,31
2015,210,Giovanni Lapentti,32
2015,211,Dennis Novak,22
2015,212,Amir Weintraub,29
2015,213,Christian Lindell,24
2015,214,Marton Fucsovics,23
2015,215,Uladzimir Ignatik,25
2015,216,Daniel Nguyen,25
2015,217,Florian Mayer,32
2015,218,Nils Langer,25
2015,219,Pere Riba,27
2015,220,Yan Bai,26
2015,221,Gianluca Naso,28
2015,222,Matthias Bachinger,28
2015,223,Marco Trungelliti,25
2015,224,Jan Satral,25
2015,225,Calvin Hemery,20
2015,226,Darian King,23
2015,227,Salvatore Caruso,23
2015,228,Lamine Ouahab,31
2015,229,Duckhee Lee,17
2015,230,Jan Mertl,33
2015,231,Benjamin Mitchell,23
2015,232,Mathias Bourgue,21
2015,233,Pedro Cachin,20
2015,234,Artem Smirnov,27
2015,235,Connor Smith,25
2015,236,Denys Molchanov,28
2015,237,Di Wu,24
2015,238,Oriol Roca Batalla,22
2015,239,Mitchell Krueger,21
2015,240,Nikola Milojevic,20
2015,241,Bastian Trinker,25
2015,242,Riccardo Bellotti,24
2015,243,Pedja Krstin,21
2015,244,Jose Hernandez-Fernandez,25
2015,245,Federico Gaio,23
2015,246,Roberto Marcora,26
2015,247,Eduardo Struvay,25
2015,248,Ramkumar Ramanathan,21
2015,249,Zhe Li,29
2015,250,Jose Pereira,24
2015,251,Yasutaka Uchiyama,23
2015,252,Lorenzo Giustino,24
2015,253,Ruben Ramirez Hidalgo,37
2015,254,Alessandro Giannessi,25
2015,255,Maxime Chazal,22
2015,256,Jason Jung,26
2015,257,Dmitry Popko,19
2015,258,Germain Gigounon,26
2015,259,Jozef Kovalik,23
2015,260,Jonathan Eysseric,25
2015,261,Tennys Sandgren,24
2015,262,Gonzalo Lama,22
2015,263,David Perez Sanz,21
2015,264,Maximilian Marterer,20
2015,265,Gregoire Barrere,21
2015,266,Arthur De Greef,23
2015,267,Guido Andreozzi,24
2015,268,Niels Desein,28
2015,269,Alex Bolt,22
2015,270,Michael Linzer,26
2015,271,Miljan Zekic,27
2015,272,Javier Marti,23
2015,273,Maxime Authom,28
2015,274,Yannick Jankovits,28
2015,275,Kamil Majchrzak,19
2015,276,Tommy Paul,18
2015,277,Tobias Kamke,29
2015,278,Sanam Singh,27
2015,279,Victor Hanescu,34
2015,280,Marek Michalicka,29
2015,281,Mohamed Safwat,25
2015,282,Marco Chiudinelli,34
2015,283,Marcelo Arevalo,25
2015,284,Axel Michon,25
2015,285,Gavin Van Peperzeel,23
2015,286,Jan Hernych,36
2015,287,Juan Ignacio Londero,22
2015,288,Matteo Viola,28
2015,289,Constant Lestienne,23
2015,290,Maxime Teixeira,26
2015,291,Dimitar Kuzmanov,22
2015,292,Sebastien Boltz,22
2015,293,Kevin King,24
2015,294,Nicolas Barrientos,28
2015,295,Sekou Bangoura,24
2015,296,Marinko Matosevic,30
2015,297,Tomislav Brkic,25
2015,298,Frederico Ferreira Silva,20
2015,299,Matthew Barton,24
2015,300,Laurynas Grigelis,24
2015,301,Liam Broady,21
2015,302,Nicolas Meister,26
2015,303,Philip Bester,27
2015,304,Tucker Vorster,27
2015,305,Marko Tepavac,21
2015,306,Gerard Granollers,26
2015,307,Lleyton Hewitt,34
2015,308,Alexey Vatutin,23
2015,309,Ivan Nedelko,29
2015,310,Jimmy Wang,30
2015,311,Omar Jasika,18
2015,312,Dzmitry Zhyrmont,26
2015,313,Aleksandre Metreveli,22
2015,314,Eric Quigley,26
2015,315,Miki Jankovic,21
2015,316,Matt Reid,25
2015,317,Robin Stanek,20
2015,318,Dimitar Kutrovsky,28
2015,319,Emilio Gomez,24
2015,320,Rui Machado,31
2015,321,Cristian Garin,19
2015,322,Caio Zampieri,29
2015,323,Alessandro Bega,24
2015,324,Erik Crepaldi,25
2015,325,Flavio Cipolla,32
2015,326,Gleb Sakharov,27
2015,327,Gianluca Mager,21
2015,328,Pablo Vivero Gonzalez,20
2015,329,Daniil Medvedev,19
2015,330,Tomas Lipovsek Puches,22
2015,331,Alexander Ward,25
2015,332,Maxime Hamou,20
2015,333,Chase Buchanan,24
2015,334,Fernando Romboli,26
2015,335,Michal Konecny,26
2015,336,Noah Rubin,19
2015,337,Maxim Dubarenco,22
2015,338,Edoardo Eremin,22
2015,339,Maxime Janvier,19
2015,340,Scott Griekspoor,24
2015,341,Facundo Mena,23
2015,342,Juan Carlos Saez,24
2015,343,Mikhail Elgin,34
2015,344,Yannik Reuter,24
2015,345,Carlos Eduardo Severino,25
2015,346,Jaroslav Pospisil,34
2015,347,Roberto Ortega-Olmedo,24
2015,348,Vaclav Safranek,21
2015,349,Nikola Mektic,27
2015,350,Alex Kuznetsov,28
2015,351,Stefan Kozlov,17
2015,352,Liang-Chi Huang,23
2015,353,Takuto Niki,28
2015,354,Gonzalo Escobar,26
2015,355,Ilya Ivashka,21
2015,356,Joshua Milton,26
2015,357,Deiton Baughman,19
2015,358,Lloyd Harris,18
2015,359,Adrien Bossel,28
2015,360,Marc Giner,24
2015,361,Yann Marti,27
2015,362,Francisco Bahamonde,19
2015,363,Finn Tearney,25
2015,364,Filip Horansky,22
2015,365,Daniel Cox,25
2015,366,Patricio Heras,26
2015,367,Adrien Puget,24
2015,368,Danilo Petrovic,23
2015,369,Hernan Casanova,21
2015,370,Lorenzo Sonego,20
2015,371,Mackenzie McDonald,20
2015,372,Nicolas Jarry,20
2015,373,Tom Jomby,24
2015,374,Lucas Miedler,19
2015,375,Frederik Nielsen,32
2015,376,Hiroyasu Ehara,24
2015,377,Sadio Doumbia,25
2015,378,Vijay S P Natarajan,29
2015,379,Cheong-Eui Kim,25
2015,380,Peter Kobelt,25
2015,381,Joris De Loore,22
2015,382,Antal Van Der Duim,28
2015,383,Gianluigi Quinzi,19
2015,384,Steven Diez,24
2015,385,Ivan Endara,27
2015,386,Juan Ignacio Galarza,21
2015,387,Andreas Beck,29
2015,388,Filip Peliwo,21
2015,389,Federico Coria,23
2015,390,Maximilian Neuchrist,24
2015,391,Dusan Lojda,27
2015,392,Rubin Statham,28
2015,393,Ernesto Escobedo,19
2015,394,Pascal Brunner,26
2015,395,Kirill Dmitriev,24
2015,396,Shuichi Sekiguchi,24
2015,397,Marco Bortolotti,24
2015,398,Henrique Cunha,25
2015,399,Sam Barry,23
2015,400,Adrian Sikora,27
2015,401,Remi Boutillier,25
2015,402,Takanyi Garanganga,25
2015,403,Nicolaas Scholtz,24
2015,404,Georgi Rumenov Payakov,26
2015,405,Maximiliano Estevez,26
2015,406,Stefano Napolitano,20
2015,407,Daniel Masur,21
2015,408,Clement Geens,19
2015,409,Carlos Boluda-Purkiss,22
2015,410,Janko Tipsarevic,31
2015,411,Petru-Alexandru Luncanu,26
2015,412,Kento Takeuchi,28
2015,413,Zhizhen Zhang,19
2015,414,Evan King,23
2015,415,Maxime Tabatruong,26
2015,416,Julien Cagnina,21
2015,417,Grzegorz Panfil,27
2015,418,Tom Kocevar-Desman,25
2015,419,Albert Alcaraz Ivorra,20
2015,420,Andriej Kapas,26
2015,421,Sumit Nagal,18
2015,422,Ricardo Rodriguez - Pace,22
2015,423,Mardy Fish,34
2015,424,Tim Puetz,28
2015,425,Peter Torebko,27
2015,426,Kevin Krawietz,23
2015,427,Daniel Elahi Galan,19
2015,428,Jeevan Nedunchezhiyan,27
2015,429,Vladimir Ivanov,28
2015,430,Bastian Malla,19
2015,431,Alexis Musialek,27
2015,432,Yaraslav Shyla,22
2015,433,Maverick Banes,23
2015,434,Enzo Couacaud,20
2015,435,Cem Ilkel,20
2015,436,Jesse Huta Galung,30
2015,437,Christopher Rungkat,25
2015,438,Mate Delic,22
2015,439,Vladyslav Manafov,22
2015,440,Jaume Munar,18
2015,441,Peter Heller,23
2015,442,Alexandar Lazov,25
2015,443,Daniel Smethurst,25
2015,444,Jan Choinski,19
2015,445,Omar Giacalone,23
2015,446,Temur Ismailov,20
2015,447,Agustin Velotti,23
2015,448,Adam El Mihdawy,26
2015,449,Ante Pavic,26
2015,450,Alexandre Sidorenko,27
2015,451,Tigre Hank,24
2015,452,Orlando Luz,17
2015,453,Edward Corrie,27
2015,454,Juan Pablo Paz,20
2015,455,Michael Mmoh,17
2015,456,Ricardo Ojeda Lara,22
2015,457,Stefano Travaglia,24
2015,458,Thales Turini,26
2015,459,Christopher Heyman,22
2015,460,Andre Dome,25
2015,461,Lloyd Glasspool,22
2015,462,Riccardo Ghedin,30
2015,463,Thiago Monteiro,21
2015,464,Matteo Trevisan,26
2015,465,Viktor Durasovic,18
2015,466,Dragos Dima,23
2015,467,Markus Eriksson,26
2015,468,Clay Thompson,23
2015,469,Marcos Giron,22
2015,470,Tommy Haas,37
2015,471,Lukasz Kubot,33
2015,472,Andrea Collarini,23
2015,473,Antonio Veic,27
2015,474,Marcus Willis,25
2015,475,Mario Vilella Martinez,20
2015,476,Antoine Escoffier,23
2015,477,David Vega Hernandez,21
2015,478,Marcos Giraldi Requena,22
2015,479,Enrique Lopez Perez,24
2015,480,Oscar Otte,22
2015,481,Mats Moraing,23
2015,482,Sanjar Fayziev,21
2015,483,Hugo Nys,24
2015,484,Prajnesh Gunneswaran,26
2015,485,Hugo Dellien,22
2015,486,Vishnu Vardhan,28
2015,487,Evgeny Karlovskiy,21
2015,488,Karim-Mohamed Maamoun,24
2015,489,Benjamin Balleret,32
2015,490,Nico Matic,23
2015,491,Julien Dubail,27
2015,492,Johan Tatlot,19
2015,493,Christopher Diaz-Figueroa,25
2015,494,Vasile Antonescu,25
2015,495,Richard Gabb,23
2015,496,Jung-Woong Na,23
2015,497,Daniel Dutra da Silva,27
2015,498,Joao Domingues,22
2015,499,Jeremy Jahn,25
2015,500,Dayne Kelly,25
2015,501,Miliaan Niesten,27
2015,502,Pedro Sakamoto,22
2015,503,Juan Sebastian Gomez,23
2015,504,Alexandre Folie,25
2015,505,Harry Bourchier,19
2015,506,Jaime Pulgar-Garcia,26
2015,507,Luke Bambridge,20
2015,508,Benjamin Bonzi,19
2015,509,Romain Barbosa,21
2015,510,Makoto Ochi,19
2015,511,Michael Geerts,20
2015,512,Libor Salaba,23
2015,513,Bradley Klahn,25
2015,514,Carlos Gomez-Herrera,25
2015,515,Jose Checa-Calvo,30
2015,516,Claudio Fortuna,25
2015,517,Riccardo Bonadio,22
2015,518,Evgeny Elistratov,20
2015,519,Wil Spencer,26
2015,520,David Rice,26
2015,521,Duje Kekez,22
2015,522,Eric Johnson,22
2015,523,Ivan Bjelica,31
2015,524,Karunuday Singh,25
2015,525,Matteo Berrettini,19
2015,526,Kaichi Uchida,21
2015,527,Julien Benneteau,34
2015,528,Sebastian Fanselow,23
2015,529,Laurent Rochette,27
2015,530,Alejandro Gomez,24
2015,531,Sandro Ehrat,24
2015,532,Yanais Laurent,23
2015,533,Volodoymyr Uzhylovskyi,27
2015,534,Richard Becker,24
2015,535,Dane Propoggia,25
2015,536,Filip Veger,21
2015,537,Joran Vliegen,22
2015,538,N.Sriram Balaji,25
2015,539,Lucas Gomez,20
2015,540,Guillermo Rivera-Aranguiz,26
2015,541,Florian Fallert,23
2015,542,Joao Menezes,19
2015,543,Francesco Vilardo,25
2015,544,Jason Kubler,22
2015,545,Jean-Marc Werner,25
2015,546,Lennert Van Der Linden,26
2015,547,Jules Marie,24
2015,548,Marcelo Zormann,19
2015,549,Francesco Picco,24
2015,550,Young Seok Kim,20
2015,551,Evan Song,23
2015,552,Mukund Sasikumar,18
2015,553,Patrik Fabian,21
2015,554,Federico Zeballos,27
2015,555,Neil Pauffley,25
2015,556,Gonzalo Oliveira,20
2015,557,Michael Russell,37
2015,558,Toni Androic,24
2015,559,Bradley Mousley,19
2015,560,Anton Zaitcev,28
2015,561,Dmytro Badanov,27
2015,562,Javier Pulgar-Garcia,26
2015,563,Julian Reister,29
2015,564,JiSung Nam,22
2015,565,Boy Westerhof,30
2015,566,Yusuke Watanuki,25
2015,567,Pawel Juszczak,21
2015,568,Felipe Mantilla,22
2015,569,Anis Ghorbel,26
2015,570,Christopher O'Connell,21
2015,571,Ricardo Hocevar,30
2015,572,Viktor Galovic,25
2015,573,Juan Lizariturry,24
2015,574,Jacob Grills,20
2015,575,Jorge Aguilar,30
2015,576,Stefanos Tsitsipas,17
2015,577,Petros Chrysochos,19
2015,578,Edan Leshem,18
2015,579,Andres Molteni,27
2015,580,Gianni Mina,23
2015,581,Ivo Klec,35
2015,582,Bar Tzuf Botzer,21
2015,583,Mohit Mayur Jayaprakash,22
2015,584,Victor Crivoi,33
2015,585,Martin Cuevas,23
2015,586,Evan Hoyt,20
2015,587,Andre Gaspar Murta,21
2015,588,Wilson Leite,24
2015,589,Laurent Lokoli,21
2015,590,Juan Martin del Potro,27
2015,591,Tim van Rijthoven,18
2015,592,Andrew Whittington,22
2015,593,Alexander Vasilenko,20
2015,594,Petr Michnev,26
2015,595,Ivan Gakhov,19
2015,596,Mikael Ymer,17
2015,597,Bernabe Zapata Miralles,18
2015,598,Tallon Griekspoor,19
2015,599,Riccardo Sinicropi,25
2015,600,Alexander Igoshin,23
2015,601,Jui-Chen Hung,25
2015,602,Marc Sieber,27
2015,603,Jean-Yves Aubone,27
2015,604,Markos Kalovelonis,21
2015,605,Altug Celikbilek,19
2015,606,Min-Hyeok Cho,28
2015,607,Hans Hach Verdugo,26
2015,608,Alex Rybakov,18
2015,609,Nicola Ghedin,27
2015,610,Jarmere Jenkins,25
2015,611,Fritz Wolmarans,29
2015,612,Yannick Thivant,28
2015,613,Yecong He,21
2015,614,Nicolas Alberto Arreche,21
2015,615,Akira Santillan,18
2015,616,Luis David Martinez,26
2015,617,Alexios Halebian,21
2015,618,Pascal Meis,22
2015,619,Gregoire Jacq,23
2015,620,Hubert Hurkacz,18
2015,621,Dennis Nevolo,26
2015,622,Martins Podzus,21
2015,623,Manuel Sanchez,24
2015,624,Jared Hiltzik,21
2015,625,Rafael Camilo,25
2015,626,Arata Onozawa,27
2015,627,Baris Erguden,29
2015,628,Ljubomir Celebic,24
2015,629,Sidharth Rawat,22
2015,630,Potito Starace,34
2015,631,Maciej Rajski,24
2015,632,Martin Blasko,19
2015,633,Marcin Gawron,27
2015,634,Tomislav Ternar,25
2015,635,Theo Fournerie,18
2015,636,Jerome Inzerillo,25
2015,637,Daniel Garza,30
2015,638,Mate Pavic,22
2015,639,Duilio Beretta,23
2015,640,Mauricio Echazu,26
2015,641,Tobias Simon,24
2015,642,Mick Lescure,22
2015,643,Franco Agamenone,22
2015,644,Cristobal Saavedra-Corvalan,25
2015,645,Soonwoo Kwon,18
2015,646,Joe Salisbury,23
2015,647,George Von Massow,25
2015,648,Tak Khunn Wang,24
2015,649,Hugo Grenier,19
2015,650,Jorge Hernando Ruano,28
2015,651,Zdenek Kolar,19
2015,652,Filippo Leonardi,28
2015,653,Sergey Betov,28
2015,654,Yannick Maden,26
2015,655,Juan Pablo Varillas,20
2015,656,Omar Salman,19
2015,657,Samuel Bensoussan,24
2015,658,Matias Zukas,19
2015,659,Jonas Merckx,22
2015,660,Yannick Hanfmann,24
2015,661,Micke Kontinen,23
2015,662,Chuhan Wang,23
2015,663,Leonardo Kirche,30
2015,664,Yuya Kibi,29
2015,665,Luka Ilic,20
2015,666,Tomislav Jotovski,25
2015,667,Franjo Raspudic,25
2015,668,Jaume Pla Malfeito,20
2015,669,Brayden Schnur,20
2015,670,Fred Simonsson,21
2015,671,Ronit Singh Bisht,19
2015,672,Marvin Netuschil,24
2015,673,Marat Deviatiarov,21
2015,674,Blake Mott,19
2015,675,Mariano Kestelboim,19
2015,676,Vadim Alekseenko,32
2015,677,Guillaume Rufin,25
2015,678,Michael Venus,28
2015,679,Peter Nagy,23
2015,680,Isak Arvidsson,23
2015,681,Andrea Basso,22
2015,682,James Marsalek,23
2015,683,Nik Razborsek,22
2015,684,Romain Arneodo,23
2015,685,Ranjeet Virali-Murugesan,30
2015,686,Tom Schonenberg,24
2015,687,Andrew Harris,21
2015,688,Pedro Martinez,18
2015,689,Vasko Mladenov,26
2015,690,Matthias Wunner,22
2015,691,Antoine Bellier,19
2015,692,Vinayak Sharma Kaza,24
2015,693,Mikelis Libietis,23
2015,694,Gonzalo Villanueva,20
2015,695,Jonathan Kanar,21
2015,696,Antoine Hoang,20
2015,697,Juan-Samuel Arauzo-Martinez,25
2015,698,Pirmin Haenle,27
2015,699,Toshihide Matsui,37
2015,700,Antonio Massara,20
2015,701,Lenny Hampel,19
2015,702,Jorge Panta,20
2015,703,Anil Yuksel,25
2015,704,Pietro Licciardi,21
2015,705,Martin Fischer,29
2015,706,Daniele Giorgini,31
2015,707,Takashi Saito,20
2015,708,Alexandre Muller,18
2015,709,Andres Artunedo Martinavarro,22
2015,710,Pol Toledo Bague,21
2015,711,Eduard Esteve Lobato,21
2015,712,Peter Polansky,27
2015,713,Benjamin Lock,22
2015,714,Alexandre Tsuchiya,23
2015,715,Mateo Nicolas Martinez,21
2015,716,Joao Pedro Sorgi,22
2015,717,Cameron Norrie,20
2015,718,Aleksandar Vukic,19
2015,719,Ruan Roelofse,26
2015,720,Robin Kern,22
2015,721,Ugo Nastasi,22
2015,722,Jorge Montero,25
2015,723,Nerman Fatic,21
2015,724,Tomas Barrios Vera,18
2015,725,Pol Wattanakul,20
2015,726,Henrik Sillanpaa,24
2015,727,Keith-Patrick Crowley,27
2015,728,Luca Pancaldi,22
2015,729,Andre Miele,28
2015,730,Ryan Shane,21
2015,731,Michal Schmid,27
2015,732,Andrei Vasilevski,24
2015,733,Evgenii Tiurnev,18
2015,734,Anton Galkin,24
2015,735,Sebastian Exequiel Pini,21
2015,736,Ben Patael,18
2015,737,Johannes Haerteis,19
2015,738,Mico Santiago,21
2015,739,Lukas Mugevicius,21
2015,740,Marcelo Demoliner,26
2015,741,Cristian Rodriguez,25
2015,742,Felix Auger-Aliassime,15
2015,743,Sebastian Ofner,19
2015,744,Fred Gil,30
2015,745,Raymond Sarmiento,23
2015,746,Ryusei Makiguchi,24
2015,747,Toby Martin,22
2015,748,Nino Serdarusic,19
2015,749,Philipp Petzschner,31
2015,750,Adrian Partl,22
2015,751,Sho Katayama,26
2015,752,Stijn Meulemans,23
2015,753,Elmar Ejupovic,22
2015,754,Daniele Capecchi,20
2015,755,Ronan Joncour,18
2015,756,Dekel Bar,22
2015,757,Pietro Rondoni,22
2015,758,Adelchi Virgili,25
2015,759,Maxime Tchoutakian,21
2015,760,Fabiano De Paula,27
2015,761,Gonzales Austin,23
2015,762,Sander Gille,24
2015,763,Francois-Arthur Vibert,25
2015,764,Mikhail Ledovskikh,29
2015,765,Yong-Kyu Lim,24
2015,766,Patrick Ofner,22
2015,767,Seongchan Hong,18
2015,768,Tiago Lopes,29
2015,769,Carlos Taberner,18
2015,770,Niels Lootsma,21
2015,771,Matias Franco Descotte,21
2015,772,Issam Haitham Taweel,26
2015,773,Martin Vaisse,28
2015,774,Hiroki Kondo,33
2015,775,Chu-Huan Yi,28
2015,776,Nicolas Reissig,26
2015,777,Franco Emanuel Egea,19
2015,778,Scott Clayton,21
2015,779,Sherif Sabry,29
2015,780,Borja Rodriguez Manzano,23
2015,781,Fabien Reboul,20
2015,782,Masato Shiga,24
2015,783,Rhyne Williams,24
2015,784,MinKyu Song,25
2015,785,Teodor-Dacian Craciun,35
2015,786,Pedro Sousa,27
2015,787,Jurabek Karimov,17
2015,788,Lorenzo Frigerio,26
2015,789,Hiromasa Oku,26
2015,790,Jordan Ubiergo,22
2015,791,Matteo Marfia,28
2015,792,Luis Patino,22
2015,793,Samuel Ribeiro Navarrete,22
2015,794,Karim Hossam,21
2015,795,Carl Soderlund,18
2015,796,Matwe Middelkoop,32
2015,797,Michel Vernier,23
2015,798,Pruchya Isaro,20
2015,799,Philipp Davydenko,23
2015,800,Fabricio Neis,25
2015,801,Alessandro Luisi,26
2015,802,Yuichi Ito,29
2015,803,Ching-Mou Yu,20
2015,804,Thomas Fancutt,20
2015,805,Alejandro Mendoza,25
2015,806,Gabor Borsos,24
2015,807,Lucas Catarina,19
2015,808,Pavel Nejedly,22
2015,809,Eduardo Dischinger,23
2015,810,Ivan Arenas-Gualda,25
2015,811,Gabriel Alejandro Hidalgo,25
2015,812,Daniiar Duldaev,23
2015,813,Oliver Anderson,17
2015,814,Ricardo Villacorta-Alonso,30
2015,815,Bowen Ouyang,23
2015,816,Florent Diep,24
2015,817,Takao Suzuki,39
2015,818,Collin Altamirano,20
2015,819,Fedor Chervyakov,22
2015,820,Alexandru Jecan,27
2015,821,Christoph Negritu,21
2015,822,Danylo Kalenichenko,21
2015,823,Juan Ignacio Ameal,21
2015,824,Mike Urbanija,26
2015,825,Eduardo Agustin Torre,21
2015,826,Fabrice Martin,29
2015,827,David Souto,23
2015,828,Antonio Sancic,27
2015,829,Kittipong Wachiramanowong,25
2015,830,Fajing Sun,19
2015,831,Aljaz Radinski,20
2015,832,Denis Yevseyev,22
2015,833,Jonathan Mridha,20
2015,834,Denis Bejtulahi,28
2015,835,Xin Gao,21
2015,836,Sergio Martos Gornes,21
2015,837,Walter Trusendi,30
2015,838,Daniel Appelgren,19
2015,839,Jonny O'Mara,20
2015,840,Gibril Diarra,25
2015,841,Marc Polmans,18
2015,842,Andrei Stefan Apostol,20
2015,843,Winston Lin,22
2015,844,Tal Goldengoren,19
2015,845,Arthur Surreaux,28
2015,846,Yuqing Ning,21
2015,847,Daniel Altmaier,17
2015,848,Ilija Bozoljac,30
2015,849,Hong Chung,22
2015,850,Ricardo Urzua-Rivera,26
2015,851,Caio Silva,24
2015,852,Jacob Adaktusson,35
2015,853,Denys Mylokostov,22
2015,853,Gustavo Vellbach,23
2015,855,Issei Okamura,23
2015,856,Bruno Santanna,22
2015,857,Matthieu Roy,26
2015,858,Alessandro Colella,23
2015,859,Anton Desyatnik,20
2015,860,Federico Maccari,21
2015,861,Luca Margaroli,23
2015,862,Petar Conkic,19
2015,863,Harri Heliovaara,26
2015,864,Tom Farquharson,23
2015,865,Alex Molcan,18
2015,866,Denis Matsukevich,29
2015,867,Yun seong Chung,17
2015,868,Sam Weissborn,24
2015,869,Matthew Short,25
2015,870,Katsuki Nagao,26
2015,871,Damon Gooch,29
2015,872,Teri Groll,23
2015,873,Jannis Kahlke,21
2015,874,Michael Grant,23
2015,875,Dominik Boehler,19
2015,876,Timon Reichelt,26
2015,877,Adria Mas Mascolo,22
2015,878,Ryota Tanuma,20
2015,879,Tyler Hochwalt,26
2015,880,Dominik Suc,25
2015,881,Dominik Kellovsky,19
2015,882,Carlos Salamanca,32
2015,883,Victor Baluda,23
2015,884,Roman Safiullin,18
2015,885,Alexandros Jakupovic,34
2015,886,Corentin Moutet,16
2015,887,Phassawit Burapharitta,23
2015,888,Corentin Denolly,18
2015,889,George Tsivadze,22
2015,890,Hannes Wagner,20
2015,891,Milos Sekulic,26
2015,892,Justin S. Shane,23
2015,893,Luca George Tatomir,20
2015,894,Filippo Baldi,19
2015,895,Vullnet Tashi,22
2015,896,Barkin Yalcinkale,24
2015,897,Henrik Wiersholm,18
2015,898,Divij Sharan,29
2015,899,Julio Peralta,34
2015,900,Ronald Slobodchikov,22
2015,901,Jesse Witten,33
2015,902,Christian Trubrig,23
2015,903,Santiago Rodriguez Taverna,16
2015,904,Alexander Perfilov,30
2015,905,Dejan Katic,27
2015,906,Gianluca Di Nicola,20
2015,907,Timur Khabibulin,20
2015,908,Karol Drzewiecki,20
2015,909,Filip Brtnicky,23
2015,910,Ben McLachlan,23
2015,911,Leon Schutt,22
2015,912,Rishab Agarwal,20
2015,913,Nam Hoang Ly,18
2015,914,Jamie Whiteford,25
2015,915,Jirat Navasirisomboon,19
2015,916,Isaac Frost,26
2015,917,Nathan Pasha,23
2015,918,Martin Beran,20
2015,919,Artur Dubinski,19
2015,920,Zhaoyi Cao,22
2015,921,Chandril Sood,24
2015,922,Miguel Semmler,18
2015,923,Simeon Rossier,20
2015,924,Rudy Coco,31
2015,925,Mikael Torpegaard,21
2015,926,Geoffrey Blancaneaux,17
2015,927,Hassan Ndayishimiye,21
2015,928,Jeroen Vanneste,21
2015,929,Paul Monteban,22
2015,930,Greg Ouellette,29
2015,931,Anton Pavlov,20
2015,932,Nikita Kryvonos,29
2015,933,Gengo Kikuchi,24
2015,934,Kunal Anand,23
2015,935,Aziz Dougaz,18
2015,936,David Pichler,19
2015,937,Medy Chettar,23
2015,938,Alon Elia,20
2015,939,Matej Sabanov,23
2015,940,Leandro Portmann,21
2015,941,Francesco Borgo,30
2015,942,Sarp Agabigun,18
2015,943,Gleb Alekseenko,32
2015,944,Florent Serra,34
2015,944,Enzo Sommer,20
2015,946,Alexis Klegou,26
2015,947,Valery Rudnev,27
2015,948,Julian Lenz,22
2015,949,Rayane Roumane,15
2015,950,Amine Ahouda,18
2015,951,Mikolaj Jedruszczak,22
2015,952,Matteo Fago,28
2015,953,Sami Reinwein,23
2015,954,Jarryd Chaplin,23
2015,955,Victor Cornea,22
2015,956,Daniel Glancy,27
2015,957,Christoffer Solberg,21
2015,958,Nuno Deus,20
2015,959,Guillermo Duran,27
2015,960,Kenneth Raisma,17
2015,961,Jordi Vives,23
2015,962,Jonas Luetjen,25
2015,963,Ryan Haviland,35
2015,964,Alexander Bublik,18
2015,965,Alexander Boborykin,19
2015,966,Jeremy Beale,21
2015,967,Thibault Venturino,26
2015,968,Peter Vajda,19
2015,969,Kuan-Yi Lee,19
2015,970,Baptiste Crepatte,21
2015,971,Jeremy Hunter Nicholas,24
2015,972,Colin Van Beem,23
2015,973,Cameron Silverman,23
2015,974,Niki Kaliyanda Poonacha,20
2015,975,Jelle Sels,20
2015,976,Romain Bauvy,21
2015,977,Soren Hess-Olesen,24
2015,978,William Bushamuka,19
2015,978,Roberto Cid Subervi,22
2015,980,Ji Hoon Son,21
2015,981,Reilly Opelka,18
2015,982,Patrik Niklas-Salminen,18
2015,983,Elie Rousset,26
2015,984,Piotr Lomacki,20
2015,985,Gabriel Petit,20
2015,986,Haadin Salim Bava,21
2015,987,Oscar Jose Gutierrez,22
2015,988,Andrea Vavassori,20
2015,989,Maciej Smola,22
2015,990,Antonio Campo,22
2015,991,Marek Jaloviec,21
2015,992,Nils Brinkmann,23
2015,993,Felipe Escobar,21
2015,994,Cristian Villagran,33
2015,995,Robby Ginepri,33
2015,996,Gregoire Burquier,31
2015,997,Dragos Nicolae Madaras,18
2015,998,Miloslav Mecir,27
2015,999,Ivan Davydov,19
2015,1000,Johan Nikles,18
2015,1000,Patrik Rosenholm,27
2014,1,Novak Djokovic,27
2014,2,Roger Federer,33
2014,3,Rafael Nadal,28
2014,4,Stan Wawrinka,29
2014,5,Kei Nishikori,24
2014,6,Andy Murray,27
2014,7,Tomas Berdych,29
2014,8,Milos Raonic,24
2014,9,Marin Cilic,26
2014,10,David Ferrer,32
2014,11,Grigor Dimitrov,23
2014,12,Jo-Wilfried Tsonga,29
2014,13,Ernests Gulbis,26
2014,14,Feliciano Lopez,33
2014,15,Roberto Bautista Agut,26
2014,16,Kevin Anderson,28
2014,17,Tommy Robredo,32
2014,18,Gael Monfils,28
2014,19,John Isner,29
2014,20,Fabio Fognini,27
2014,21,Gilles Simon,30
2014,22,David Goffin,24
2014,23,Alexandr Dolgopolov,26
2014,24,Philipp Kohlschreiber,31
2014,25,Julien Benneteau,33
2014,26,Richard Gasquet,28
2014,27,Ivo Karlovic,35
2014,28,Leonardo Mayer,27
2014,29,Jeremy Chardy,27
2014,30,Pablo Cuevas,28
2014,31,Lukas Rosol,29
2014,32,Santiago Giraldo,27
2014,33,Fernando Verdasco,31
2014,34,Martin Klizan,25
2014,35,Sam Querrey,27
2014,36,Guillermo Garcia-Lopez,31
2014,37,Steve Johnson,25
2014,38,Yen-Hsun Lu,31
2014,39,Dominic Thiem,21
2014,40,Benjamin Becker,33
2014,41,Pablo Andujar,28
2014,42,Jack Sock,22
2014,43,Jerzy Janowicz,24
2014,44,Adrian Mannarino,26
2014,45,Andreas Seppi,30
2014,46,Marcel Granollers,28
2014,47,Gilles Muller,31
2014,48,Mikhail Youzhny,32
2014,49,Denis Istomin,28
2014,50,Lleyton Hewitt,33
2014,51,Pablo Carreno Busta,23
2014,52,Nick Kyrgios,19
2014,53,Vasek Pospisil,24
2014,54,Joao Sousa,25
2014,55,Simone Bolelli,29
2014,56,Bernard Tomic,22
2014,57,Donald Young,25
2014,58,Sergiy Stakhovsky,28
2014,59,Jan-Lennard Struff,24
2014,60,Federico Delbonis,24
2014,61,Diego Schwartzman,22
2014,62,Juan Monaco,30
2014,63,Albert Ramos-Vinolas,26
2014,64,Paolo Lorenzi,33
2014,65,Thomaz Bellucci,26
2014,66,Jiri Vesely,21
2014,67,Teymuraz Gabashvili,29
2014,68,Radek Stepanek,36
2014,69,Dusan Lajovic,24
2014,70,Mikhail Kukushkin,27
2014,71,Nicolas Almagro,29
2014,72,Carlos Berlocq,31
2014,73,Jarkko Nieminen,33
2014,74,Andrey Golubev,27
2014,75,Marinko Matosevic,29
2014,76,Malek Jaziri,30
2014,77,Tommy Haas,36
2014,78,Victor Estrella Burgos,34
2014,79,Peter Gojowczyk,25
2014,80,Blaz Rola,24
2014,81,Sam Groth,27
2014,82,Andreas Haider-Maurer,27
2014,83,Robin Haase,27
2014,84,Igor Sijsling,27
2014,85,Marcos Baghdatis,29
2014,86,Ricardas Berankis,24
2014,87,Edouard Roger-Vasselin,31
2014,88,Alejandro Falla,31
2014,89,Dustin Brown,30
2014,90,Joao Souza,26
2014,91,Alejandro Gonzalez,25
2014,92,Andrey Kuznetsov,23
2014,93,Tatsuma Ito,26
2014,94,Lukas Lacko,27
2014,95,Ivan Dodig,29
2014,96,Paul-Henri Mathieu,32
2014,97,Tobias Kamke,28
2014,98,Dudi Sela,29
2014,99,Go Soeda,30
2014,100,Filip Krajinovic,22
2014,101,Viktor Troicki,28
2014,102,Borna Coric,18
2014,103,Maximo Gonzalez,31
2014,104,Marsel Ilhan,27
2014,105,Blaz Kavcic,27
2014,106,Kenny De Schepper,27
2014,107,James Ward,27
2014,108,Albert Montanes,34
2014,109,Damir Dzumhur,22
2014,110,Dmitry Tursunov,32
2014,111,Pierre-Hugues Herbert,23
2014,112,Daniel Gimeno-Traver,29
2014,113,Jurgen Melzer,33
2014,114,Pere Riba,26
2014,115,Tim Smyczek,26
2014,116,Andreas Beck,28
2014,117,Nicolas Mahut,32
2014,118,Benoit Paire,25
2014,119,Alexander Kudryavtsev,29
2014,120,Farrukh Dustov,28
2014,121,Denis Kudla,22
2014,122,Victor Hanescu,33
2014,123,Horacio Zeballos,29
2014,124,Jimmy Wang,29
2014,125,Facundo Bagnis,24
2014,126,Norbert Gombos,24
2014,127,James Duckworth,22
2014,128,Michael Berrer,34
2014,129,Aleksandr Nedovyesov,27
2014,130,Evgeny Donskoy,24
2014,131,Yuichi Sugita,26
2014,132,Gastao Elias,24
2014,133,Lucas Pouille,20
2014,134,Stephane Robert,34
2014,135,Adrian Menendez-Maceiras,29
2014,136,Alexander Zverev,17
2014,137,Juan Martin del Potro,26
2014,138,Somdev Devvarman,29
2014,139,Rajeev Ram,30
2014,140,Jason Kubler,21
2014,141,Matthias Bachinger,27
2014,142,Facundo Arguello,22
2014,143,Illya Marchenko,27
2014,144,Thiemo de Bakker,26
2014,145,Aljaz Bedene,25
2014,146,Hiroki Moriya,24
2014,147,Florian Mayer,31
2014,148,Bradley Klahn,24
2014,149,Frank Dancevic,30
2014,150,Thanasi Kokkinakis,18
2014,151,Luca Vanni,29
2014,152,Austin Krajicek,24
2014,153,Mate Delic,21
2014,154,Vincent Millot,28
2014,155,Guido Pella,24
2014,156,John Millman,25
2014,157,Adrian Ungur,29
2014,158,Michael Russell,36
2014,159,Marco Cecchinato,22
2014,160,Steve Darcis,30
2014,161,Marton Fucsovics,22
2014,162,Gerald Melzer,24
2014,163,Potito Starace,33
2014,164,Luke Saville,20
2014,165,Andre Ghem,32
2014,166,Yoshihito Nishioka,19
2014,167,Roberto Carballes Baena,21
2014,168,Radu Albot,25
2014,169,Ante Pavic,25
2014,170,Lukasz Kubot,32
2014,171,Wayne Odesnik,29
2014,172,Marius Copil,24
2014,173,Hyeon Chung,18
2014,174,Michal Przysiezny,30
2014,175,Denys Molchanov,27
2014,176,Ruben Bemelmans,26
2014,177,Taro Daniel,21
2014,178,Nikoloz Basilashvili,22
2014,179,Andrej Martin,25
2014,180,Kimmer Coppejans,20
2014,181,Andrea Arnaboldi,27
2014,182,Alex Kuznetsov,27
2014,183,Hans Podlipnik-Castillo,26
2014,184,Julian Reister,28
2014,185,Ze Zhang,24
2014,186,Peter Polansky,26
2014,187,Tim Puetz,27
2014,188,Guido Andreozzi,23
2014,189,Jurgen Zopp,26
2014,190,Matteo Viola,27
2014,191,Ryan Harrison,22
2014,192,Chase Buchanan,23
2014,193,Jarmere Jenkins,24
2014,194,Kyle Edmund,19
2014,195,Jesse Huta Galung,29
2014,196,Liam Broady,20
2014,197,Miloslav Mecir,26
2014,198,Stefano Travaglia,23
2014,199,Jan Hernych,35
2014,200,James McGee,27
2014,201,John-Patrick Smith,25
2014,202,Jozef Kovalik,22
2014,203,Alex Bolt,21
2014,204,Niels Desein,27
2014,205,Ilija Bozoljac,29
2014,206,Daniel Munoz de la Nava,32
2014,207,Konstantin Kravchuk,29
2014,208,Enrique Lopez Perez,23
2014,209,David Guez,32
2014,210,Maxime Authom,27
2014,211,Marco Chiudinelli,33
2014,212,Filippo Volandri,33
2014,213,Jan Mertl,32
2014,214,Axel Michon,24
2014,215,Martin Fischer,28
2014,216,Fabiano De Paula,26
2014,217,Louk Sorensen,29
2014,218,Aslan Karatsev,21
2014,219,Uladzimir Ignatik,24
2014,220,Ti Chen,31
2014,221,Rhyne Williams,23
2014,222,Nicolas Jarry,19
2014,223,Robby Ginepri,32
2014,224,Ruben Ramirez Hidalgo,36
2014,225,Gonzalo Lama,21
2014,226,Aldin Setkic,27
2014,227,Jordi Samper-Montana,24
2014,228,Elias Ymer,18
2014,229,Antonio Veic,26
2014,230,Tristan Lamasine,21
2014,231,Matthew Ebden,27
2014,232,Juan Ignacio Londero,21
2014,233,Roberto Marcora,25
2014,234,Boy Westerhof,29
2014,235,Arthur De Greef,22
2014,236,Edward Corrie,26
2014,237,Martin Alund,29
2014,238,Benjamin Mitchell,22
2014,239,Enzo Couacaud,19
2014,240,Adam Pavlasek,20
2014,241,Ramkumar Ramanathan,20
2014,242,Gianni Mina,22
2014,243,Peter Torebko,26
2014,244,Pedro Cachin,19
2014,245,Jonathan Eysseric,24
2014,246,Tomislav Brkic,24
2014,247,Marco Trungelliti,24
2014,248,Pedja Krstin,20
2014,249,Yuki Bhambri,22
2014,250,Nikolay Davydenko,33
2014,251,Inigo Cervantes,25
2014,252,Cristian Garin,18
2014,253,Guilherme Clezar,21
2014,254,Brydan Klein,24
2014,255,Nils Langer,24
2014,256,Thomas Fabbiano,25
2014,257,Mathias Bourgue,20
2014,258,Tsung-Hua Yang,23
2014,259,Yannick Mertens,27
2014,260,Laurent Lokoli,20
2014,261,Jared Donaldson,18
2014,262,Jaroslav Pospisil,33
2014,263,Oriol Roca Batalla,21
2014,264,Saketh Myneni,27
2014,265,Matt Reid,24
2014,266,Bjorn Fratangelo,21
2014,267,Hugo Dellien,21
2014,268,Egor Gerasimov,22
2014,269,Michael Llodra,34
2014,270,Yann Marti,26
2014,271,Mirza Basic,23
2014,272,Antal Van Der Duim,27
2014,273,Jose Hernandez-Fernandez,24
2014,274,Jules Marie,23
2014,275,Renzo Olivo,22
2014,276,Jordan Thompson,20
2014,277,Agustin Velotti,22
2014,278,Julien Cagnina,20
2014,279,Gregoire Burquier,30
2014,280,Nikola Mektic,26
2014,281,Liang-Chi Huang,22
2014,282,Daniel Kosakowski,22
2014,283,Rogerio Dutra Silva,30
2014,284,Christian Lindell,23
2014,285,Eduardo Struvay,24
2014,286,Andres Molteni,26
2014,287,Roberto Ortega-Olmedo,23
2014,288,Daniel Smethurst,24
2014,289,Martin Vaisse,27
2014,290,Marc Giner,23
2014,291,Dennis Novikov,21
2014,292,Mohamed Safwat,24
2014,293,Yasutaka Uchiyama,22
2014,294,Toni Androic,23
2014,295,Di Wu,23
2014,296,Danai Udomchoke,33
2014,297,Frederico Ferreira Silva,19
2014,298,Germain Gigounon,25
2014,299,Rui Machado,30
2014,300,Janez Semrajc,25
2014,301,Henrique Cunha,24
2014,302,Nicolas Barrientos,27
2014,303,Daniel Cox,24
2014,304,Alexis Musialek,26
2014,305,Daniel Evans,24
2014,306,Dzmitry Zhyrmont,25
2014,307,Albano Olivetti,23
2014,308,Alex Bogomolov Jr.,31
2014,309,Daniel Nguyen,24
2014,310,Federico Gaio,22
2014,311,Julien Obry,23
2014,312,Remi Boutillier,24
2014,313,Giovanni Lapentti,31
2014,314,Darian King,22
2014,315,Fabrice Martin,28
2014,316,Gonzalo Escobar,25
2014,317,Marek Michalicka,28
2014,318,Henri Laaksonen,22
2014,319,Victor Crivoi,32
2014,320,Dennis Novak,21
2014,321,Emilio Gomez,23
2014,322,Takuto Niki,27
2014,323,Jason Jung,25
2014,324,Anton Zaitcev,27
2014,325,Dane Propoggia,24
2014,326,Ivo Klec,34
2014,327,Marcelo Arevalo,24
2014,328,Connor Smith,24
2014,329,Daniel Brands,27
2014,330,Andrea Collarini,22
2014,331,Nicolas Kicker,22
2014,332,Jaime Pulgar-Garcia,25
2014,333,Adrien Bossel,28
2014,334,Nikola Cacic,24
2014,335,Artem Smirnov,26
2014,336,Flavio Cipolla,31
2014,337,Roman Safiullin,17
2014,338,Filip Horansky,21
2014,339,Gerard Granollers,25
2014,340,Juan Carlos Saez,23
2014,341,Laslo Djere,19
2014,342,Marc Gicquel,37
2014,343,Laurynas Grigelis,23
2014,344,Grzegorz Panfil,26
2014,345,Frederik Nielsen,31
2014,346,Florent Serra,33
2014,347,Yannick Jankovits,27
2014,348,Maxime Hamou,19
2014,349,Amir Weintraub,28
2014,350,Alexander Ward,24
2014,351,Sam Barry,22
2014,352,Ricardo Rodriguez - Pace,21
2014,353,Federico Coria,22
2014,354,N.Sriram Balaji,24
2014,355,Maverick Banes,22
2014,356,Yannik Reuter,23
2014,357,David Rice,25
2014,358,Josselin Ouanna,28
2014,359,Adam El Mihdawy,25
2014,360,Dimitar Kutrovsky,27
2014,361,Adrian Sikora,26
2014,362,Mitchell Krueger,20
2014,363,Guillaume Rufin,24
2014,364,Patrik Rosenholm,26
2014,365,Marcus Willis,24
2014,366,Lorenzo Giustino,23
2014,367,Alexandar Lazov,24
2014,368,Victor Baluda,22
2014,369,Alessandro Giannessi,24
2014,370,Yuya Kibi,28
2014,371,Bjorn Phau,35
2014,372,Karen Khachanov,18
2014,373,Jorge Aguilar,29
2014,374,Zhe Li,28
2014,375,Marcos Giron,21
2014,376,Kevin King,23
2014,377,Gianluca Naso,27
2014,378,David Perez Sanz,20
2014,379,Joris De Loore,21
2014,380,Dusan Lojda,26
2014,381,Christopher Diaz-Figueroa,24
2014,382,Takanyi Garanganga,24
2014,383,Joshua Milton,25
2014,384,Steven Diez,23
2014,385,Nikola Milojevic,19
2014,386,Chuhan Wang,22
2014,387,Jan Hajek,31
2014,388,Matteo Trevisan,25
2014,389,Gleb Sakharov,26
2014,390,Jeevan Nedunchezhiyan,26
2014,391,Bastian Trinker,24
2014,392,Valery Rudnev,26
2014,393,Johan Tatlot,18
2014,394,Nicolas Meister,25
2014,395,Miljan Zekic,26
2014,396,Jose Pereira,23
2014,397,Vladimir Ivanov,27
2014,398,Miki Jankovic,20
2014,399,Ricardo Ojeda Lara,21
2014,400,Philipp Davydenko,22
2014,401,Filip Peliwo,20
2014,402,Toshihide Matsui,36
2014,403,Cristobal Saavedra-Corvalan,24
2014,404,Ivan Bjelica,30
2014,405,Denis Matsukevich,28
2014,406,Caio Zampieri,28
2014,407,Matteo Donati,19
2014,408,Michael Venus,27
2014,409,Karol Beck,32
2014,410,Micke Kontinen,22
2014,411,Cheong-Eui Kim,24
2014,412,Jan Satral,24
2014,413,Mateo Nicolas Martinez,20
2014,414,Maxim Dubarenco,21
2014,415,Mikhail Ledovskikh,28
2014,416,Yan Bai,25
2014,417,Sanam Singh,26
2014,418,Michael Linzer,25
2014,419,Dimitar Kuzmanov,21
2014,420,Fritz Wolmarans,28
2014,421,Philipp Petzschner,30
2014,422,Yaraslav Shyla,21
2014,423,Mate Pavic,21
2014,424,Gianluigi Quinzi,18
2014,425,Adrian Partl,21
2014,426,Walter Trusendi,29
2014,427,Duilio Beretta,22
2014,428,Tomas Lipovsek Puches,21
2014,429,Martin Cuevas,22
2014,430,Omar Giacalone,22
2014,431,Thales Turini,25
2014,432,Cem Ilkel,19
2014,433,Carlos Salamanca,31
2014,434,Alberto Brizzi,30
2014,435,Hugo Nys,23
2014,436,Kamil Majchrzak,18
2014,437,Andrey Rublev,17
2014,438,Vladyslav Manafov,21
2014,439,Tucker Vorster,26
2014,440,Gregoire Barrere,20
2014,441,Richard Becker,23
2014,442,Guillermo Rivera-Aranguiz,25
2014,443,Kento Takeuchi,27
2014,444,Shuichi Sekiguchi,23
2014,445,Nicolaas Scholtz,23
2014,446,Alexander Vasilenko,19
2014,447,Yannick Maden,25
2014,448,Juan Pablo Paz,19
2014,449,Mathieu Rodrigues,29
2014,450,Riccardo Sinicropi,24
2014,451,David Vega Hernandez,20
2014,452,Dennis Nevolo,25
2014,453,Mauricio Echazu,25
2014,454,Gianluca Mager,20
2014,455,Salvatore Caruso,22
2014,456,Constant Lestienne,22
2014,457,Matias Sborowitz,21
2014,458,Michal Schmid,26
2014,459,Andriej Kapas,25
2014,460,Alexander Lobkov,24
2014,461,JiSung Nam,21
2014,462,Ruan Roelofse,25
2014,463,Maximilian Marterer,19
2014,464,Marko Tepavac,20
2014,465,Tiago Lopes,28
2014,466,Bruno Santanna,21
2014,467,Stefan Kozlov,16
2014,468,Stefano Napolitano,19
2014,469,Florian Fallert,22
2014,470,Thiago Monteiro,20
2014,471,Sherif Sabry,28
2014,472,Erik Crepaldi,24
2014,473,Boris Pashanski,32
2014,474,Dayne Kelly,24
2014,475,Nicolas Reissig,25
2014,476,Daniel Masur,20
2014,477,Riccardo Bellotti,23
2014,478,Eric Quigley,25
2014,479,Petru-Alexandru Luncanu,25
2014,480,Mats Moraing,22
2014,481,Juan Lizariturry,23
2014,482,Juan-Samuel Arauzo-Martinez,24
2014,483,Ivan Arenas-Gualda,24
2014,484,Jean-Yves Aubone,26
2014,485,Gavin Van Peperzeel,22
2014,486,Daniel Dutra da Silva,26
2014,487,Christopher O'Connell,20
2014,488,Danilo Petrovic,22
2014,489,Peter Heller,22
2014,490,Daniele Giorgini,30
2014,491,Philip Bester,26
2014,492,Wilson Leite,23
2014,493,Isak Arvidsson,22
2014,494,Duje Kekez,21
2014,495,Maxime Teixeira,25
2014,496,Kirill Dmitriev,23
2014,497,Markus Eriksson,25
2014,498,Benjamin Balleret,31
2014,499,Marek Semjan,27
2014,500,Ivan Nedelko,28
2014,501,Robin Kern,21
2014,502,Maximilian Neuchrist,23
2014,503,Yusuke Watanuki,24
2014,504,Ricardo Hocevar,29
2014,505,Roberto Quiroz,22
2014,506,Duckhee Lee,16
2014,507,Alessandro Bega,23
2014,508,Dejan Katic,26
2014,509,Moritz Baumann,27
2014,510,Maxime Chazal,21
2014,511,Stanislav Vovk,23
2014,512,Pascal Brunner,25
2014,513,Evgenii Tiurnev,17
2014,514,Fernando Romboli,25
2014,515,Alexandre Folie,24
2014,516,Claudio Fortuna,24
2014,517,Andrea Basso,21
2014,518,Ryusei Makiguchi,23
2014,519,Dmytro Badanov,26
2014,520,Temur Ismailov,19
2014,521,Fabricio Neis,24
2014,522,Hiroyasu Ehara,23
2014,523,Matthew Barton,23
2014,524,Andre Miele,27
2014,525,Andrew Whittington,21
2014,526,Calvin Hemery,19
2014,527,Filip Veger,20
2014,528,Daniel Garza,29
2014,529,Facundo Mena,22
2014,530,Yong-Kyu Lim,23
2014,531,Marcus Daniell,25
2014,532,Evgeny Korolev,26
2014,533,Simone Vagnozzi,31
2014,534,Roman Jebavy,25
2014,535,Rubin Statham,27
2014,536,Christian Trubrig,22
2014,537,Michael Lammer,32
2014,538,Ernesto Escobedo,18
2014,539,Martins Podzus,20
2014,540,Theo Fournerie,17
2014,541,Tom Farquharson,22
2014,542,Tigre Hank,23
2014,543,Aleksandre Metreveli,21
2014,544,Juan Sebastian Gomez,22
2014,545,Richard Gabb,22
2014,546,Tomislav Jotovski,24
2014,547,Gabriel Alejandro Hidalgo,24
2014,548,Dino Marcan,23
2014,549,Peter Kobelt,24
2014,550,Theodoros Angelinos,30
2014,551,Francesco Picco,23
2014,552,Tom Kocevar-Desman,24
2014,553,Sebastien Boltz,21
2014,554,Patricio Heras,25
2014,555,Sekou Bangoura,23
2014,556,Nicola Ghedin,26
2014,557,Laurent Rochette,26
2014,558,Andres Artunedo Martinavarro,21
2014,559,Viktor Galovic,24
2014,560,Vijay S P Natarajan,28
2014,561,Tak Khunn Wang,23
2014,562,Kevin Krawietz,22
2014,563,Evan Song,22
2014,564,Scott Griekspoor,23
2014,565,Joao Domingues,21
2014,566,Pietro Licciardi,20
2014,567,Petros Chrysochos,18
2014,568,Oliver Golding,21
2014,569,Omar Jasika,17
2014,570,Yannick Vandenbulcke,24
2014,571,Volodoymyr Uzhylovskyi,26
2014,572,Maximiliano Estevez,25
2014,573,Federico Zeballos,26
2014,574,Rudy Coco,30
2014,575,Ashley Hewitt,22
2014,576,Evan King,22
2014,577,Yuichi Ito,28
2014,578,Marat Deviatiarov,20
2014,579,Luke Bambridge,19
2014,580,Olivier Rochus,33
2014,581,Alexey Vatutin,22
2014,582,Blake Mott,18
2014,583,Farris Fathi Gosea,20
2014,584,Jorge Panta,19
2014,585,Bastian Malla,18
2014,586,Mitchell Frank,22
2014,587,Lamine Ouahab,30
2014,588,Dragos Dima,22
2014,589,Andrei Vasilevski,23
2014,590,Matija Pecotic,25
2014,591,Antonio Sancic,26
2014,592,Arthur Surreaux,27
2014,593,Joshua Ward Hibbert,20
2014,594,Jose Checa-Calvo,29
2014,595,Hiroki Kondo,32
2014,596,Alexander Sarkissian,24
2014,597,Maxime Tabatruong,25
2014,598,Valentin Florez,23
2014,599,Min-Hyeok Cho,27
2014,600,Jordan Ubiergo,21
2014,601,Matteo Marrai,28
2014,602,David Souto,22
2014,603,Javier Pulgar-Garcia,25
2014,604,Noah Rubin,18
2014,605,Mike Urbanija,25
2014,606,Julien Dubail,26
2014,607,Henrik Sillanpaa,23
2014,608,Vadim Alekseenko,31
2014,609,Juan Ignacio Galarza,20
2014,610,Ivan Endara,26
2014,611,Baris Erguden,28
2014,612,Bobby Reynolds,32
2014,613,Arata Onozawa,26
2014,614,Marcos Giraldi Requena,21
2014,615,Michal Konecny,25
2014,616,Franko Skugor,27
2014,617,Guillermo Duran,26
2014,618,George Coupland,25
2014,619,Elie Rousset,25
2014,620,Richard Muzaev,22
2014,621,Vasile Antonescu,24
2014,622,Ivan Gakhov,18
2014,623,Catalin-Ionut Gard,33
2014,624,Brayden Schnur,19
2014,625,Thomas Schoorel,25
2014,626,Matwe Middelkoop,31
2014,627,Romain Arneodo,22
2014,628,Vaclav Safranek,20
2014,629,Albert Alcaraz Ivorra,19
2014,630,Fred Gil,29
2014,631,Adelchi Virgili,24
2014,632,Karunuday Singh,24
2014,633,Dmitry Popko,18
2014,634,Luis David Martinez,25
2014,635,Blazej Koniusz,26
2014,636,Quentin Halys,18
2014,637,Joao Pedro Sorgi,21
2014,638,Gaston-Arturo Grimolizzi,28
2014,639,Denis Bejtulahi,27
2014,640,Jerome Inzerillo,24
2014,641,Dimitar Grabul,33
2014,642,Mackenzie McDonald,19
2014,643,Miguel Reyes-Varela,27
2014,644,Kaichi Uchida,20
2014,645,Pedro Sakamoto,21
2014,646,Takashi Saito,19
2014,647,Matthias Wunner,21
2014,648,Pol Toledo Bague,20
2014,649,Romain Barbosa,20
2014,650,Vasco Mensurado,20
2014,651,Christopher Rungkat,24
2014,652,Vishnu Vardhan,27
2014,653,Jack Carpenter,22
2014,654,Andrew Harris,20
2014,655,Daniil Medvedev,18
2014,656,Juan-Carlos Spir,24
2014,657,Kristijan Mesaros,26
2014,658,Greg Ouellette,28
2014,659,Michael Mmoh,16
2014,660,Tennys Sandgren,23
2014,661,Jan Choinski,18
2014,662,Filipe Brandao,23
2014,663,Tal Goldengoren,18
2014,664,Juan Pablo Ficovich,17
2014,665,Neil Pauffley,24
2014,666,Juan Ignacio Ameal,20
2014,667,Lukas Mugevicius,20
2014,668,Filippo Leonardi,27
2014,669,Riccardo Ghedin,29
2014,670,Cameron Norrie,19
2014,671,Ryan Agar,27
2014,672,Felipe Mantilla,21
2014,673,Eric Prodon,33
2014,674,Marcin Gawron,26
2014,675,Devin McCarthy,24
2014,676,Juan Pablo Varillas,19
2014,677,Janis Podzus,20
2014,678,Pietro Rondoni,21
2014,679,Marco Bortolotti,23
2014,680,Piotr Gadomski,23
2014,681,Alban Meuffels,22
2014,682,Gibril Diarra,24
2014,683,Niels Lootsma,20
2014,684,Dominik Suc,24
2014,685,Greg Jones,25
2014,686,Antoine Escoffier,22
2014,687,Carlos Boluda-Purkiss,21
2014,688,Antoine Hoang,19
2014,689,Alexandros Jakupovic,33
2014,690,Issam Haitham Taweel,25
2014,691,Cesar Ramirez,24
2014,692,Denis Yevseyev,21
2014,693,Jacob Grills,19
2014,694,Eduardo Dischinger,22
2014,695,Masato Shiga,23
2014,696,Jake Eames,23
2014,697,Mao-Xin Gong,27
2014,698,Maxime Janvier,18
2014,699,Dean O'Brien,24
2014,700,Tomislav Ternar,24
2014,701,Libor Salaba,22
2014,702,Jorge Hernando Ruano,27
2014,703,Eduard Esteve Lobato,20
2014,704,Francois-Arthur Vibert,24
2014,705,Andre Gaspar Murta,20
2014,706,Alexandre Sidorenko,26
2014,707,Carlos Gomez-Herrera,24
2014,708,Ilya Ivashka,20
2014,709,Edoardo Eremin,21
2014,710,Yassine Idmbarek,28
2014,711,Pruchya Isaro,19
2014,712,Medy Chettar,22
2014,713,Ilya Lebedev,24
2014,714,Mick Lescure,21
2014,715,Carlos Eduardo Severino,24
2014,716,Dekel Bar,21
2014,717,Marc Rath,24
2014,718,Evgeny Karlovskiy,20
2014,719,Alexander Zhurbin,22
2014,720,Matej Sabanov,22
2014,721,Andrei Plotniy,26
2014,722,Ricardo Urzua-Rivera,25
2014,723,Jordi Munoz-Abreu,24
2014,724,Pirmin Haenle,26
2014,725,Marc Fornell-Mestres,32
2014,726,Mischa Zverev,27
2014,727,Alexis Klegou,25
2014,728,Steven Moneke,28
2014,729,Gregoire Jacq,22
2014,730,Ranjeet Virali-Murugesan,29
2014,731,Lewis Burton,22
2014,732,Jeff Dadamo,25
2014,733,Kyle Mcmorrow,24
2014,734,Pablo Vivero Gonzalez,19
2014,735,Toby Martin,21
2014,736,Julio Peralta,33
2014,737,Julian Lenz,21
2014,738,Mario Haider-Maurer,30
2014,739,Tom Jomby,23
2014,740,Wesley Koolhof,25
2014,741,Leonardo Tavares,30
2014,742,Mikhail Biryukov,22
2014,743,Piotr Lomacki,19
2014,744,Peter Nagy,22
2014,745,Collin Altamirano,19
2014,746,Luca Pancaldi,21
2014,747,Nicolas Alberto Arreche,20
2014,748,Ilija Vucic,24
2014,749,Maxime Tchoutakian,20
2014,750,Martin Pedersen,27
2014,751,Joao Menezes,18
2014,752,Aliaksandr Bury,27
2014,753,Sadio Doumbia,24
2014,754,Florent Diep,23
2014,755,Hong Chung,21
2014,756,Claudio Grassi,29
2014,757,Caio Silva,23
2014,758,Karim-Mohamed Maamoun,23
2014,759,Ljubomir Celebic,23
2014,760,Tim Nekic,22
2014,761,Samuel Bensoussan,23
2014,762,Alessio Di Mauro,37
2014,763,Jesse Witten,32
2014,764,Rafael Matos,18
2014,765,Hernan Casanova,20
2014,766,MinKyu Song,24
2014,767,Luis Patino,21
2014,768,Rodrigo Sanchez,23
2014,769,Franjo Raspudic,24
2014,770,Jacob Adaktusson,34
2014,771,Gonzalo Oliveira,19
2014,772,Ben McLachlan,22
2014,773,Artur Dubinski,18
2014,774,Sanjar Fayziev,20
2014,775,Bowen Ouyang,22
2014,776,Eduardo Agustin Torre,20
2014,777,Sander Gille,23
2014,778,Matteo Marfia,27
2014,779,Eduardo Schwank,28
2014,780,Miguel Semmler,17
2014,781,Teodor-Dacian Craciun,34
2014,782,Arkadiusz Kocyla,21
2014,783,Lucas Gomez,19
2014,784,Ronald Slobodchikov,21
2014,785,James Marsalek,22
2014,786,Dominik Meffert,33
2014,787,Javier Marti,22
2014,788,Matias Zukas,18
2014,789,Antoine Benneteau,28
2014,790,Joaquin-Jesus Monteferrario,29
2014,791,Pawel Juszczak,20
2014,792,Arsenije Zlatanovic,25
2014,793,Riccardo Bonadio,21
2014,794,Johannes Haerteis,18
2014,795,Denys Mylokostov,21
2014,796,Marvin Netuschil,23
2014,797,Nikola Ciric,31
2014,798,Deiton Baughman,18
2014,799,Chieh-Fu Wang,21
2014,800,Marek Jaloviec,20
2014,801,Young Seok Kim,19
2014,802,Peter Goldsteiner,24
2014,803,Jonas Merckx,21
2014,804,Bastian Wagner,20
2014,805,Jaume Pla Malfeito,19
2014,806,Sam Weissborn,23
2014,807,Nerman Fatic,20
2014,808,Jui-Chen Hung,24
2014,809,Philipp Oswald,28
2014,810,Rik De Voest,34
2014,811,Harry Bourchier,18
2014,812,Lorenzo Sonego,19
2014,813,Dylan Seong Kwan Kim,29
2014,814,Gengo Kikuchi,23
2014,815,Evgeny Elistratov,20
2014,816,Gergely Madarasz,20
2014,817,Jakub Lustyk,26
2014,818,Milos Sekulic,25
2014,819,Giulio Torroni,31
2014,820,Shonigmatjon Shofayziyev,21
2014,821,Anil Yuksel,24
2014,822,Daniel Lustig,30
2014,823,Oscar Hernandez,36
2014,824,Julio Cesar Campozano,28
2014,825,Jean-Marc Werner,24
2014,826,Enrico Burzi,33
2014,827,Sho Katayama,25
2014,828,Michael Quintero,34
2014,829,Joe Salisbury,22
2014,830,Filippo Baldi,18
2014,831,Robin Stanek,19
2014,832,Vladimir Polyakov,20
2014,833,Alan Kohen,21
2014,834,Tom Schonenberg,23
2014,835,Lucas Renard,22
2014,836,Filip Brtnicky,22
2014,837,Michal Pazicky,27
2014,838,Clement Geens,18
2014,839,Hiromasa Oku,25
2014,840,Mikhail Fufygin,24
2014,841,Michael Shabaz,27
2014,842,Mukund Sasikumar,17
2014,843,Leon Schutt,21
2014,844,Jonny O'Mara,19
2014,845,Ricardo Villacorta-Alonso,29
2014,846,Daniiar Duldaev,22
2014,847,Ugo Nastasi,21
2014,848,Jan Blecha,25
2014,849,Augusto Laranja,22
2014,850,Alexander Igoshin,22
2014,851,Kittipong Wachiramanowong,24
2014,852,Daniele Capecchi,19
2014,853,Yannick Hanfmann,23
2014,853,Wil Spencer,25
2014,853,Cristian Villagran,32
2014,856,Sergey Betov,27
2014,857,Raymond Sarmiento,22
2014,858,Patrick Ofner,21
2014,859,Bumpei Sato,29
2014,860,Spencer Papa,19
2014,861,Manuel Sanchez,23
2014,862,Juraj Masar,22
2014,863,Sebastian Exequiel Pini,20
2014,864,Shotaro Goto,20
2014,865,Matteo Fago,27
2014,866,George Tsivadze,21
2014,867,Patrick Ciorcila,18
2014,868,Alexandre Tsuchiya,22
2014,869,Bar Tzuf Botzer,20
2014,870,Alberto Cammarata,21
2014,870,Sergio Martos Gornes,20
2014,872,Xin Gao,20
2014,873,Matias Franco Descotte,20
2014,874,Grega Zemlja,28
2014,875,Lukas Finzelberg,20
2014,876,Jeremy Jahn,24
2014,877,Sandro Ehrat,23
2014,878,Phassawit Burapharitta,22
2014,879,Jonathan Kanar,20
2014,880,Jorge Montero,24
2014,881,Hans Hach Verdugo,25
2014,882,Alexandr Kushakov,23
2014,883,Wishaya Trongcharoenchaikul,19
2014,884,Stanislav Poplavskyy,23
2014,885,Andrei Ciumac,29
2014,886,Mico Santiago,20
2014,887,Pablo Galdon,29
2014,888,Karim Hossam,20
2014,889,Timur Khabibulin,19
2014,890,Gleb Alekseenko,31
2014,891,Marcelo Zormann,18
2014,892,Viktor Durasovic,17
2014,893,Alexander Bublik,17
2014,894,Sarvar Ikramov,29
2014,895,Juan Manuel Benitez Chavarriaga,19
2014,896,Davide Della Tommasina,24
2014,897,Tihomir Grozdanov,27
2014,898,Lukas Ruepke,21
2014,899,Omar Salman,18
2014,900,Patrik Fabian,20
2014,901,Mazen Osama,19
2014,902,Vinayak Sharma Kaza,23
2014,903,Gustavo Vellbach,22
2014,904,Benjamin Ugarte,21
2014,905,Christopher Heyman,21
2014,906,Michael Geerts,19
2014,907,Pavel Krainik,22
2014,908,Dante Gennaro,21
2014,909,Tobias Simon,23
2014,910,Thomas Holzer,31
2014,911,Moritz Buerchner,24
2014,912,Mohit Mayur Jayaprakash,21
2014,913,Nicolas Santos,26
2014,914,Rodrigo Banzer,17
2014,914,Keita Koyama,28
2014,916,Tommy Paul,17
2014,917,Nikita Kryvonos,28
2014,918,Naoki Nakagawa,18
2014,919,Nicolas Alejandro De Gregorio,23
2014,920,Franco Agamenone,21
2014,921,Hyun-Woo Nam,29
2014,922,Hugo Grenier,18
2014,923,Andreas Mies,24
2014,924,Kevin Kaczynski,20
2014,925,Felipe Escobar,20
2014,926,Ferdinando Bonuccelli,23
2014,927,Adrian Bodmer,19
2014,928,Roman Khassanov,18
2014,929,Siyu Liu,19
2014,930,Hassan Ndayishimiye,20
2014,931,Artem Sitak,28
2014,932,Paul Capdeville,31
2014,933,Marcelo Demoliner,25
2014,934,Miguel Gallardo-Valles,33
2014,935,Justin S. Shane,22
2014,936,Leonardo Kirche,29
2014,937,Alexios Halebian,20
2014,938,Constantin Belot,23
2014,939,Matias Rodolfo Buchhass,21
2014,940,Daniel Windahl,18
2014,941,Christoffer Solberg,20
2014,942,Lukas Jastraunig,25
2014,943,Pavel Nejedly,21
2014,944,Tyler Hochwalt,25
2014,945,Ko Suzuki,23
2014,946,Loic Perret,20
2014,947,Fedor Chervyakov,21
2014,948,Mariano Kestelboim,18
2014,949,Pedro Bernardi,23
2014,950,Luca Margaroli,22
2014,951,Daniel Glancy,26
2014,952,Leandro Portmann,20
2014,953,Michael Bois,21
2014,954,Pietro Fanucci,26
2014,955,Laurent Recouderc,30
2014,956,Rudolf Siwy,28
2014,957,Jaume Munar,17
2014,958,Julien Demois,21
2014,959,Petar Trendafilov,30
2014,960,Woong-Sun Jun,28
2014,961,Jelle Sels,19
2014,962,Franco Feitt,22
2014,962,Plamen Milushev,20
2014,964,Gabor Borsos,23
2014,965,Katsuki Nagao,25
2014,966,Zhaoyi Cao,21
2014,967,Chih-Jen Ho,20
2014,968,Alex Blumenberg,22
2014,969,Victor Cornea,21
2014,970,Bernabe Zapata Miralles,17
2014,971,Danylo Kalenichenko,20
2014,972,Jesus Bandres,23
2014,973,Fabien Reboul,19
2014,974,Alessandro Petrone,24
2014,975,Marc Garcia-Roman,25
2014,975,Barkin Yalcinkale,23
2014,977,Markos Kalovelonis,20
2014,978,Samuel Ribeiro Navarrete,21
2014,979,Giorgio Portaluri,24
2014,980,Chris Guccione,29
2014,981,Marc Sieber,26
2014,982,Jae-Min Seol,24
2014,983,Dong-Whee Choi,28
2014,984,Thomas Giraudeau,23
2014,985,Ji Hoon Son,20
2014,986,Daniel Altmaier,16
2014,987,Vadym Ursu,17
2014,988,Tobias Blomgren,22
2014,989,Martin Redlicki,19
2014,990,Alejandro Mendoza,24
2014,991,Wei Qiang Zheng,18
2014,992,Jan Kuncik,21
2014,993,Ismar Gorcic,31
2014,994,Cedrick Commin,21
2014,995,Nico Matic,22
2014,996,Thomas Grinberg,20
2014,997,Dmitry Surchenko,24
2014,998,Yan Sabanin,24
2014,999,Francesco Garzelli,23
2014,1000,Sebastian Wagner,22
2013,1,Rafael Nadal,27
2013,2,Novak Djokovic,26
2013,3,David Ferrer,31
2013,4,Andy Murray,26
2013,5,Juan Martin del Potro,25
2013,6,Roger Federer,32
2013,7,Tomas Berdych,28
2013,8,Stan Wawrinka,28
2013,9,Richard Gasquet,27
2013,10,Jo-Wilfried Tsonga,28
2013,11,Milos Raonic,23
2013,12,Tommy Haas,35
2013,13,Nicolas Almagro,28
2013,14,John Isner,28
2013,15,Mikhail Youzhny,31
2013,16,Fabio Fognini,26
2013,17,Kei Nishikori,24
2013,18,Tommy Robredo,31
2013,19,Gilles Simon,29
2013,20,Kevin Anderson,27
2013,21,Jerzy Janowicz,23
2013,22,Philipp Kohlschreiber,30
2013,23,Grigor Dimitrov,22
2013,24,Ernests Gulbis,25
2013,25,Andreas Seppi,29
2013,26,Benoit Paire,24
2013,27,Jurgen Melzer,32
2013,28,Feliciano Lopez,32
2013,29,Dmitry Tursunov,31
2013,30,Fernando Verdasco,30
2013,31,Gael Monfils,27
2013,32,Vasek Pospisil,23
2013,33,Ivan Dodig,28
2013,34,Jeremy Chardy,26
2013,35,Julien Benneteau,32
2013,36,Janko Tipsarevic,29
2013,37,Marin Cilic,25
2013,38,Marcel Granollers,27
2013,39,Jarkko Nieminen,32
2013,40,Florian Mayer,30
2013,41,Carlos Berlocq,30
2013,42,Juan Monaco,29
2013,43,Robin Haase,26
2013,44,Radek Stepanek,35
2013,45,Denis Istomin,27
2013,46,Sam Querrey,26
2013,47,Lukas Rosol,28
2013,48,Pablo Andujar,27
2013,49,Joao Sousa,24
2013,50,Nicolas Mahut,31
2013,51,Bernard Tomic,21
2013,52,Edouard Roger-Vasselin,30
2013,53,Nikolay Davydenko,32
2013,54,Daniel Brands,26
2013,55,Federico Delbonis,23
2013,56,Horacio Zeballos,28
2013,57,Alexandr Dolgopolov,25
2013,58,Roberto Bautista Agut,25
2013,59,Adrian Mannarino,25
2013,60,Lleyton Hewitt,32
2013,61,Marinko Matosevic,28
2013,62,Guillermo Garcia-Lopez,30
2013,63,Albert Montanes,33
2013,64,Pablo Carreno Busta,22
2013,65,Yen-Hsun Lu,30
2013,66,Michal Przysiezny,29
2013,67,Mikhail Kukushkin,26
2013,68,Matthew Ebden,26
2013,69,Santiago Giraldo,26
2013,70,Igor Sijsling,26
2013,71,Filippo Volandri,32
2013,72,Lukasz Kubot,31
2013,73,Dudi Sela,28
2013,74,Tobias Kamke,27
2013,75,Viktor Troicki,27
2013,76,Teymuraz Gabashvili,28
2013,77,Daniel Gimeno-Traver,28
2013,78,Ivo Karlovic,34
2013,79,Benjamin Becker,32
2013,80,Victor Hanescu,32
2013,81,Lukas Lacko,26
2013,82,Andrey Golubev,26
2013,83,Albert Ramos-Vinolas,25
2013,84,Kenny De Schepper,26
2013,85,Jiri Vesely,20
2013,86,Julian Reister,27
2013,87,Marcos Baghdatis,28
2013,88,Alex Bogomolov Jr.,30
2013,89,Tim Smyczek,26
2013,90,Somdev Devvarman,28
2013,91,Alejandro Gonzalez,24
2013,92,Michael Russell,35
2013,93,Aleksandr Nedovyesov,26
2013,94,Leonardo Mayer,26
2013,95,Aljaz Bedene,24
2013,96,Donald Young,24
2013,97,Bradley Klahn,23
2013,98,Sergiy Stakhovsky,27
2013,99,Alejandro Falla,30
2013,100,Ryan Harrison,21
2013,101,Jesse Huta Galung,28
2013,102,Jack Sock,21
2013,103,Go Soeda,29
2013,104,Blaz Kavcic,26
2013,105,Michael Llodra,33
2013,106,Jan Hajek,30
2013,107,Jan-Lennard Struff,23
2013,108,Martin Klizan,24
2013,109,Paolo Lorenzi,32
2013,110,David Goffin,23
2013,111,Dustin Brown,29
2013,112,Andreas Haider-Maurer,26
2013,113,Evgeny Donskoy,23
2013,114,Denis Kudla,21
2013,115,Stephane Robert,33
2013,116,Dusan Lajovic,23
2013,117,Diego Schwartzman,21
2013,118,Guido Pella,23
2013,119,Adrian Ungur,28
2013,120,Marc Gicquel,36
2013,121,Grega Zemlja,27
2013,122,Frank Dancevic,29
2013,123,Facundo Bagnis,23
2013,124,Facundo Arguello,21
2013,125,Thomaz Bellucci,26
2013,126,Pere Riba,25
2013,127,Rajeev Ram,29
2013,128,Andrej Martin,24
2013,129,Paul-Henri Mathieu,31
2013,130,Rhyne Williams,22
2013,131,Ricardas Berankis,23
2013,132,Rogerio Dutra Silva,29
2013,133,Martin Alund,28
2013,134,Andrey Kuznetsov,22
2013,135,Xavier Malisse,33
2013,136,James Duckworth,21
2013,137,Guillaume Rufin,23
2013,138,Wayne Odesnik,28
2013,139,Dominic Thiem,20
2013,140,Joao Souza,25
2013,141,Peter Polansky,25
2013,142,Alex Kuznetsov,26
2013,143,Michael Berrer,33
2013,144,Victor Estrella Burgos,33
2013,145,Guido Andreozzi,22
2013,146,Thiemo de Bakker,25
2013,147,Marius Copil,23
2013,148,Ruben Bemelmans,25
2013,149,Jesse Levine,26
2013,150,Daniel Evans,23
2013,151,Pierre-Hugues Herbert,22
2013,152,Potito Starace,32
2013,153,James Blake,34
2013,154,Paul Capdeville,30
2013,155,Tatsuma Ito,25
2013,156,Steve Johnson,24
2013,157,Maximo Gonzalez,30
2013,158,Guilherme Clezar,20
2013,159,Matthias Bachinger,26
2013,160,Matteo Viola,26
2013,161,James Ward,26
2013,162,Peter Gojowczyk,24
2013,163,Marco Cecchinato,21
2013,164,Steve Darcis,29
2013,165,Illya Marchenko,26
2013,166,Ruben Ramirez Hidalgo,35
2013,167,Cedrik-Marcel Stebe,23
2013,168,Malek Jaziri,29
2013,169,Radu Albot,24
2013,170,Yuichi Sugita,25
2013,171,Rik De Voest,33
2013,172,Sam Groth,26
2013,173,Marco Chiudinelli,32
2013,174,Jimmy Wang,28
2013,175,Gastao Elias,23
2013,176,Mischa Zverev,26
2013,177,David Guez,31
2013,178,Konstantin Kravchuk,28
2013,179,Bobby Reynolds,31
2013,180,Thomas Fabbiano,24
2013,181,Marton Fucsovics,21
2013,182,Nick Kyrgios,18
2013,183,Tennys Sandgren,22
2013,184,Blaz Rola,23
2013,185,Marsel Ilhan,26
2013,186,Andreas Beck,27
2013,187,Damir Dzumhur,21
2013,188,Flavio Cipolla,30
2013,189,Amir Weintraub,27
2013,190,John Millman,24
2013,191,Renzo Olivo,21
2013,192,Martin Fischer,27
2013,193,Maxime Teixeira,24
2013,194,Daniel Munoz de la Nava,31
2013,195,Yuki Bhambri,21
2013,196,Kristijan Mesaros,25
2013,197,Norbert Gombos,23
2013,198,Mohamed Safwat,23
2013,199,Niels Desein,26
2013,200,Pedro Sousa,25
2013,201,Olivier Rochus,32
2013,202,Gerald Melzer,23
2013,203,Jan Mertl,31
2013,204,Lucas Pouille,19
2013,205,Hiroki Moriya,23
2013,206,Philipp Petzschner,29
2013,207,Adrian Menendez-Maceiras,28
2013,208,Di Wu,22
2013,209,Farrukh Dustov,27
2013,210,Simon Greul,32
2013,211,Thomas Schoorel,24
2013,212,Andrea Arnaboldi,26
2013,213,Jaroslav Pospisil,32
2013,214,Robby Ginepri,31
2013,215,David Souto,21
2013,216,Andre Ghem,31
2013,217,Antonio Veic,25
2013,218,Florent Serra,32
2013,219,Jan Hernych,34
2013,220,Pablo Cuevas,27
2013,221,John-Patrick Smith,24
2013,222,Gerard Granollers,24
2013,223,Miloslav Mecir,25
2013,224,Matt Reid,23
2013,225,Jordi Samper-Montana,23
2013,226,Filip Krajinovic,21
2013,227,Greg Jones,24
2013,228,Gregoire Burquier,29
2013,229,David Nalbandian,31
2013,230,Alessio Di Mauro,36
2013,231,Victor Crivoi,31
2013,232,Lorenzo Giustino,22
2013,233,Steven Diez,22
2013,234,Agustin Velotti,21
2013,235,Ilija Bozoljac,28
2013,236,Boy Westerhof,28
2013,237,Germain Gigounon,24
2013,238,Taro Daniel,20
2013,239,Jose Checa-Calvo,28
2013,240,Austin Krajicek,23
2013,241,Tim Puetz,26
2013,242,James McGee,26
2013,243,Carlos Salamanca,30
2013,244,Henri Laaksonen,21
2013,245,Simone Bolelli,28
2013,246,Ricardo Hocevar,28
2013,247,Ante Pavic,24
2013,248,Mirza Basic,22
2013,249,Axel Michon,23
2013,250,Daniel Cox,23
2013,251,Albano Olivetti,22
2013,252,Lamine Ouahab,29
2013,253,Egor Gerasimov,21
2013,254,Ze Zhang,23
2013,255,Guillermo Olaso,25
2013,256,Theodoros Angelinos,29
2013,257,Matthew Barton,22
2013,258,Kimmer Coppejans,19
2013,259,Andrea Collarini,21
2013,260,Laurynas Grigelis,22
2013,261,Andres Molteni,25
2013,262,Valery Rudnev,25
2013,263,Rui Machado,29
2013,264,Benjamin Balleret,30
2013,265,Benjamin Mitchell,21
2013,266,Filip Peliwo,19
2013,267,Roberto Carballes Baena,20
2013,268,Liang-Chi Huang,21
2013,269,Vincent Millot,27
2013,270,Alexander Kudryavtsev,28
2013,271,Enrique Lopez Perez,22
2013,272,Bastian Knittel,30
2013,273,Toni Androic,22
2013,274,Maxime Authom,26
2013,275,Marco Trungelliti,23
2013,276,Thiago Monteiro,19
2013,277,Tsung-Hua Yang,22
2013,278,Juan Ignacio Londero,20
2013,279,Alessandro Giannessi,23
2013,280,Ti Chen,30
2013,281,Gianluca Naso,26
2013,282,Simone Vagnozzi,30
2013,283,Yasutaka Uchiyama,21
2013,284,Hiroki Kondo,31
2013,285,Nikola Mektic,25
2013,286,Marek Semjan,26
2013,287,Denys Molchanov,26
2013,288,Grzegorz Panfil,25
2013,289,Adrian Sikora,25
2013,290,Rubin Statham,26
2013,291,Shuichi Sekiguchi,22
2013,292,Aslan Karatsev,20
2013,293,Aldin Setkic,26
2013,294,Jules Marie,22
2013,295,Tak Khunn Wang,22
2013,296,Yannick Mertens,26
2013,297,Yannik Reuter,22
2013,298,Hans Podlipnik-Castillo,25
2013,299,Gonzalo Lama,20
2013,300,Edward Corrie,25
2013,301,Jose Hernandez-Fernandez,23
2013,302,Yong-Kyu Lim,22
2013,303,Borna Coric,17
2013,304,Josselin Ouanna,27
2013,305,Michal Konecny,24
2013,306,Janez Semrajc,24
2013,307,Emilio Gomez,22
2013,308,Bjorn Fratangelo,20
2013,309,Dzmitry Zhyrmont,24
2013,310,Chase Buchanan,22
2013,311,Juan Lizariturry,22
2013,312,Mikhail Biryukov,21
2013,313,Javier Marti,21
2013,314,Jeevan Nedunchezhiyan,25
2013,315,Uladzimir Ignatik,23
2013,316,Bjorn Phau,34
2013,317,Saketh Myneni,26
2013,318,Jonathan Eysseric,23
2013,319,Stefan Seifert,28
2013,320,Jordan Thompson,19
2013,321,David Rice,24
2013,322,Riccardo Bellotti,22
2013,323,Yann Marti,25
2013,324,Alberto Brizzi,29
2013,325,Thales Turini,24
2013,326,Sandro Ehrat,22
2013,327,Marc Rath,23
2013,328,Gianluigi Quinzi,17
2013,329,Evgeny Korolev,25
2013,330,Michael Linzer,24
2013,331,Fernando Romboli,24
2013,332,Alexander Rumyantsev,21
2013,333,Roberto Ortega-Olmedo,22
2013,334,Jurgen Zopp,25
2013,335,Hugo Dellien,20
2013,336,Maxim Dubarenco,20
2013,337,Alexander Lobkov,23
2013,338,Karim Hossam,19
2013,339,Jozef Kovalik,21
2013,340,Andres Artunedo Martinavarro,20
2013,341,Carlos Gomez-Herrera,23
2013,342,Jarmere Jenkins,23
2013,343,Eduardo Schwank,27
2013,344,Matteo Trevisan,24
2013,345,Julio Cesar Campozano,27
2013,346,Maximilian Neuchrist,22
2013,347,Dominik Meffert,32
2013,348,Salvatore Caruso,21
2013,349,Matwe Middelkoop,30
2013,350,Marcus Willis,23
2013,351,Artem Smirnov,25
2013,352,Walter Trusendi,28
2013,353,Arthur De Greef,21
2013,354,Marc Giner,22
2013,355,Jose Pereira,22
2013,356,Steven Moneke,27
2013,357,Ricardo Rodriguez - Pace,20
2013,358,Roberto Marcora,24
2013,359,Brian Baker,28
2013,360,Karol Beck,31
2013,361,Piotr Gadomski,22
2013,362,Prakash Amritraj,30
2013,363,Joris De Loore,20
2013,364,Jorge Aguilar,28
2013,365,Nils Langer,23
2013,366,Nicolas Barrientos,26
2013,367,Roman Jebavy,24
2013,368,Gilles Muller,30
2013,369,Dennis Novak,20
2013,370,Gabriel Alejandro Hidalgo,23
2013,371,Aliaksandr Bury,26
2013,372,Andrew Whittington,20
2013,373,Mardy Fish,32
2013,374,Stefano Travaglia,22
2013,375,Takanyi Garanganga,23
2013,376,Kyle Edmund,18
2013,377,Wilson Leite,22
2013,378,Suk-Young Jeong,20
2013,379,Pedja Krstin,19
2013,380,Nicolas Meister,24
2013,381,Victor Baluda,21
2013,382,Maximiliano Estevez,24
2013,383,Jason Jung,24
2013,384,Martin Vaisse,26
2013,385,Alexey Vatutin,21
2013,386,Ivan Endara,25
2013,387,Brydan Klein,23
2013,388,Cristian Garin,17
2013,389,Ivan Arenas-Gualda,23
2013,390,Cristobal Saavedra-Corvalan,23
2013,391,Sanam Singh,25
2013,392,Ivo Minar,29
2013,393,N.Sriram Balaji,23
2013,394,Tihomir Grozdanov,26
2013,395,Adam Pavlasek,19
2013,396,Luis David Martinez,24
2013,397,Jason Kubler,20
2013,398,Luke Saville,19
2013,399,Romain Jouan,28
2013,400,Philip Bester,25
2013,401,Michael Venus,26
2013,402,Richard Becker,22
2013,403,Patricio Heras,24
2013,404,Ivo Klec,33
2013,405,Mate Delic,20
2013,406,Oliver Golding,20
2013,407,Daniel Smethurst,23
2013,408,Bastian Trinker,23
2013,409,Federico Coria,21
2013,410,Louk Sorensen,28
2013,411,Alexander Ward,23
2013,412,Mate Pavic,20
2013,413,Mathias Bourgue,19
2013,414,Ricardo Urzua-Rivera,24
2013,415,Tomas Lipovsek Puches,20
2013,416,Kevin Krawietz,21
2013,417,Sam Barry,21
2013,418,Erik Crepaldi,23
2013,419,Ivan Nedelko,27
2013,420,Ashley Hewitt,21
2013,421,Matteo Donati,18
2013,422,Adam Feeney,28
2013,423,Markus Eriksson,24
2013,424,Danai Udomchoke,32
2013,425,Antal Van Der Duim,26
2013,426,Claudio Fortuna,23
2013,427,Michael Quintero,33
2013,428,Michal Schmid,25
2013,429,Jung-Woong Na,21
2013,430,Christopher Diaz-Figueroa,23
2013,431,Julien Obry,22
2013,432,Arnau Brugues-Davi,28
2013,433,Josh Goodall,28
2013,434,Antoine Benneteau,27
2013,435,Sherif Sabry,27
2013,436,Miljan Zekic,25
2013,437,Enrico Burzi,32
2013,438,Christian Harrison,19
2013,439,Thiago Alves,31
2013,440,Miguel Gallardo-Valles,32
2013,441,Bruno Santanna,20
2013,442,Yoshihito Nishioka,18
2013,443,Richard Gabb,21
2013,444,Michael Shabaz,26
2013,445,Peter Torebko,25
2013,446,Marcelo Arevalo,23
2013,447,Nikoloz Basilashvili,21
2013,448,Maxime Chazal,20
2013,449,Federico Gaio,21
2013,450,Robin Kern,20
2013,451,Karen Khachanov,17
2013,452,Michael Lammer,31
2013,453,Fabiano De Paula,25
2013,454,Miguel Reyes-Varela,26
2013,455,Laurent Lokoli,19
2013,456,Claudio Grassi,28
2013,457,Adrien Bossel,27
2013,458,Dane Propoggia,23
2013,459,Constant Lestienne,21
2013,460,Andis Juska,28
2013,461,Sergey Betov,26
2013,462,Jonathan Dasnieres de Veigy,26
2013,463,Dimitar Kuzmanov,20
2013,464,Alexis Musialek,25
2013,465,Riccardo Ghedin,28
2013,466,Micke Kontinen,21
2013,467,Duilio Beretta,21
2013,468,Juan Carlos Saez,22
2013,469,Alessandro Bega,22
2013,470,Toshihide Matsui,35
2013,471,Moritz Baumann,26
2013,472,Pablo Galdon,28
2013,473,Liam Broady,19
2013,474,Alex Bolt,20
2013,475,Adam El Mihdawy,24
2013,476,Stephane Bohli,30
2013,477,Mitchell Krueger,19
2013,478,Edoardo Eremin,20
2013,479,Kamil Capkovic,27
2013,480,Dino Marcan,22
2013,481,Pavol Cervenak,26
2013,482,David Perez Sanz,19
2013,483,Ivan Sergeyev,25
2013,484,Prajnesh Gunneswaran,24
2013,485,Dimitar Kutrovsky,26
2013,486,Darian King,21
2013,487,Yuichi Ito,27
2013,488,Boris Pashanski,31
2013,489,Karunuday Singh,23
2013,490,Juan-Carlos Spir,23
2013,491,Enzo Couacaud,18
2013,492,Leonardo Kirche,28
2013,493,Marek Michalicka,27
2013,494,Tom Farquharson,21
2013,495,Laslo Djere,18
2013,496,Dennis Nevolo,24
2013,497,Fabricio Neis,23
2013,498,Facundo Mena,21
2013,499,Oriol Roca Batalla,20
2013,500,David Vega Hernandez,19
2013,501,Anton Zaitcev,26
2013,502,Pedro Sakamoto,20
2013,503,Danilo Petrovic,21
2013,504,Julien Cagnina,19
2013,505,Stanislav Vovk,22
2013,506,Erik Chvojka,27
2013,507,Kevin King,22
2013,508,Marcelo Demoliner,24
2013,509,Andre Miele,26
2013,510,Hugo Nys,22
2013,511,Christian Lindell,22
2013,512,Eduardo Struvay,23
2013,513,Mazen Osama,18
2013,514,Tomislav Brkic,23
2013,515,Dusan Lojda,25
2013,516,Hicham Khaddari,22
2013,517,Vijayant Malik,23
2013,518,Denis Matsukevich,27
2013,519,Jamie Baker,27
2013,520,Chris Guccione,28
2013,521,Colin Ebelthite,29
2013,522,Martin Cuevas,21
2013,523,Nicolas Reissig,24
2013,524,Mauricio Echazu,24
2013,525,Alexandros Jakupovic,32
2013,526,Ramkumar Ramanathan,19
2013,527,Blazej Koniusz,25
2013,528,Joshua Milton,24
2013,529,Nik Razborsek,20
2013,530,Daniel Nguyen,23
2013,531,Attila Balazs,25
2013,532,Dean O'Brien,23
2013,533,Giovanni Lapentti,30
2013,534,Ricardo Villacorta-Alonso,28
2013,535,Nicolas Renavand,31
2013,536,Daniele Giorgini,29
2013,537,Dimitar Grabul,32
2013,538,Mathieu Rodrigues,28
2013,539,Fabrice Martin,27
2013,540,Lukas Jastraunig,24
2013,541,Romain Arneodo,21
2013,542,Pol Toledo Bague,19
2013,543,Franko Skugor,26
2013,544,Pedro Cachin,18
2013,545,Patrick Ofner,20
2013,546,Tiago Fernandes,20
2013,547,Joao Pedro Sorgi,20
2013,548,Igor Kunitsyn,32
2013,549,Marin Bradaric,28
2013,550,Hyeon Chung,17
2013,551,Joao Domingues,20
2013,552,Karim-Mohamed Maamoun,22
2013,553,Nicolas Kicker,21
2013,554,Gavin Van Peperzeel,21
2013,555,Laurent Recouderc,29
2013,556,Alex Bogdanovic,29
2013,557,Brayden Schnur,18
2013,558,Caio Zampieri,27
2013,559,Viktor Galovic,23
2013,560,Sam Weissborn,22
2013,561,Tyler Hochwalt,24
2013,562,Neil Pauffley,23
2013,563,Roman Borvanov,31
2013,564,Artem Sitak,27
2013,565,Francesco Picco,22
2013,566,Cheong-Eui Kim,23
2013,567,Yu Chang,25
2013,568,Wesley Koolhof,24
2013,569,Miki Jankovic,19
2013,570,Daniel Dutra da Silva,25
2013,571,Marcos Giron,20
2013,572,Patrick Ciorcila,17
2013,573,Kento Takeuchi,26
2013,574,Tim Nekic,21
2013,575,Riccardo Sinicropi,23
2013,576,Jean-Marc Werner,23
2013,577,Guillermo Duran,25
2013,578,Juan-Samuel Arauzo-Martinez,23
2013,579,Mateo Nicolas Martinez,19
2013,580,Duje Kekez,20
2013,581,Jaime Pulgar-Garcia,24
2013,582,Jeff Dadamo,24
2013,583,Miliaan Niesten,25
2013,584,Sean Berman,20
2013,585,JiSung Nam,20
2013,586,Vladimir Ivanov,26
2013,587,Teodor-Dacian Craciun,33
2013,588,Andre Gaspar Murta,19
2013,589,Rafael Camilo,23
2013,590,Mike Urbanija,24
2013,591,Daniel Kosakowski,21
2013,592,Evan King,21
2013,593,Jeremy Jahn,23
2013,594,Marcus Daniell,24
2013,595,Vladyslav Manafov,20
2013,596,Bar Tzuf Botzer,19
2013,597,Ricardo Ojeda Lara,20
2013,598,Andrew Harris,19
2013,599,Filip Veger,19
2013,600,Tristan Lamasine,20
2013,601,Alexandar Lazov,23
2013,602,Yannick Vandenbulcke,23
2013,603,Frederico Ferreira Silva,18
2013,604,Eric Quigley,24
2013,605,Marco Bortolotti,22
2013,606,Ivo Mijic,23
2013,607,Filip Horansky,20
2013,608,Tiago Lopes,27
2013,609,Vadim Alekseenko,30
2013,610,Colin Van Beem,21
2013,611,James Marsalek,21
2013,612,Michael Bois,20
2013,613,Gianni Mina,21
2013,614,Josko Topic,30
2013,615,Caio Silva,22
2013,616,Alban Meuffels,21
2013,617,Jan Blecha,24
2013,618,Frederik Nielsen,30
2013,619,Johan Tatlot,17
2013,620,Elie Rousset,24
2013,621,Calvin Hemery,18
2013,622,Ivan Anikanov,25
2013,623,Ranjeet Virali-Murugesan,28
2013,624,Patrik Rosenholm,25
2013,625,Andoni Vivanco-Guzman,23
2013,626,Pavel Krainik,21
2013,627,Min-Hyeok Cho,26
2013,628,Thanasi Kokkinakis,17
2013,629,Alexandre Penaud,26
2013,630,Felipe Mantilla,20
2013,631,Takuto Niki,26
2013,632,Albert Alcaraz Ivorra,18
2013,633,Juraj Masar,21
2013,634,Torsten Wietoska,24
2013,635,Dennis Novikov,20
2013,636,Greg Ouellette,27
2013,637,Tucker Vorster,25
2013,638,Oscar Otte,20
2013,639,Remi Boutillier,23
2013,640,Fritz Wolmarans,27
2013,641,James Lemke,25
2013,642,Marco Crugnola,30
2013,643,Arthur Surreaux,26
2013,644,Laurent Rochette,25
2013,645,Marat Deviatiarov,19
2013,646,Tigre Hank,22
2013,647,Florian Reynet,27
2013,648,Nikola Cacic,23
2013,649,Rudy Coco,29
2013,650,Yan Bai,24
2013,651,Andrey Rublev,16
2013,652,Jan Satral,23
2013,653,Blake Mott,17
2013,654,Martins Podzus,19
2013,655,Ivan Bjelica,29
2013,656,Alexander Ritschard,19
2013,657,Denis Yevseyev,20
2013,658,Roberto Quiroz,21
2013,659,Juan-Pablo Amado,27
2013,660,Sho Katayama,24
2013,661,Haythem Abid,28
2013,662,Vishnu Vardhan,26
2013,663,Andrew Fitzpatrick,24
2013,664,Tuna Altuna,24
2013,665,Denis Bejtulahi,26
2013,666,Marcos Giraldi Requena,20
2013,667,Ryan Sweeting,26
2013,668,Jesse Witten,31
2013,669,Jonas Luetjen,23
2013,670,Cristian Rodriguez,23
2013,671,Daniel Garza,28
2013,672,Laurent Malouli,26
2013,673,Mackenzie McDonald,18
2013,674,Eduardo Agustin Torre,19
2013,675,Nikolaus Moser,23
2013,676,Pascal Brunner,24
2013,677,Daniiar Duldaev,21
2013,678,Andriej Kapas,24
2013,679,Jean-Yves Aubone,25
2013,680,Omar Giacalone,21
2013,681,Dominik Suc,23
2013,682,Filippo Leonardi,26
2013,683,Ryusei Makiguchi,22
2013,684,Eduard Esteve Lobato,19
2013,685,Tom Schonenberg,22
2013,686,Guillermo Nunez,18
2013,687,Leonardo Tavares,29
2013,688,Bumpei Sato,28
2013,689,Jacob Adaktusson,33
2013,690,Markos Kalovelonis,19
2013,691,Arata Onozawa,25
2013,692,Joshua Ward Hibbert,19
2013,693,Baris Erguden,27
2013,694,Joachim Johansson,31
2013,695,Mitchell Frank,21
2013,696,Ernesto Escobedo,17
2013,697,Jonathon Cooper,22
2013,698,Gleb Sakharov,25
2013,699,Milan Pokrajac,26
2013,700,Kevin Griekspoor,22
2013,701,Issam Haitham Taweel,24
2013,702,Mikelis Libietis,21
2013,703,Nikola Milojevic,18
2013,704,Yannick Maden,24
2013,705,Quentin Halys,17
2013,706,Gonzalo Escobar,24
2013,707,Luke Bambridge,18
2013,708,Vijay S P Natarajan,27
2013,709,Jakub Lustyk,25
2013,710,Henrique Cunha,23
2013,711,Cesar Ramirez,23
2013,712,Herkko Pollanen,19
2013,713,Julien Dubail,25
2013,714,Marko Tepavac,19
2013,715,Giulio Torroni,30
2013,716,Andrea Basso,20
2013,717,Carlos Boluda-Purkiss,20
2013,718,Alessandro Petrone,23
2013,719,Maverick Banes,21
2013,720,Alex Blumenberg,21
2013,721,Daniel Glancy,25
2013,722,Andrei Ciumac,28
2013,723,Adrian Partl,20
2013,724,Matheson Klein,24
2013,725,Gregoire Barrere,19
2013,726,Alex Llompart,23
2013,727,Carlos Eduardo Severino,23
2013,728,Isak Arvidsson,21
2013,729,Alexandre Folie,23
2013,730,Jared Donaldson,17
2013,731,Gergely Madarasz,19
2013,732,Bastian Malla,17
2013,733,Yaraslav Shyla,20
2013,734,Ruan Roelofse,24
2013,735,Mao-Xin Gong,26
2013,736,Enzo Py,18
2013,737,Sekou Bangoura,22
2013,738,Matteo Fago,26
2013,739,Peter Heller,21
2013,740,Matthieu Roy,24
2013,741,Eduardo Dischinger,21
2013,742,Jean Andersen,25
2013,743,Yuya Kibi,27
2013,744,Hyun-Woo Nam,28
2013,745,Yassine Idmbarek,27
2013,746,Milos Sekulic,24
2013,747,Julien Demois,20
2013,748,Joaquin-Jesus Monteferrario,28
2013,749,Igor Smilansky,18
2013,750,Jui-Chen Hung,23
2013,751,Francois-Arthur Vibert,23
2013,752,Takashi Saito,18
2013,753,Clement Reix,30
2013,754,Giammarco Micolani,21
2013,755,Sarvar Ikramov,28
2013,756,Duckhee Lee,15
2013,757,Abdullah Maqdes,26
2013,758,Valentin Dimov,24
2013,759,Rodrigo Sanchez,22
2013,760,Catalin-Ionut Gard,32
2013,761,Mikhail Fufygin,23
2013,762,Juan Ignacio Galarza,19
2013,763,Felipe Escobar,19
2013,764,Michael Yani,32
2013,765,Reda El Amrani,25
2013,766,Andreas Vinciguerra,32
2013,767,Noah Rubin,17
2013,768,Marcin Gawron,25
2013,769,Elias Ymer,17
2013,770,Petru-Alexandru Luncanu,24
2013,771,Leandro Migani,28
2013,772,Mikhail Vaks,20
2013,773,Ilya Ivashka,19
2013,774,Marc Abdelnour,25
2013,775,Davy Sum,24
2013,776,Matthias Wunner,20
2013,777,Tom Kocevar-Desman,23
2013,778,Edualdo Bonet-de Gispert,25
2013,779,Lewis Burton,21
2013,780,Costin Paval,23
2013,781,Reid Carleton,24
2013,782,Dejan Katic,25
2013,783,Christian Trubrig,21
2013,784,Ramy Kamal Aita,22
2013,785,Juan Pablo Paz,18
2013,786,Yannick Jankovits,26
2013,787,Henrik Sillanpaa,22
2013,788,Federico Zeballos,25
2013,789,Augusto Laranja,21
2013,790,Ryan Agar,26
2013,791,Viktor Filipenko,22
2013,792,Sebastien Boltz,20
2013,793,Evgeny Karlovskiy,19
2013,794,Naoki Nakagawa,17
2013,795,Jan Minar,32
2013,796,Devin McCarthy,23
2013,797,Hiroyasu Ehara,22
2013,798,Ismar Gorcic,30
2013,799,Lorenzo Frigerio,24
2013,800,Ilija Vucic,23
2013,801,Andrei Plotniy,25
2013,802,Eric Prodon,32
2013,803,Adelchi Virgili,23
2013,804,Denis Zivkovic,26
2013,805,Pruchya Isaro,18
2013,806,Vladimir Polyakov,19
2013,807,Cedrick Commin,20
2013,807,Jeroen Vanneste,19
2013,809,Alexander Zverev,16
2013,810,Nerman Fatic,19
2013,811,Dayne Kelly,23
2013,812,Matthew Short,23
2013,813,Yusuke Watanuki,23
2013,814,Tomislav Jotovski,23
2013,815,Andrei Vasilevski,22
2013,816,Filippo Baldi,17
2013,817,Chuhan Wang,21
2013,818,Jack Carpenter,21
2013,819,George Coupland,24
2013,820,Mauricio Astorga,22
2013,821,Maxime Tchoutakian,19
2013,822,Jorge Montero,23
2013,823,Eduardo Peralta-Tello,24
2013,824,Marko Danis,22
2013,825,Clement Geens,17
2013,826,Jason Tahir,20
2013,827,Mohammad Ghareeb,33
2013,828,Fred Gil,28
2013,829,Ariel Behar,24
2013,830,Nicolas Jarry,18
2013,831,Zhe Li,27
2013,832,Benjamin Ugarte,20
2013,833,Kittipong Wachiramanowong,23
2013,834,Luca Vanni,28
2013,835,Denys Mylokostov,20
2013,836,Alexios Halebian,19
2013,837,Robert Carter,20
2013,838,Jonas Merckx,20
2013,839,Sasa Stojisavljevic,26
2013,840,Constantin Belot,22
2013,841,Jacob Grills,18
2013,842,Alexander Zhurbin,21
2013,843,Miguel Angel Lopez Jaen,31
2013,844,Tomislav Ternar,23
2013,845,Gibril Diarra,23
2013,846,Sadio Doumbia,23
2013,847,Marcelo Zormann,17
2013,848,Francisco Bahamonde,17
2013,849,Petar Trendafilov,29
2013,850,Alexandre Tsuchiya,21
2013,851,Alexandre Sidorenko,25
2013,852,Stanislav Poplavskyy,22
2013,853,Libor Salaba,21
2013,854,Pawel Juszczak,19
2013,855,Dominik Schulz,21
2013,856,Evan Song,21
2013,857,Peter Goldsteiner,23
2013,858,Pirmin Haenle,25
2013,859,Stefano Napolitano,18
2013,860,Richard Muzaev,21
2013,861,Volodoymyr Uzhylovskyi,25
2013,862,Sergio Galdos,23
2013,863,Mico Santiago,19
2013,864,Sebastian Exequiel Pini,19
2013,865,Kevin Kaczynski,19
2013,866,Jan Kuncik,20
2013,867,Anton Galkin,22
2013,868,Dorian Descloix,25
2013,869,Nicola Ghedin,25
2013,870,Lorenzo Papasidero,23
2013,871,Younes Rachidi,27
2013,872,Pietro Rondoni,20
2013,873,Maximilian Dinslaken,21
2013,874,Toby Martin,20
2013,875,Michael Look,26
2013,876,Nicolas Massu,34
2013,877,Masato Shiga,22
2013,878,Christopher Rungkat,23
2013,879,Matej Sabanov,21
2013,880,Richard Bloomfield,30
2013,881,Simon Cauvard,27
2013,882,Kirill Dmitriev,22
2013,883,George Jecminek,26
2013,884,Bastian Wagner,19
2013,885,Vaclav Safranek,19
2013,886,Andrew Carter,23
2013,887,Joss Espasandin,23
2013,888,Dekel Bar,20
2013,889,Mikhail Ledovskikh,27
2013,890,Devin Britton,22
2013,891,Julio Silva,34
2013,892,Alexander Sarkissian,23
2013,893,Gregoire Jacq,21
2013,894,Maximilian Marterer,18
2013,895,Or Ram-Harel,18
2013,896,Maxime Hamou,18
2013,897,Temur Ismailov,18
2013,898,Kyle Mcmorrow,23
2013,899,Alexis Klegou,24
2013,900,Idio Escobar,22
2013,901,Vasile Antonescu,23
2013,902,Sergey Strelkov,22
2013,903,Gonzalo Villanueva,18
2013,904,Jordi Munoz-Abreu,23
2013,905,Thomas Statzberger,21
2013,906,Robin Stanek,18
2013,907,Franjo Raspudic,23
2013,908,Connor Farren,19
2013,909,Kaichi Uchida,19
2013,910,Christian Hirschmueller,20
2013,911,Nikita Kryvonos,27
2013,912,Guillermo Rivera-Aranguiz,24
2013,913,Pietro Licciardi,19
2013,914,Jose Antonio Salazar Martin,19
2013,915,Adam Sanjurjo Hermida,18
2013,916,Carsten Ball,26
2013,917,Dennis Bloemke,24
2013,918,Florian Fallert,21
2013,919,Pavel Filin,21
2013,920,Gengo Kikuchi,22
2013,921,Darren K. Polkinghorne,20
2013,922,Wishaya Trongcharoenchaikul,18
2013,923,Juan Sebastian Gomez,21
2013,924,Lukas Marsoun,27
2013,925,Maxime Forcin,24
2013,926,Florian Barth,24
2013,927,Bowen Ouyang,21
2013,928,Alexandr Kushakov,22
2013,929,Franck Pepe,25
2013,930,Hassan Ndayishimiye,19
2013,931,Stepan Khotulev,24
2013,932,Arkadiusz Kocyla,20
2013,933,Luca Margaroli,21
2013,934,Sergio Gutierrez-Ferrol,24
2013,935,Paul Cayre,18
2013,935,David Sofaer,22
2013,937,Mario Haider-Maurer,29
2013,938,Takao Suzuki,37
2013,939,Martin Fafl,29
2013,940,Joachim Bjerke,19
2013,941,Maximilian Abel,31
2013,942,Jonny O'Mara,18
2013,943,Daniel Elahi Galan,17
2013,944,Vaja Uzakov,25
2013,945,Sahak Bazrganian,20
2013,946,Gianluca Mager,19
2013,947,George Morgan,20
2013,948,Mark Fynn,28
2013,949,Damiano Di Ienno,24
2013,950,Lucas Renard,21
2013,951,Dominic Inglot,27
2013,952,Simon Stadler,30
2013,953,Takeshi Endo,22
2013,954,Katsuki Nagao,24
2013,955,Nicolaas Scholtz,22
2013,956,Issei Okamura,21
2013,957,Sebastian Fanselow,22
2013,958,Patrick Prader,27
2013,959,Mikhail Elgin,32
2013,960,Alexander Vasilenko,18
2013,961,Niels Lootsma,19
2013,962,Woong-Sun Jun,27
2013,963,Jay Andrijic,18
2013,964,Lennart Zynga,22
2013,965,Lukas Mugevicius,19
2013,966,Thomas Grinberg,19
2013,967,Charalampos Kapogiannis,23
2013,968,Ugo Nastasi,20
2013,969,Vladimir Kruk,22
2013,970,Marcos Vinicius  Dias,20
2013,971,Christopher Racz,25
2013,972,Chieh-Fu Wang,20
2013,973,Hugo Di Feo,18
2013,973,Vitaliy Kachanovskiy,22
2013,975,Jathan Malik,19
2013,976,Marcel Felder,29
2013,976,Gero Kretschmer,28
2013,978,Julio Peralta,32
2013,979,Cameron Norrie,18
2013,980,Julian Lenz,20
2013,981,Philipp Oswald,27
2013,982,Marc Sieber,25
2013,983,Tobias Blomgren,21
2013,984,Brendon Moore,28
2013,985,Andreas Mies,23
2013,986,Ching-Mou Yu,18
2013,987,Alexandre Favrot,18
2013,988,Damon Gooch,27
2013,989,Nikola Ciric,30
2013,990,Mats Moraing,21
2013,991,Ivan Sabanov,21
2013,992,Samuel Bensoussan,22
2013,993,Nicolas Santos,25
2013,994,Dante Gennaro,20
2013,995,Sander Gille,22
2013,996,Robert Rumler,20
2013,997,Valentin Florez,22
2013,998,David Thurner,23
2013,999,Mario Vilella Martinez,18
2013,1000,Luka Zaninovic,26
2012,1,Novak Djokovic,25
2012,2,Roger Federer,31
2012,3,Andy Murray,25
2012,4,Rafael Nadal,26
2012,5,David Ferrer,30
2012,6,Tomas Berdych,27
2012,7,Juan Martin del Potro,24
2012,8,Jo-Wilfried Tsonga,27
2012,9,Janko Tipsarevic,28
2012,10,Richard Gasquet,26
2012,11,Nicolas Almagro,27
2012,12,Juan Monaco,28
2012,13,Milos Raonic,22
2012,14,John Isner,27
2012,15,Marin Cilic,24
2012,16,Gilles Simon,28
2012,17,Stan Wawrinka,27
2012,18,Alexandr Dolgopolov,24
2012,19,Kei Nishikori,23
2012,20,Philipp Kohlschreiber,29
2012,21,Tommy Haas,34
2012,22,Sam Querrey,25
2012,23,Andreas Seppi,28
2012,24,Fernando Verdasco,29
2012,25,Mikhail Youzhny,30
2012,26,Jerzy Janowicz,22
2012,27,Mardy Fish,31
2012,28,Florian Mayer,29
2012,29,Jurgen Melzer,31
2012,30,Martin Klizan,23
2012,31,Radek Stepanek,34
2012,32,Jeremy Chardy,25
2012,33,Thomaz Bellucci,25
2012,34,Marcel Granollers,26
2012,35,Julien Benneteau,31
2012,36,Marcos Baghdatis,27
2012,37,Kevin Anderson,26
2012,38,Viktor Troicki,26
2012,39,Andy Roddick,30
2012,40,Feliciano Lopez,31
2012,41,Jarkko Nieminen,31
2012,42,Pablo Andujar,26
2012,43,Denis Istomin,26
2012,44,Nikolay Davydenko,31
2012,45,Fabio Fognini,25
2012,46,David Goffin,22
2012,47,Benoit Paire,23
2012,48,Grigor Dimitrov,21
2012,49,Marinko Matosevic,27
2012,50,Albert Ramos-Vinolas,24
2012,51,Lukas Lacko,25
2012,52,Bernard Tomic,20
2012,53,Michael Llodra,32
2012,54,Alejandro Falla,29
2012,55,Grega Zemlja,26
2012,56,Robin Haase,25
2012,57,Santiago Giraldo,25
2012,58,Paul-Henri Mathieu,30
2012,59,Yen-Hsun Lu,29
2012,60,Go Soeda,28
2012,61,Brian Baker,27
2012,62,Victor Hanescu,31
2012,63,Xavier Malisse,32
2012,64,Paolo Lorenzi,31
2012,65,Benjamin Becker,31
2012,66,Carlos Berlocq,29
2012,67,Gilles Muller,29
2012,68,Igor Sijsling,25
2012,69,Ryan Harrison,20
2012,70,Daniel Gimeno-Traver,27
2012,71,Leonardo Mayer,25
2012,72,Ivan Dodig,27
2012,73,Lukas Rosol,27
2012,74,Lukasz Kubot,30
2012,75,Bjorn Phau,33
2012,76,Guillermo Garcia-Lopez,29
2012,77,Gael Monfils,26
2012,78,Andrey Kuznetsov,21
2012,79,Tatsuma Ito,24
2012,80,Roberto Bautista Agut,24
2012,81,Evgeny Donskoy,22
2012,82,David Nalbandian,30
2012,83,Lleyton Hewitt,31
2012,84,Simone Bolelli,27
2012,85,Horacio Zeballos,27
2012,86,Aljaz Bedene,23
2012,87,Michael Russell,34
2012,88,Filippo Volandri,31
2012,89,Jurgen Zopp,24
2012,90,Olivier Rochus,31
2012,91,Ruben Ramirez Hidalgo,34
2012,92,Guillaume Rufin,22
2012,93,Steve Darcis,28
2012,94,Blaz Kavcic,25
2012,95,Flavio Cipolla,29
2012,96,Albert Montanes,32
2012,97,Guido Pella,22
2012,98,Tobias Kamke,26
2012,99,Adrian Ungur,27
2012,100,Ivo Karlovic,33
2012,101,Joao Sousa,23
2012,102,Edouard Roger-Vasselin,29
2012,103,Sergiy Stakhovsky,26
2012,104,Jesse Levine,25
2012,105,Matthew Ebden,25
2012,106,Jan Hajek,29
2012,107,Mikhail Kukushkin,25
2012,108,Nicolas Mahut,30
2012,109,Dudi Sela,27
2012,110,Igor Andreev,29
2012,111,Ruben Bemelmans,24
2012,112,Andreas Haider-Maurer,25
2012,113,Ricardas Berankis,22
2012,114,Tommy Robredo,30
2012,115,Philipp Petzschner,28
2012,116,Malek Jaziri,28
2012,117,Yuichi Sugita,24
2012,118,Florent Serra,31
2012,119,Kenny De Schepper,25
2012,120,Josselin Ouanna,26
2012,121,Martin Alund,27
2012,122,Dmitry Tursunov,30
2012,123,Matthias Bachinger,25
2012,124,Thiemo de Bakker,24
2012,125,Vasek Pospisil,22
2012,126,Rogerio Dutra Silva,28
2012,127,James Blake,33
2012,128,Tim Smyczek,25
2012,129,Alex Bogomolov Jr.,29
2012,130,Thiago Alves,30
2012,131,Antonio Veic,24
2012,132,Rajeev Ram,28
2012,133,Federico Delbonis,22
2012,134,Fred Gil,27
2012,135,Matteo Viola,25
2012,136,Ernests Gulbis,24
2012,137,Denis Kudla,20
2012,138,Michael Berrer,32
2012,139,Gastao Elias,22
2012,140,Illya Marchenko,25
2012,141,Karol Beck,30
2012,142,Ryan Sweeting,25
2012,143,Wayne Odesnik,27
2012,144,Joao Souza,24
2012,145,Uladzimir Ignatik,22
2012,146,Marco Chiudinelli,31
2012,147,Inigo Cervantes,23
2012,148,Bobby Reynolds,30
2012,149,Danai Udomchoke,31
2012,150,Jack Sock,20
2012,151,Simon Greul,31
2012,152,Marc Gicquel,35
2012,153,Daniel Brands,25
2012,154,Jonathan Dasnieres de Veigy,25
2012,155,Ivan Sergeyev,24
2012,156,Jimmy Wang,27
2012,157,Maxime Authom,25
2012,158,Ze Zhang,22
2012,159,Mischa Zverev,25
2012,160,Marius Copil,22
2012,161,Andrey Golubev,25
2012,162,Igor Kunitsyn,31
2012,163,Dusan Lajovic,22
2012,164,Potito Starace,31
2012,165,Frank Dancevic,28
2012,166,Paul Capdeville,29
2012,167,Dustin Brown,28
2012,168,Jan-Lennard Struff,22
2012,169,Boris Pashanski,30
2012,170,Hiroki Moriya,22
2012,171,Daniel Munoz de la Nava,30
2012,172,Agustin Velotti,20
2012,173,Guido Andreozzi,21
2012,174,Dominik Meffert,31
2012,175,Steve Johnson,23
2012,176,Juan Ignacio Chela,33
2012,177,Cedrik-Marcel Stebe,22
2012,178,Sergio Gutierrez-Ferrol,23
2012,179,Diego Schwartzman,20
2012,180,Peter Polansky,24
2012,181,Peter Gojowczyk,23
2012,182,Teymuraz Gabashvili,27
2012,183,Di Wu,21
2012,184,Javier Marti,20
2012,185,Jan Mertl,30
2012,186,Jorge Aguilar,27
2012,187,Sergei Bubka,25
2012,188,Adrian Menendez-Maceiras,27
2012,189,Ivo Minar,28
2012,190,Donald Young,23
2012,191,Rhyne Williams,21
2012,192,Adrian Mannarino,24
2012,193,Jan Hernych,33
2012,194,Facundo Arguello,20
2012,195,Amir Weintraub,26
2012,196,Yannick Mertens,25
2012,197,Arnau Brugues-Davi,27
2012,198,Gianluca Naso,25
2012,199,John Millman,23
2012,200,Marco Trungelliti,22
2012,201,Bastian Knittel,29
2012,202,Leonardo Kirche,27
2012,203,Andrej Martin,23
2012,204,Nicolas Devilder,32
2012,205,Aleksandr Nedovyesov,25
2012,206,Gregoire Burquier,28
2012,207,Robert Farah,25
2012,208,Michal Przysiezny,28
2012,209,James Duckworth,20
2012,210,Vincent Millot,26
2012,211,Evgeny Korolev,24
2012,212,Ti Chen,29
2012,213,Juan Carlos Ferrero,32
2012,214,Izak Van der Merwe,28
2012,215,Marsel Ilhan,25
2012,216,Eduardo Schwank,26
2012,217,Yuki Bhambri,20
2012,218,Sam Groth,25
2012,219,Brydan Klein,23
2012,220,Michael Yani,32
2012,221,David Guez,30
2012,222,Jesse Huta Galung,27
2012,223,Albano Olivetti,21
2012,224,Alex Kuznetsov,25
2012,225,Radu Albot,23
2012,226,Laurent Rochette,24
2012,227,Thomas Schoorel,23
2012,228,Dusan Lojda,24
2012,229,Farrukh Dustov,26
2012,230,Pavol Cervenak,25
2012,231,Ivan Navarro,31
2012,232,Maxime Teixeira,23
2012,233,Tennys Sandgren,21
2012,234,Steven Diez,21
2012,235,Guilherme Clezar,20
2012,236,Niels Desein,25
2012,237,Facundo Bagnis,22
2012,238,Alejandro Gonzalez,23
2012,239,Simone Vagnozzi,29
2012,240,Erik Chvojka,26
2012,241,Fabiano De Paula,24
2012,242,Damir Dzumhur,20
2012,243,Ricardo Hocevar,27
2012,244,John-Patrick Smith,23
2012,245,Jamie Baker,26
2012,246,Aldin Setkic,25
2012,247,Christopher Rungkat,22
2012,248,Bradley Klahn,22
2012,249,Daniel Kosakowski,20
2012,250,James Ward,25
2012,251,Matwe Middelkoop,29
2012,252,Julio Cesar Campozano,26
2012,253,Nikola Mektic,24
2012,254,Josh Goodall,27
2012,255,Victor Estrella Burgos,32
2012,256,Tsung-Hua Yang,21
2012,257,Pierre-Hugues Herbert,21
2012,258,Rik De Voest,32
2012,259,Mirza Basic,21
2012,260,Alessandro Giannessi,22
2012,261,Marcelo Demoliner,23
2012,262,Thomas Fabbiano,23
2012,263,Jiri Vesely,19
2012,264,Nikoloz Basilashvili,20
2012,265,Pedro Sousa,24
2012,266,Konstantin Kravchuk,27
2012,267,Denys Molchanov,25
2012,268,Boy Westerhof,27
2012,269,Hans Podlipnik-Castillo,24
2012,270,Carlos Salamanca,29
2012,271,Attila Balazs,24
2012,272,Riccardo Ghedin,27
2012,273,Stephane Robert,32
2012,274,Nicolas Renavand,30
2012,275,Alexander Kudryavtsev,27
2012,276,Victor Crivoi,30
2012,277,Augustin Gensse,29
2012,278,Peter Torebko,24
2012,279,Diego Junqueira,32
2012,280,Renzo Olivo,20
2012,281,Gerald Melzer,22
2012,282,Taro Daniel,19
2012,283,Maximiliano Estevez,23
2012,284,Leandro Migani,27
2012,285,Florian Reynet,26
2012,286,Ricardo Mello,32
2012,287,Robby Ginepri,30
2012,288,Eric Prodon,31
2012,289,Dzmitry Zhyrmont,23
2012,290,Jose Checa-Calvo,27
2012,291,Henri Laaksonen,20
2012,292,Kamil Capkovic,26
2012,293,Sanam Singh,24
2012,294,Andrey Kumantsov,26
2012,295,Arnaud Clement,35
2012,296,Julian Reister,26
2012,297,Daniel Evans,22
2012,298,Jonathan Eysseric,22
2012,299,Martin Fischer,26
2012,300,Lamine Ouahab,28
2012,301,Fernando Romboli,23
2012,302,Arthur De Greef,20
2012,303,Denis Zivkovic,25
2012,304,Luca Vanni,27
2012,305,Nils Langer,22
2012,306,Andrea Collarini,20
2012,307,Rui Machado,28
2012,308,Alberto Brizzi,28
2012,309,Dominic Thiem,19
2012,310,Blaz Rola,22
2012,311,Matt Reid,22
2012,312,Gerard Granollers,23
2012,313,Evgeny Kirillov,25
2012,314,Michael Linzer,23
2012,315,Marc Giner,21
2012,316,Toni Androic,21
2012,317,Fabrice Martin,26
2012,318,Stefan Seifert,27
2012,319,Riccardo Bellotti,21
2012,320,Andre Ghem,30
2012,321,Adam Feeney,27
2012,322,Marcin Gawron,24
2012,323,Roberto Carballes Baena,19
2012,324,Claudio Grassi,27
2012,325,N.Sriram Balaji,22
2012,326,Jules Marie,21
2012,327,Benjamin Mitchell,20
2012,328,Alex Bogdanovic,28
2012,329,Adam El Mihdawy,23
2012,330,Nicolas Barrientos,25
2012,331,Marek Michalicka,26
2012,332,Jason Kubler,19
2012,333,Jozef Kovalik,20
2012,334,David Souto,20
2012,335,Alexander Lobkov,22
2012,336,Axel Michon,22
2012,337,Jordi Samper-Montana,22
2012,338,Suk-Young Jeong,19
2012,339,Austin Krajicek,22
2012,340,Fritz Wolmarans,26
2012,341,Guillermo Rivera-Aranguiz,23
2012,342,Liang-Chi Huang,20
2012,343,Clement Reix,29
2012,344,Guillermo Olaso,24
2012,345,Vishnu Vardhan,25
2012,346,James McGee,25
2012,347,Maximo Gonzalez,29
2012,348,Andis Juska,27
2012,349,Luke Saville,18
2012,350,Ivan Bjelica,28
2012,351,Andres Molteni,24
2012,352,Norbert Gombos,22
2012,353,Jose Pereira,21
2012,354,Sandro Ehrat,21
2012,355,Pablo Galdon,27
2012,356,Juan-Pablo Amado,26
2012,357,Daniel Smethurst,22
2012,358,Yannik Reuter,21
2012,359,Roman Borvanov,30
2012,360,Michael Lammer,30
2012,361,Moritz Baumann,25
2012,362,Rubin Statham,25
2012,363,Andrea Arnaboldi,25
2012,364,Michael McClune,23
2012,365,Steven Moneke,26
2012,366,Enrique Lopez Perez,21
2012,367,Chase Buchanan,21
2012,368,Nikola Ciric,29
2012,369,Mate Pavic,19
2012,370,Bruno Santanna,19
2012,371,Yu Chang,24
2012,372,Marin Bradaric,27
2012,373,Romain Jouan,27
2012,374,Stephane Bohli,29
2012,375,Greg Jones,23
2012,376,Patrik Rosenholm,24
2012,377,Kevin Krawietz,20
2012,378,Daniel King-Turner,28
2012,379,Julio Silva,33
2012,380,Philipp Oswald,26
2012,381,Alex Bolt,19
2012,382,Mao-Xin Gong,25
2012,383,Patricio Heras,23
2012,384,Dino Marcan,21
2012,385,Zhe Li,26
2012,386,Saketh Myneni,25
2012,387,Robin Kern,19
2012,388,Ricardo Rodriguez - Pace,19
2012,389,Marcelo Arevalo,22
2012,390,Walter Trusendi,27
2012,391,Greg Ouellette,26
2012,392,Frederik Nielsen,29
2012,393,Tomislav Brkic,22
2012,394,Duilio Beretta,20
2012,395,Joshua Milton,23
2012,396,Timo Nieminen,31
2012,397,Juan Carlos Saez,21
2012,398,Cristobal Saavedra-Corvalan,22
2012,399,Michal Konecny,23
2012,400,Yasutaka Uchiyama,20
2012,401,Daniel Garza,27
2012,402,Jaroslav Pospisil,31
2012,403,Victor Baluda,20
2012,404,Laurent Recouderc,28
2012,405,Adrien Bossel,26
2012,406,Jerome Inzerillo,22
2012,407,Amer Delic,30
2012,408,Devin Britton,21
2012,409,Marco Cecchinato,20
2012,410,Yannick Jankovits,25
2012,411,Alessio Di Mauro,35
2012,412,Richard Bloomfield,29
2012,413,Ivo Klec,32
2012,414,Julien Obry,21
2012,415,Juan Sebastian Cabal,26
2012,416,Petru-Alexandru Luncanu,23
2012,417,Laurynas Grigelis,21
2012,418,Takanyi Garanganga,22
2012,419,Germain Gigounon,23
2012,420,Filip Krajinovic,20
2012,421,Jeevan Nedunchezhiyan,24
2012,422,Michael Quintero,32
2012,423,Viktor Galovic,22
2012,424,Jan Minar,31
2012,425,Tim Puetz,25
2012,426,Miloslav Mecir,24
2012,427,Dane Propoggia,22
2012,428,Miljan Zekic,24
2012,429,Matthew Barton,21
2012,430,Kento Takeuchi,25
2012,431,Lucas Pouille,18
2012,432,Olivier Patience,32
2012,433,Nicolas Pastor,21
2012,434,Alexander Ward,22
2012,435,Gleb Sakharov,24
2012,436,Adrian Sikora,24
2012,437,Yong-Kyu Lim,21
2012,438,Nicolas Reissig,23
2012,439,Thiago Monteiro,18
2012,440,Marton Fucsovics,20
2012,441,Hiroki Kondo,30
2012,442,Mathieu Rodrigues,27
2012,443,Thales Turini,23
2012,444,Daniel Dutra da Silva,24
2012,445,Roberto Marcora,23
2012,446,Andreas Beck,26
2012,447,Pere Riba,24
2012,448,Roman Jebavy,23
2012,449,Robert Kendrick,33
2012,450,Blake Strode,25
2012,451,Goran Tosic,30
2012,452,Carlos Gomez-Herrera,22
2012,453,Guillermo Duran,24
2012,454,Michael Look,25
2012,455,Vladimir Ivanov,25
2012,456,Mohamed Safwat,22
2012,457,Nikola Cacic,22
2012,458,Alexandre Folie,22
2012,459,Sherif Sabry,26
2012,460,Marek Semjan,25
2012,461,Oliver Golding,19
2012,462,Andre Miele,25
2012,463,Neil Pauffley,22
2012,464,Michal Schmid,24
2012,465,Marc Rath,22
2012,466,Antoine Benneteau,26
2012,467,Guillermo Hormazabal,27
2012,468,Cesar Ramirez,22
2012,469,Maximilian Neuchrist,21
2012,470,Tiago Lopes,26
2012,471,Alexey Vatutin,20
2012,472,Antoine Escoffier,20
2012,473,Peter Heller,20
2012,474,Yuri Schukin,33
2012,475,Mikhail Ledovskikh,26
2012,476,Shuichi Sekiguchi,21
2012,477,Adam Pavlasek,18
2012,478,Sebastian Decoud,31
2012,479,Juan Ignacio Londero,19
2012,480,Danilo Petrovic,20
2012,481,Alessandro Bega,21
2012,482,Pedro Zerbini,24
2012,483,Sergey Betov,25
2012,484,JiSung Nam,19
2012,485,Carsten Ball,25
2012,486,Nick Van Der Meer,27
2012,487,Artem Smirnov,24
2012,488,Miguel Gallardo-Valles,31
2012,489,Ilija Bozoljac,27
2012,490,Darian King,20
2012,491,Ruan Roelofse,23
2012,492,Daniele Giorgini,28
2012,493,Theodoros Angelinos,28
2012,494,Enrico Burzi,31
2012,495,Jeff Dadamo,23
2012,496,Andre Begemann,28
2012,497,Marcel Felder,28
2012,498,Michael Ryderstedt,28
2012,499,Nicolas Santos,24
2012,500,Antal Van Der Duim,25
2012,501,Sebastian Rieschick,26
2012,502,Christian Harrison,18
2012,503,Nikolaus Moser,22
2012,504,Matteo Marrai,26
2012,505,Toshihide Matsui,34
2012,506,Alexandar Lazov,22
2012,507,Joao Pedro Sorgi,19
2012,508,Fabricio Neis,22
2012,509,Fernando Gonzalez,32
2012,510,Andrew Fitzpatrick,23
2012,511,Abdullah Maqdes,25
2012,512,Charles-Antoine Brezac,27
2012,513,Marco Crugnola,29
2012,514,Elie Rousset,23
2012,515,Michael Venus,25
2012,516,Marc Sieber,24
2012,517,Egor Gerasimov,20
2012,518,Ranjeet Virali-Murugesan,27
2012,519,Christopher Diaz-Figueroa,22
2012,520,Miliaan Niesten,24
2012,521,Mauricio Echazu,23
2012,522,Grzegorz Panfil,24
2012,523,Maxim Dubarenco,19
2012,524,Juan-Martin Aranguren,29
2012,525,Alexander Slabinsky,26
2012,526,Lorenzo Giustino,21
2012,527,Ivan Nedelko,26
2012,528,Volodoymyr Uzhylovskyi,24
2012,529,Edward Corrie,24
2012,530,Filip Peliwo,18
2012,531,Reid Carleton,23
2012,532,Stanislav Poplavskyy,21
2012,533,Christian Lindell,21
2012,534,Mikhail Biryukov,20
2012,535,Simon Cauvard,26
2012,536,Mate Delic,19
2012,537,Alexandros Jakupovic,31
2012,538,Denis Gremelmayr,31
2012,539,Daniel Cox,22
2012,540,Federico Coria,20
2012,541,Vijayant Malik,22
2012,542,Alexandre Penaud,25
2012,543,Pierre-Ludovic Duclos,26
2012,544,Federico Gaio,20
2012,545,Stanislav Vovk,21
2012,546,Ante Pavic,23
2012,547,Dimitar Kuzmanov,19
2012,548,Alexandre Sidorenko,24
2012,549,Jason Jung,23
2012,550,Facundo Mena,20
2012,551,Prakash Amritraj,29
2012,552,Tom Burn,27
2012,553,Mikhail Fufygin,22
2012,554,David Perez Sanz,18
2012,555,Dennis Novikov,19
2012,556,Nicolas Meister,23
2012,557,James Lemke,24
2012,558,Sarvar Ikramov,27
2012,559,Edoardo Eremin,19
2012,560,Artem Sitak,26
2012,561,Gianluigi Quinzi,16
2012,562,Adam Chadaj,28
2012,563,Joris De Loore,19
2012,564,Phillip Simmonds,26
2012,565,Jose Hernandez-Fernandez,22
2012,566,Philip Bester,24
2012,567,Harri Heliovaara,23
2012,568,Alexander Sadecky,25
2012,569,Joaquin-Jesus Monteferrario,27
2012,570,Chris Guccione,27
2012,571,Kyle Edmund,17
2012,572,Jan Satral,22
2012,573,Vijay S P Natarajan,26
2012,574,Wesley Koolhof,23
2012,575,Eduardo Dischinger,20
2012,576,Julien Dubail,24
2012,577,Sekou Bangoura,21
2012,578,Denis Yevseyev,19
2012,579,Alexander Rumyantsev,20
2012,580,Denis Matsukevich,26
2012,581,Milan Pokrajac,25
2012,582,Chris Letcher,27
2012,583,Erik Crepaldi,22
2012,584,Michael Shabaz,25
2012,585,Morgan Phillips,28
2012,586,Augusto Laranja,20
2012,587,Gabriel Alejandro Hidalgo,22
2012,588,Andres Artunedo Martinavarro,19
2012,589,Andrei Ciumac,27
2012,590,Richard Muzaev,20
2012,591,Hiroyasu Ehara,21
2012,592,Hugo Nys,21
2012,593,David Estruch,27
2012,594,Nicolas Gustavo Kauer,21
2012,595,Jesse Witten,30
2012,596,Gabriel Trujillo-Soler,33
2012,597,Matheson Klein,23
2012,598,Marin Draganja,21
2012,599,Junn Mitsuhashi,23
2012,600,Kevin Kim,34
2012,601,Dieter Kindlmann,30
2012,602,Salvatore Caruso,20
2012,603,Sam Barry,20
2012,604,Sergio Galdos,22
2012,605,Emilio Gomez,21
2012,606,Alexey Kedryuk,32
2012,607,Stefano Travaglia,21
2012,608,David Rice,23
2012,609,Hyun-Woo Nam,27
2012,610,Jung-Woong Na,20
2012,611,Jaan-Frederik Brunken,22
2012,612,Duje Kekez,19
2012,613,Filip Horansky,19
2012,614,Bjorn Fratangelo,19
2012,615,Arsenije Zlatanovic,23
2012,616,James Marsalek,20
2012,617,Patrik Brydolf,21
2012,618,Nicolas Massu,33
2012,619,Yan Bai,23
2012,620,Jeremy Jahn,22
2012,621,Aliaksandr Bury,25
2012,622,Eric Quigley,23
2012,623,Takuto Niki,25
2012,624,Laurent Malouli,25
2012,625,Mauricio Perez Mota,19
2012,626,Nikita Kryvonos,26
2012,627,Carlos Eduardo Severino,22
2012,628,Arata Onozawa,24
2012,629,Miguel Angel Lopez Jaen,30
2012,630,Denes Lukacs,25
2012,631,Luka Gregorc,28
2012,632,Dennis Lajola,23
2012,633,Chu-Huan Yi,25
2012,634,Catalin-Ionut Gard,31
2012,635,Robin Olin,20
2012,636,Benjamin Balleret,29
2012,637,Tiago Fernandes,19
2012,638,Luis David Martinez,23
2012,639,Francois-Arthur Vibert,22
2012,640,Riccardo Sinicropi,22
2012,641,Stefano Galvani,35
2012,642,Karim-Mohamed Maamoun,21
2012,643,Olivier Sajous,25
2012,644,Federico Zeballos,24
2012,645,Nikolai Fidirko,25
2012,646,Kittipong Wachiramanowong,22
2012,647,Valery Rudnev,24
2012,648,John Peers,24
2012,649,Nicolas Kicker,20
2012,650,Juan Vazquez-Valenzuela,21
2012,651,Franck Pepe,24
2012,652,Miguel Reyes-Varela,25
2012,653,Sho Katayama,23
2012,654,Pablo Carreno Busta,21
2012,655,Dennis Nevolo,23
2012,656,Josko Topic,29
2012,657,Vladimir Obradovic,31
2012,658,Andriej Kapas,23
2012,659,Kristijan Mesaros,24
2012,660,Marko Djokovic,21
2012,661,Sam Weissborn,21
2012,662,Sergei Krotiouk,34
2012,663,Mikhail Vasiliev,26
2012,664,Somdev Devvarman,27
2012,665,Pedro Clar-Rossello,26
2012,665,Marcel Zimmermann,27
2012,667,Deniss Pavlovs,29
2012,668,Alessandro Petrone,22
2012,669,George Von Massow,22
2012,670,Andrei Vasilevski,21
2012,671,Emilien Firmin,22
2012,672,Markus Eriksson,23
2012,673,Sebastien Boltz,19
2012,674,Bastian Trinker,22
2012,675,Roberto Ortega-Olmedo,21
2012,676,Sami Reinwein,20
2012,677,Juan Sebastian Gomez,20
2012,678,Hugo Dellien,19
2012,679,Piotr Gadomski,21
2012,680,Ivo Mijic,22
2012,681,Kevin Botti,23
2012,682,Ryusei Makiguchi,21
2012,683,Jose Maria Paez,22
2012,684,Teodor-Dacian Craciun,32
2012,685,Daniel Nguyen,22
2012,686,Ismar Gorcic,29
2012,687,Cristian Rodriguez,22
2012,688,Jan Blecha,23
2012,689,Lucas Renard,20
2012,690,Claudio Fortuna,22
2012,691,Joss Espasandin,22
2012,692,Ivan Arenas-Gualda,22
2012,693,Marcus Daniell,23
2012,694,Luis Diaz-Barriga,26
2012,695,Isak Arvidsson,20
2012,696,Nick Lindahl,24
2012,697,Giulio Torroni,29
2012,698,Chuhan Wang,20
2012,699,Wilson Leite,21
2012,700,Sebastian Fanselow,21
2012,701,Anton Zaitcev,25
2012,702,Kevin Griekspoor,21
2012,703,Hernan Casanova,18
2012,704,Davy Sum,23
2012,705,Enrico Fioravante,22
2012,706,Shota Tagawa,21
2012,707,Marc Fornell-Mestres,30
2012,708,Dennis Novak,19
2012,709,Mauricio Astorga,21
2012,710,Giacomo Oradini,22
2012,711,Ricardo Siggia,23
2012,712,Lewis Burton,20
2012,713,Matias Sborowitz,19
2012,714,Dimitar Kutrovsky,25
2012,715,Mohammad Ghareeb,32
2012,716,Chris Wettengel,30
2012,717,Joshua Zavala,24
2012,718,Matthias Wunner,19
2012,719,Yaraslav Shyla,19
2012,720,Andoni Vivanco-Guzman,22
2012,721,Aslan Karatsev,19
2012,722,Alexandre Schnitman,20
2012,723,Filippo Leonardi,25
2012,724,Albert Alcaraz Ivorra,17
2012,725,Sean Berman,19
2012,726,Mauricio Doria-Medina,24
2012,727,Romain Arneodo,20
2012,728,Vadim Alekseenko,29
2012,729,Tomislav Ternar,22
2012,730,Jack Carpenter,20
2012,731,Roberto Quiroz,20
2012,732,Nicolaas Scholtz,21
2012,733,Torsten Wietoska,23
2012,734,Juan Lizariturry,21
2012,735,Karan Rastogi,26
2012,736,Mark Verryth,21
2012,737,Giammarco Micolani,20
2012,738,Caio Silva,21
2012,739,Lukas Jastraunig,23
2012,740,Richard Gabb,20
2012,741,Andreas Vinciguerra,31
2012,742,Patrick Ofner,19
2012,743,Ryan Rowe,26
2012,744,Ashley Hewitt,20
2012,745,Julien Demois,19
2012,746,Maximilian Dinslaken,20
2012,747,Mathias Bourgue,18
2012,748,Andrei Daescu,24
2012,749,Otakar Lucak,22
2012,750,Sasa Stojisavljevic,25
2012,751,Matthew Short,22
2012,752,Gonzalo Lama,19
2012,753,Diego Matos,24
2012,754,Kimmer Coppejans,18
2012,755,Tihomir Grozdanov,25
2012,756,Thanasi Kokkinakis,16
2012,757,Denis Bejtulahi,25
2012,758,Daniel Geib,22
2012,759,Gustavo Guerses,22
2012,760,Adam Kellner,26
2012,761,Nicholas Monroe,30
2012,762,Pascal Brunner,23
2012,763,Mehdi Ziadi,26
2012,764,Milos Sekulic,23
2012,765,Sebastian Serrano,25
2012,766,Francesco Picco,21
2012,767,Juan Pablo Ortiz,21
2012,768,Juan-Sebastian Vivanco,22
2012,769,Yuri Bezeruk,28
2012,770,Hyeon Chung,16
2012,771,Mateo Nicolas Martinez,18
2012,772,Mitchell Krueger,18
2012,773,Keith-Patrick Crowley,24
2012,774,Dominik Schulz,20
2012,775,Felipe Rios,20
2012,776,Nicolas Rosenzweig,26
2012,777,Christian Magg,31
2012,778,Mitchell Frank,20
2012,779,Yoshihito Nishioka,17
2012,780,Romain Sichez,22
2012,781,Adam Sanjurjo Hermida,17
2012,782,Miki Jankovic,18
2012,783,Jean-Marc Werner,22
2012,784,Arkadiusz Kocyla,19
2012,785,Andrew Whittington,19
2012,786,Ashwin Vijayragavan,23
2012,787,Ramkumar Ramanathan,18
2012,788,Oriol Roca Batalla,19
2012,789,Sebastian Lavie,20
2012,790,Jorge Montero,22
2012,791,Jan Stancik,29
2012,792,Juan Pablo Brzezicki,30
2012,793,Marko Lenz,21
2012,794,Gengo Kikuchi,21
2012,795,Jordi Munoz-Abreu,22
2012,796,Luke Bambridge,17
2012,797,Ralph Regus,22
2012,798,Riccardo Maiga,23
2012,799,Jaime Pulgar-Garcia,23
2012,799,Yannick Vandenbulcke,22
2012,801,Julien Cagnina,18
2012,802,Franko Skugor,25
2012,803,Eduardo Struvay,22
2012,804,Oscar Rodriguez-Sanchez,28
2012,805,Antonio Comporto,23
2012,806,Andrei Mlendea,28
2012,807,Viktor Filipenko,21
2012,808,Maverick Banes,20
2012,809,Gianni Mina,20
2012,810,Martin Rios-Benitez,25
2012,811,Dorian Descloix,24
2012,812,Denys Mylokostov,19
2012,813,Rudy Coco,28
2012,814,Peter Goldsteiner,22
2012,815,Colin Van Beem,20
2012,816,Richard Waite,22
2012,817,Alex Blumenberg,20
2012,818,Laslo Urrutia Fuentes,22
2012,819,Mark Vervoort,22
2012,820,Constantin Belot,21
2012,821,Hsin-Han Lee,24
2012,822,Tim Nekic,20
2012,823,Ruben Gonzales,27
2012,824,Richard Becker,21
2012,825,Ricardo Villacorta-Alonso,27
2012,826,Nico Matic,20
2012,827,Jeroen Benard,21
2012,828,Alexandre Tsuchiya,20
2012,829,Tomas Lipovsek Puches,19
2012,830,Filip Veger,18
2012,831,Jakub Lustyk,24
2012,832,Tomas Buchhass,20
2012,833,Ryan Agar,25
2012,834,Bowen Ouyang,20
2012,835,Jonathan Gonzalia,29
2012,836,Cheong-Eui Kim,22
2012,837,Alexander Zverev,15
2012,838,Young-Jun Kim,32
2012,838,Nick Kyrgios,17
2012,840,Jeroen Vanneste,18
2012,841,Isaac Frost,23
2012,842,Mislav Hizak,28
2012,843,Simon Ede,20
2012,844,Valentin Florez,21
2012,845,Juan-Samuel Arauzo-Martinez,22
2012,846,Yuichi Ito,26
2012,847,Bumpei Sato,27
2012,848,Andrei Plotniy,24
2012,849,Ilia Shatskiy,21
2012,850,Mikhail Vaks,19
2012,851,George Morgan,19
2012,852,Jiri Skoloudik,25
2012,853,Marvin Netuschil,21
2012,854,Michal Mertinak,33
2012,855,Rainer Schuettler,36
2012,856,Louk Sorensen,27
2012,857,Chris Eaton,25
2012,858,Alban Meuffels,20
2012,859,Tristan Lamasine,19
2012,859,Razvan Sabau,35
2012,861,Martin Vaisse,25
2012,862,David Thurner,22
2012,863,Philipp Davydenko,20
2012,863,Alexander Pavlioutchenkov,27
2012,865,Michael Bois,19
2012,866,Jose Maria Paniagua,20
2012,867,Carlos Poch-Gradin,30
2012,868,Peng Gao,25
2012,869,Gibril Diarra,22
2012,870,Daniiar Duldaev,20
2012,871,Vinayak Sharma Kaza,21
2012,872,Marko Danis,21
2012,873,Karunuday Singh,22
2012,874,Mario Haider-Maurer,28
2012,875,Mateusz Kowalczyk,25
2012,876,Murad Inoyatov,28
2012,877,Dragos Dima,20
2012,878,Yu Cheng Li,20
2012,879,Stefano Napolitano,17
2012,880,Elbert Sie,25
2012,881,Diego Hidalgo,19
2012,882,Ilija Vucic,22
2012,883,Juraj Masar,20
2012,884,Jan Kuncik,19
2012,885,Liam Broady,18
2012,886,Matteo Fago,25
2012,887,Damiano Di Ienno,23
2012,888,Marco Bortolotti,21
2012,889,Tuna Altuna,23
2012,890,Fabricio Burdisso,21
2012,891,Filipe Brandao,21
2012,892,Gorka Fraile,34
2012,892,Dominic Inglot,26
2012,892,Julian Knowle,38
2012,895,Colin Ebelthite,28
2012,896,Alexander Flock,29
2012,897,Bruno Semenzato,20
2012,898,Haythem Abid,27
2012,899,Prajnesh Gunneswaran,23
2012,900,Dong-Whee Choi,26
2012,901,Andrew Carter,22
2012,902,Gero Kretschmer,27
2012,903,Lubomir Majsajdr,24
2012,904,Marco Viola,29
2012,905,Ivan Endara,24
2012,906,Yann Marti,24
2012,907,Enrico Iannuzzi,29
2012,908,Nik Razborsek,19
2012,909,Christopher Racz,24
2012,910,Woong-Sun Jun,26
2012,911,Michal Pazicky,25
2012,912,Gavin Van Peperzeel,20
2012,913,Daniel Glancy,24
2012,914,Andre Gaspar Murta,18
2012,915,Purav Raja,27
2012,916,Daniel Lustig,28
2012,917,Simon Stadler,29
2012,918,Laslo Djere,17
2012,919,Gabriel Moraru,30
2012,920,Yannick Thivant,25
2012,921,Wishaya Trongcharoenchaikul,17
2012,922,Ervin Eleskovic,25
2012,923,Cristian Garin,16
2012,924,Yuya Kibi,26
2012,925,Issam Haitham Taweel,23
2012,926,Florian Fallert,20
2012,927,Younes Rachidi,26
2012,928,Jack Schipanski,18
2012,929,Sidharth Rawat,19
2012,930,Soong-Jae Cho,22
2012,931,Matthieu Roy,23
2012,932,Guillermo Gomez-Diaz,25
2012,933,Davide Della Tommasina,22
2012,934,Juan Pablo Paz,17
2012,935,Teri Groll,20
2012,935,Bjorn Propst,25
2012,937,Stepan Khotulev,23
2012,938,Charles Costa,23
2012,938,Tyler Hochwalt,23
2012,940,Bruno Rodriguez,26
2012,941,Toby Martin,19
2012,942,Francesco Vilardo,23
2012,943,Filip Prpic,30
2012,943,Victor Romero,33
2012,945,Alexander Domijan,21
2012,946,Guillermo Carry,31
2012,947,Pablo Figueroa,27
2012,948,Mauro Bosio,30
2012,949,Micke Kontinen,20
2012,950,Takao Suzuki,36
2012,951,Tobias Blomgren,20
2012,952,Alexander Sarkissian,22
2012,953,Michael Redlicki,19
2012,954,Lennert Van Der Linden,23
2012,955,Aleksandre Metreveli,19
2012,956,Hicham Khaddari,21
2012,957,Sebastian Exequiel Pini,18
2012,958,Valentin Dimov,23
2012,959,Andrea Patracchini,20
2012,960,Tal Eros,23
2012,961,Felipe Escobar,18
2012,962,Marcus Willis,22
2012,963,Gerard Gallego-Bertran,22
2012,964,Marc Abdelnour,24
2012,965,Sean Thornley,23
2012,966,Alessandro Colella,20
2012,967,Austin Karosi,22
2012,968,Luca Margaroli,20
2012,969,Mohit Mayur Jayaprakash,19
2012,969,Joshua Jones,23
2012,971,Wan Gao,25
2012,972,Ricardo Ojeda Lara,19
2012,973,Anton Manegin,22
2012,974,Emanuele Molina,21
2012,975,Dekel Bar,19
2012,976,Shahin Khaledan,22
2012,977,Jonas Luetjen,22
2012,977,Maxime Tabatruong,23
2012,979,Tomasz Bednarek,31
2012,980,Hong Chung,19
2012,981,Caio Zampieri,26
2012,982,Matteo Trevisan,23
2012,983,Ervand Gasparyan,25
2012,984,Sergio Magro Moreno,21
2012,985,Luca Pancaldi,19
2012,986,Alexander Satschko,32
2012,987,Ryan Thacher,23
2012,988,Patrick Ciorcila,16
2012,989,Maxime Forcin,23
2012,990,Vahid Mirzadeh,26
2012,991,Anil Yuksel,22
2012,992,Evan Song,20
2012,993,Lorenzo Papasidero,22
2012,994,Luis Patino,19
2012,995,Andrei Levine,24
2012,996,Mehdi Bouras,24
2012,997,Yang Lu,20
2012,998,Adrian Partl,19
2012,999,Gustavo Sterin,26
2012,1000,Francesco Garzelli,21
2011,1,Novak Djokovic,24
2011,2,Rafael Nadal,25
2011,3,Roger Federer,30
2011,4,Andy Murray,24
2011,5,David Ferrer,29
2011,6,Jo-Wilfried Tsonga,26
2011,7,Tomas Berdych,26
2011,8,Mardy Fish,30
2011,9,Janko Tipsarevic,27
2011,10,Nicolas Almagro,26
2011,11,Juan Martin del Potro,23
2011,12,Gilles Simon,26
2011,13,Robin Soderling,27
2011,14,Andy Roddick,29
2011,15,Alexandr Dolgopolov,23
2011,16,Gael Monfils,25
2011,17,Stan Wawrinka,26
2011,18,John Isner,26
2011,19,Richard Gasquet,25
2011,20,Feliciano Lopez,30
2011,21,Marin Cilic,23
2011,22,Viktor Troicki,25
2011,23,Florian Mayer,28
2011,24,Fernando Verdasco,28
2011,25,Kei Nishikori,21
2011,26,Juan Monaco,27
2011,27,Marcel Granollers,25
2011,28,Radek Stepanek,33
2011,29,Juan Ignacio Chela,32
2011,30,Ivan Ljubicic,32
2011,31,Milos Raonic,20
2011,32,Kevin Anderson,25
2011,33,Jurgen Melzer,30
2011,34,Alex Bogomolov Jr.,28
2011,35,Mikhail Youzhny,29
2011,36,Ivan Dodig,26
2011,37,Thomaz Bellucci,23
2011,38,Andreas Seppi,27
2011,39,Donald Young,22
2011,40,Dmitry Tursunov,29
2011,41,Nikolay Davydenko,30
2011,42,Bernard Tomic,19
2011,43,Philipp Kohlschreiber,28
2011,44,Marcos Baghdatis,26
2011,45,Robin Haase,24
2011,46,Pablo Andujar,25
2011,47,Michael Llodra,31
2011,48,Fabio Fognini,24
2011,49,Xavier Malisse,31
2011,50,Juan Carlos Ferrero,31
2011,51,Tommy Robredo,29
2011,52,Julien Benneteau,30
2011,53,Albert Montanes,31
2011,54,Gilles Muller,28
2011,55,Santiago Giraldo,24
2011,56,Ivo Karlovic,32
2011,57,Lukasz Kubot,29
2011,58,Potito Starace,30
2011,59,James Blake,31
2011,60,Carlos Berlocq,28
2011,61,Ernests Gulbis,23
2011,62,Sergiy Stakhovsky,25
2011,63,Philipp Petzschner,27
2011,64,David Nalbandian,29
2011,65,Guillermo Garcia-Lopez,28
2011,66,Albert Ramos-Vinolas,23
2011,67,Olivier Rochus,30
2011,68,Rui Machado,27
2011,69,Filippo Volandri,30
2011,70,Lukas Rosol,26
2011,71,Igor Kunitsyn,30
2011,72,Ryan Sweeting,24
2011,73,Denis Istomin,25
2011,74,Alejandro Falla,28
2011,75,Flavio Cipolla,28
2011,76,Grigor Dimitrov,20
2011,77,Jarkko Nieminen,30
2011,78,Leonardo Mayer,24
2011,79,Ryan Harrison,19
2011,80,Nicolas Mahut,29
2011,81,Cedrik-Marcel Stebe,21
2011,82,Yen-Hsun Lu,28
2011,83,Dudi Sela,26
2011,84,Somdev Devvarman,26
2011,85,Ricardo Mello,31
2011,86,Matthew Ebden,24
2011,87,Adrian Mannarino,23
2011,88,Steve Darcis,27
2011,89,Pere Riba,23
2011,90,Victor Hanescu,30
2011,91,Mikhail Kukushkin,24
2011,92,Blaz Kavcic,24
2011,93,Sam Querrey,24
2011,94,Matthias Bachinger,24
2011,95,Benoit Paire,22
2011,96,Tobias Kamke,25
2011,97,Eric Prodon,30
2011,98,Andreas Beck,25
2011,99,Michael Russell,33
2011,100,Michael Berrer,31
2011,101,Karol Beck,29
2011,102,Fred Gil,26
2011,103,Jeremy Chardy,24
2011,104,Joao Souza,23
2011,105,Stephane Robert,31
2011,106,Edouard Roger-Vasselin,28
2011,107,Daniel Gimeno-Traver,26
2011,108,Paolo Lorenzi,30
2011,109,Horacio Zeballos,26
2011,110,Daniel Brands,24
2011,111,Marsel Ilhan,24
2011,112,Lukas Lacko,24
2011,113,Izak Van der Merwe,27
2011,114,Adrian Ungur,26
2011,115,Igor Andreev,28
2011,116,Grega Zemlja,25
2011,117,Martin Klizan,22
2011,118,Malek Jaziri,27
2011,119,Vasek Pospisil,21
2011,120,Go Soeda,27
2011,121,Maximo Gonzalez,28
2011,122,Tatsuma Ito,23
2011,123,Diego Junqueira,30
2011,124,Rogerio Dutra Silva,27
2011,125,Ricardas Berankis,21
2011,126,Rik De Voest,31
2011,127,Bobby Reynolds,29
2011,128,Andreas Haider-Maurer,24
2011,129,Wayne Odesnik,26
2011,130,Ruben Ramirez Hidalgo,33
2011,131,Paul Capdeville,28
2011,132,Rainer Schuettler,35
2011,133,Thomas Schoorel,22
2011,134,Simone Bolelli,26
2011,135,Alessandro Giannessi,21
2011,136,Pablo Carreno Busta,20
2011,137,Arnau Brugues-Davi,26
2011,138,Teymuraz Gabashvili,26
2011,139,Kenny De Schepper,24
2011,140,Daniel Munoz de la Nava,29
2011,141,Jan Hajek,28
2011,142,Pablo Cuevas,25
2011,143,Eduardo Schwank,25
2011,144,Evgeny Donskoy,21
2011,145,Marc Gicquel,34
2011,146,Jurgen Zopp,23
2011,147,Andrey Golubev,24
2011,148,Sergei Bubka,24
2011,149,Rajeev Ram,27
2011,150,Augustin Gensse,28
2011,151,Frank Dancevic,27
2011,152,Arnaud Clement,34
2011,153,Julio Silva,32
2011,154,Simon Greul,30
2011,155,Matteo Viola,24
2011,156,Bjorn Phau,32
2011,157,Facundo Bagnis,21
2011,158,Alexander Kudryavtsev,26
2011,159,Antonio Veic,23
2011,160,Ruben Bemelmans,23
2011,161,Dustin Brown,27
2011,162,James Ward,24
2011,163,Maxime Teixeira,22
2011,164,Jesse Levine,24
2011,165,Aljaz Bedene,22
2011,166,Federico Delbonis,21
2011,167,Simone Vagnozzi,28
2011,168,Jan Hernych,32
2011,169,Alex Kuznetsov,24
2011,170,Dominik Meffert,30
2011,171,Florent Serra,30
2011,172,Gastao Elias,21
2011,173,Tsung-Hua Yang,20
2011,174,David Goffin,21
2011,175,Stefano Galvani,34
2011,176,Vincent Millot,25
2011,177,Marco Chiudinelli,30
2011,178,Roberto Bautista Agut,23
2011,179,Michael Yani,30
2011,180,Brian Dabul,27
2011,181,Konstantin Kravchuk,26
2011,182,Uladzimir Ignatik,21
2011,183,Ivo Minar,27
2011,184,Javier Marti,19
2011,185,Nikola Ciric,28
2011,186,Lleyton Hewitt,30
2011,187,Bastian Knittel,28
2011,188,Guillermo Olaso,23
2011,189,Denis Gremelmayr,30
2011,190,Dusan Lajovic,21
2011,191,Ivan Navarro,30
2011,192,Joao Sousa,22
2011,193,Yuri Schukin,32
2011,194,Martin Alund,25
2011,195,Harri Heliovaara,22
2011,196,Greg Jones,22
2011,197,David Guez,29
2011,198,Laurynas Grigelis,20
2011,199,Pavol Cervenak,24
2011,200,Igor Sijsling,24
2011,201,Dusan Lojda,23
2011,202,Victor Estrella Burgos,31
2011,203,Marinko Matosevic,26
2011,204,Alessio Di Mauro,34
2011,205,Tommy Haas,33
2011,206,Amir Weintraub,25
2011,207,Andres Molteni,23
2011,208,Jaroslav Pospisil,30
2011,209,Jesse Huta Galung,26
2011,210,Danai Udomchoke,30
2011,211,Mischa Zverev,24
2011,212,Adrian Menendez-Maceiras,26
2011,213,Amer Delic,29
2011,214,Andre Begemann,27
2011,215,Jan Mertl,29
2011,216,Mathieu Rodrigues,26
2011,217,Marius Copil,21
2011,218,Stephane Bohli,28
2011,219,Martin Fischer,25
2011,220,Inigo Cervantes,22
2011,221,Jerzy Janowicz,21
2011,222,Andrey Kuznetsov,20
2011,223,Thiemo de Bakker,23
2011,224,Robert Kendrick,32
2011,225,Maxime Authom,24
2011,226,Gianluca Naso,24
2011,227,Benjamin Mitchell,19
2011,228,Ilija Bozoljac,26
2011,229,Illya Marchenko,24
2011,230,Jonathan Dasnieres de Veigy,24
2011,231,Julian Reister,25
2011,232,Robert Farah,24
2011,233,Romain Jouan,26
2011,234,Gerard Granollers,22
2011,235,Yuichi Sugita,23
2011,236,Frederik Nielsen,28
2011,237,Guillaume Rufin,21
2011,238,Peter Torebko,23
2011,239,Jan-Lennard Struff,21
2011,240,Victor Crivoi,29
2011,241,Jamie Baker,25
2011,242,Marcel Felder,27
2011,243,Raven Klaasen,29
2011,244,Carlos Salamanca,28
2011,245,Yannick Mertens,24
2011,246,Gregoire Burquier,27
2011,247,Roman Borvanov,29
2011,248,Juan Sebastian Cabal,25
2011,249,Pierre-Ludovic Duclos,25
2011,250,Peter Gojowczyk,22
2011,251,Michael Lammer,29
2011,252,Kamil Capkovic,25
2011,253,Caio Zampieri,25
2011,254,Eduardo Struvay,21
2011,255,Jose Acasuso,29
2011,256,Chris Guccione,26
2011,257,Charles-Antoine Brezac,26
2011,258,Pablo Galdon,26
2011,259,Fabrice Martin,25
2011,260,Sebastian Rieschick,25
2011,261,Farrukh Dustov,25
2011,262,Juan Pablo Brzezicki,29
2011,263,Axel Michon,21
2011,264,Marco Crugnola,28
2011,265,Philipp Oswald,25
2011,266,Matteo Marrai,25
2011,267,Denys Molchanov,24
2011,268,Erik Chvojka,25
2011,269,Alejandro Gonzalez,22
2011,270,Matt Reid,21
2011,271,Peter Luczak,32
2011,272,Adam Kellner,25
2011,273,Tim Smyczek,23
2011,274,Jimmy Wang,26
2011,275,James Duckworth,19
2011,276,Denis Kudla,19
2011,277,Facundo Arguello,19
2011,278,Andrea Arnaboldi,23
2011,279,Denis Matsukevich,25
2011,280,Giovanni Lapentti,28
2011,281,Radu Albot,22
2011,282,Ricardo Hocevar,26
2011,283,Josh Goodall,26
2011,284,Andre Ghem,29
2011,285,Peter Polansky,23
2011,286,Conor Niland,30
2011,287,Guilherme Clezar,18
2011,288,Ludovic Walter,28
2011,289,Stefan Seifert,26
2011,290,Mirza Basic,20
2011,291,James Lemke,23
2011,292,Ze Zhang,21
2011,293,Julien Obry,20
2011,294,Jonathan Eysseric,21
2011,295,Evgeny Korolev,23
2011,296,Yong-Kyu Lim,20
2011,297,Ti Chen,28
2011,298,Fernando Gonzalez,31
2011,299,Fritz Wolmarans,25
2011,300,Kristijan Mesaros,23
2011,301,Sebastian Decoud,30
2011,302,Daniele Giorgini,27
2011,303,Thomas Fabbiano,22
2011,304,Benjamin Becker,30
2011,305,Miljan Zekic,23
2011,306,Michal Przysiezny,27
2011,307,Michael Ryderstedt,27
2011,308,Marcel Zimmermann,26
2011,309,Andrej Martin,22
2011,310,Franko Skugor,24
2011,311,Robby Ginepri,29
2011,312,Vishnu Vardhan,24
2011,313,Cristobal Saavedra-Corvalan,21
2011,314,Alex Bogdanovic,27
2011,315,Marcin Gawron,23
2011,316,Ervand Gasparyan,24
2011,317,Benjamin Balleret,28
2011,318,Timo Nieminen,30
2011,319,Tiago Lopes,25
2011,320,Boy Westerhof,26
2011,321,Nicolas Pastor,20
2011,322,Enrico Burzi,30
2011,323,Matwe Middelkoop,28
2011,324,Marco Trungelliti,21
2011,325,Guillermo Rivera-Aranguiz,22
2011,326,Nikola Mektic,23
2011,327,Hiroki Moriya,21
2011,328,Agustin Velotti,19
2011,329,Jorge Aguilar,26
2011,330,Mikhail Ledovskikh,25
2011,331,Kevin Krawietz,19
2011,332,Evgeny Kirillov,24
2011,333,Simon Stadler,28
2011,334,Hans Podlipnik-Castillo,23
2011,335,Laurent Rochette,23
2011,336,Riccardo Ghedin,26
2011,337,Michael Linzer,22
2011,338,Pedro Sousa,23
2011,339,Damir Dzumhur,19
2011,340,Alexandre Sidorenko,23
2011,341,Daniel Garza,26
2011,342,Daniel Evans,21
2011,343,Thiago Alves,29
2011,344,Alexander Ward,21
2011,345,Yuki Bhambri,19
2011,346,Guido Pella,21
2011,347,Michael Look,24
2011,348,Antal Van Der Duim,24
2011,349,Gerald Melzer,21
2011,350,Rafael Camilo,21
2011,351,Guillermo Hormazabal,26
2011,352,Alexandre Folie,21
2011,353,Jean-Rene Lisnard,32
2011,354,Dino Marcan,20
2011,355,Nicolas Renavand,29
2011,356,Nicolas Devilder,31
2011,357,Christopher Diaz-Figueroa,21
2011,358,Chris Eaton,24
2011,359,Fernando Romboli,22
2011,360,Toni Androic,19
2011,361,Pierre-Hugues Herbert,20
2011,362,Ivo Klec,31
2011,363,Steven Diez,20
2011,364,James McGee,24
2011,365,Carsten Ball,24
2011,366,Junn Mitsuhashi,22
2011,367,Gaston-Arturo Grimolizzi,25
2011,368,Walter Trusendi,26
2011,369,Pedro Clar-Rossello,25
2011,370,Michal Konecny,22
2011,371,Diego Schwartzman,19
2011,372,Steve Johnson,22
2011,373,Ruan Roelofse,22
2011,374,Zhe Li,25
2011,375,Federico Gaio,19
2011,376,Josselin Ouanna,25
2011,377,Nicholas Monroe,29
2011,378,Artem Smirnov,23
2011,379,Michael Venus,24
2011,380,Fabiano De Paula,23
2011,381,Jack Sock,19
2011,382,Joshua Milton,22
2011,383,Miloslav Mecir,23
2011,384,Julien Dubail,23
2011,385,Greg Ouellette,25
2011,386,Luca Vanni,26
2011,387,Marcelo Demoliner,22
2011,388,Marek Michalicka,25
2011,389,Guillermo Alcaide,25
2011,390,Grzegorz Panfil,23
2011,391,Philip Bester,23
2011,392,Duilio Beretta,19
2011,393,Karan Rastogi,25
2011,394,Julio Cesar Campozano,25
2011,395,Mao-Xin Gong,24
2011,396,Ivan Nedelko,25
2011,397,Jordi Samper-Montana,21
2011,398,Miguel Gallardo-Valles,30
2011,399,Blake Strode,24
2011,400,Guido Andreozzi,20
2011,401,Daniel Cox,21
2011,402,Andrey Kumantsov,25
2011,403,Stefano Travaglia,19
2011,404,Valery Rudnev,23
2011,405,Guillermo Duran,23
2011,406,Ivan Bjelica,27
2011,407,Adam El Mihdawy,22
2011,408,Roko Karanusic,29
2011,409,Victor Baluda,19
2011,410,Albano Olivetti,20
2011,411,Daniel Kosakowski,19
2011,412,Roman Vogeli,26
2011,413,Jozef Kovalik,19
2011,414,Nikola Cacic,21
2011,415,Ilya Belyaev,21
2011,416,Jan Minar,30
2011,417,Boris Pashanski,29
2011,418,Christopher Rungkat,21
2011,419,David Souto,19
2011,420,Matteo Trevisan,22
2011,421,Di Wu,20
2011,422,Christian Lindell,20
2011,423,Gleb Sakharov,23
2011,424,Attila Balazs,23
2011,425,David Estruch,26
2011,426,Kevin Kim,33
2011,427,Roman Jebavy,22
2011,428,Mohamed Safwat,21
2011,429,Riccardo Bellotti,20
2011,430,Claudio Grassi,26
2011,431,Patrik Rosenholm,23
2011,432,Nick Van Der Meer,26
2011,433,Petru-Alexandru Luncanu,22
2011,434,Artem Sitak,25
2011,435,Michael McClune,22
2011,436,Luka Gregorc,27
2011,437,Ante Pavic,22
2011,438,Andre Miele,24
2011,439,John-Patrick Smith,22
2011,440,Marc Sieber,23
2011,441,Denes Lukacs,24
2011,442,Steven Moneke,25
2011,443,Yasutaka Uchiyama,19
2011,444,Juan-Pablo Villar,29
2011,445,Razvan Sabau,34
2011,446,Adrien Bossel,24
2011,447,Alexander Flock,28
2011,448,Alberto Brizzi,27
2011,449,Patricio Heras,22
2011,450,Nicolas Massu,32
2011,451,Rudy Coco,27
2011,452,Gabriel Moraru,29
2011,453,Roberto Carballes Baena,18
2011,454,Gianni Mina,19
2011,455,Riccardo Sinicropi,21
2011,456,Brian Baker,26
2011,457,Dennis Bloemke,22
2011,458,Germain Gigounon,22
2011,459,Jose Pereira,20
2011,460,Brydan Klein,21
2011,461,Alexander Rumyantsev,19
2011,462,Yannik Reuter,20
2011,463,Tiago Fernandes,18
2011,464,Olivier Patience,31
2011,465,Juan-Pablo Amado,25
2011,466,Taro Daniel,18
2011,467,Cristhian Ignacio Benedetti,24
2011,468,Gabriel Trujillo-Soler,32
2011,469,Mikhail Vasiliev,25
2011,470,Marc Rath,21
2011,471,Daniel Smethurst,21
2011,472,Norbert Gombos,21
2011,473,Michal Schmid,23
2011,474,Young-Jun Kim,31
2011,475,Leonardo Kirche,26
2011,476,Isaac Frost,22
2011,477,Toshihide Matsui,33
2011,478,Vijayant Malik,21
2011,479,Mikhail Elgin,30
2011,480,Louk Sorensen,26
2011,481,Holger Fischer,31
2011,482,Ervin Eleskovic,24
2011,483,Richard Bloomfield,28
2011,484,Stanislav Vovk,20
2011,485,Clement Reix,28
2011,486,Andres Artunedo Martinavarro,18
2011,487,Goran Tosic,29
2011,488,Andrea Collarini,19
2011,489,Arata Onozawa,23
2011,490,Kyu Tae Im,30
2011,491,Florian Reynet,25
2011,492,Marc Giner,20
2011,493,Henri Kontinen,21
2011,494,Leandro Migani,26
2011,495,Jaan-Frederik Brunken,21
2011,496,Phillip Simmonds,25
2011,497,Morgan Phillips,27
2011,498,Tomislav Brkic,21
2011,499,David Rice,22
2011,500,Kevin Konfederak,20
2011,501,Nicolas Barrientos,24
2011,502,Juan-Martin Aranguren,28
2011,503,Carl Bergman,24
2011,504,Catalin-Ionut Gard,30
2011,505,Nikolaus Moser,21
2011,506,Miguel Angel Lopez Jaen,29
2011,507,Hiroki Kondo,29
2011,508,Daniel Yoo,26
2011,509,Ranjeet Virali-Murugesan,26
2011,510,Rhyne Williams,20
2011,511,Jesse Witten,29
2011,512,Eladio Ribeiro Neto,25
2011,513,Marc Fornell-Mestres,29
2011,514,Rohan Gajjar,27
2011,515,Alexander Sadecky,24
2011,516,Juan Sebastian Gomez,19
2011,517,Kittipong Wachiramanowong,21
2011,518,Thales Turini,22
2011,519,Dimitar Kutrovsky,24
2011,520,Roman Recarte,24
2011,521,Vladimir Ivanov,24
2011,522,Maximiliano Estevez,22
2011,523,Bassam Beidas,22
2011,524,Murad Inoyatov,27
2011,525,Jae-Sung An,26
2011,526,Luis Diaz-Barriga,25
2011,527,Renzo Olivo,19
2011,528,Juan-Manuel Valverde,26
2011,529,Tak Khunn Wang,20
2011,530,Jason Kubler,18
2011,531,Andis Juska,26
2011,532,Kento Takeuchi,24
2011,533,Aldin Setkic,24
2011,534,Rubin Statham,24
2011,535,Chris Letcher,26
2011,536,Cesar Ramirez,21
2011,537,Nicolas Reissig,22
2011,538,Nicolas Santos,23
2011,539,Manuel Sanchez,20
2011,540,Tennys Sandgren,20
2011,541,John Millman,22
2011,542,Ivan Endara,23
2011,543,Patrik Brydolf,20
2011,544,Andrei Mlendea,27
2011,545,Antonio Comporto,22
2011,546,Sergey Betov,24
2011,547,Joachim Johansson,29
2011,548,Laurent Recouderc,27
2011,549,Takuto Niki,24
2011,550,Daniel Dutra da Silva,23
2011,551,Enrique Lopez Perez,20
2011,552,Rodrigo Guidolin,26
2011,553,Aliaksandr Bury,24
2011,554,Arthur De Greef,19
2011,555,Carlos Calderon-Rodriguez,23
2011,556,Jeevan Nedunchezhiyan,23
2011,557,Woong-Sun Jun,25
2011,558,Facundo Mena,19
2011,559,Victor Ionita,28
2011,560,Roberto Ortega-Olmedo,20
2011,561,Martin Cuevas,19
2011,562,Santiago Gonzalez,28
2011,563,Rudolf Siwy,25
2011,564,Richard Becker,20
2011,565,Stanislav Poplavskyy,20
2011,566,Hsin-Han Lee,23
2011,567,Mikhail Fufygin,21
2011,568,Giulio Torroni,28
2011,569,Bruno Santanna,18
2011,570,John Peers,23
2011,571,Dieter Kindlmann,29
2011,572,Juan Pablo Ortiz,20
2011,573,Elie Rousset,22
2011,574,Filippo Leonardi,24
2011,575,Reda El Amrani,23
2011,576,Andriej Kapas,22
2011,577,Marton Fucsovics,19
2011,578,Edoardo Eremin,18
2011,579,Mauricio Echazu,22
2011,580,Erik Crepaldi,21
2011,581,Dayne Kelly,21
2011,582,Jerome Inzerillo,21
2011,583,Teodor-Dacian Craciun,31
2011,584,Vijay S P Natarajan,25
2011,585,Nikoloz Basilashvili,19
2011,586,Michel Dornbusch,21
2011,587,Hiroyasu Ehara,20
2011,588,Henri Laaksonen,19
2011,589,Diego Matos,23
2011,590,Takao Suzuki,35
2011,591,Pablo Martin-Adalia,23
2011,592,Carlos Poch-Gradin,29
2011,593,Alessandro Bega,20
2011,594,Tim Puetz,24
2011,595,Tihomir Grozdanov,24
2011,596,Yann Marti,23
2011,597,Vladimir Obradovic,30
2011,598,Niels Desein,24
2011,599,Baptiste Dupuy,30
2011,600,Joaquin-Jesus Monteferrario,26
2011,601,Massimo Capone,26
2011,602,Nick Lindahl,23
2011,603,Jiri Vesely,18
2011,604,Robbye Poole,27
2011,605,Adam Chadaj,27
2011,606,Sean Thornley,22
2011,607,Rohan Bopanna,31
2011,608,Johannes Ager,27
2011,609,Sergio Gutierrez-Ferrol,22
2011,610,Mehdi Ziadi,25
2011,611,Marco Cecchinato,19
2011,612,Joao Pedro Sorgi,18
2011,613,Dzmitry Zhyrmont,22
2011,614,Takanyi Garanganga,21
2011,615,Federico Torresi,31
2011,616,Nils Langer,21
2011,617,Yannick Jankovits,24
2011,618,Gabriel Alejandro Hidalgo,21
2011,619,Karunuday Singh,21
2011,620,Colin Ebelthite,27
2011,621,Guillermo Carry,30
2011,622,Gero Kretschmer,26
2011,623,Mitchell Frank,19
2011,624,Adrian Cruciat,28
2011,625,Sandro Ehrat,20
2011,626,Olivier Sajous,24
2011,627,Robert Coman,21
2011,628,Jose Checa-Calvo,26
2011,629,Vitali Reshetnikov,23
2011,630,Sami Reinwein,19
2011,631,Soong-Jae Cho,21
2011,632,Brendon Moore,26
2011,633,Danilo Petrovic,19
2011,634,Paris Gemouchidis,23
2011,635,Liang-Chi Huang,19
2011,636,Jiri Skoloudik,24
2011,637,Boris Nicola Bakalov,31
2011,638,Dominic Thiem,18
2011,639,Alexander Slabinsky,25
2011,640,Max Raditschnigg,28
2011,641,Alejandro Fabbri,29
2011,642,Daniel Berta,19
2011,643,Oliver Golding,18
2011,644,Ivan Miranda,31
2011,645,Miguel Reyes-Varela,24
2011,646,Michal Pazicky,24
2011,647,Stefan Koubek,34
2011,648,Marcelo Arevalo,21
2011,649,Alexander Lobkov,21
2011,650,Miliaan Niesten,23
2011,651,Piotr Gadomski,20
2011,652,Lewis Burton,19
2011,653,Ignacio Coll-Riudavets,24
2011,654,Sergio Galdos,21
2011,655,Mark Verryth,20
2011,656,Francois-Arthur Vibert,21
2011,657,Dennis Lajola,22
2011,658,Oscar Sabate-Bretos,25
2011,659,Javier Munoz,20
2011,660,Nicolaas Scholtz,20
2011,661,Deniss Pavlovs,28
2011,662,Liam Broady,17
2011,663,Jordan Cox,19
2011,664,Juho Paukku,25
2011,665,Matthew Barton,20
2011,666,Ivan Arenas-Gualda,21
2011,667,Ryusei Makiguchi,20
2011,668,Martin Vassallo Arguello,31
2011,669,Bradley Klahn,21
2011,670,Jan Satral,21
2011,671,Sarvar Ikramov,26
2011,672,Dane Propoggia,21
2011,673,Ricardo Rodriguez - Pace,18
2011,674,Sergei Krotiouk,33
2011,675,Adrian Sikora,23
2011,676,Denis Zivkovic,24
2011,677,Marco Viola,28
2011,678,Maciek Sykut,25
2011,679,James Marsalek,19
2011,680,Juan Ignacio Londero,18
2011,681,Jeff Dadamo,22
2011,682,Marko Lenz,20
2011,683,Borut Puc,20
2011,684,Eduardo Peralta-Tello,22
2011,685,Mislav Hizak,27
2011,686,Sherif Sabry,25
2011,687,Daniel-Alejandro Lopez Cassaccia,22
2011,688,Juan Carlos Saez,20
2011,689,Matthias Kolbe,24
2011,690,Janez Semrajc,22
2011,691,Marvin Netuschil,20
2011,692,Florent Diep,20
2011,693,Joshua Zavala,23
2011,694,Sam Weissborn,20
2011,695,Bastian Trinker,21
2011,696,Marek Semjan,24
2011,697,Alexander Peya,31
2011,698,Pablo Santos,27
2011,699,Thiago Monteiro,17
2011,700,Constantin Belot,20
2011,701,Maverick Banes,19
2011,702,Andrew Fitzpatrick,22
2011,703,Fabricio Neis,21
2011,704,Arsenije Zlatanovic,22
2011,705,Andrei Ciumac,26
2011,706,Dominik Hrbaty,33
2011,707,Ivan Sergeyev,23
2011,708,Artem Ilyushin,20
2011,709,Karlis Lejnieks,23
2011,710,Juan-Sebastian Vivanco,21
2011,711,Juan Vazquez-Valenzuela,20
2011,712,Luis David Martinez,22
2011,713,Roberto Marcora,22
2011,714,Saketh Myneni,24
2011,715,Hong Chung,18
2011,716,Chris Wettengel,29
2011,717,Andrea Agazzi,29
2011,718,Karim-Mohamed Maamoun,20
2011,719,Andrea Stoppini,31
2011,720,Jean-Marc Werner,21
2011,721,Darian King,19
2011,722,Richard Muzaev,19
2011,723,Colin Fleming,27
2011,724,Blaz Rola,21
2011,725,Edward Corrie,23
2011,726,George Morgan,18
2011,727,Marcus Daniell,22
2011,728,Sebastien Boltz,18
2011,729,Marcus Willis,21
2011,730,Nicola Ghedin,23
2011,731,Sam Barry,19
2011,732,Daniel Lustig,27
2011,733,Lubomir Majsajdr,23
2011,734,Alexandre Lacroix,24
2011,735,Sasa Stojisavljevic,24
2011,736,Lukas Jastraunig,22
2011,737,Chuhan Wang,19
2011,738,N.Sriram Balaji,21
2011,739,Denis Yevseyev,18
2011,740,Emilien Firmin,21
2011,741,Devin Britton,20
2011,742,Valentin Florez,20
2011,743,Bruno Semenzato,19
2011,744,Nicolas Rosenzweig,25
2011,745,Andrei Daescu,23
2011,746,Lorenzo Giustino,20
2011,747,Gustavo Sterin,25
2011,748,Alexander Domijan,20
2011,749,Raphael Lustenberger,23
2011,750,Enrico Fioravante,21
2011,751,Federico Zeballos,23
2011,752,Markus Eriksson,22
2011,753,Richard Waite,21
2011,754,Dario Perez,31
2011,755,David Martin,30
2011,756,Antoine Benneteau,25
2011,757,Manuel Jorquera,33
2011,758,Austin Krajicek,21
2011,759,Chieh-Fu Wang,18
2011,760,Maxime Forcin,22
2011,761,Leonardo Tavares,27
2011,762,Peter Heller,19
2011,763,Kiryl Harbatsiuk,23
2011,764,Andrei Gorban,28
2011,765,Ilia Starkov,21
2011,766,Anas Fattar,24
2011,767,Florian Fallert,19
2011,768,Andrei Vasilevski,20
2011,769,Victor-Mugurel Anagnastopol,25
2011,770,Carlos Gomez-Herrera,21
2011,771,Bumpei Sato,26
2011,772,Alexandre Schnitman,19
2011,773,Eduardo Dischinger,19
2011,773,Shuichi Sekiguchi,20
2011,775,Peerakiat Siriluethaiwattana,22
2011,776,Federico Coria,19
2011,777,James Feaver,25
2011,778,Lamine Ouahab,27
2011,779,Lester Cook,27
2011,780,Moritz Baumann,24
2011,781,Roberto Quiroz,19
2011,782,Kevin Botti,22
2011,783,Nicolas Gustavo Kauer,20
2011,784,Jarmere Jenkins,21
2011,785,Bjorn Fratangelo,18
2011,786,Sam Groth,24
2011,787,Diego Galeano,19
2011,788,Matias Sborowitz,18
2011,789,Enrico Iannuzzi,28
2011,790,Suk-Young Jeong,18
2011,791,Damiano Di Ienno,22
2011,792,Aleksandr Agafonov,25
2011,793,Alexandros Jakupovic,30
2011,794,Oriol Roca Batalla,18
2011,795,Ty Trombetta,21
2011,796,Vinayak Sharma Kaza,20
2011,797,Augusto Laranja,19
2011,798,Marco Dierckx,23
2011,799,Danilo Ferraz,22
2011,800,Simon Cauvard,25
2011,801,Matthew Short,21
2011,802,Julio Peralta,30
2011,803,Evan King,19
2011,804,Mateusz Kowalczyk,24
2011,805,Mathias Bourgue,17
2011,806,Josko Topic,28
2011,807,Tristan Lamasine,18
2011,808,Divij Sharan,25
2011,809,Carlos Boluda-Purkiss,18
2011,810,Robin Olin,19
2011,811,Tiago Slonik,21
2011,812,Gilad Ben Zvi,21
2011,813,Bowen Ouyang,19
2011,814,Marvin Barker,20
2011,815,Marlon Oliveira,22
2011,816,Rafael Mazon-Hernandez,21
2011,817,Yassine Idmbarek,25
2011,818,Sebastian Serrano,24
2011,819,Pascal Brunner,22
2011,820,Haydn Lewis,25
2011,821,Felipe Soares,19
2011,822,Gonzalo Lama,18
2011,823,Robert Godlewski,27
2011,824,Nima Roshan,26
2011,825,Ruben Gonzales,26
2011,826,Wesley Koolhof,22
2011,827,Tal Eros,22
2011,828,Martin Rios-Benitez,24
2011,829,Emanuele Molina,20
2011,829,Maximilian Neuchrist,20
2011,831,Gaetan De Lovinfosse,20
2011,832,Jaime Pulgar-Garcia,22
2011,833,Robert Rumler,18
2011,834,Vadim Alekseenko,28
2011,835,Mate Pavic,18
2011,836,Jesus Bandres,20
2011,837,Juan Ignacio Amarante,20
2011,838,Cristian Rodriguez,21
2011,839,Milan Pokrajac,24
2011,840,Theodoros Angelinos,27
2011,841,Micke Kontinen,19
2011,842,Andraz Bedene,22
2011,843,Alexander Pavlioutchenkov,26
2011,844,Mikhail Biryukov,19
2011,845,Chu-Huan Yi,24
2011,846,Jiri Kosler,22
2011,847,Yu Chang,23
2011,848,Antonio Lupieri,19
2011,849,Giacomo Oradini,21
2011,850,David Thurner,21
2011,851,Victor Morales,20
2011,851,Francesco Vilardo,21
2011,853,David Perez Sanz,17
2011,854,Alexey Vatutin,19
2011,855,Francesco Picco,20
2011,856,Pedro Sakamoto,18
2011,857,Giorgio Portaluri,21
2011,858,Gleb Alekseenko,28
2011,859,MinKyu Song,21
2011,860,Roberto Maytin,22
2011,861,Jun Ito,22
2011,862,Dawid Celt,26
2011,863,Matthew Pierot,21
2011,864,Filip Peliwo,17
2011,865,Hyun-Joon Kim,24
2011,866,Jung-Woong Na,19
2011,867,Chase Buchanan,20
2011,868,Laslo Urrutia Fuentes,21
2011,869,Raony Carvalho,24
2011,870,Leonard Stakhovsky,18
2011,871,Joel Lindner,22
2011,872,Miki Jankovic,17
2011,873,Michael Bois,18
2011,874,Toby Martin,18
2011,875,Sekou Bangoura,20
2011,876,Leon Frost,27
2011,877,Vladislav Dubinsky,19
2011,878,Yuichi Ito,25
2011,879,Alessandro Colella,19
2011,880,Lucas Renard,19
2011,881,Wilson Leite,20
2011,882,Mark Vervoort,21
2011,883,Chris Kwon,26
2011,884,Yoshihito Nishioka,16
2011,885,Pablo Figueroa,26
2011,886,Mateusz Szmigiel,22
2011,887,Sanam Singh,23
2011,888,Barry King,26
2011,889,Filip Horansky,18
2011,890,Milos Sekulic,22
2011,891,Francesco Garzelli,20
2011,892,Alex Bolt,18
2011,893,Dimitar Kuzmanov,18
2011,894,Paterne Mamata,25
2011,894,Alban Meuffels,19
2011,896,Ramkumar Ramanathan,17
2011,896,Libor Salaba,19
2011,898,Peng Gao,24
2011,899,Francesco Borgo,26
2011,900,Ricardo Siggia,22
2011,901,Gustavo Guerses,20
2011,901,Juan Lizariturry,20
2011,903,Rodrigo Perez,22
2011,904,Marcos Daniel,33
2011,905,Alexandre Renard,29
2011,906,Adam Pavlasek,17
2011,907,Oh-Hee Kwon,33
2011,908,Mohammad Ghareeb,31
2011,909,Michael Shabaz,24
2011,910,Karim Maamoun,32
2011,911,Marko Djokovic,20
2011,912,Yannick Vandenbulcke,21
2011,913,Dmitri Sitak,28
2011,914,Carlos Oliveira,35
2011,915,Joris De Loore,18
2011,915,Duje Kekez,18
2011,917,Sebastian Lopez,19
2011,918,Antoine Escoffier,19
2011,919,Alejandro Kon,25
2011,920,Jose Benitez,21
2011,921,Denys Mylokostov,18
2011,922,Rupesh Roy,22
2011,923,David Savic,26
2011,924,Matteo Volante,27
2011,925,Matias Salinas,20
2011,926,Marc Garcia-Roman,22
2011,927,Jean Zietsman,24
2011,928,Marcos Esparcia Omedas,19
2011,929,Matteo Civarolo,19
2011,930,Caio Silva,20
2011,931,Marco Bortolotti,20
2011,931,Richard Gabb,19
2011,933,Gorka Fraile,33
2011,933,Mark Sibilla,37
2011,935,Sho Katayama,22
2011,936,Albert Alcaraz Ivorra,16
2011,937,Sang-Woo Noh,19
2011,938,Alexander Satschko,31
2011,939,Christian Harrison,17
2011,940,Alessandro-Damiano Ventre,26
2011,941,Jeson Patrombon,18
2011,942,Darius Florin Bragusi,18
2011,943,Mark-Alexander Kepler,23
2011,943,Vignesh Peranamallur,24
2011,945,Rodrigo Scattareggia,20
2011,946,Alexandre Penaud,24
2011,947,Wan Gao,24
2011,948,Abdullah Maqdes,24
2011,949,Haluk Akkoyun,30
2011,950,Ricardo Urzua-Rivera,22
2011,951,Riccardo Maiga,22
2011,952,Goncalo Pereira,27
2011,953,Lars Uebel,31
2011,954,Roel Oostdam,23
2011,955,Burnham Arlidge,23
2011,956,Gyorgy Balazs,26
2011,956,Tobias Blomgren,19
2011,958,Roy Kalmanovich,22
2011,959,Mikolaj Szmyrgala,26
2011,960,Robin Kern,18
2011,961,Davy Sum,22
2011,962,Andrew Whittington,18
2011,963,Goncalo Falcao,23
2011,963,Temur Ismailov,16
2011,963,Piero Luisi,24
2011,963,Ivo Mijic,21
2011,967,Elbert Sie,24
2011,968,Jonathan Gonzalia,28
2011,968,Dennis Novikov,18
2011,970,Kalle Averfalk,19
2011,971,Antonio Sancic,23
2011,972,Maciej Smola,18
2011,973,Medy Chettar,19
2011,974,Marco Simoni,25
2011,974,Marcus Weiglhofer,24
2011,976,Igor Bujdo,20
2011,976,Gerard Gallego-Bertran,21
2011,978,Bjorn Propst,24
2011,979,Tomislav Jotovski,21
2011,979,Giammarco Micolani,19
2011,981,Ariel Behar,22
2011,982,Jorge Montero,21
2011,983,Dorian Descloix,23
2011,984,Andres Ceppo,20
2011,985,Ryler DeHeart,27
2011,986,Will Gray,25
2011,986,Mousheg Hovhannisyan,20
2011,986,Jonas Luetjen,21
2011,986,Jan Stancik,28
2011,990,Mauricio Estivariz,25
2011,991,Enrico Alonso De Pedro,23
2011,991,Kevin Kaczynski,17
2011,991,Vladyslav Klymenko,23
2011,994,Jean Andersen,23
2011,995,Dmitriy Makeyev,27
2011,996,Blazej Koniusz,23
2011,997,Sunu-Wahyu Trijati,24
2011,998,Carlos Gonzalez-Leiva,31
2011,999,Kelsey Stevenson,21
2011,1000,Christian Magg,30
2010,1,Rafael Nadal,24
2010,2,Roger Federer,29
2010,3,Novak Djokovic,23
2010,4,Andy Murray,23
2010,5,Robin Soderling,26
2010,6,Tomas Berdych,25
2010,7,David Ferrer,28
2010,8,Andy Roddick,28
2010,9,Fernando Verdasco,27
2010,10,Mikhail Youzhny,28
2010,11,Jurgen Melzer,29
2010,12,Gael Monfils,24
2010,13,Jo-Wilfried Tsonga,25
2010,14,Marin Cilic,22
2010,15,Nicolas Almagro,25
2010,16,Mardy Fish,29
2010,17,Ivan Ljubicic,31
2010,18,Sam Querrey,23
2010,19,John Isner,25
2010,20,Marcos Baghdatis,25
2010,21,Stan Wawrinka,25
2010,22,Nikolay Davydenko,29
2010,23,Michael Llodra,30
2010,24,Ernests Gulbis,22
2010,25,Albert Montanes,30
2010,26,Juan Monaco,26
2010,27,David Nalbandian,28
2010,28,Viktor Troicki,24
2010,29,Juan Carlos Ferrero,30
2010,30,Richard Gasquet,24
2010,31,Thomaz Bellucci,22
2010,32,Feliciano Lopez,29
2010,33,Guillermo Garcia-Lopez,27
2010,34,Philipp Kohlschreiber,27
2010,35,Yen-Hsun Lu,27
2010,36,Andrey Golubev,23
2010,37,Florian Mayer,27
2010,38,Juan Ignacio Chela,31
2010,39,Jarkko Nieminen,29
2010,40,Denis Istomin,24
2010,41,Gilles Simon,25
2010,42,Marcel Granollers,24
2010,43,Thiemo de Bakker,22
2010,44,Julien Benneteau,29
2010,45,Jeremy Chardy,23
2010,46,Sergiy Stakhovsky,24
2010,47,Potito Starace,29
2010,48,Alexandr Dolgopolov,22
2010,49,Janko Tipsarevic,26
2010,50,Tommy Robredo,28
2010,51,Victor Hanescu,29
2010,52,Andreas Seppi,26
2010,53,Benjamin Becker,29
2010,54,Lleyton Hewitt,29
2010,55,Fabio Fognini,23
2010,56,Daniel Gimeno-Traver,25
2010,57,Philipp Petzschner,26
2010,58,Michael Berrer,30
2010,59,Mikhail Kukushkin,23
2010,60,Xavier Malisse,30
2010,61,Kevin Anderson,24
2010,62,Radek Stepanek,32
2010,63,Pablo Cuevas,24
2010,64,Santiago Giraldo,23
2010,65,Robin Haase,23
2010,66,Carlos Berlocq,27
2010,67,Tobias Kamke,24
2010,68,Fernando Gonzalez,30
2010,69,Florent Serra,29
2010,70,Lukasz Kubot,28
2010,71,Pablo Andujar,24
2010,72,Pere Riba,22
2010,73,Ivo Karlovic,31
2010,74,Eduardo Schwank,24
2010,75,Dudi Sela,25
2010,76,Ricardo Mello,30
2010,77,Ruben Ramirez Hidalgo,32
2010,78,Arnaud Clement,33
2010,79,Igor Andreev,27
2010,80,Teymuraz Gabashvili,25
2010,81,Illya Marchenko,23
2010,82,Mischa Zverev,23
2010,83,Adrian Mannarino,22
2010,84,Rainer Schuettler,34
2010,85,Brian Dabul,26
2010,86,Michal Przysiezny,26
2010,87,Ricardas Berankis,20
2010,88,Ivan Dodig,25
2010,89,Lukas Lacko,23
2010,90,Marsel Ilhan,23
2010,91,Filippo Volandri,29
2010,92,Dustin Brown,26
2010,93,Rui Machado,26
2010,94,Leonardo Mayer,23
2010,95,Jan Hajek,27
2010,96,Marcos Daniel,32
2010,97,Paul-Henri Mathieu,28
2010,98,Kei Nishikori,20
2010,99,Michael Russell,32
2010,100,Igor Kunitsyn,29
2010,101,Fred Gil,25
2010,102,Bjorn Phau,31
2010,103,Karol Beck,28
2010,104,Daniel Brands,23
2010,105,Alejandro Falla,27
2010,106,Grigor Dimitrov,19
2010,107,Simone Bolelli,25
2010,108,Somdev Devvarman,25
2010,109,Steve Darcis,26
2010,110,Horacio Zeballos,25
2010,111,Joao Souza,22
2010,112,Blaz Kavcic,23
2010,113,Olivier Rochus,29
2010,114,Julian Reister,24
2010,115,Robert Kendrick,31
2010,116,Ryan Sweeting,23
2010,117,Marco Chiudinelli,29
2010,118,Taylor Dent,29
2010,119,Andreas Haider-Maurer,23
2010,120,Go Soeda,26
2010,121,Denis Gremelmayr,29
2010,122,Stephane Robert,30
2010,123,Albert Ramos-Vinolas,22
2010,124,Edouard Roger-Vasselin,27
2010,125,Yuri Schukin,31
2010,126,Igor Sijsling,23
2010,127,Donald Young,21
2010,128,Jesse Huta Galung,25
2010,129,Conor Niland,29
2010,130,Simon Greul,29
2010,131,Stefan Koubek,33
2010,132,Nicolas Mahut,28
2010,133,Martin Fischer,24
2010,134,Gilles Muller,27
2010,135,James Blake,30
2010,136,Stephane Bohli,27
2010,137,Peter Luczak,31
2010,138,Marinko Matosevic,25
2010,139,Jaroslav Pospisil,29
2010,140,Evgeny Korolev,22
2010,141,Maximo Gonzalez,27
2010,142,Grega Zemlja,24
2010,143,Paolo Lorenzi,29
2010,144,Robby Ginepri,28
2010,145,Eric Prodon,29
2010,146,Konstantin Kravchuk,25
2010,147,Daniel Munoz de la Nava,28
2010,148,Diego Junqueira,29
2010,149,Ilija Bozoljac,25
2010,150,Thiago Alves,28
2010,151,Marc Gicquel,33
2010,152,Benoit Paire,21
2010,153,Carsten Ball,23
2010,154,Andreas Beck,24
2010,155,Martin Klizan,21
2010,156,Milos Raonic,20
2010,157,Josselin Ouanna,24
2010,158,Rogerio Dutra Silva,26
2010,159,Alexander Kudryavtsev,25
2010,160,Federico Delbonis,20
2010,161,Jerzy Janowicz,20
2010,162,Alessio Di Mauro,33
2010,163,Bobby Reynolds,28
2010,164,Lukas Rosol,25
2010,165,Paul Capdeville,27
2010,166,Alex Bogomolov Jr.,27
2010,167,Ivo Minar,26
2010,168,Thomas Schoorel,21
2010,169,David Guez,28
2010,170,Roberto Bautista Agut,22
2010,171,Tim Smyczek,22
2010,172,Carlos Salamanca,27
2010,173,Ryan Harrison,18
2010,174,Izak Van der Merwe,26
2010,175,Juan Pablo Brzezicki,28
2010,176,Victor Crivoi,28
2010,177,Andrej Martin,21
2010,178,Ruben Bemelmans,22
2010,179,Simone Vagnozzi,27
2010,180,Yuichi Sugita,22
2010,181,Rik De Voest,30
2010,182,Franko Skugor,23
2010,183,Tatsuma Ito,22
2010,184,Rajeev Ram,26
2010,185,Adrian Ungur,25
2010,186,Nicolas Massu,31
2010,187,Matthias Bachinger,23
2010,188,Julio Silva,31
2010,189,Robert Farah,23
2010,190,Attila Balazs,22
2010,191,Antonio Veic,22
2010,192,Juan Sebastian Cabal,24
2010,193,Ivan Navarro,29
2010,194,Ramon Delgado,34
2010,195,Olivier Patience,30
2010,196,Matthew Ebden,23
2010,197,Dmitry Tursunov,28
2010,198,Nikola Ciric,27
2010,199,Ivan Sergeyev,22
2010,200,Guillermo Alcaide,24
2010,201,James Ward,23
2010,202,Augustin Gensse,27
2010,203,Guillaume Rufin,20
2010,204,John Millman,21
2010,205,Laurent Recouderc,26
2010,206,Vincent Millot,24
2010,207,Peter Polansky,22
2010,208,Bernard Tomic,18
2010,209,Lester Cook,26
2010,210,Giovanni Lapentti,27
2010,211,Victor Estrella Burgos,30
2010,212,Flavio Cipolla,27
2010,213,Matteo Viola,23
2010,214,Filip Krajinovic,18
2010,215,Brydan Klein,20
2010,216,Alexander Peya,30
2010,217,Reda El Amrani,22
2010,218,Guillermo Olaso,22
2010,219,Sebastian Decoud,29
2010,220,Bastian Knittel,27
2010,221,Oscar Hernandez,32
2010,222,Jorge Aguilar,25
2010,223,Uladzimir Ignatik,20
2010,224,Jurgen Zopp,22
2010,225,Caio Zampieri,24
2010,226,Jesse Witten,28
2010,227,Santiago Ventura,30
2010,228,Dusan Lojda,22
2010,229,David Goffin,20
2010,230,Dieter Kindlmann,28
2010,231,Andrey Kuznetsov,19
2010,232,Marek Semjan,23
2010,233,Gregoire Burquier,26
2010,234,Leonardo Tavares,26
2010,235,Marco Crugnola,27
2010,236,Ryler DeHeart,26
2010,237,Ricardo Hocevar,25
2010,238,Sebastian Rieschick,24
2010,239,Alexander Flock,27
2010,240,Nick Lindahl,22
2010,241,Jan Hernych,31
2010,242,Facundo Bagnis,20
2010,243,Alberto Martin,32
2010,244,Joao Sousa,21
2010,245,Kevin Kim,32
2010,246,Ivo Klec,30
2010,247,Yannick Mertens,23
2010,248,Laurent Rochette,22
2010,249,Christophe Rochus,32
2010,250,Alex Kuznetsov,23
2010,251,Michael Lammer,28
2010,252,Pavol Cervenak,23
2010,253,Jose Acasuso,28
2010,254,Lamine Ouahab,26
2010,255,Santiago Gonzalez,27
2010,256,Alexander Lobkov,20
2010,257,Kristof Vliegen,28
2010,258,Juan Martin del Potro,22
2010,259,Evgeny Donskoy,20
2010,260,Sam Groth,23
2010,261,Greg Jones,21
2010,262,Frederik Nielsen,27
2010,263,Alberto Brizzi,26
2010,264,Sergio Gutierrez-Ferrol,21
2010,265,Matwe Middelkoop,27
2010,266,Romain Jouan,25
2010,267,Andres Molteni,22
2010,268,Simon Stadler,27
2010,269,Frank Dancevic,26
2010,270,Pablo Santos,26
2010,271,Charles-Antoine Brezac,25
2010,272,Daniel Koellerer,27
2010,273,Henri Kontinen,20
2010,274,Stefano Galvani,33
2010,275,Fritz Wolmarans,24
2010,276,Matteo Trevisan,21
2010,277,Riccardo Ghedin,25
2010,278,Philip Bester,22
2010,279,Nikola Mektic,22
2010,280,Clement Reix,27
2010,281,Amir Weintraub,24
2010,282,Timo Nieminen,29
2010,283,Adrian Menendez-Maceiras,25
2010,284,Alexandre Sidorenko,22
2010,285,Pablo Galdon,25
2010,286,Florian Reynet,24
2010,287,Fernando Romboli,21
2010,288,Michael Yani,29
2010,289,Jesse Levine,23
2010,290,Martin Vassallo Arguello,30
2010,291,Marius Copil,20
2010,292,Alex Bogdanovic,26
2010,293,Gabriel Trujillo-Soler,31
2010,294,Andrea Arnaboldi,23
2010,295,Miloslav Mecir,22
2010,296,Eladio Ribeiro Neto,24
2010,297,Gianluca Naso,23
2010,298,Ilya Belyaev,20
2010,299,Jonathan Dasnieres de Veigy,23
2010,300,Niels Desein,23
2010,301,Mikhail Vasiliev,24
2010,302,Farrukh Dustov,24
2010,303,Raven Klaasen,28
2010,304,Evgeny Kirillov,23
2010,305,Tsung-Hua Yang,19
2010,306,Daniel Dutra da Silva,22
2010,307,Greg Ouellette,24
2010,308,Hiroki Kondo,28
2010,309,Daniele Giorgini,26
2010,310,Filip Prpic,28
2010,311,Jonathan Eysseric,20
2010,312,Aldin Setkic,23
2010,313,Thomas Fabbiano,21
2010,314,Facundo Arguello,18
2010,315,Ze Zhang,20
2010,316,Kristijan Mesaros,22
2010,317,Boris Pashanski,28
2010,318,Dennis Bloemke,21
2010,319,James Lemke,22
2010,320,Dominik Meffert,29
2010,321,Sergei Bubka,23
2010,322,Francesco Aldi,29
2010,323,Maxime Teixeira,21
2010,324,Ludovic Walter,27
2010,325,Mikhail Elgin,29
2010,326,Gaston Gaudio,32
2010,327,Daniel Cox,20
2010,328,Joseph Sirianni,35
2010,329,Michael Venus,23
2010,330,Yong-Kyu Lim,19
2010,331,Leonardo Kirche,25
2010,332,Karan Rastogi,24
2010,333,Malek Jaziri,26
2010,334,Daniel King-Turner,26
2010,335,Javier Marti,18
2010,336,Marcel Zimmermann,25
2010,337,Michael Ryderstedt,26
2010,338,Andis Juska,25
2010,339,Vasek Pospisil,20
2010,340,Artem Sitak,24
2010,341,Louk Sorensen,25
2010,342,Harel Levy,32
2010,343,Dayne Kelly,20
2010,344,Pablo Carreno Busta,19
2010,345,Harri Heliovaara,21
2010,346,Jan Minar,29
2010,347,Mao-Xin Gong,23
2010,348,Nicholas Monroe,28
2010,349,Martin Alund,25
2010,350,Denis Matsukevich,24
2010,351,Adrien Bossel,23
2010,352,Juan-Pablo Amado,24
2010,353,Yan Bai,21
2010,354,Guillermo Rivera-Aranguiz,21
2010,355,Noam Okun,32
2010,356,Andre Begemann,26
2010,357,Valery Rudnev,22
2010,358,Richard Bloomfield,27
2010,359,Jan-Lennard Struff,20
2010,360,Inigo Cervantes,21
2010,361,Alejandro Gonzalez,21
2010,362,Arnau Brugues-Davi,25
2010,363,Daniel Evans,20
2010,364,Andrey Kumantsov,24
2010,365,Brendan Evans,24
2010,366,Adam El Mihdawy,21
2010,367,Jamie Baker,24
2010,368,Rodrigo Guidolin,25
2010,369,Luca Vanni,25
2010,370,Pedro Clar-Rossello,24
2010,371,Hiroki Moriya,20
2010,372,Tommy Haas,32
2010,373,Mikhail Ledovskikh,24
2010,374,Johannes Ager,26
2010,375,Cedrik-Marcel Stebe,20
2010,376,Chris Guccione,25
2010,377,Sergey Betov,23
2010,378,Alexander Sadecky,23
2010,379,Karlis Lejnieks,22
2010,380,Juho Paukku,24
2010,381,Julio Cesar Campozano,24
2010,382,Adam Kellner,24
2010,383,Daniel Yoo,25
2010,384,Christian Lindell,19
2010,385,Colin Ebelthite,26
2010,386,Vishnu Vardhan,23
2010,387,David Marrero,30
2010,388,Juan-Martin Aranguren,27
2010,389,Joshua Milton,21
2010,390,Goran Tosic,28
2010,391,Walter Trusendi,25
2010,392,Ivan Endara,22
2010,393,Rameez Junaid,29
2010,394,Andrea Stoppini,30
2010,395,Adrian Cruciat,27
2010,396,Gerard Granollers,21
2010,397,Marcin Gawron,22
2010,398,Andre Miele,23
2010,399,Josh Goodall,25
2010,400,Woong-Sun Jun,24
2010,401,Artem Smirnov,22
2010,402,Claudio Grassi,25
2010,403,Jose Checa-Calvo,25
2010,404,Laurynas Grigelis,19
2010,405,Ervin Eleskovic,23
2010,406,Young-Jun Kim,30
2010,407,Marcel Felder,26
2010,408,Di Wu,19
2010,409,Jan Mertl,28
2010,410,Axel Michon,20
2010,411,Erik Chvojka,24
2010,412,Catalin-Ionut Gard,29
2010,413,Philipp Oswald,24
2010,414,Nicolas Devilder,30
2010,415,Diego Schwartzman,18
2010,416,Andrea Falgheri,25
2010,417,Dominik Hrbaty,32
2010,418,Guillermo Hormazabal,25
2010,419,Fabrice Martin,24
2010,420,Guido Pella,20
2010,421,Nikolaus Moser,20
2010,422,Juan-Pablo Villar,28
2010,423,Cristobal Saavedra-Corvalan,20
2010,424,Adrian Garcia,32
2010,425,Blaz Rola,20
2010,426,Roko Karanusic,28
2010,427,Mathieu Rodrigues,25
2010,428,Rudy Coco,26
2010,429,Guillermo Duran,22
2010,430,Marco Trungelliti,20
2010,431,Roman Borvanov,28
2010,432,Marcelo Demoliner,21
2010,433,Pierre-Ludovic Duclos,24
2010,434,Dusan Lajovic,20
2010,435,Marco Mirnegg,28
2010,436,Cesar Ramirez,20
2010,437,Toshihide Matsui,32
2010,438,Gerald Melzer,20
2010,439,Matt Reid,20
2010,440,Janez Semrajc,21
2010,441,Andrew Anderson,27
2010,442,Denys Molchanov,23
2010,443,Benjamin Balleret,27
2010,444,Stefano Ianni,29
2010,445,Gero Kretschmer,25
2010,446,Pablo Martin-Adalia,22
2010,447,Nicolas Lapentti,34
2010,448,Rafael Camilo,20
2010,449,Zhe Li,24
2010,450,Matteo Marrai,24
2010,451,Miguel Angel Lopez Jaen,28
2010,452,Rubin Statham,23
2010,453,Michal Schmid,22
2010,454,Daniel Garza,25
2010,455,David Souto,18
2010,456,Marc Fornell-Mestres,28
2010,457,Danai Udomchoke,29
2010,458,Francesco Piccari,31
2010,459,Takao Suzuki,34
2010,460,Diego Alvarez,30
2010,461,Petru-Alexandru Luncanu,21
2010,462,Yuichi Ito,24
2010,463,Amer Delic,28
2010,464,Luka Gregorc,26
2010,465,Federico Torresi,30
2010,466,Steven Diez,19
2010,467,Nicolas Renavand,28
2010,468,Dawid Olejniczak,27
2010,469,Jonathan Gonzalia,27
2010,470,Kenny De Schepper,23
2010,471,Patricio Heras,21
2010,472,Jordan Cox,18
2010,473,Alexander Ward,20
2010,474,Grzegorz Panfil,22
2010,475,David Savic,25
2010,476,Thierry Ascione,29
2010,477,Robbye Poole,26
2010,478,Mario Ancic,26
2010,479,Pedro Sousa,22
2010,480,Antony Dupuis,37
2010,481,Mauricio Echazu,21
2010,482,Thales Turini,21
2010,483,Alexandre Folie,20
2010,484,Kyu Tae Im,29
2010,485,Victor Romero,31
2010,486,Prakash Amritraj,27
2010,487,Murad Inoyatov,26
2010,488,Borut Puc,19
2010,489,David Rice,21
2010,490,Pavel Snobel,30
2010,491,Eduardo Struvay,20
2010,492,Stefano Travaglia,18
2010,493,Ivan Bjelica,26
2010,494,Peter Gojowczyk,21
2010,495,Erling Tveit,25
2010,496,Denis Kudla,18
2010,497,Daniel Smethurst,20
2010,498,Pierre-Hugues Herbert,19
2010,499,Alessandro Giannessi,20
2010,500,Hans Podlipnik-Castillo,22
2010,501,Agustin Boje-Ordonez,22
2010,502,Andrei Mlendea,26
2010,503,Radu Albot,21
2010,504,Julien Dubail,22
2010,505,Yuki Bhambri,18
2010,506,Jose Pereira,19
2010,507,Michael McClune,21
2010,508,Morgan Phillips,26
2010,509,Alejandro Fabbri,28
2010,510,Juan-Manuel Valverde,25
2010,511,Max Raditschnigg,27
2010,512,Miljan Zekic,22
2010,513,Peter Torebko,22
2010,514,Alexander Slabinsky,24
2010,515,Aliaksandr Bury,23
2010,516,Carlos Moya,34
2010,517,Roman Valent,27
2010,518,Victor-Mugurel Anagnastopol,24
2010,519,Bruno Rodriguez,24
2010,520,Andre Ghem,28
2010,521,Mirza Basic,19
2010,522,Gianni Mina,18
2010,523,Cristhian Ignacio Benedetti,23
2010,524,Carlos Poch-Gradin,28
2010,525,Roman Jebavy,21
2010,526,Robin Vik,30
2010,527,Razvan Sabau,33
2010,528,Nicolas Reissig,21
2010,529,Chris Eaton,23
2010,530,Mark Verryth,19
2010,531,Michael Shabaz,23
2010,532,Ante Pavic,21
2010,533,Joaquin-Jesus Monteferrario,25
2010,534,Nicolas Pastor,19
2010,535,Jason Kubler,17
2010,536,Rohan Gajjar,26
2010,537,Mohamed Safwat,20
2010,538,Juan Lizariturry,19
2010,539,Ivan Nedelko,24
2010,540,Aljaz Bedene,21
2010,541,Carl Bergman,23
2010,542,Miguel Gallardo-Valles,29
2010,543,Michael Linzer,21
2010,544,Ti Chen,27
2010,545,Ranjeet Virali-Murugesan,25
2010,546,Martin Slanar,29
2010,547,Denis Zivkovic,23
2010,548,Aleksandr Nedovyesov,23
2010,549,Alexander Rumyantsev,18
2010,550,Deniss Pavlovs,27
2010,551,Theodoros Angelinos,26
2010,552,Kittipong Wachiramanowong,20
2010,553,Sebastien De Chaunac,33
2010,554,Ivan Miranda,30
2010,555,Chu-Huan Yi,23
2010,556,Tasuku Iwami,32
2010,557,Rupesh Roy,21
2010,558,Sean Thornley,21
2010,559,Baptiste Dupuy,29
2010,560,Kaden Hensel,24
2010,561,Tihomir Grozdanov,23
2010,562,Agustin Velotti,18
2010,563,Olivier Sajous,23
2010,564,Andoni Vivanco-Guzman,20
2010,565,Andreas Vinciguerra,29
2010,566,Dimitar Kutrovsky,23
2010,567,Shuichi Sekiguchi,19
2010,568,Herbert Wiltschnig,35
2010,569,Carlos Gomez-Herrera,20
2010,570,Phillip Simmonds,24
2010,571,David Estruch,25
2010,572,Tak Khunn Wang,19
2010,573,Marcelo Palacios-Siegenthale,21
2010,574,Michael Look,23
2010,575,Gleb Sakharov,22
2010,576,Marco Simoni,24
2010,577,Tiago Fernandes,17
2010,578,Fabricio Neis,20
2010,579,Yu Chang,22
2010,580,Andrea Collarini,18
2010,581,Alexandros Jakupovic,29
2010,582,Thomas Cazes-Carrere,26
2010,583,Nathan Thompson,28
2010,584,Daniel Lustig,26
2010,585,Norbert Gombos,20
2010,586,Sherif Sabry,24
2010,587,Holger Fischer,30
2010,588,Adam Feeney,25
2010,589,Yann Marti,22
2010,590,Agustin Picco,21
2010,591,Marco Viola,27
2010,592,Danilo Ferraz,21
2010,593,Lionel Noviski,27
2010,594,Antonio Pastorino,28
2010,595,Sadik Kadir,29
2010,596,Alexander Domijan,19
2010,597,Alexander Satschko,30
2010,598,Christopher Diaz-Figueroa,20
2010,599,Manuel Sanchez,19
2010,600,Ricardo Siggia,21
2010,601,Jean-Noel Insausti,26
2010,602,Raemon Sluiter,32
2010,603,Gastao Elias,20
2010,604,Teodor-Dacian Craciun,30
2010,605,Chris Klingemann,25
2010,606,Ismar Gorcic,27
2010,607,Mislav Hizak,26
2010,608,Arata Onozawa,22
2010,609,Marcus Willis,20
2010,610,Oscar Sabate-Bretos,24
2010,611,Marc Sieber,22
2010,612,Benjamin Mitchell,18
2010,613,Jaan-Frederik Brunken,20
2010,614,Blazej Koniusz,22
2010,615,Boy Westerhof,25
2010,616,Colin O'Brien,26
2010,617,Dane Propoggia,20
2010,618,Jiri Skoloudik,23
2010,619,Marin Bradaric,25
2010,620,Kamil Capkovic,24
2010,621,Renzo Olivo,18
2010,622,Blake Strode,23
2010,623,Michal Konecny,21
2010,624,Patrik Brydolf,19
2010,625,Maciek Sykut,24
2010,626,Rohan Bopanna,30
2010,627,Suk-Young Jeong,17
2010,628,Stanislav Vovk,19
2010,629,Carlos Boluda-Purkiss,17
2010,630,Simon Cauvard,24
2010,631,Sergei Krotiouk,32
2010,632,Filippo Leonardi,23
2010,633,Julien Obry,19
2010,634,Haluk Akkoyun,29
2010,635,Nikoloz Basilashvili,18
2010,636,Steve Johnson,21
2010,637,Christopher Rungkat,20
2010,638,Marko Djokovic,19
2010,639,Roman Vogeli,25
2010,640,Vladimir Obradovic,29
2010,641,Daniel-Alejandro Lopez Cassaccia,21
2010,642,Luis Diaz-Barriga,24
2010,643,Nicolas Santos,22
2010,644,Yasutaka Uchiyama,18
2010,645,Guido Andreozzi,19
2010,646,Miliaan Niesten,22
2010,647,Junn Mitsuhashi,21
2010,648,Patrick Taubert,23
2010,649,Joel Lindner,21
2010,650,Maximiliano Estevez,21
2010,651,Jerome Inzerillo,20
2010,652,Carlos Calderon-Rodriguez,22
2010,653,Arsenije Zlatanovic,21
2010,654,Tiago Lopes,24
2010,655,James McGee,23
2010,656,Jun-Chao Xu,22
2010,657,Karim Maamoun,31
2010,658,Clinton Thomson,26
2010,659,Nikola Cacic,20
2010,660,Roberto Carballes Baena,17
2010,661,Richard Muzaev,18
2010,662,Abdullah Maqdes,23
2010,663,Guillermo Carry,29
2010,664,Nicolaas Scholtz,19
2010,665,Alexandre Renard,28
2010,666,Adrians Zguns,29
2010,667,Michal Pazicky,23
2010,668,Albano Olivetti,19
2010,669,Robert Coman,20
2010,670,Rainer Eitzinger,27
2010,671,Kornel Bardoczky,32
2010,672,Marc Meigel,22
2010,673,Juan Carlos Saez,19
2010,674,Gary Sacks,24
2010,675,Lukas Dlouhy,27
2010,676,Victor Ionita,27
2010,677,Jae-Sung An,25
2010,678,Vijay S P Natarajan,24
2010,679,Erik Crepaldi,20
2010,680,Georgi Rumenov Payakov,21
2010,681,Paris Gemouchidis,22
2010,682,Gilad Ben Zvi,20
2010,683,Abraham Gonzalez-Jimenez,21
2010,684,Frantisek Cermak,34
2010,685,Micke Kontinen,18
2010,686,Hsin-Han Lee,22
2010,687,Emilio Gomez,19
2010,688,Austin Krajicek,20
2010,689,Daniel Kosakowski,18
2010,690,Tyler Hochwalt,21
2010,691,Carlos Oliveira,34
2010,692,Hiroyasu Ehara,19
2010,693,Federico Gaio,18
2010,694,Gleb Alekseenko,27
2010,695,Dorian Descloix,22
2010,696,Jarryd Maher,21
2010,697,Massimo Capone,25
2010,698,Conor Pollock,23
2010,699,Jasper Smit,30
2010,700,Andrei Gorban,27
2010,701,Jiri Vanek,32
2010,702,Riccardo Sinicropi,20
2010,703,Daniel Danilovic,22
2010,704,Andrei Vasilevski,19
2010,705,Martin Cuevas,18
2010,706,Giulio Torroni,27
2010,707,George Bastl,35
2010,708,Dominic Inglot,24
2010,709,James Ludlow,25
2010,710,Michael Quintero,30
2010,711,Gyorgy Balazs,25
2010,712,Ty Trombetta,20
2010,713,Bart Govaerts,22
2010,713,Alejandro Kon,24
2010,715,Weerapat Doakmaiklee,23
2010,716,Nima Roshan,25
2010,717,Aleksandr Agafonov,24
2010,718,Romain Sichez,20
2010,719,Rodrigo Perez,21
2010,720,Younes El Aynaoui,39
2010,721,Petar Jelenic,23
2010,722,Sebastien Grosjean,32
2010,722,Nicolas Kiefer,33
2010,724,Marc Lopez,28
2010,725,Jarmere Jenkins,20
2010,726,Sascha Kloer,25
2010,727,Pascal Brunner,21
2010,728,Dino Marcan,19
2010,729,David Thurner,20
2010,730,Piero Luisi,23
2010,731,Jeremy Blandin,29
2010,732,Jared Easton,20
2010,733,Piotr Gadomski,19
2010,734,Jakub Lustyk,22
2010,735,Ruan Roelofse,21
2010,736,Robert Rumler,17
2010,737,Ignacio Coll-Riudavets,23
2010,738,Roman Recarte,23
2010,739,Matheson Klein,21
2010,740,Cecil Mamiit,34
2010,741,Franco Ferreiro,26
2010,742,James Duckworth,18
2010,743,Frederic Jeanclaude,29
2010,744,Florin Mergea,25
2010,745,Alexandre Bonatto,26
2010,746,Alexey Kedryuk,30
2010,747,Todd Paul,25
2010,748,Enrico Burzi,29
2010,749,Marc Rath,20
2010,750,Takuto Niki,23
2010,751,Rafael Mazon-Hernandez,20
2010,752,Nikolai Fidirko,23
2010,753,Mauricio Estivariz,24
2010,754,Victor Baluda,18
2010,755,Eric Nunez,28
2010,756,Christian Magg,29
2010,757,Ladislav Chramosta,29
2010,758,Antonio Comporto,21
2010,759,Sami Reinwein,18
2010,760,Bryan Koniecko,23
2010,761,Ilia Starkov,20
2010,762,Guilherme Clezar,17
2010,763,Richard Waite,20
2010,764,Soong-Jae Cho,20
2010,765,Juan Pablo Ortiz,19
2010,766,Bogdan Leonte,24
2010,767,David Canudas-Fernandez,27
2010,768,Marc Giner,19
2010,769,Martin Emmrich,26
2010,770,Rhyne Williams,19
2010,771,Marek Michalicka,24
2010,772,Gary Lugassy,28
2010,773,Germain Gigounon,21
2010,774,Sandro Ehrat,19
2010,775,Gaston Giussani,24
2010,776,Antal Van Der Duim,23
2010,777,Miguel Reyes-Varela,23
2010,778,Marco Dierckx,22
2010,779,Goncalo Pereira,26
2010,780,Tiago Slonik,20
2010,781,Chase Buchanan,19
2010,782,Todor Enev,28
2010,783,Tomislav Brkic,20
2010,784,Dejan Katic,22
2010,785,Marcus Daniell,21
2010,786,Juan Ignacio Londero,17
2010,787,Stanislav Poplavskyy,19
2010,788,Mikhail Fufygin,20
2010,789,Gabriel Alejandro Hidalgo,20
2010,790,Vitali Reshetnikov,22
2010,791,Milos Sekulic,21
2010,792,Enrico Fioravante,20
2010,793,Francois-Arthur Vibert,20
2010,794,Fabiano De Paula,22
2010,795,Ricardo Urzua-Rivera,21
2010,796,Roberto Ortega-Olmedo,19
2010,797,Jimmy Wang,25
2010,798,Bradley Klahn,20
2010,799,Robert Godlewski,26
2010,800,Kevin Krawietz,18
2010,801,Devin Britton,19
2010,802,Giorgio Portaluri,20
2010,803,Vijayant Malik,20
2010,804,Antoine Tassart,25
2010,805,Adrian Sikora,22
2010,806,Ashwin Kumar,25
2010,807,Christopher Racz,22
2010,808,Lars Poerschke,26
2010,809,Dong-Whee Choi,24
2010,810,Lubomir Majsajdr,22
2010,811,Duilio Beretta,18
2010,812,Daniel Berta,18
2010,813,Steven Moneke,24
2010,814,Oh-Hee Kwon,32
2010,815,Andrei Daescu,22
2010,816,Marcel-Ioan Miron,28
2010,817,Danila Arsenov,21
2010,818,Maxime Authom,23
2010,819,Gerald Kamitz,23
2010,820,Christoph Lessiak,24
2010,821,Igor Bujdo,19
2010,822,Andrew Lauret,24
2010,823,Baptiste Bayet,26
2010,824,Sergio Galdos,20
2010,825,Takanyi Garanganga,20
2010,826,Federico Zeballos,22
2010,827,Luis David Martinez,21
2010,828,Gilles De Sousa,27
2010,829,Oliver Marach,30
2010,830,Juan Sebastian Gomez,18
2010,831,Bjorn Propst,23
2010,832,Ryan Young,26
2010,833,Sekou Bangoura,19
2010,834,Toni Androic,18
2010,835,Ryusei Makiguchi,19
2010,836,Yannik Reuter,19
2010,837,Liang-Chi Huang,18
2010,838,Brendon Moore,25
2010,839,Wan Gao,23
2010,840,Tal Eros,21
2010,841,Bumpei Sato,25
2010,842,Sebastian Serrano,23
2010,843,Enrico Iannuzzi,27
2010,844,Guillermo Bujniewicz,24
2010,845,Chris Kwon,25
2010,846,Fernando Vicente,33
2010,847,Justin Eleveld,18
2010,848,Hyun-Joon Kim,23
2010,849,Jules Marie,19
2010,849,Robert Varga,22
2010,851,Adam Chadaj,26
2010,852,Jakob Sude,19
2010,853,Cristian Rodriguez,20
2010,854,Marcus Fugate,22
2010,854,Rodrigo Gomez Saigos,21
2010,856,Gaston-Arturo Grimolizzi,24
2010,857,Peng Gao,23
2010,858,Javier Munoz,19
2010,859,Dzmitry Zhyrmont,21
2010,860,Nicolas Rosenzweig,24
2010,861,Jiri Kosler,21
2010,862,Enrique Lopez Perez,19
2010,863,James Feaver,24
2010,864,Lado Chikhladze,25
2010,865,Pablo Figueroa,25
2010,866,Dmitri Sitak,27
2010,867,Jannick Lupescu,17
2010,868,Jiri Vesely,17
2010,869,Diego Galeano,18
2010,870,Sean Berman,17
2010,871,Ervand Gasparyan,23
2010,871,Cheong-Eui Kim,20
2010,871,Ergun Zorlu,25
2010,874,Antonio Sancic,22
2010,875,Myles Blake,23
2010,876,Marius Zay,28
2010,877,Hector Damian Guichonet,24
2010,878,Jack Sock,18
2010,879,Sam Weissborn,19
2010,880,Matthew Barton,19
2010,881,Nicolas Barrientos,23
2010,882,Xander Spong,20
2010,883,Andrew Thomas,20
2010,884,Claudio Fortuna,20
2010,885,Gabriel Dias,19
2010,886,Anton Manegin,20
2010,887,Vadim Alekseenko,27
2010,888,Barry King,25
2010,889,Johnny Hamui,21
2010,889,Joachim Johansson,28
2010,889,Dick Norman,39
2010,889,Andre Wiesler,28
2010,893,David Martin,29
2010,894,Treat Huey,25
2010,895,Andrea Agazzi,28
2010,896,David Novak,27
2010,897,Kiryl Harbatsiuk,22
2010,898,Joel Kielbowicz,27
2010,899,Vladimir Karusevich,20
2010,900,Karunuday Singh,20
2010,901,Matt Bocko,27
2010,902,Yannick Jankovits,23
2010,903,Diego Hartfield,29
2010,904,Mauricio Doria-Medina,22
2010,905,Valentin Dimov,21
2010,906,Leandro Migani,25
2010,907,Philip Lang,20
2010,908,Christian Welte,24
2010,909,Tom Kocevar-Desman,20
2010,910,Bart Brons,20
2010,911,Marvin Barker,19
2010,912,Martin Prikryl,18
2010,913,Eduardo Peralta-Tello,21
2010,914,Martin Trueva,19
2010,915,Ivan Anikanov,22
2010,916,Tim Van Terheijden,20
2010,917,Roman Tudoreanu,23
2010,918,Alexandre Penaud,23
2010,919,Jordi Samper-Montana,20
2010,920,Martin Rios-Benitez,23
2010,921,Guillaume Couillard,35
2010,921,Dominic Thiem,17
2010,923,Konstantinos Economidis,33
2010,924,Josko Topic,27
2010,925,Daniele Bracciali,32
2010,926,Marc Abdelnour,22
2010,927,Daniil Braun,21
2010,928,Yannick Hanfmann,19
2010,929,Edoardo Eremin,17
2010,930,Medy Chettar,18
2010,931,Serizhan Yessenbekov,18
2010,932,Dario Perez,30
2010,933,George Morgan,17
2010,934,Nils Langer,20
2010,935,Arthur De Greef,18
2010,936,Kevin Deden,26
2010,937,Alessandro Bega,19
2010,938,Boris Nicola Bakalov,30
2010,938,Marco Bortolotti,19
2010,940,Andrei Ciumac,25
2010,941,Kento Takeuchi,23
2010,942,Alex Theiler,19
2010,943,Joshua Crowe,22
2010,944,Jonathan Hilaire,26
2010,945,Neal Skupski,21
2010,946,Sho Katayama,21
2010,947,Mark-Alexander Kepler,22
2010,948,Rodrigo Scattareggia,19
2010,949,Olivier Charroin,28
2010,950,Tomas Tenconi,30
2010,951,Diego Hidalgo,17
2010,952,Paterne Mamata,24
2010,953,Thomas Oger,30
2010,954,Llaurentiu-Ady Gavrila,19
2010,954,Wesley Koolhof,21
2010,956,Tomas Buchhass,18
2010,956,Vaja Uzakov,22
2010,958,Chris Letcher,25
2010,959,Francesco Borgo,25
2010,960,Hicham Khaddari,19
2010,961,Markus Eriksson,21
2010,962,Cesar Ferrer-Victoria,30
2010,963,Yassine Idmbarek,24
2010,964,Anas Fattar,23
2010,965,Mikal Statham,23
2010,966,Leon Frost,26
2010,967,Burnham Arlidge,22
2010,968,Lorenzo Giustino,19
2010,968,Emilio Rodriguez,21
2010,970,Ruben Gonzales,25
2010,971,Peter Aarts,23
2010,972,Leo Rosenberg,21
2010,973,Dong-Kyu Lee,23
2010,973,Daniel Nguyen,20
2010,973,Malte Stropp,19
2010,976,Ryota Hisamatsu,29
2010,977,Boris Conkic,23
2010,978,Taro Daniel,17
2010,979,Alessandro Colella,18
2010,980,Thomas Muster,43
2010,981,Kirati Siributwong,23
2010,982,Santiago Celia,19
2010,983,Jean Zietsman,23
2010,984,Pavel Filin,18
2010,985,Karim-Mohamed Maamoun,19
2010,986,Vivek Shokeen,23
2010,987,Koki Matsunaga,26
2010,988,Marin Franjicevic,20
2010,988,Xin-Yuan Yu,25
2010,990,Ivan Cerovic,28
2010,991,Stefan Borg,27
2010,992,Gustavo Sterin,24
2010,993,Valentin Sanon,30
2010,994,Jacopo Marchegiani,24
2010,995,Pavel Katliarov,22
2010,996,Mark Vervoort,20
2010,997,Kevin Konfederak,19
2010,998,Yannick Vandenbulcke,20
2010,999,Marko Danis,19
2010,1000,Harshana Godamanna,25
2010,1000,Christopher Kas,30
2010,1000,Michael Kohlmann,36
2010,1000,Dmitriy Makeyev,26
2009,1,Roger Federer,28
2009,2,Rafael Nadal,23
2009,3,Novak Djokovic,22
2009,4,Andy Murray,22
2009,5,Juan Martin del Potro,21
2009,6,Nikolay Davydenko,28
2009,7,Andy Roddick,27
2009,8,Robin Soderling,25
2009,9,Fernando Verdasco,26
2009,10,Jo-Wilfried Tsonga,24
2009,11,Fernando Gonzalez,29
2009,12,Radek Stepanek,31
2009,13,Gael Monfils,23
2009,14,Marin Cilic,21
2009,15,Gilles Simon,25
2009,16,Tommy Robredo,27
2009,17,David Ferrer,27
2009,18,Tommy Haas,31
2009,19,Mikhail Youzhny,27
2009,20,Tomas Berdych,24
2009,21,Stan Wawrinka,24
2009,22,Lleyton Hewitt,28
2009,23,Juan Carlos Ferrero,29
2009,24,Ivan Ljubicic,30
2009,25,Sam Querrey,22
2009,26,Nicolas Almagro,24
2009,27,Philipp Kohlschreiber,26
2009,28,Jurgen Melzer,28
2009,29,Viktor Troicki,23
2009,30,Juan Monaco,25
2009,31,Albert Montanes,29
2009,32,Jeremy Chardy,22
2009,33,Paul-Henri Mathieu,27
2009,34,John Isner,24
2009,35,Igor Andreev,26
2009,36,Thomaz Bellucci,21
2009,37,Ivo Karlovic,30
2009,38,Janko Tipsarevic,25
2009,39,Andreas Beck,23
2009,40,Benjamin Becker,28
2009,41,Guillermo Garcia-Lopez,26
2009,42,Marcos Baghdatis,24
2009,43,Dudi Sela,24
2009,44,James Blake,30
2009,45,Horacio Zeballos,24
2009,46,Julien Benneteau,28
2009,47,Feliciano Lopez,28
2009,48,Victor Hanescu,28
2009,49,Andreas Seppi,25
2009,50,Pablo Cuevas,23
2009,51,Jose Acasuso,27
2009,52,Richard Gasquet,23
2009,53,Evgeny Korolev,21
2009,54,Fabio Fognini,22
2009,55,Mardy Fish,28
2009,56,Marco Chiudinelli,28
2009,57,Olivier Rochus,28
2009,58,Marc Gicquel,32
2009,59,Simon Greul,28
2009,60,Sergiy Stakhovsky,23
2009,61,Florian Mayer,26
2009,62,Potito Starace,28
2009,63,Arnaud Clement,32
2009,64,David Nalbandian,27
2009,65,Florent Serra,28
2009,66,Maximo Gonzalez,26
2009,67,Michael Llodra,29
2009,68,Fabrice Santoro,37
2009,69,Fred Gil,24
2009,70,Oscar Hernandez,31
2009,71,Daniel Koellerer,26
2009,72,Daniel Gimeno-Traver,24
2009,73,Juan Ignacio Chela,30
2009,74,Michael Berrer,29
2009,75,Leonardo Mayer,22
2009,76,Taylor Dent,28
2009,77,Peter Luczak,30
2009,78,Mischa Zverev,22
2009,79,Rajeev Ram,25
2009,80,Philipp Petzschner,25
2009,81,Alejandro Falla,26
2009,82,Lukas Lacko,22
2009,83,Michael Russell,31
2009,84,Paolo Lorenzi,28
2009,85,Rainer Schuettler,33
2009,86,Christophe Rochus,31
2009,87,Marcos Daniel,31
2009,88,Jarkko Nieminen,28
2009,89,Dmitry Tursunov,27
2009,90,Ernests Gulbis,21
2009,91,Marcel Granollers,23
2009,92,Daniel Brands,22
2009,93,Simone Bolelli,24
2009,94,Xavier Malisse,29
2009,95,Mario Ancic,25
2009,96,Thiemo de Bakker,21
2009,97,Nicolas Lapentti,33
2009,98,Yen-Hsun Lu,26
2009,99,Martin Vassallo Arguello,29
2009,100,Robby Ginepri,27
2009,101,Lukasz Kubot,27
2009,102,Denis Istomin,23
2009,103,Jan Hajek,26
2009,104,Igor Kunitsyn,28
2009,105,Wayne Odesnik,24
2009,106,Teymuraz Gabashvili,24
2009,107,Santiago Giraldo,22
2009,108,Stephane Robert,29
2009,109,Santiago Ventura,29
2009,110,Kristof Vliegen,27
2009,111,Bjorn Phau,30
2009,112,Nicolas Massu,30
2009,113,Jan Hernych,30
2009,114,Karol Beck,27
2009,115,Jesse Levine,22
2009,116,Nicolas Kiefer,32
2009,117,Kevin Kim,31
2009,118,Eduardo Schwank,23
2009,119,Harel Levy,31
2009,120,Illya Marchenko,22
2009,121,Pere Riba,21
2009,122,Steve Darcis,25
2009,123,Victor Crivoi,27
2009,124,Rui Machado,25
2009,125,Blaz Kavcic,22
2009,126,Somdev Devvarman,24
2009,127,Ivan Navarro,28
2009,128,Alberto Martin,31
2009,129,Paul Capdeville,26
2009,130,Josselin Ouanna,23
2009,131,Alexandr Dolgopolov,21
2009,132,Mikhail Kukushkin,22
2009,133,Andrey Golubev,22
2009,134,Carsten Ball,22
2009,135,Stefan Koubek,32
2009,136,Chris Guccione,24
2009,137,Brendan Evans,23
2009,138,Laurent Recouderc,25
2009,139,Ivo Minar,25
2009,140,Sebastien De Chaunac,32
2009,141,Dominik Hrbaty,31
2009,142,Robert Kendrick,30
2009,143,Frank Dancevic,25
2009,144,Dustin Brown,25
2009,145,Lamine Ouahab,25
2009,146,David Guez,27
2009,147,Stephane Bohli,26
2009,148,Lukas Rosol,24
2009,149,Thiago Alves,27
2009,150,Sebastian Decoud,28
2009,151,Ricardo Mello,29
2009,152,Thierry Ascione,28
2009,153,Edouard Roger-Vasselin,26
2009,154,Ryan Sweeting,22
2009,155,Marsel Ilhan,22
2009,156,Ruben Ramirez Hidalgo,31
2009,157,David Marrero,29
2009,158,Carlos Salamanca,26
2009,159,Flavio Cipolla,26
2009,160,Pablo Andujar,23
2009,161,Kevin Anderson,23
2009,162,Danai Udomchoke,28
2009,163,Alex Bogdanovic,25
2009,164,Michael Yani,28
2009,165,Julio Silva,30
2009,166,Jesse Witten,27
2009,167,Gaston Gaudio,31
2009,168,Albert Ramos-Vinolas,21
2009,169,Brian Dabul,25
2009,170,Juan Pablo Brzezicki,27
2009,171,Guillaume Rufin,19
2009,172,Dieter Kindlmann,27
2009,173,Julian Reister,23
2009,174,Grega Zemlja,23
2009,175,Jiri Vanek,31
2009,176,Santiago Gonzalez,26
2009,177,Dominik Meffert,28
2009,178,Adrian Ungur,24
2009,179,Adrian Mannarino,21
2009,180,Ivan Dodig,24
2009,181,Alexandre Sidorenko,21
2009,182,Ilija Bozoljac,24
2009,183,Michal Przysiezny,25
2009,184,Ruben Bemelmans,21
2009,185,Peter Polansky,21
2009,186,Marinko Matosevic,24
2009,187,Franco Ferreiro,25
2009,188,Ricardo Hocevar,24
2009,189,Roko Karanusic,27
2009,190,Martin Fischer,23
2009,191,Guillermo Canas,32
2009,192,Uladzimir Ignatik,19
2009,193,Diego Junqueira,28
2009,194,Donald Young,20
2009,195,Federico Delbonis,19
2009,196,Andreas Haider-Maurer,22
2009,197,Raemon Sluiter,31
2009,198,Alex Kuznetsov,22
2009,199,Joao Souza,21
2009,200,Jean-Rene Lisnard,30
2009,201,Kyu Tae Im,28
2009,202,Brydan Klein,19
2009,203,Ramon Delgado,33
2009,204,Yuri Schukin,30
2009,205,Alexander Kudryavtsev,24
2009,206,Ivan Sergeyev,21
2009,207,Niels Desein,22
2009,208,Jonathan Dasnieres de Veigy,22
2009,209,Michael Lammer,27
2009,210,Tatsuma Ito,21
2009,211,Dusan Lojda,21
2009,212,Prakash Amritraj,26
2009,213,Andrea Stoppini,29
2009,214,Nicolas Mahut,27
2009,215,Filippo Volandri,28
2009,216,Daniel Munoz de la Nava,27
2009,217,Vincent Millot,23
2009,218,Giovanni Lapentti,26
2009,219,Amer Delic,27
2009,220,Antonio Veic,21
2009,221,Lester Cook,25
2009,222,Jorge Aguilar,24
2009,223,Marco Crugnola,26
2009,224,Philipp Oswald,23
2009,225,Nicolas Devilder,29
2009,226,Simon Stadler,26
2009,227,Marcel Felder,25
2009,228,Alessio Di Mauro,32
2009,229,Benjamin Balleret,26
2009,230,Andre Begemann,25
2009,231,Alberto Brizzi,25
2009,232,Robin Vik,29
2009,233,Inigo Cervantes,20
2009,234,Martin Klizan,20
2009,235,Denis Gremelmayr,28
2009,236,Rik De Voest,29
2009,237,Andreas Vinciguerra,28
2009,238,Go Soeda,25
2009,239,Matthias Bachinger,22
2009,240,Konstantin Kravchuk,24
2009,241,Ryler DeHeart,25
2009,242,Adrian Menendez-Maceiras,24
2009,243,Andrea Arnaboldi,22
2009,244,Jan Minar,28
2009,245,Igor Sijsling,22
2009,246,Scoville Jenkins,23
2009,247,Greg Jones,20
2009,248,Gilles Muller,26
2009,249,Alejandro Gonzalez,20
2009,250,Pavol Cervenak,22
2009,251,Nick Lindahl,21
2009,252,Stefano Galvani,32
2009,253,Juan-Martin Aranguren,26
2009,254,Tobias Kamke,23
2009,255,Carlos Berlocq,26
2009,256,Benedikt Dorsch,28
2009,257,Daniel King-Turner,25
2009,258,Noam Okun,31
2009,259,Reda El Amrani,21
2009,260,Yannick Mertens,22
2009,261,Daniel Evans,19
2009,262,Sergei Bubka,22
2009,263,Todd Widom,26
2009,264,Carlos Poch-Gradin,27
2009,265,Guillermo Olaso,21
2009,266,Riccardo Ghedin,24
2009,267,Simone Vagnozzi,26
2009,268,Frederik Nielsen,26
2009,269,Alexander Peya,29
2009,270,James Ward,22
2009,271,Evgeny Kirillov,22
2009,272,Izak Van der Merwe,25
2009,273,Jesse Huta Galung,24
2009,274,Alexandre Bonatto,25
2009,275,Juan-Pablo Amado,23
2009,276,Miguel Angel Lopez Jaen,27
2009,277,Lars Poerschke,25
2009,278,Pedro Clar-Rossello,23
2009,279,Sam Groth,22
2009,280,Tim Smyczek,21
2009,281,Roberto Bautista Agut,21
2009,282,Takao Suzuki,33
2009,283,Leonardo Tavares,25
2009,284,Eric Prodon,28
2009,285,Matthew Ebden,22
2009,286,Bernard Tomic,17
2009,287,Conor Niland,28
2009,288,Grigor Dimitrov,18
2009,289,Leandro Migani,24
2009,290,Henri Kontinen,19
2009,291,Karim Maamoun,30
2009,292,Mariano Zabaleta,31
2009,293,Louk Sorensen,24
2009,294,Boris Pashanski,27
2009,295,Vincent Spadea,35
2009,296,Caio Zampieri,23
2009,297,Sergio Gutierrez-Ferrol,20
2009,298,Marcelo Demoliner,20
2009,299,Yuichi Sugita,21
2009,300,Shao-Xuan Zeng,28
2009,301,Andrey Kuznetsov,18
2009,302,Francesco Aldi,28
2009,303,Aljaz Bedene,20
2009,304,Dick Norman,38
2009,305,Attila Balazs,21
2009,306,Josh Goodall,24
2009,307,John Millman,20
2009,308,Daniele Bracciali,31
2009,309,Alex Bogomolov Jr.,26
2009,310,Jose Checa-Calvo,24
2009,311,Mariano Puerta,31
2009,312,Jamie Baker,23
2009,313,Goran Tosic,27
2009,314,Guillermo Hormazabal,24
2009,315,Malek Jaziri,25
2009,316,Filip Prpic,27
2009,317,Rogerio Dutra Silva,25
2009,318,Guido Pella,19
2009,319,Jerzy Janowicz,19
2009,320,Ricardas Berankis,19
2009,321,Nikola Mektic,21
2009,322,Martin Alund,24
2009,323,Alexey Kedryuk,29
2009,324,David Goffin,19
2009,325,Victor Estrella Burgos,29
2009,326,Young-Jun Kim,29
2009,327,Michael McClune,20
2009,328,Bastian Knittel,26
2009,329,Ivo Klec,29
2009,330,Rubin Statham,22
2009,331,Benoit Paire,20
2009,332,Bobby Reynolds,27
2009,333,Guillermo Alcaide,23
2009,334,Adam Kellner,23
2009,335,Yuki Bhambri,17
2009,336,Gabriel Trujillo-Soler,30
2009,337,Matwe Middelkoop,26
2009,338,Ivan Miranda,29
2009,339,Vasek Pospisil,19
2009,340,Cristian Villagran,27
2009,341,Daniel Dutra da Silva,21
2009,342,Tsung-Hua Yang,18
2009,343,Olivier Patience,29
2009,344,Gero Kretschmer,24
2009,345,Rabie Chaki,27
2009,346,Kamil Capkovic,23
2009,347,Marc Lopez,27
2009,348,Artem Sitak,23
2009,349,Marek Semjan,22
2009,350,Daniele Giorgini,25
2009,351,Joseph Sirianni,34
2009,352,Filip Krajinovic,17
2009,353,Catalin-Ionut Gard,28
2009,354,Valery Rudnev,21
2009,355,Tiago Lopes,23
2009,356,Nils Langer,19
2009,357,Pierre-Ludovic Duclos,23
2009,358,Luka Gregorc,25
2009,359,Sergio Roitman,30
2009,360,Ryan Harrison,17
2009,361,Nikola Ciric,26
2009,362,Alexander Sadecky,22
2009,363,Charles-Antoine Brezac,24
2009,364,Petru-Alexandru Luncanu,20
2009,365,Joachim Johansson,27
2009,366,Jose De Armas,28
2009,367,Mikhail Elgin,28
2009,368,Andis Juska,24
2009,369,Andrey Kumantsov,23
2009,370,Rameez Junaid,28
2009,371,Rainer Eitzinger,26
2009,372,Fernando Romboli,20
2009,373,Milos Raonic,19
2009,374,Facundo Bagnis,19
2009,375,Bjorn Rehnquist,31
2009,376,Artem Smirnov,21
2009,377,Alexander Flock,26
2009,378,Arnau Brugues-Davi,24
2009,379,Luigi D'Agord,25
2009,380,Diego Alvarez,29
2009,381,Pierre Metenier,26
2009,382,Marc Sieber,21
2009,383,Raven Klaasen,27
2009,384,Timo Nieminen,28
2009,385,Pavel Snobel,29
2009,386,Peter Gojowczyk,20
2009,387,Mathieu Rodrigues,24
2009,388,Haythem Abid,24
2009,389,Sadik Kadir,28
2009,390,Vishnu Vardhan,22
2009,391,Agustin Calleri,33
2009,392,Rohan Bopanna,29
2009,393,Yong-Kyu Lim,18
2009,394,Miguel Gallardo-Valles,28
2009,395,Andres Molteni,21
2009,396,Aldin Setkic,22
2009,397,Junn Mitsuhashi,20
2009,398,Pablo Santos,25
2009,399,Ilya Belyaev,19
2009,400,Leonardo Kirche,24
2009,401,Enrico Burzi,28
2009,402,Mauricio Echazu,20
2009,403,Bruno Rodriguez,23
2009,404,Johannes Ager,25
2009,405,Janez Semrajc,20
2009,406,Cristobal Saavedra-Corvalan,19
2009,407,Juan-Manuel Valverde,24
2009,408,Matt Bocko,26
2009,409,Yuichi Ito,23
2009,410,Andoni Vivanco-Guzman,19
2009,411,Matteo Marrai,23
2009,412,Thomas Oger,29
2009,413,Claudio Grassi,24
2009,414,Juan-Pablo Villar,27
2009,415,Frederic Niemeyer,33
2009,416,Jan Mertl,27
2009,417,David Savic,24
2009,418,Kei Nishikori,19
2009,419,Fritz Wolmarans,23
2009,420,Fernando Vicente,32
2009,421,Gregoire Burquier,25
2009,422,Matteo Viola,22
2009,423,Andrej Martin,20
2009,424,Agustin Boje-Ordonez,21
2009,425,Robert Smeets,24
2009,426,Kristian Pless,28
2009,427,Ti Chen,26
2009,428,Daniel Smethurst,19
2009,429,Denis Matsukevich,23
2009,430,Morgan Phillips,25
2009,431,Alejandro Fabbri,27
2009,432,Walter Trusendi,24
2009,433,Denys Molchanov,22
2009,434,Pedro Sousa,21
2009,435,Nicholas Monroe,27
2009,436,Guillermo Rivera-Aranguiz,20
2009,437,Victor Ionita,26
2009,438,Bruno Echagaray,26
2009,439,Agustin Picco,20
2009,440,Luis Horna,29
2009,441,Cecil Mamiit,33
2009,442,Ignacio Coll-Riudavets,22
2009,443,Joao Sousa,20
2009,444,Thomas Schoorel,20
2009,445,Andrei Mlendea,25
2009,446,Carlos Moya,33
2009,447,Robin Haase,22
2009,448,Sherif Sabry,23
2009,449,Gabriel Moraru,27
2009,450,Laurent Rochette,21
2009,451,Tomas Tenconi,29
2009,452,Juan Sebastian Cabal,23
2009,453,Sebastian Rieschick,23
2009,454,Hiroki Moriya,19
2009,455,Boy Westerhof,24
2009,456,Jurgen Zopp,21
2009,457,Romain Jouan,24
2009,458,James Lemke,21
2009,459,Lukas Dlouhy,26
2009,460,Greg Ouellette,23
2009,461,Marcelo Arevalo,19
2009,462,Adam Vejmelka,24
2009,463,Kaden Hensel,23
2009,464,Tigran Martirosyan,26
2009,465,Andre Miele,22
2009,466,Daniel Garza,24
2009,467,Marius Copil,19
2009,468,Daniel Cox,19
2009,469,Richard Bloomfield,26
2009,470,Alexandros Jakupovic,28
2009,471,Theodoros Angelinos,25
2009,472,Evgeny Donskoy,19
2009,473,Marco Trungelliti,19
2009,474,Yannick Vandenbulcke,19
2009,475,Sam Warburg,26
2009,476,Gianluca Naso,22
2009,477,Rohan Gajjar,25
2009,478,Grzegorz Panfil,21
2009,479,Eduardo Struvay,19
2009,480,Nicolas Todero,30
2009,481,Jean-Noel Insausti,25
2009,482,Murad Inoyatov,25
2009,483,Ranjeet Virali-Murugesan,24
2009,484,Philippe De Bonnevie,24
2009,485,Colin Ebelthite,25
2009,486,Eladio Ribeiro Neto,23
2009,487,Farrukh Dustov,23
2009,488,Mikhail Ledovskikh,23
2009,489,Jose Antonio Sanchez-de Luna,25
2009,490,Jonathan Eysseric,19
2009,491,Chris Eaton,22
2009,492,Chu-Huan Yi,22
2009,493,Gyorgy Balazs,24
2009,494,Kittipong Wachiramanowong,19
2009,495,Rafael Camilo,19
2009,496,Marc Fornell-Mestres,27
2009,497,Bogdan Leonte,23
2009,498,Miloslav Mecir,21
2009,499,Francesco Piccari,30
2009,500,Thomas Fabbiano,20
2009,501,Carlos Oliveira,33
2009,502,Alexander Lobkov,19
2009,503,Eric Gomes,25
2009,504,Sergei Krotiouk,31
2009,505,Michel Koning,25
2009,506,Jonathan Gonzalia,26
2009,507,Antony Dupuis,36
2009,508,Ludovic Walter,26
2009,509,Dayne Kelly,19
2009,510,Philip Bester,21
2009,511,Julien Jeanpierre,29
2009,512,Hiroki Kondo,27
2009,513,Pablo Carreno Busta,18
2009,514,James McGee,22
2009,515,Kento Takeuchi,22
2009,516,Toshihide Matsui,31
2009,517,Colin Fleming,25
2009,518,Aleksander Slovic,27
2009,519,Gerard Granollers,20
2009,520,Mohammad Ghareeb,29
2009,521,Dennis Bloemke,20
2009,522,Andrei Gorban,26
2009,523,George Bastl,34
2009,524,Petar Jelenic,22
2009,525,Adam Feeney,24
2009,526,Hans Podlipnik-Castillo,21
2009,527,Jae-Sung An,24
2009,528,David Rice,20
2009,529,Michael Ryderstedt,25
2009,530,Kevin Deden,25
2009,531,Nicolas Reissig,20
2009,532,Valentin Sanon,29
2009,533,Matt Reid,19
2009,534,Soong-Jae Cho,19
2009,535,Adam El Mihdawy,20
2009,536,Javier Genaro-Martinez,30
2009,537,Roman Valent,26
2009,538,Andrew Anderson,26
2009,539,Talal Ouahabi,31
2009,540,Rodrigo Guidolin,24
2009,541,Maxime Authom,22
2009,542,Ivan Bjelica,25
2009,543,Alejandro Kon,23
2009,544,Georgi Rumenov Payakov,20
2009,545,Jiri Skoloudik,22
2009,546,Franko Skugor,22
2009,547,Adrians Zguns,28
2009,548,Mao-Xin Gong,22
2009,549,Tasuku Iwami,31
2009,550,Antonio Comporto,20
2009,551,Marcin Gawron,21
2009,552,Eric Nunez,27
2009,553,Oscar Sabate-Bretos,23
2009,554,Blake Strode,22
2009,555,Kristijan Mesaros,21
2009,556,Nikoloz Basilashvili,17
2009,557,Juho Paukku,23
2009,558,Joshua Milton,20
2009,559,Mikhail Fufygin,19
2009,560,Lionel Noviski,26
2009,561,Julio Cesar Campozano,23
2009,562,Kornel Bardoczky,31
2009,563,Jaan-Frederik Brunken,19
2009,564,Michael Quintero,29
2009,565,Pablo Galdon,24
2009,566,Victor Romero,30
2009,567,Cesar Ramirez,19
2009,568,Dusan Lajovic,19
2009,569,Stefano Ianni,28
2009,570,Giancarlo Petrazzuolo,29
2009,571,Steven Diez,18
2009,572,David Canudas-Fernandez,26
2009,573,Jean-Christophe Faurel,28
2009,574,Piero Luisi,22
2009,575,Amir Weintraub,23
2009,576,Todd Paul,24
2009,577,Laurynas Grigelis,18
2009,578,Augustin Gensse,26
2009,579,Marcos Conocente,21
2009,580,Gonzalo Tur,21
2009,581,Woong-Sun Jun,23
2009,582,Adrian Garcia,31
2009,583,Dawid Olejniczak,26
2009,584,Ivan Endara,21
2009,585,Cesar Ferrer-Victoria,29
2009,586,Michael Venus,22
2009,587,Tim Goransson,21
2009,588,Antal Van Der Duim,22
2009,589,Patrick Taubert,22
2009,590,Photos Kallias,25
2009,591,Jerome Haehnel,29
2009,592,Ze Zhang,19
2009,593,Thomas Cazes-Carrere,25
2009,594,Roman Jebavy,20
2009,595,Stephen Bass,24
2009,596,Nicolas Santos,21
2009,597,Diego Cristin,28
2009,598,Ismar Gorcic,26
2009,599,Marco Simoni,23
2009,600,Andrei Pavel,35
2009,601,Thomas Johansson,34
2009,602,Leonardo Azzaro,31
2009,603,Alexander Satschko,29
2009,604,Cedrik-Marcel Stebe,19
2009,605,Gilles De Sousa,26
2009,606,Marcus Willis,19
2009,607,Alexandre Folie,19
2009,608,Colin O'Brien,25
2009,609,Mislav Hizak,25
2009,610,Jeremy Blandin,28
2009,611,Denis Zivkovic,22
2009,612,Pierrick Ysern,25
2009,613,Predrag Rusevski,26
2009,614,Rupesh Roy,20
2009,615,Nima Roshan,24
2009,616,Vladimir Obradovic,28
2009,617,Carlos Calderon-Rodriguez,21
2009,618,Cristhian Ignacio Benedetti,22
2009,619,Daniel Lustig,25
2009,620,Axel Michon,19
2009,621,Jaroslav Pospisil,28
2009,622,Michal Tabara,30
2009,623,Luis Manuel Flores,24
2009,624,Baptiste Dupuy,28
2009,625,Marius Zay,27
2009,626,Gary Lugassy,27
2009,627,Razvan Sabau,32
2009,628,Barry King,24
2009,629,Ricardo Siggia,20
2009,630,Mikhail Vasiliev,23
2009,631,Xavier Pujo,32
2009,632,Federico Cavallero,21
2009,633,Aisam-Ul-Haq Qureshi,29
2009,634,Teodor-Dacian Craciun,29
2009,635,Matteo Trevisan,20
2009,636,Chris Klingemann,24
2009,637,Nicolas Renavand,27
2009,638,Marco Mirnegg,27
2009,639,Nikolaus Moser,19
2009,640,Fabrice Martin,23
2009,641,Tihomir Grozdanov,22
2009,642,Rudy Coco,25
2009,643,Guillermo Duran,21
2009,644,Andrea Falgheri,24
2009,645,Marin Bradaric,24
2009,646,Antonio Pastorino,27
2009,647,Mehdi Ziadi,23
2009,648,Gouichi Motomura,36
2009,649,Alexandre Renard,27
2009,650,Hsin-Han Lee,21
2009,651,Maximiliano Estevez,20
2009,652,Daniel Yoo,24
2009,653,Pablo Martin-Adalia,21
2009,654,Oliver Marach,29
2009,655,Konstantinos Economidis,32
2009,656,Scott Oudsema,23
2009,657,Nick Van Der Meer,24
2009,658,Valentin Dimov,20
2009,659,Alexander Slabinsky,23
2009,660,Gaston Giussani,23
2009,661,Matteo Volante,25
2009,662,Yassine Idmbarek,23
2009,663,Dzmitry Zhyrmont,20
2009,664,Pablo Figueroa,24
2009,665,Adam Chadaj,25
2009,666,Harri Heliovaara,20
2009,667,Dejan Katic,21
2009,668,Carlos Avellan,27
2009,669,Marco Viola,26
2009,670,Marcelo Palacios-Siegenthale,20
2009,671,Emilio Gomez,18
2009,672,Pavel Chekhov,21
2009,673,Ervin Eleskovic,22
2009,674,Sergey Betov,22
2009,675,Abraham Gonzalez-Jimenez,20
2009,676,Min-Hyeok Cho,22
2009,677,Sebastien Grosjean,31
2009,678,Nathan Thompson,27
2009,679,Florian Reynet,23
2009,680,Danilo Ferraz,20
2009,681,Filippo Leonardi,22
2009,682,Daniel-Alejandro Lopez Cassaccia,20
2009,683,Peter Lucassen,21
2009,684,Antonio Sancic,21
2009,685,Federico Torresi,29
2009,686,Javier Marti,17
2009,687,Jean Andersen,21
2009,688,Massimo Dell'Acqua,30
2009,689,Bradley Klahn,19
2009,690,Ivaylo Traykov,31
2009,691,Clinton Thomson,25
2009,692,Di Wu,18
2009,693,Marcel Zimmermann,24
2009,694,Erling Tveit,24
2009,695,Adrien Bossel,23
2009,696,Ivan Anikanov,21
2009,697,Pirmin Haenle,21
2009,698,Rafael Arevalo,23
2009,699,Jack Sock,17
2009,700,Marko Tkalec,32
2009,701,Treat Huey,24
2009,702,Jan-Lennard Struff,19
2009,703,Michel Meijer,24
2009,704,David Souto,17
2009,705,Alexander Domijan,18
2009,706,Ladislav Chramosta,28
2009,707,Michal Pazicky,22
2009,708,Guillermo Bujniewicz,23
2009,709,Massimo Capone,24
2009,710,Jose Pereira,18
2009,711,Neil Pauffley,19
2009,712,Nicolas Jara-Lozano,23
2009,713,Gustavo Junqueira De Andrade,20
2009,714,Giulio Torroni,26
2009,715,James Feaver,23
2009,716,Luca Vanni,24
2009,717,Alexander Ward,19
2009,718,Jhonathan Medina-Alvarez,27
2009,719,Yohny Romero,31
2009,720,Kenny De Schepper,22
2009,721,Romano Frantzen,27
2009,722,Nikita Kryvonos,23
2009,723,Gilad Ben Zvi,19
2009,724,Roman Tudoreanu,22
2009,725,Peng Sun,26
2009,726,Radu Albot,20
2009,727,Mathieu Guenat,23
2009,728,Rodrigo Perez,20
2009,729,Jonathan Marray,28
2009,730,Dmitri Sitak,26
2009,731,Frederic Jeanclaude,28
2009,732,Radim Zitko,31
2009,733,Anas Fattar,22
2009,734,Matthew Illingworth,22
2009,735,Martin Slanar,28
2009,736,Sarvar Ikramov,24
2009,737,Dominic Inglot,23
2009,738,Facundo Arguello,17
2009,739,Armin Sandbichler,24
2009,740,Miliaan Niesten,21
2009,741,Mauricio Estivariz,23
2009,742,Nikolai Fidirko,22
2009,743,Carl Bergman,22
2009,744,Jerome Inzerillo,19
2009,745,Danila Arsenov,20
2009,746,Takanyi Garanganga,19
2009,747,Alexandre Penaud,22
2009,748,Clement Reix,26
2009,749,Mateusz Kowalczyk,22
2009,750,Frank Wintermantel,21
2009,751,Luis Diaz-Barriga,23
2009,752,Peter Torebko,21
2009,753,Zhe Li,23
2009,754,Mikal Statham,22
2009,755,Mauricio Doria-Medina,21
2009,756,Tobias Clemens,30
2009,757,Robin Roshardt,21
2009,758,Manuel Jorquera,31
2009,759,Duncan Mugabe,19
2009,760,Thales Turini,20
2009,761,Masato Hatanaka,28
2009,762,Vijayant Malik,19
2009,763,Juan-Manuel Elizondo,26
2009,764,Divij Sharan,23
2009,765,Federico Zeballos,21
2009,766,Dane Propoggia,19
2009,767,Marcus Daniell,20
2009,768,Alessandro Giannessi,19
2009,769,Adriano Biasella,29
2009,770,Gastao Elias,19
2009,771,Alberto Giraudo,26
2009,772,Peerakiat Siriluethaiwattana,20
2009,773,Marcus Fugate,21
2009,774,Miguel Cicenia,21
2009,775,Vaja Uzakov,21
2009,776,Adrian Sikora,21
2009,777,Sean Thornley,20
2009,778,Vasilis Mazarakis,29
2009,779,Sascha Kloer,24
2009,780,David Novak,26
2009,781,John Paul Fruttero,28
2009,782,David Estruch,24
2009,783,Borut Puc,18
2009,784,Andrew Gregory,19
2009,785,Marc Giner,18
2009,786,Krishananth Balakrishnan,19
2009,787,Patrik Rosenholm,21
2009,788,Christopher Diaz-Figueroa,19
2009,789,Sanam Singh,21
2009,790,Dylan Seong Kwan Kim,24
2009,791,Conor Pollock,22
2009,792,Komlavi Loglo,24
2009,793,Federico Sansonetti,23
2009,794,Tim Van Terheijden,19
2009,795,Adam Hubble,23
2009,796,Julien Dubail,21
2009,797,Motaz Abou El Khair,26
2009,798,Yaoki Ishii,32
2009,799,G.D. Jones,23
2009,800,Hyun-Woo Nam,24
2009,801,Stefano Valenti,20
2009,802,Phillip Simmonds,23
2009,803,Arata Onozawa,21
2009,804,Peerakit Siributwong,19
2009,805,Andrei Plotniy,21
2009,806,Stian Boretti,28
2009,807,Martin Pedersen,22
2009,808,Todor Enev,27
2009,809,Cory Parr,22
2009,810,Markus Eriksson,20
2009,811,Holger Fischer,29
2009,812,Adrian Cruciat,26
2009,813,Ante Pavic,20
2009,814,Syrym Abdukhalikov,22
2009,815,Alvaro Raposo De Oliveira,19
2009,816,Sun-Yong Kim Jr.,22
2009,817,Martin Rios-Benitez,22
2009,818,Dorian Descloix,21
2009,819,Rodrigo Gomez Saigos,20
2009,820,Daniel Danilovic,21
2009,821,Vitali Reshetnikov,21
2009,822,Weerapat Doakmaiklee,22
2009,823,Guillermo Alcorta-Olarra,20
2009,824,Juan Pablo Ortiz,18
2009,825,Miljan Zekic,21
2009,826,Deniss Pavlovs,26
2009,827,German Gaich,22
2009,828,Johan Brunstrom,29
2009,828,Dimitar Kutrovsky,22
2009,828,Dusan Vemic,33
2009,831,Jaak Poldma,21
2009,831,Yong Bum Seo,26
2009,833,Michael Kohlmann,35
2009,834,Roman Borvanov,27
2009,835,Arthur De Greef,17
2009,836,Ashutosh Singh,27
2009,837,Mounir El Aarej,32
2009,838,Agustin Velotti,17
2009,839,Joel Lindner,20
2009,840,Aliaksandr Bury,22
2009,841,Sebastian Serrano,22
2009,842,Kaes Van't Hof,23
2009,843,Haydn Lewis,23
2009,844,Andrei Levine,21
2009,845,Patrick Telawetz,23
2009,846,Rodrigo-Antonio Grilli,30
2009,847,Vivek Shokeen,22
2009,848,Ashwin Kumar,24
2009,849,Juan Vazquez-Valenzuela,18
2009,850,Gaston-Arturo Grimolizzi,23
2009,851,Joshua Crowe,21
2009,852,Blazej Koniusz,21
2009,853,Giulio Di Meo,27
2009,854,Martin Fafl,25
2009,855,Yannick Nelord,24
2009,856,Andrew Coelho,22
2009,857,Germain Gigounon,20
2009,858,Matheson Klein,20
2009,859,Karel Triska,25
2009,860,Richard Ruckelshausen,22
2009,861,Stephan Fransen,21
2009,862,David Sodek,19
2009,863,Carlos Eduardo Severino,19
2009,864,Roman Vogeli,24
2009,865,Romain Hardy,23
2009,866,Kevin Konfederak,18
2009,867,Jordi Samper-Montana,19
2009,868,Ross Hutchins,24
2009,869,Bassam Beidas,21
2009,870,Gonzalo Escobar,20
2009,871,Hyung-Taik Lee,33
2009,872,Andrea Collarini,17
2009,873,Dovydas Sakinis,17
2009,874,Timothy Neilly,22
2009,875,Satoshi Iwabuchi,34
2009,876,Roy Kalmanovich,20
2009,877,Jeremy Jahn,19
2009,878,Michael Linzer,20
2009,879,Sa Chen,19
2009,880,Mateusz Szmigiel,20
2009,881,Philippe Frayssinoux,23
2009,882,Almog Mashiach,22
2009,883,Guido Andreozzi,18
2009,884,Martin Cuevas,17
2009,885,Pavel Katliarov,21
2009,886,Jiri Krkoska,25
2009,887,Arsenije Zlatanovic,20
2009,888,Jarryd Maher,20
2009,889,Emilio Rodriguez,20
2009,890,Vadim Alekseenko,26
2009,891,Jan-Michael Gambill,32
2009,892,Amir Hadad,31
2009,893,Suk-Young Jeong,16
2009,894,Steven Moneke,23
2009,895,Sascha Heinemann,25
2009,896,Tony Holzinger,26
2009,897,Ergun Zorlu,24
2009,898,Tiago Slonik,19
2009,899,Oh-Hee Kwon,31
2009,900,Xin-Yuan Yu,24
2009,901,Mohamed Mamoun,28
2009,902,Adil Shamasdin,27
2009,903,Bart Govaerts,21
2009,903,Dinko Halachev,25
2009,905,Anton Manegin,19
2009,906,N.Sriram Balaji,19
2009,907,Jun-Chao Xu,21
2009,908,Fabricio Neis,19
2009,909,Ricardo Urzua-Rivera,20
2009,910,Diego Matos,21
2009,911,Frantisek Cermak,33
2009,912,Giuseppe Menga,33
2009,913,Roberto Marcora,20
2009,914,Matthew Asciak,19
2009,915,Roy Bruggeling,20
2009,916,Chul-Hee Lee,30
2009,917,Masatoshi Miyazaki,29
2009,918,Piotr Gadomski,18
2009,919,Andrei Vasilevski,18
2009,920,Kyle Brassington,22
2009,921,Idio Escobar,18
2009,922,Austin Krajicek,19
2009,923,Filip Zeman,21
2009,924,Tristan Farron-Mahon,22
2009,925,Paris Gemouchidis,21
2009,925,Karlis Lejnieks,21
2009,927,Darko Madjarovski,26
2009,928,Yu Jr. Wang,28
2009,929,Blaz Rola,19
2009,930,Ilija Vucic,19
2009,931,Victor Kozin,21
2009,932,Martin Emmrich,25
2009,933,Gleb Alekseenko,26
2009,934,Ante Nakic-Alfirevic,22
2009,935,Joaquin-Jesus Monteferrario,24
2009,936,Christopher Racz,21
2009,937,Daniel Vallverdu,23
2009,937,Nenad Zimonjic,33
2009,939,Guilherme Clezar,16
2009,940,Sinisa Markovic,22
2009,941,Arsen Asanov,23
2009,942,Yann Marti,21
2009,943,Duilio Beretta,17
2009,944,Christian Lindell,18
2009,945,Yannik Reuter,18
2009,946,Tiago Fernandes,16
2009,947,Johannes Robert Van Overbeek,17
2009,948,Roel Oostdam,21
2009,949,Marvin Barker,18
2009,950,Tzvetan Mihov,18
2009,951,Yu Chang,21
2009,951,Max Jones,23
2009,951,Purav Raja,24
2009,954,Andrew Thomas,19
2009,955,Michal Schmid,21
2009,956,Federico Gaio,17
2009,957,Karunuday Singh,19
2009,958,Enrico Fioravante,19
2009,959,Vignesh Peranamallur,22
2009,960,Andre Baran,18
2009,960,Nicolas Pastor,18
2009,962,Cristian Paiz,28
2009,963,Frederic De Fays,20
2009,964,Hector Damian Guichonet,23
2009,965,Max Raditschnigg,26
2009,966,Roberto Eduardo Ramirez,21
2009,967,Aleksandr Agafonov,23
2009,968,Frank Moser,33
2009,969,Flavio Saretta,29
2009,970,Holden Seguso,21
2009,971,Rafael Garcia,20
2009,972,Dragos Cristian Mirtea,20
2009,973,Daniel Glancy,21
2009,974,Luka Belic,21
2009,975,Tuna Altuna,20
2009,976,Matus Horecny,22
2009,977,Claudio Fortuna,19
2009,978,Jordan Cox,17
2009,979,Robert Coman,19
2009,980,Tennys Sandgren,18
2009,980,Deni Zmak,20
2009,982,Andreas Siljestrom,28
2009,983,Ivan Cerovic,27
2009,984,Vijay S P Natarajan,23
2009,985,Juan Lizariturry,18
2009,985,Luis David Martinez,20
2009,987,Marcel-Ioan Miron,27
2009,988,Stephane Piro,20
2009,989,Marco Bella,21
2009,990,Andriej Kapas,20
2009,991,Alex Theiler,18
2009,992,Zachary Van Min,21
2009,993,Maniel Bains,20
2009,993,Patricio Heras,20
2009,995,Stefano Travaglia,18
2009,996,Vlademyros Mavropoulos-Stoliarenko,22
2009,997,Stefan Borg,26
2009,997,Peter Wessels,31
2009,999,Todd Reid,25
2009,999,Diego Veronelli,30
2008,1,Rafael Nadal,22
2008,2,Roger Federer,27
2008,3,Novak Djokovic,21
2008,4,Andy Murray,21
2008,5,Nikolay Davydenko,27
2008,6,Jo-Wilfried Tsonga,23
2008,7,Gilles Simon,24
2008,8,Andy Roddick,26
2008,9,Juan Martin del Potro,20
2008,10,James Blake,29
2008,11,David Nalbandian,26
2008,12,David Ferrer,26
2008,13,Stan Wawrinka,23
2008,14,Gael Monfils,22
2008,15,Fernando Gonzalez,28
2008,16,Fernando Verdasco,25
2008,17,Robin Soderling,24
2008,18,Nicolas Almagro,23
2008,19,Igor Andreev,25
2008,20,Tomas Berdych,23
2008,21,Tommy Robredo,26
2008,22,Dmitry Tursunov,26
2008,23,Marin Cilic,20
2008,24,Mardy Fish,27
2008,25,Richard Gasquet,22
2008,26,Ivo Karlovic,29
2008,27,Radek Stepanek,30
2008,28,Philipp Kohlschreiber,25
2008,29,Marat Safin,28
2008,30,Feliciano Lopez,27
2008,31,Paul-Henri Mathieu,26
2008,32,Mikhail Youzhny,26
2008,33,Rainer Schuettler,32
2008,34,Jurgen Melzer,27
2008,35,Andreas Seppi,24
2008,36,Mario Ancic,24
2008,37,Jarkko Nieminen,27
2008,38,Nicolas Kiefer,31
2008,39,Sam Querrey,21
2008,40,Michael Llodra,28
2008,41,Simone Bolelli,23
2008,42,Carlos Moya,32
2008,43,Julien Benneteau,27
2008,44,Ivan Ljubicic,29
2008,45,Albert Montanes,28
2008,46,Juan Monaco,24
2008,47,Igor Kunitsyn,27
2008,48,Jose Acasuso,26
2008,49,Janko Tipsarevic,24
2008,50,Victor Hanescu,27
2008,51,Robby Ginepri,26
2008,52,Fabrice Santoro,36
2008,53,Ernests Gulbis,20
2008,54,Marc Gicquel,31
2008,55,Juan Carlos Ferrero,28
2008,56,Marcel Granollers,22
2008,57,Viktor Troicki,22
2008,58,Eduardo Schwank,22
2008,59,Florent Serra,27
2008,60,Agustin Calleri,32
2008,61,Steve Darcis,24
2008,62,Guillermo Garcia-Lopez,25
2008,63,Kei Nishikori,19
2008,64,Yen-Hsun Lu,25
2008,65,Teymuraz Gabashvili,23
2008,66,Philipp Petzschner,24
2008,67,Lleyton Hewitt,27
2008,68,Oscar Hernandez,30
2008,69,Christophe Rochus,30
2008,70,Bobby Reynolds,26
2008,71,Martin Vassallo Arguello,28
2008,72,Potito Starace,27
2008,73,Nicolas Devilder,28
2008,74,Ivan Navarro,27
2008,75,Jeremy Chardy,21
2008,76,Vincent Spadea,34
2008,77,Nicolas Massu,29
2008,78,Diego Junqueira,28
2008,79,Guillermo Canas,31
2008,80,Mischa Zverev,21
2008,81,Jan Hernych,29
2008,82,Tommy Haas,30
2008,83,Denis Gremelmayr,27
2008,84,Kristof Vliegen,26
2008,85,Thomaz Bellucci,20
2008,86,Nicolas Lapentti,32
2008,87,Marcos Daniel,30
2008,88,Fabio Fognini,21
2008,89,Andrey Golubev,21
2008,90,Daniel Gimeno-Traver,23
2008,91,Roko Karanusic,26
2008,92,Sergiy Stakhovsky,22
2008,93,Arnaud Clement,31
2008,94,Nicolas Mahut,26
2008,95,Gilles Muller,25
2008,96,Chris Guccione,23
2008,97,Robert Kendrick,29
2008,98,Marcos Baghdatis,23
2008,99,Ivo Minar,24
2008,100,Alberto Martin,30
2008,101,Pablo Andujar,22
2008,102,Filippo Volandri,27
2008,103,Brian Dabul,24
2008,104,Kevin Anderson,22
2008,105,Denis Istomin,22
2008,106,Evgeny Korolev,20
2008,107,Hyung-Taik Lee,32
2008,108,Luis Horna,28
2008,109,Andreas Beck,22
2008,110,Fred Gil,23
2008,111,Paul Capdeville,25
2008,112,Dudi Sela,23
2008,113,Thiago Alves,26
2008,114,Go Soeda,24
2008,115,Leonardo Mayer,21
2008,116,Robin Haase,21
2008,117,Kevin Kim,30
2008,118,Sergio Roitman,29
2008,119,Wayne Odesnik,23
2008,120,Bjorn Phau,29
2008,121,Ruben Ramirez Hidalgo,30
2008,122,Olivier Rochus,27
2008,123,Santiago Ventura,28
2008,124,Jiri Vanek,30
2008,125,Daniel Koellerer,25
2008,126,Simon Greul,27
2008,127,Flavio Cipolla,25
2008,128,Stephane Bohli,25
2008,129,Benjamin Becker,27
2008,130,Frank Dancevic,24
2008,131,Michael Berrer,28
2008,132,Maximo Gonzalez,25
2008,133,Victor Crivoi,26
2008,134,Adrian Mannarino,20
2008,135,Jesse Levine,21
2008,136,Thomas Johansson,33
2008,137,Amer Delic,26
2008,138,Donald Young,19
2008,139,Ilija Bozoljac,23
2008,140,Juan Ignacio Chela,29
2008,141,Olivier Patience,28
2008,142,Pablo Cuevas,22
2008,143,Sam Warburg,25
2008,144,John Isner,23
2008,145,Karol Beck,26
2008,146,Simon Stadler,25
2008,147,Alexander Peya,28
2008,148,Mikhail Kukushkin,21
2008,149,Mikhail Elgin,27
2008,150,Daniel Brands,21
2008,151,Mathieu Montcourt,23
2008,152,Danai Udomchoke,27
2008,153,Rui Machado,24
2008,154,Josselin Ouanna,22
2008,155,Pere Riba,20
2008,156,Peter Luczak,29
2008,157,Carlos Berlocq,25
2008,158,Kristian Pless,27
2008,159,Rik De Voest,28
2008,160,Juan Pablo Brzezicki,26
2008,161,Tomas Tenconi,28
2008,162,Xavier Malisse,28
2008,163,Santiago Giraldo,21
2008,164,Pavel Snobel,28
2008,165,Alex Bogomolov Jr.,25
2008,166,Edouard Roger-Vasselin,25
2008,167,Benedikt Dorsch,27
2008,168,Eric Prodon,27
2008,169,Diego Hartfield,27
2008,170,Sebastien Grosjean,30
2008,171,Ricardo Hocevar,23
2008,172,Jonas Bjorkman,36
2008,173,Boris Pashanski,26
2008,174,Laurent Recouderc,24
2008,175,Jesse Huta Galung,23
2008,176,Brendan Evans,22
2008,177,Sebastian Decoud,27
2008,178,Adrian Cruciat,25
2008,179,Daniel Munoz de la Nava,26
2008,180,Alejandro Falla,25
2008,181,Franco Ferreiro,24
2008,182,Lukas Rosol,23
2008,183,Lukas Dlouhy,25
2008,184,Yuri Schukin,29
2008,185,Alexandre Sidorenko,20
2008,186,Pablo Santos,24
2008,187,Thierry Ascione,27
2008,188,Alex Bogdanovic,24
2008,189,Miguel Angel Lopez Jaen,26
2008,190,Rajeev Ram,24
2008,191,Bjorn Rehnquist,30
2008,192,Stefan Koubek,31
2008,193,Joseph Sirianni,33
2008,194,Lamine Ouahab,24
2008,195,Mariano Puerta,30
2008,196,David Marrero,28
2008,197,Robert Smeets,23
2008,198,Ricardo Mello,28
2008,199,Horacio Zeballos,23
2008,200,Grega Zemlja,22
2008,201,Younes El Aynaoui,37
2008,202,Carsten Ball,21
2008,203,Josh Goodall,23
2008,204,Somdev Devvarman,23
2008,205,David Guez,26
2008,206,Fernando Vicente,31
2008,207,Paolo Lorenzi,27
2008,208,Alexander Kudryavtsev,23
2008,209,Lukasz Kubot,26
2008,210,Prakash Amritraj,25
2008,211,Scoville Jenkins,22
2008,212,Joao Souza,20
2008,213,Ryan Sweeting,21
2008,214,Peter Polansky,20
2008,215,Marsel Ilhan,21
2008,216,Martin Fischer,22
2008,217,Stefano Galvani,31
2008,218,Jean-Rene Lisnard,29
2008,219,Luka Gregorc,24
2008,220,Martin Slanar,27
2008,221,Ivan Miranda,28
2008,222,Giovanni Lapentti,25
2008,223,Michael Yani,27
2008,224,Andrea Stoppini,28
2008,225,Matthias Bachinger,21
2008,226,Giancarlo Petrazzuolo,28
2008,227,Marco Crugnola,25
2008,228,Andre Ghem,26
2008,229,Jaroslav Pospisil,27
2008,230,Alexander Flock,25
2008,231,Illya Marchenko,21
2008,232,Gianluca Naso,21
2008,233,George Bastl,33
2008,234,Adrian Ungur,23
2008,235,Victor Estrella Burgos,28
2008,236,Santiago Gonzalez,25
2008,237,Dieter Kindlmann,26
2008,238,Dusan Vemic,32
2008,239,Dominik Meffert,27
2008,240,Alessio Di Mauro,31
2008,241,Dawid Olejniczak,25
2008,242,Michael Russell,30
2008,243,Tobias Kamke,22
2008,244,Rogerio Dutra Silva,24
2008,245,Sebastien De Chaunac,31
2008,246,Adrian Menendez-Maceiras,23
2008,247,Marc Lopez,26
2008,248,Harel Levy,30
2008,249,Thiemo de Bakker,20
2008,250,Martin Alund,23
2008,251,Brydan Klein,18
2008,252,Ryler DeHeart,24
2008,253,Dominik Hrbaty,30
2008,254,Carlos Poch-Gradin,26
2008,255,Colin Ebelthite,24
2008,256,Niels Desein,21
2008,257,Caio Zampieri,22
2008,258,Frederik Nielsen,25
2008,259,Riccardo Ghedin,23
2008,260,Matwe Middelkoop,25
2008,261,Andre Miele,21
2008,262,Juan-Pablo Amado,22
2008,263,Martin Verkerk,30
2008,264,Ramon Delgado,32
2008,265,Ruben Bemelmans,20
2008,266,Diego Alvarez,28
2008,267,Michael Lammer,26
2008,268,Woong-Sun Jun,22
2008,269,Michel Koning,24
2008,270,Juan-Martin Aranguren,25
2008,271,Antonio Veic,20
2008,272,Sergei Bubka,21
2008,273,Gary Lugassy,26
2008,274,Alexander Satschko,28
2008,275,Victor Ionita,25
2008,276,Julio Silva,29
2008,277,Rainer Eitzinger,25
2008,278,Sam Groth,21
2008,279,Simone Vagnozzi,25
2008,280,James Ward,21
2008,281,Nicolas Coutelot,31
2008,282,Julian Reister,22
2008,283,Todd Widom,25
2008,284,Conor Niland,27
2008,285,Blaz Kavcic,21
2008,286,Marcel Felder,24
2008,287,Matteo Marrai,22
2008,288,Marc Fornell-Mestres,26
2008,289,Deniss Pavlovs,25
2008,290,Andreas Haider-Maurer,21
2008,291,Gabriel Moraru,26
2008,292,Jan Mertl,26
2008,293,Eric Gomes,24
2008,294,Marinko Matosevic,23
2008,295,Kyu Tae Im,27
2008,296,Kamil Capkovic,22
2008,297,Richard Bloomfield,25
2008,298,Louk Sorensen,23
2008,299,Pavol Cervenak,21
2008,300,Aisam-Ul-Haq Qureshi,28
2008,301,Alberto Brizzi,24
2008,302,Jose De Armas,27
2008,303,Konstantin Kravchuk,23
2008,304,Izak Van der Merwe,24
2008,305,Yannick Mertens,21
2008,306,Juan Sebastian Cabal,22
2008,307,Dick Norman,37
2008,308,Jean-Christophe Faurel,27
2008,309,Alexandr Dolgopolov,20
2008,310,Carlos Salamanca,25
2008,311,Guillermo Alcaide,22
2008,312,Pavel Chekhov,20
2008,313,Tatsuma Ito,20
2008,314,Nicholas Monroe,26
2008,315,Enrico Burzi,27
2008,316,Ti Chen,25
2008,317,Gabriel Trujillo-Soler,29
2008,318,Jan Minar,27
2008,319,Daniel Dutra da Silva,20
2008,320,Andis Juska,23
2008,321,Carlos Avellan,26
2008,322,Augustin Gensse,25
2008,323,Jose Checa-Calvo,23
2008,324,Guillermo Olaso,20
2008,325,Lukas Lacko,21
2008,326,Javier Genaro-Martinez,29
2008,327,Jose Antonio Sanchez-de Luna,24
2008,328,Grzegorz Panfil,20
2008,329,Nick Lindahl,20
2008,330,Jeroen Masson,27
2008,331,Andrew Coelho,21
2008,332,Matthew Ebden,21
2008,333,Rohan Bopanna,28
2008,334,Frederic Niemeyer,32
2008,335,Michael Quintero,28
2008,336,Mathieu Rodrigues,23
2008,337,Ivo Klec,28
2008,338,Bohdan Ulihrach,33
2008,339,Jerzy Janowicz,18
2008,340,Pierre-Ludovic Duclos,22
2008,341,Yuichi Sugita,20
2008,342,Teodor-Dacian Craciun,28
2008,343,Attila Balazs,20
2008,344,Alex Kuznetsov,21
2008,345,Boy Westerhof,23
2008,346,Peter Gojowczyk,19
2008,347,Jonathan Dasnieres de Veigy,21
2008,348,Inigo Cervantes,19
2008,349,Tim Smyczek,20
2008,350,Miles Armstrong,22
2008,351,Alexander Slabinsky,22
2008,352,Francesco Piccari,29
2008,353,Mikhail Ledovskikh,22
2008,354,Filip Prpic,26
2008,355,Lester Cook,24
2008,356,Adam Vejmelka,23
2008,357,Raven Klaasen,26
2008,358,Nathan Thompson,26
2008,359,Andrea Arnaboldi,21
2008,360,Luca Vanni,23
2008,361,Jonathan Eysseric,18
2008,362,Tomas Cakl,27
2008,363,Jeremy Blandin,27
2008,364,Andrei Gorban,25
2008,365,Junn Mitsuhashi,19
2008,366,Adam Feeney,23
2008,367,Cristhian Ignacio Benedetti,21
2008,368,Alejandro Fabbri,26
2008,369,Stephane Robert,28
2008,370,Marcin Gawron,20
2008,371,Thomas Fabbiano,19
2008,372,Artem Sitak,22
2008,373,Evgeny Kirillov,21
2008,374,Michael Ryderstedt,24
2008,375,Leonardo Kirche,23
2008,376,Massimo Dell'Acqua,29
2008,377,Philipp Oswald,22
2008,378,Marek Semjan,21
2008,379,Roberto Bautista Agut,20
2008,380,Frederic Jeanclaude,27
2008,381,Jorge Aguilar,23
2008,382,Marc Sieber,20
2008,383,Romain Jouan,23
2008,384,Tasuku Iwami,30
2008,385,Erik Chvojka,22
2008,386,Nicolas Renavand,26
2008,387,Sebastian Rieschick,22
2008,388,Vladimir Obradovic,27
2008,389,Chris Eaton,21
2008,390,Julio Cesar Campozano,22
2008,391,Bruno Echagaray,25
2008,392,Eric Nunez,26
2008,393,Roman Borvanov,26
2008,394,Pierre Metenier,25
2008,395,David Diaz-Ventura,22
2008,396,Rameez Junaid,27
2008,397,Jesse Witten,26
2008,398,Satoshi Iwabuchi,33
2008,399,Ilya Belyaev,18
2008,400,Francesco Aldi,27
2008,401,Gouichi Motomura,35
2008,402,Ivan Sergeyev,20
2008,403,Jan Stancik,25
2008,404,Federico Torresi,28
2008,405,Nicolas Todero,29
2008,406,Cristian Villagran,26
2008,407,Alexey Kedryuk,28
2008,408,Alexandre Bonatto,24
2008,409,Florian Mayer,25
2008,410,Adrian Garcia,30
2008,411,Valery Rudnev,20
2008,412,Benjamin Balleret,25
2008,413,Thomas Oger,28
2008,414,Rubin Statham,21
2008,415,Leandro Migani,23
2008,416,Tomas Zib,32
2008,417,Franko Skugor,21
2008,418,Phillip Simmonds,22
2008,419,Walter Trusendi,23
2008,420,Catalin-Ionut Gard,27
2008,421,Stephen Bass,23
2008,422,Ivan Dodig,23
2008,423,Guillermo Hormazabal,23
2008,424,Marcelo Demoliner,19
2008,425,David Savic,23
2008,426,Andre Begemann,24
2008,427,Ivaylo Traykov,30
2008,428,Hans Podlipnik-Castillo,20
2008,429,Roman Jebavy,19
2008,430,Jamie Baker,22
2008,431,Noam Okun,30
2008,432,Nikola Ciric,25
2008,433,Uladzimir Ignatik,18
2008,434,Greg Jones,19
2008,435,Matteo Viola,21
2008,436,Gero Kretschmer,23
2008,437,Antonio Pastorino,26
2008,438,Rafael Arevalo,22
2008,439,Toshihide Matsui,30
2008,440,Vincent Millot,22
2008,441,Lionel Noviski,25
2008,442,Dusan Lojda,20
2008,443,Sergio Gutierrez-Ferrol,19
2008,444,Denys Molchanov,21
2008,445,Alun Jones,28
2008,446,Eladio Ribeiro Neto,22
2008,447,Leonardo Azzaro,30
2008,448,Nicolas Jara-Lozano,22
2008,449,Albert Ramos-Vinolas,20
2008,450,Michael McClune,19
2008,451,Pablo Galdon,23
2008,452,Tiago Lopes,22
2008,453,Rodrigo-Antonio Grilli,29
2008,454,Gaston-Arturo Grimolizzi,22
2008,455,Ricardas Berankis,18
2008,456,Jonathan Marray,27
2008,457,Farrukh Dustov,22
2008,458,Hugo Armando,30
2008,459,Danila Arsenov,19
2008,460,Razvan Sabau,31
2008,461,Juan-Pablo Villar,26
2008,462,Cecil Mamiit,32
2008,463,Hyun-Woo Nam,23
2008,464,Daniel King-Turner,24
2008,465,Philippe De Bonnevie,23
2008,466,Ivan Cerovic,26
2008,467,Konstantinos Economidis,31
2008,468,Talal Ouahabi,30
2008,469,Mohammad Ghareeb,28
2008,470,Tigran Martirosyan,25
2008,471,Marko Tkalec,31
2008,472,Diego Veronelli,29
2008,473,Ludovic Walter,25
2008,474,Claudio Grassi,23
2008,475,Jan Hajek,25
2008,476,Oliver Marach,28
2008,477,Daniel Evans,18
2008,478,Fabrice Martin,22
2008,479,Antonio Sancic,20
2008,480,Miguel Gallardo-Valles,27
2008,481,Todd Paul,23
2008,482,Timo Nieminen,27
2008,483,Alexandros Jakupovic,27
2008,484,Daniel Yoo,23
2008,485,Karlis Lejnieks,20
2008,486,Hiroki Kondo,26
2008,487,Janez Semrajc,19
2008,488,David Novak,25
2008,489,Ignacio Coll-Riudavets,21
2008,490,Werner Eschauer,34
2008,491,Luigi D'Agord,24
2008,492,Jean-Noel Insausti,24
2008,493,Grigor Dimitrov,17
2008,494,Dustin Brown,24
2008,495,Petru-Alexandru Luncanu,19
2008,496,Ivan Endara,20
2008,497,Andrei Mlendea,24
2008,498,Alejandro Kon,22
2008,499,Mikhail Vasiliev,22
2008,500,Tobias Clemens,29
2008,501,Nathan Healey,28
2008,502,Damian Patriarca,25
2008,503,Stefan Seifert,23
2008,504,Rodrigo Guidolin,23
2008,505,Alberto Francis,26
2008,506,Vjekoslav Skenderovic,25
2008,507,Andrej Martin,19
2008,508,Lovro Zovko,27
2008,509,Takao Suzuki,32
2008,510,Sascha Kloer,23
2008,511,Darko Madjarovski,25
2008,512,Kristijan Mesaros,20
2008,513,Pablo Martin-Adalia,20
2008,514,Evgeny Donskoy,18
2008,515,Karim Maamoun,29
2008,516,Guido Pella,18
2008,517,Kornel Bardoczky,30
2008,518,Jonathan Gonzalia,25
2008,519,Matthew Roberts,24
2008,520,Kento Takeuchi,21
2008,521,Gonzalo Tur,20
2008,522,Andrey Kumantsov,22
2008,523,Max Mirnyi,31
2008,524,Vasilis Mazarakis,28
2008,525,Igor Sijsling,21
2008,526,Travis Rettenmaier,25
2008,527,Travis Helgeson,23
2008,528,Jae-Sung An,23
2008,529,Fernando Romboli,19
2008,530,Gregoire Burquier,24
2008,531,Irakli Labadze,27
2008,532,Victor Romero,29
2008,533,Martin Pedersen,21
2008,534,Milan Pokrajac,21
2008,535,Sergei Krotiouk,30
2008,536,Robin Vik,28
2008,537,Jean-Yves Aubone,20
2008,538,Artem Smirnov,20
2008,539,Murad Inoyatov,24
2008,540,Valentin Sanon,28
2008,541,Nick Van Der Meer,23
2008,542,Mao-Xin Gong,21
2008,543,Robin Roshardt,20
2008,544,Julien Jeanpierre,28
2008,545,Kevin Deden,24
2008,546,Max Raditschnigg,25
2008,547,Andres Molteni,20
2008,548,Juan-Manuel Valverde,23
2008,549,Bogdan Leonte,22
2008,550,Tsung-Hua Yang,17
2008,551,Flavio Saretta,28
2008,552,Zhe Li,22
2008,553,Gustavo Marcaccio,31
2008,554,Ervin Eleskovic,21
2008,555,Raphael Durek,24
2008,556,Nikola Mektic,20
2008,557,Cesar Ferrer-Victoria,28
2008,558,Daniel Danilovic,20
2008,559,Amir Weintraub,22
2008,560,Photos Kallias,24
2008,561,Johannes Ager,24
2008,562,Julio Peralta,27
2008,563,Jan Vacek,32
2008,564,John Millman,19
2008,565,Harsh Mankad,29
2008,566,Leonardo Tavares,24
2008,567,Rabie Chaki,26
2008,568,David Canudas-Fernandez,25
2008,569,Marcel Zimmermann,23
2008,570,Adam Chadaj,24
2008,571,Peter Wessels,30
2008,572,Mounir El Aarej,31
2008,573,Nikita Kryvonos,22
2008,574,Stefano Ianni,27
2008,575,Facundo Bagnis,18
2008,576,Federico Sansonetti,22
2008,577,Guillermo Coria,26
2008,578,Gastao Elias,18
2008,579,James McGee,21
2008,580,Ryan Young,24
2008,581,Young-Jun Kim,28
2008,582,Adam Kellner,22
2008,583,Robert Varga,20
2008,584,Aldin Setkic,21
2008,585,Gvidas Sabeckis,24
2008,586,Pedro Clar-Rossello,22
2008,587,Gorka Fraile,30
2008,588,Michal Tabara,29
2008,589,Aleksander Slovic,26
2008,590,Stefan Wauters,26
2008,591,Daniel-Alejandro Lopez Cassaccia,19
2008,592,Joao Sousa,19
2008,593,Filip Krajinovic,16
2008,594,Pierrick Ysern,24
2008,595,Holger Fischer,28
2008,596,Armin Sandbichler,23
2008,597,Benjamin Dracos,24
2008,598,Piero Luisi,21
2008,599,David Goffin,18
2008,600,Luis Manuel Flores,23
2008,601,Bastian Knittel,25
2008,602,Marcus Fugate,20
2008,603,Raian Luchici,24
2008,604,Matteo Volante,24
2008,605,Marco Chiudinelli,27
2008,606,Martin Klizan,19
2008,607,Clement Reix,25
2008,608,Nicolas Santos,20
2008,609,Michal Przysiezny,24
2008,610,Giulio Di Meo,26
2008,611,Justin O'Neal,31
2008,612,Daniel Lustig,24
2008,613,Andrei Karatchenia,19
2008,614,Jurgen Zopp,20
2008,615,Alexander Somogyi,20
2008,616,Mathieu Guenat,22
2008,617,Marius Zay,26
2008,618,Florin Mergea,23
2008,619,Blazej Koniusz,20
2008,620,Alexandre Renard,26
2008,621,Tihomir Grozdanov,21
2008,622,Marco Trungelliti,18
2008,623,Miloslav Mecir,20
2008,624,G.D. Jones,22
2008,625,Alessandro Da Col,30
2008,626,Denis Matsukevich,22
2008,627,Jiri Skoloudik,21
2008,628,Roman Vogeli,23
2008,629,Benoit Paire,19
2008,630,Artur Chernov,20
2008,631,Marius Copil,18
2008,632,Brendan Mckenzie,18
2008,633,Brett Ross,24
2008,634,Yan Bai,19
2008,635,Ken Skupski,25
2008,636,Hsin-Han Lee,20
2008,637,Peng Sun,25
2008,638,Anas Fattar,21
2008,639,Chris Klingemann,23
2008,640,Alexander Sadecky,21
2008,641,Gerard Granollers,19
2008,642,Vladislav Bondarenko,21
2008,643,Dmytro Petrov,21
2008,644,Gyorgy Balazs,23
2008,645,Patrick Taubert,21
2008,646,Rafael Garcia,19
2008,647,Alejandro Gonzalez,19
2008,648,Colin Fleming,24
2008,649,Scott Oudsema,22
2008,650,Tim Goransson,20
2008,651,Oh-Hee Kwon,30
2008,652,Marin Bradaric,23
2008,653,Sergey Betov,21
2008,654,Antonio Ruiz-Rosales,24
2008,655,Dmitri Sitak,25
2008,656,Marc-Andre Stratling,22
2008,657,Agustin Boje-Ordonez,20
2008,658,David Ollivier-Baquero,24
2008,659,Alexander Waske,33
2008,660,Dzmitry Zhyrmont,19
2008,661,Olivier Charroin,26
2008,662,Sherif Sabry,22
2008,663,Luka Belic,20
2008,664,Haydn Lewis,22
2008,665,Ante Nakic-Alfirevic,21
2008,666,Mauricio Echazu,19
2008,667,Jiri Kosler,19
2008,668,Yuichi Ito,22
2008,669,KJ Hippensteel,28
2008,670,Jurek Stasiak,30
2008,671,Clinton Thomson,24
2008,672,Vladyslav Klymenko,20
2008,673,Reda El Amrani,20
2008,674,Bruno Rodriguez,22
2008,675,Pirmin Haenle,20
2008,676,Charles Roche,25
2008,677,Frank Wintermantel,20
2008,678,Jun-Chao Xu,20
2008,679,Carlos Rexach-Itoiz,29
2008,680,Stian Boretti,27
2008,681,Antonio Comporto,19
2008,682,Simeon Ivanov,23
2008,683,Christian Magg,27
2008,684,Enrico Iannuzzi,25
2008,685,Miguel Cicenia,20
2008,686,Bartolome Salva-Vidal,22
2008,687,Dylan Seong Kwan Kim,23
2008,688,Agustin Tarantino,27
2008,689,Malek Jaziri,24
2008,690,Cesar Ramirez,18
2008,691,Michal Navratil,26
2008,692,Mauricio Doria-Medina,20
2008,693,Agustin Picco,19
2008,694,Thomas Cazes-Carrere,24
2008,695,Jordi Marse-Vidri,28
2008,696,Sinisa Markovic,21
2008,697,Melle Van Gemerden,29
2008,698,Andrei Levine,20
2008,699,Byung-Kook Kang,29
2008,700,Divij Sharan,22
2008,701,Roman Recarte,21
2008,702,Neil Bamford,26
2008,703,Gaston Giussani,22
2008,704,Germain Gigounon,19
2008,705,Peter Lucassen,20
2008,706,Nima Roshan,23
2008,707,Matthew Illingworth,21
2008,708,Manuel Jorquera,30
2008,709,Maxime Authom,21
2008,710,Laurent Rochette,20
2008,711,Richard Ruckelshausen,21
2008,712,Antal Van Der Duim,21
2008,713,Colin O'Brien,24
2008,714,Goran Tosic,26
2008,715,Vadim Alekseenko,25
2008,716,Alberto Giraudo,25
2008,717,Shane La Porte,23
2008,718,Miljan Zekic,20
2008,719,Federico Cavallero,20
2008,720,Oscar Sabate-Bretos,22
2008,721,Juan-Pablo Yunis,21
2008,722,Daniel Stoehr,25
2008,723,Shao-Xuan Zeng,27
2008,724,Roberto Maytin,19
2008,725,Yohny Romero,30
2008,726,Hector Ruiz-Cadenas,25
2008,727,Guillermo Alcorta-Olarra,19
2008,728,Marcel-Ioan Miron,26
2008,729,Jordane Doble,28
2008,730,Jerome Haehnel,28
2008,731,Antony Dupuis,35
2008,732,Alessandro Accardo,25
2008,733,Clement Morel,24
2008,734,Damiano Di Ienno,19
2008,735,Kaes Van't Hof,22
2008,736,Greg Ouellette,22
2008,737,Vladimir Karusevich,18
2008,738,Ismar Gorcic,25
2008,739,Martin Vacek,27
2008,740,Karan Rastogi,22
2008,741,Yong-Kyu Lim,17
2008,742,Cristobal Saavedra-Corvalan,18
2008,743,Todor Enev,26
2008,744,Syrym Abdukhalikov,21
2008,745,Joshua Milton,19
2008,746,Rafael Camilo,18
2008,747,Luis David Martinez,19
2008,748,Ryan Harrison,16
2008,749,Xavier Pujo,31
2008,750,Chu-Huan Yi,21
2008,751,Sheeva Parbhu,22
2008,752,Henrik Norfeldt,22
2008,753,Marco Viola,25
2008,754,Filip Zeman,20
2008,755,Vaja Uzakov,20
2008,756,Andoni Vivanco-Guzman,18
2008,757,Mislav Hizak,24
2008,758,Chase Buchanan,17
2008,759,Hyun-Joon Kim,21
2008,760,Alexander Domijan,17
2008,761,Patrick Prader,22
2008,762,Sergei Demekhine,24
2008,763,Bernard Tomic,16
2008,764,Yann Marti,20
2008,765,Yaoki Ishii,31
2008,766,Robert Godlewski,24
2008,767,Vishnu Vardhan,21
2008,768,Dekel Valtzer,24
2008,769,Rohan Gajjar,24
2008,770,Andrei Plotniy,20
2008,771,Joachim Johansson,26
2008,771,Jean-Claude Scherrer,30
2008,773,Hiroki Moriya,18
2008,774,Andrey Kuznetsov,17
2008,775,Aqeel Khan,28
2008,776,Xin-Yuan Yu,23
2008,777,Romano Frantzen,26
2008,778,Henrique Cunha,18
2008,779,Thomas Schoorel,19
2008,780,Bruno Tiberti,19
2008,781,Daniel Garza,23
2008,782,James Lemke,20
2008,783,Erling Tveit,24
2008,784,Felipe Parada,27
2008,785,Cedrik-Marcel Stebe,18
2008,786,Bryan Koniecko,21
2008,787,Marco Mirnegg,26
2008,788,Jakub Praibis,26
2008,789,Alexandru-Raul Lazar,20
2008,790,Myles Blake,21
2008,791,Petar Jelenic,21
2008,792,Adriano Biasella,28
2008,793,Adrian Sikora,20
2008,794,Martin Emmrich,24
2008,795,Ladislav Chramosta,27
2008,796,Edward Seator,22
2008,797,Nicolas Pastor,17
2008,798,Rudy Coco,24
2008,799,Juan Albert Viloca-Puig,35
2008,800,Adam El Mihdawy,19
2008,801,Borja Malo,21
2008,802,Bruno Soares,26
2008,803,Sung-Kyun Kang,27
2008,804,Adrians Zguns,27
2008,805,Nikolaus Moser,18
2008,806,Patrik Rosenholm,20
2008,807,Juan-Miguel Such-Perez,24
2008,808,Andre Wiesler,26
2008,809,Philip Bester,20
2008,810,Marco Bella,20
2008,811,Rodrigo Perez,19
2008,812,Christoph Palmanshofer,27
2008,813,Sean Thornley,19
2008,814,Adrien Bossel,22
2008,814,Mattia Livraghi,27
2008,816,Mait Kunnap,26
2008,817,Marcus Sarstrand,30
2008,818,Dimitris Kleftakos,19
2008,819,Marcus Daniell,19
2008,820,Sadik Kadir,27
2008,821,Ludwig Pellerin,26
2008,822,Federico Delbonis,18
2008,823,Marc Auradou,24
2008,824,Marc Steger,27
2008,825,Lars Uebel,28
2008,826,Oscar Burrieza-Lopez,33
2008,827,Guillermo Carry,27
2008,828,Sebastian Rivera,22
2008,829,Baptiste Dupuy,27
2008,830,Peter Torebko,20
2008,831,Daniel Cox,18
2008,832,Ranjeet Virali-Murugesan,23
2008,833,Dusan Karol,25
2008,834,Mateusz Kowalczyk,21
2008,834,Adam Thompson,26
2008,836,Juan-Francisco Spina,23
2008,837,Sergio Perez-Perez,24
2008,838,Antoine Tassart,23
2008,839,James Feaver,22
2008,840,Jaak Poldma,20
2008,841,Marek Michalicka,22
2008,842,Lars Poerschke,24
2008,843,Mohamed Mamoun,27
2008,844,Zack Fleishman,28
2008,845,Rupesh Roy,19
2008,846,Haluk Akkoyun,27
2008,847,Javier Marti,16
2008,848,Giulio Torroni,25
2008,849,Predrag Rusevski,25
2008,850,Trystan Meniane,27
2008,851,Dennis Bloemke,19
2008,852,Mehdi Ziadi,22
2008,853,Ilija Martinoski,19
2008,854,Motaz Abou El Khair,25
2008,855,Diego Cristin,27
2008,856,Harshana Godamanna,23
2008,857,Frederic De Fays,19
2008,858,Hector Damian Guichonet,22
2008,859,Danilo Ferraz,19
2008,860,Carlos Calderon-Rodriguez,20
2008,861,Jiri Krkoska,24
2008,862,Arnau Brugues-Davi,23
2008,863,Todd Reid,24
2008,864,Juan Ferrer,27
2008,865,Taylor Dent,27
2008,866,Mauricio Estivariz,22
2008,867,Jaan-Frederik Brunken,18
2008,868,Kaden Hensel,22
2008,869,Aleksandar Cvetkov,23
2008,870,Carlos Oliveira,32
2008,871,Dylan Sessagesimi,19
2008,872,Tobias Klein,26
2008,873,Karel Triska,24
2008,874,Ian Flanagan,26
2008,875,Min-Hyeok Cho,21
2008,876,Ashutosh Singh,26
2008,877,Burnham Arlidge,20
2008,878,Mikhail Fufygin,18
2008,879,Michal Pazicky,21
2008,880,Radu Albot,19
2008,881,Jonathan Kinsella,24
2008,882,Joshua Crowe,20
2008,883,Steven Goh,20
2008,884,Alexei Filenkov,27
2008,885,Scott Lipsky,27
2008,886,Johan Ortegren,30
2008,887,Phillip King,27
2008,888,Guillermo Gomez-Diaz,21
2008,889,Matteo Trevisan,19
2008,890,Matt Reid,18
2008,891,Kittipong Wachiramanowong,18
2008,892,Paul-Mihai Puscasu,20
2008,893,Purav Raja,23
2008,894,Patrick Eichenberger,20
2008,894,Alexander Yarmola,30
2008,896,Carl Bergman,21
2008,897,Abraham Gonzalez-Jimenez,19
2008,898,Navdeep Singh,22
2008,899,Massimo Capone,23
2008,900,Georgi Rumenov Payakov,19
2008,901,Marcelo Palacios-Siegenthale,19
2008,902,Juan-Manuel Elizondo,25
2008,903,Ricardo Siggia,19
2008,904,Diego Matos,20
2008,905,Mikal Statham,21
2008,906,David Rice,19
2008,907,Frantisek Cermak,32
2008,908,Ricardo Chile-Fonte,26
2008,909,Juan-Pablo Guzman,27
2008,910,Wesley Moodie,29
2008,911,Uros Vico,27
2008,912,Gerald Melzer,18
2008,913,Alexandre Folie,18
2008,914,Carlos Palencia,27
2008,915,Milos Raonic,18
2008,916,Erik Crepaldi,18
2008,917,Ivan Bjelica,24
2008,918,Joel Lindner,19
2008,919,Daniele Bracciali,30
2008,920,Sasa Stojisavljevic,21
2008,921,Lazare Kukhalashvili,17
2008,922,Filippo Leonardi,21
2008,923,Nicolas Reissig,19
2008,924,Rifat Biktyakov,19
2008,925,Zoran Golubovic,20
2008,926,Aleksandr Agafonov,22
2008,927,Peerakiat Siriluethaiwattana,19
2008,928,Robert Coman,18
2008,929,Vilim Visak,22
2008,930,Kevin Botti,19
2008,931,Juho Paukku,22
2008,932,Marcos Conocente,20
2008,933,Joaquin-Jesus Monteferrario,23
2008,934,Marco Simoni,22
2008,935,Andre Pinheiro,20
2008,936,Matias Saenz,21
2008,937,Arata Onozawa,20
2008,938,Frank Moser,32
2008,939,Michal Mertinak,29
2008,940,Rodolphe Gilbert,40
2008,941,Juan-Enrique Crosa,25
2008,942,Duncan Mugabe,18
2008,943,Bart Beks,35
2008,944,Dawid Celt,23
2008,945,Thomas Kromann,21
2008,946,Adil Shamasdin,26
2008,947,Philippe Frayssinoux,22
2008,948,Jeremy Jahn,18
2008,949,Rasmus Norby,26
2008,950,Vasko Mladenov,19
2008,951,Eduardo Struvay,18
2008,952,Evthimios Karaliolios,19
2008,953,Manuel Sanchez,17
2008,954,Simon Cauvard,22
2008,955,Sky Kim,24
2008,956,Andriej Kapas,19
2008,956,Patrick Schmolzer,24
2008,958,Fabio Colangelo,27
2008,959,Juan-Sebastian Vivanco,18
2008,960,Frederic Nussbaum,26
2008,961,Alvaro Raposo De Oliveira,18
2008,962,Costin Paval,18
2008,963,Ivan Nedelko,22
2008,964,Marc Meigel,20
2008,965,Marcus Willis,18
2008,966,Alexandre Krasnoroutskiy,21
2008,967,Karim Alayli,25
2008,968,Alessandro Piccari,26
2008,969,Sunday Emmanuel,17
2008,970,Phillip Regnat,19
2008,971,Rhyne Williams,17
2008,972,Kevin Konfederak,17
2008,972,Peter Steinberger,23
2008,974,Sebastian Uriarte,28
2008,975,Ioan-Alexandru Cojanu,23
2008,976,Daniel Smethurst,18
2008,977,Miquel Perez Puigdomenech,24
2008,978,Nils Langer,18
2008,979,Valentin Dimov,19
2008,980,Alexander Ward,18
2008,981,Komlavi Loglo,23
2008,982,Pietro Fanucci,20
2008,983,Sunil-Kumar Sipaeya,25
2008,984,Mario Tupy,21
2008,985,Dayne Kelly,18
2008,986,Petar Popovic,26
2008,987,Joao Wiesinger,23
2008,988,Guillermo Duran,20
2008,989,Stephane Piro,19
2008,990,Julien Obry,17
2008,991,Prajnesh Gunneswaran,19
2008,992,Juan-Carlos Spir,18
2008,993,Sa Chen,18
2008,994,Axel Michon,18
2008,995,Marco Dierckx,20
2008,996,Vignesh Peranamallur,21
2008,997,Artemon Apostu-Efremov,29
2008,998,Mark McCook,23
2008,999,Ignacio Martire,18
2008,1000,Adam Hubble,22
2007,1,Roger Federer,26
2007,2,Rafael Nadal,21
2007,3,Novak Djokovic,20
2007,4,Nikolay Davydenko,26
2007,5,David Ferrer,25
2007,6,Andy Roddick,25
2007,7,Fernando Gonzalez,27
2007,8,Richard Gasquet,21
2007,9,David Nalbandian,25
2007,10,Tommy Robredo,25
2007,11,Andy Murray,20
2007,12,Tommy Haas,29
2007,13,James Blake,28
2007,14,Tomas Berdych,22
2007,15,Guillermo Canas,30
2007,16,Marcos Baghdatis,22
2007,17,Carlos Moya,31
2007,18,Ivan Ljubicic,28
2007,19,Mikhail Youzhny,25
2007,20,Juan Ignacio Chela,28
2007,21,Lleyton Hewitt,26
2007,22,Ivo Karlovic,28
2007,23,Juan Monaco,23
2007,24,Juan Carlos Ferrero,27
2007,25,Paul-Henri Mathieu,25
2007,26,Fernando Verdasco,24
2007,27,Jarkko Nieminen,26
2007,28,Nicolas Almagro,22
2007,29,Gilles Simon,23
2007,30,Radek Stepanek,29
2007,31,Potito Starace,26
2007,32,Philipp Kohlschreiber,24
2007,33,Igor Andreev,24
2007,34,Dmitry Tursunov,25
2007,35,Feliciano Lopez,26
2007,36,Stan Wawrinka,22
2007,37,Fabrice Santoro,35
2007,38,Gael Monfils,21
2007,39,Mardy Fish,26
2007,40,Filippo Volandri,26
2007,41,Robin Soderling,23
2007,42,Agustin Calleri,31
2007,43,Jo-Wilfried Tsonga,22
2007,44,Juan Martin del Potro,19
2007,45,Nicolas Mahut,25
2007,46,Albert Montanes,27
2007,47,Stefan Koubek,30
2007,48,Olivier Rochus,26
2007,49,Nicolas Kiefer,30
2007,50,Andreas Seppi,23
2007,51,Hyung-Taik Lee,31
2007,52,Janko Tipsarevic,23
2007,53,Sebastien Grosjean,29
2007,54,Arnaud Clement,30
2007,55,Florian Mayer,24
2007,56,Marat Safin,27
2007,57,Michael Berrer,27
2007,58,Oscar Hernandez,29
2007,59,Jonas Bjorkman,35
2007,60,Jurgen Melzer,26
2007,61,Ernests Gulbis,19
2007,62,Thomas Johansson,32
2007,63,Sam Querrey,20
2007,64,Dudi Sela,22
2007,65,Jose Acasuso,25
2007,66,Werner Eschauer,33
2007,67,Simone Bolelli,22
2007,68,Julien Benneteau,26
2007,69,Sergio Roitman,28
2007,70,Marc Gicquel,30
2007,71,Marin Cilic,19
2007,72,Frank Dancevic,23
2007,73,Luis Horna,27
2007,74,Martin Vassallo Arguello,27
2007,75,Andrei Pavel,33
2007,76,Victor Hanescu,26
2007,77,Vincent Spadea,33
2007,78,Nicolas Massu,28
2007,79,Peter Luczak,28
2007,80,Evgeny Korolev,19
2007,81,Alejandro Falla,24
2007,82,Michael Russell,29
2007,83,Mario Ancic,23
2007,84,Benjamin Becker,26
2007,85,Carlos Berlocq,24
2007,86,Steve Darcis,23
2007,87,Santiago Ventura,27
2007,88,Mischa Zverev,20
2007,89,Diego Hartfield,26
2007,90,Guillermo Garcia-Lopez,24
2007,91,Chris Guccione,22
2007,92,Florent Serra,26
2007,93,Michael Llodra,27
2007,94,Thierry Ascione,26
2007,95,Fabio Fognini,20
2007,96,Boris Pashanski,25
2007,97,Edouard Roger-Vasselin,24
2007,98,Kristof Vliegen,25
2007,99,Rainer Schuettler,31
2007,100,Donald Young,18
2007,101,Jiri Vanek,29
2007,102,Paul Capdeville,24
2007,103,Ivo Minar,23
2007,104,Mariano Zabaleta,29
2007,105,Robert Kendrick,28
2007,106,John Isner,22
2007,107,Juan Pablo Brzezicki,25
2007,108,Olivier Patience,27
2007,109,Nicolas Lapentti,31
2007,110,Yen-Hsun Lu,24
2007,111,Bobby Reynolds,25
2007,112,Xavier Malisse,27
2007,113,Pablo Cuevas,21
2007,114,Robin Haase,20
2007,115,Nicolas Devilder,27
2007,116,Igor Kunitsyn,26
2007,117,Gilles Muller,24
2007,118,Marcos Daniel,29
2007,119,Denis Gremelmayr,26
2007,120,Rik De Voest,27
2007,121,Maximo Gonzalez,24
2007,122,Yuri Schukin,28
2007,123,Mathieu Montcourt,22
2007,124,Ivan Navarro,26
2007,125,Teymuraz Gabashvili,22
2007,126,Wayne Odesnik,22
2007,127,Viktor Troicki,21
2007,128,Kristian Pless,26
2007,129,Aisam-Ul-Haq Qureshi,27
2007,130,Alessio Di Mauro,30
2007,131,Alun Jones,27
2007,132,Marcel Granollers,21
2007,133,Ruben Ramirez Hidalgo,29
2007,134,Robby Ginepri,25
2007,135,Federico Luzzi,27
2007,136,Dominik Hrbaty,29
2007,137,Roko Karanusic,25
2007,138,Tomas Zib,31
2007,139,Lukas Lacko,20
2007,140,Amer Delic,25
2007,141,Santiago Giraldo,20
2007,142,Flavio Cipolla,24
2007,143,Alberto Martin,29
2007,144,Fred Gil,22
2007,145,Konstantinos Economidis,30
2007,146,Pablo Andujar,21
2007,147,Zack Fleishman,27
2007,148,Jimmy Wang,22
2007,149,Oliver Marach,27
2007,150,Robert Smeets,22
2007,151,Juan-Pablo Guzman,26
2007,152,Max Mirnyi,30
2007,153,Dusan Vemic,31
2007,154,Danai Udomchoke,26
2007,155,Lukas Dlouhy,24
2007,156,Jan Hernych,28
2007,157,Dick Norman,36
2007,158,Eric Prodon,26
2007,159,Brian Dabul,23
2007,160,Bruno Echagaray,24
2007,161,Harel Levy,29
2007,162,Wesley Moodie,28
2007,163,Peter Wessels,29
2007,164,Bohdan Ulihrach,32
2007,165,Daniel Koellerer,24
2007,166,Paul Goldstein,31
2007,167,Younes El Aynaoui,36
2007,168,Fernando Vicente,30
2007,169,Raemon Sluiter,29
2007,170,Daniel Gimeno-Traver,22
2007,171,Stefano Galvani,30
2007,172,Frederic Niemeyer,31
2007,173,Matthias Bachinger,20
2007,174,Jesse Levine,20
2007,175,Eduardo Schwank,21
2007,176,Sam Warburg,24
2007,177,Andrey Golubev,20
2007,178,Kevin Kim,29
2007,179,Leonardo Mayer,20
2007,180,Alex Kuznetsov,20
2007,181,Dominik Meffert,26
2007,182,Gaston Gaudio,29
2007,183,Bjorn Phau,28
2007,184,David Guez,25
2007,185,Philipp Petzschner,23
2007,186,Adrian Garcia,29
2007,187,Alexander Peya,27
2007,188,Flavio Saretta,27
2007,189,Alex Bogomolov Jr.,24
2007,190,Alex Bogdanovic,23
2007,191,Mikhail Ledovskikh,21
2007,192,Jeremy Chardy,20
2007,193,Julio Silva,28
2007,194,Christophe Rochus,29
2007,195,Joseph Sirianni,32
2007,196,Jan Mertl,25
2007,197,Antony Dupuis,34
2007,198,Daniel Munoz de la Nava,25
2007,199,Sergiy Stakhovsky,21
2007,200,Simon Stadler,24
2007,201,Jesse Huta Galung,22
2007,202,Thomaz Bellucci,20
2007,203,Ilija Bozoljac,22
2007,204,Jan Minar,26
2007,205,Adrian Cruciat,24
2007,206,Go Soeda,23
2007,207,Ramon Delgado,31
2007,208,Marc Lopez,25
2007,209,Andreas Beck,21
2007,210,Tobias Kamke,21
2007,211,Mikhail Elgin,26
2007,212,Michael Lammer,25
2007,213,Laurent Recouderc,23
2007,214,Jamie Baker,21
2007,215,Benedikt Dorsch,26
2007,216,Simon Greul,26
2007,217,Gary Lugassy,25
2007,218,Mikhail Kukushkin,20
2007,219,Stephane Bohli,24
2007,220,Daniel Brands,20
2007,221,Kevin Anderson,21
2007,222,Lukasz Kubot,25
2007,223,Gabriel Trujillo-Soler,28
2007,224,Ivo Klec,27
2007,225,Jesse Witten,25
2007,226,Cristian Villagran,25
2007,227,Hugo Armando,29
2007,228,Kyu Tae Im,26
2007,229,Diego Junqueira,27
2007,230,Denis Istomin,21
2007,231,Brendan Evans,21
2007,232,Adrian Menendez-Maceiras,22
2007,233,Alexandr Dolgopolov,19
2007,234,Filip Prpic,25
2007,235,Jan Vacek,31
2007,236,Michael Ryderstedt,23
2007,237,Catalin-Ionut Gard,26
2007,238,Franco Ferreiro,23
2007,239,Matwe Middelkoop,24
2007,240,Jerome Haehnel,27
2007,241,Takao Suzuki,31
2007,242,Alexander Waske,32
2007,243,Pavel Snobel,27
2007,244,Wayne Arthurs,36
2007,245,Jan Hajek,24
2007,246,Noam Okun,29
2007,247,Andreas Haider-Maurer,20
2007,248,Francesco Aldi,26
2007,249,Andis Juska,22
2007,250,Predrag Rusevski,24
2007,251,Nick Lindahl,19
2007,252,Farrukh Dustov,21
2007,253,Rajeev Ram,23
2007,254,Ryan Sweeting,20
2007,255,Alexander Kudryavtsev,22
2007,256,Michal Przysiezny,23
2007,257,Ricardo Mello,27
2007,258,Daniele Bracciali,29
2007,259,Nathan Healey,27
2007,260,Michael Quintero,27
2007,261,Mariano Puerta,29
2007,262,Horacio Zeballos,22
2007,263,Thomas Oger,27
2007,264,Martin Fischer,21
2007,265,Vasilis Mazarakis,27
2007,266,Marc Fornell-Mestres,25
2007,267,Tomas Cakl,26
2007,268,Adrian Ungur,22
2007,269,Juan-Martin Aranguren,24
2007,270,Davide Sanguinetti,35
2007,271,Lukas Rosol,22
2007,272,Pere Riba,19
2007,273,Scoville Jenkins,21
2007,274,Simone Vagnozzi,24
2007,275,Augustin Gensse,24
2007,276,Ivan Sergeyev,19
2007,277,Ivan Miranda,27
2007,278,Prakash Amritraj,24
2007,279,Fritz Wolmarans,21
2007,280,Marko Tkalec,30
2007,281,Miguel Angel Lopez Jaen,25
2007,282,Victor Crivoi,25
2007,283,Francesco Piccari,28
2007,284,Todd Widom,24
2007,285,Bjorn Rehnquist,29
2007,286,Kei Nishikori,18
2007,287,Alberto Brizzi,23
2007,288,Brian Wilson,25
2007,289,Sebastian Decoud,26
2007,290,Martin Slanar,26
2007,291,Rohan Bopanna,27
2007,292,Tim Henman,33
2007,293,Pavel Chekhov,19
2007,294,Paolo Lorenzi,26
2007,295,Michal Mertinak,28
2007,296,Izak Van der Merwe,23
2007,297,Ti Chen,24
2007,298,Gouichi Motomura,34
2007,299,Scott Oudsema,21
2007,300,Ivan Dodig,22
2007,301,Josselin Ouanna,21
2007,302,Gustavo Marcaccio,30
2007,303,Richard Bloomfield,24
2007,304,Carlos Salamanca,24
2007,305,Dawid Olejniczak,24
2007,306,Rogerio Dutra Silva,23
2007,307,Julian Reister,21
2007,308,Caio Zampieri,21
2007,309,Rameez Junaid,26
2007,310,Colin Ebelthite,23
2007,311,Phillip King,26
2007,312,Manuel Jorquera,29
2007,313,Joao Souza,19
2007,314,Juan-Pablo Villar,25
2007,315,Adam Feeney,22
2007,316,Conor Niland,26
2007,317,Victor Estrella Burgos,27
2007,318,Rainer Eitzinger,24
2007,319,Nicolas Todero,28
2007,320,Benjamin Balleret,24
2007,321,Marsel Ilhan,20
2007,322,Ryler DeHeart,23
2007,323,Denis Matsukevich,21
2007,324,Adrian Mannarino,19
2007,325,Dieter Kindlmann,25
2007,326,Bartolome Salva-Vidal,21
2007,327,Jose Antonio Sanchez-de Luna,23
2007,328,Alberto Francis,25
2007,329,Vjekoslav Skenderovic,24
2007,330,Woong-Sun Jun,21
2007,331,Frederik Nielsen,24
2007,332,Kamil Capkovic,21
2007,333,Andrea Stoppini,27
2007,334,Amir Weintraub,21
2007,335,Lamine Ouahab,23
2007,336,Grega Zemlja,21
2007,337,Alexander Satschko,27
2007,338,Albert Portas,34
2007,339,Jae-Sung An,22
2007,340,Ivan Cerovic,25
2007,341,Sam Groth,20
2007,342,Jean-Christophe Faurel,26
2007,343,Peter Polansky,19
2007,344,Daniel King-Turner,23
2007,345,Todor Enev,25
2007,346,Komlavi Loglo,23
2007,347,Nicholas Monroe,25
2007,348,John Paul Fruttero,26
2007,349,Lester Cook,23
2007,350,Joachim Johansson,25
2007,351,Dusan Lojda,19
2007,352,Jaroslav Pospisil,26
2007,353,Hector Ruiz-Cadenas,24
2007,354,Louk Sorensen,22
2007,355,Andrew Coelho,20
2007,356,Marco Crugnola,24
2007,357,Evgeny Kirillov,20
2007,358,Dennis van Scheppingen,32
2007,359,Guillermo Alcaide,21
2007,360,Andre Ghem,25
2007,361,Alexandre Sidorenko,19
2007,362,David Marrero,27
2007,363,Niels Desein,20
2007,364,Jean-Rene Lisnard,28
2007,365,Bastian Knittel,24
2007,366,Juan Sebastian Cabal,21
2007,367,Gabriel Moraru,25
2007,368,Karan Rastogi,21
2007,369,Satoshi Iwabuchi,32
2007,370,Stefano Ianni,26
2007,371,Mohamed Mamoun,26
2007,372,Lado Chikhladze,22
2007,373,Rabie Chaki,25
2007,374,Josh Goodall,22
2007,375,Alejandro Fabbri,25
2007,376,Gorka Fraile,29
2007,377,Sebastien De Chaunac,30
2007,378,Marcel Felder,23
2007,379,Lars Uebel,27
2007,380,Javier Genaro-Martinez,28
2007,381,Carsten Ball,20
2007,382,Damian Patriarca,24
2007,383,Thiago Alves,25
2007,384,Konstantin Kravchuk,22
2007,385,Igor Sijsling,20
2007,386,Greg Jones,18
2007,387,Carlos Poch-Gradin,25
2007,388,Daniel Dutra da Silva,19
2007,389,Adam Vejmelka,22
2007,390,Leonardo Azzaro,29
2007,391,Blaz Kavcic,20
2007,392,Giancarlo Petrazzuolo,27
2007,393,Gianluca Naso,20
2007,394,Timo Nieminen,26
2007,395,Martin Klizan,18
2007,396,Pierrick Ysern,23
2007,397,Takahiro Terachi,28
2007,398,Giovanni Lapentti,24
2007,399,Julio Cesar Campozano,21
2007,400,Andrea Arnaboldi,20
2007,401,Adriano Biasella,27
2007,402,Pierre-Ludovic Duclos,21
2007,403,Martin Pedersen,20
2007,404,Andre Miele,20
2007,405,Vladimir Voltchkov,29
2007,406,Dmitry Vlasov,25
2007,407,Antal Van Der Duim,20
2007,408,Alexander Slabinsky,21
2007,409,Dekel Valtzer,23
2007,410,Nicolas Tourte,28
2007,411,Nikita Kryvonos,21
2007,412,Daniel Lustig,23
2007,413,Reda El Amrani,19
2007,414,Nick Van Der Meer,22
2007,415,Ruben Bemelmans,19
2007,416,Artem Smirnov,19
2007,417,Leandro Migani,22
2007,418,Jorge Aguilar,22
2007,419,Pablo Santos,23
2007,420,Sunil-Kumar Sipaeya,24
2007,421,Michael McClune,18
2007,422,Paul Baccanello,28
2007,423,Jonathan Gonzalia,24
2007,424,Cesar Ferrer-Victoria,27
2007,425,Felix Mantilla,33
2007,426,Lars Burgsmuller,32
2007,427,Stefan Wauters,25
2007,428,Diego Alvarez,27
2007,429,Juan Albert Viloca-Puig,34
2007,430,Enrico Burzi,26
2007,431,Antonio Pastorino,25
2007,432,Ricardo Hocevar,22
2007,433,Alexander Flock,24
2007,434,Tobias Summerer,24
2007,435,Teodor-Dacian Craciun,27
2007,436,Peter Gojowczyk,18
2007,437,Kornel Bardoczky,29
2007,438,Florin Mergea,22
2007,439,Miguel Gallardo-Valles,26
2007,440,Jan Stancik,24
2007,441,Juho Paukku,21
2007,442,Juan-Pablo Amado,21
2007,443,Wesley Whitehouse,28
2007,444,Thiemo de Bakker,19
2007,445,Martin Vacek,26
2007,446,Mohammad Ghareeb,27
2007,447,Stephane Robert,27
2007,448,Bruno Rodriguez,21
2007,449,Franko Skugor,20
2007,450,Vincent Millot,21
2007,451,Mounir El Aarej,30
2007,452,Deniss Pavlovs,24
2007,453,Daniele Giorgini,23
2007,454,Roberto Bautista Agut,19
2007,455,Antonio Veic,19
2007,456,Pedro Clar-Rossello,21
2007,457,Illya Marchenko,20
2007,458,Toshihide Matsui,29
2007,459,Dustin Brown,23
2007,460,Clement Morel,23
2007,461,Pavol Cervenak,20
2007,462,Armin Sandbichler,22
2007,463,Luka Gregorc,23
2007,464,George Bastl,32
2007,465,Romain Jouan,22
2007,466,Tony Holzinger,24
2007,467,Ladislav Chramosta,26
2007,468,Guillermo Olaso,19
2007,469,Marco Mirnegg,25
2007,470,Jonathan Dasnieres de Veigy,20
2007,471,Marek Semjan,20
2007,472,Martin Alund,22
2007,473,Xavier Audouy,32
2007,474,Jonathan Eysseric,17
2007,475,Phillip Simmonds,21
2007,476,Boy Westerhof,22
2007,477,Oh-Hee Kwon,29
2007,478,Alexandre Bonatto,23
2007,479,Matteo Volante,23
2007,480,Sergei Bubka,20
2007,481,Marcus Sarstrand,29
2007,482,Guillem Burniol,24
2007,483,Hyun-Woo Nam,22
2007,484,Diego Cristin,26
2007,485,Carlos Avellan,25
2007,486,Carlos Rexach-Itoiz,28
2007,487,Marco Chiudinelli,26
2007,488,Santiago Gonzalez,24
2007,489,Miles Armstrong,21
2007,490,Marcel Zimmermann,22
2007,491,Lee Childs,25
2007,492,Marc Meigel,19
2007,493,Artemon Apostu-Efremov,28
2007,494,Alejandro Kon,21
2007,495,Oscar Burrieza-Lopez,32
2007,496,Ignacio Coll-Riudavets,20
2007,497,Bogdan Leonte,21
2007,498,Kenneth Carlsen,34
2007,499,Julien Jeanpierre,27
2007,500,Vladimir Obradovic,26
2007,501,David Savic,22
2007,502,Cecil Mamiit,31
2007,503,Diego Veronelli,28
2007,504,Ivaylo Traykov,29
2007,505,Peng Sun,24
2007,506,Simon Rea,25
2007,507,Artem Sitak,21
2007,508,Roman Borvanov,25
2007,509,Matteo Marrai,21
2007,510,Marin Bradaric,22
2007,511,Xavier Pujo,30
2007,512,Jeroen Masson,26
2007,513,Travis Rettenmaier,24
2007,514,Luis Manuel Flores,22
2007,515,Thomas Fabbiano,18
2007,516,Tatsuma Ito,19
2007,517,Slimane Saoudi,32
2007,518,Leonardo Tavares,23
2007,519,Miles Kasiri,21
2007,520,Julien Maes,26
2007,521,Yohny Romero,29
2007,522,Michael Yani,26
2007,523,Darko Madjarovski,24
2007,524,Andrei Mlendea,23
2007,525,Rafael Arevalo,21
2007,526,Tobias Clemens,28
2007,527,Tetsuya Chaen,34
2007,528,Michel Koning,23
2007,529,Ludovic Walter,24
2007,530,Raphael Durek,23
2007,531,Walter Trusendi,22
2007,532,Nicolas Coutelot,30
2007,533,Sherif Sabry,21
2007,534,Pablo Galdon,22
2007,535,Marco Pedrini,24
2007,536,Andre Sa,30
2007,537,Aqeel Khan,27
2007,538,Uros Vico,26
2007,539,Peter Clarke,28
2007,540,Horia Tecau,22
2007,541,Xin-Yuan Yu,22
2007,542,Matthew Ebden,20
2007,543,Alexey Kedryuk,27
2007,544,Miquel Perez Puigdomenech,23
2007,545,Luigi D'Agord,23
2007,546,Clinton Thomson,23
2007,547,Mehdi Ziadi,21
2007,548,Daniel Garza,22
2007,549,Ashutosh Singh,25
2007,550,Alberto Giraudo,24
2007,551,Alessandro Da Col,29
2007,552,Marc-Andre Stratling,21
2007,553,Guillermo Hormazabal,22
2007,554,Edward Seator,21
2007,555,Adrian Gavrila,23
2007,556,Justin Gimelstob,30
2007,557,Petar Popovic,25
2007,558,James Ward,20
2007,559,Leonardo Kirche,22
2007,560,Rubin Statham,20
2007,561,Marcelo Charpentier,34
2007,562,Ervin Eleskovic,20
2007,563,Ivan Endara,19
2007,564,Fred Hemmes,26
2007,565,Philipp Oswald,21
2007,566,Christian Magg,26
2007,567,Blazej Koniusz,19
2007,568,Rodrigo-Antonio Grilli,28
2007,569,Alessandro Accardo,24
2007,570,Michal Tabara,28
2007,571,Andrei Gorban,24
2007,572,Gvidas Sabeckis,23
2007,573,Syrym Abdukhalikov,20
2007,574,Milan Pokrajac,20
2007,575,Ivan Bjelica,23
2007,576,Richard Ruckelshausen,20
2007,577,Victor Stanica,20
2007,578,Johan Brunstrom,27
2007,579,Raian Luchici,23
2007,580,Alexander Sadecky,20
2007,581,Marius Zay,25
2007,582,Karol Beck,25
2007,583,Massimo Dell'Acqua,28
2007,584,Yuichi Ito,21
2007,585,Felipe Parada,26
2007,586,Guido Pella,17
2007,587,Petru-Alexandru Luncanu,18
2007,588,Maxime Authom,20
2007,589,Adam Chadaj,23
2007,590,Norikazu Sugiyama,30
2007,591,Rasmus Norby,25
2007,592,Marcin Gawron,19
2007,593,Jakub Hasek,26
2007,594,Charles Roche,24
2007,595,Gero Kretschmer,22
2007,596,Federico Torresi,27
2007,597,Patrick Schmolzer,23
2007,598,David Novak,24
2007,599,Justin Diao Natale,26
2007,600,Max Raditschnigg,24
2007,601,Shao-Xuan Zeng,26
2007,602,Photos Kallias,23
2007,603,Marc Sieber,19
2007,604,Peter Shults,24
2007,605,Alan Mackin,26
2007,606,Filip Polasek,22
2007,607,Rudy Coco,23
2007,608,Alejandro Gonzalez,18
2007,609,Yu Jr. Wang,26
2007,610,Marinko Matosevic,22
2007,611,Vladislav Bondarenko,20
2007,612,Jordi Marse-Vidri,27
2007,613,Edgardo Massa,26
2007,614,Robin Vik,27
2007,615,Hyung-Tae Kwon,23
2007,616,Divij Sharan,21
2007,617,Robert Godlewski,23
2007,618,Brydan Klein,17
2007,619,Lionel Noviski,24
2007,620,Goran Tosic,25
2007,621,Gaston-Arturo Grimolizzi,21
2007,622,David Klier,20
2007,623,Valentin Sanon,27
2007,624,Olivier Charroin,25
2007,625,Yaoki Ishii,30
2007,626,Dusan Karol,24
2007,627,Andres Molteni,19
2007,628,Paradorn Srichaphan,28
2007,629,Cesar Ramirez,17
2007,630,Razvan Sabau,30
2007,631,Nicolas Renavand,25
2007,632,Nima Roshan,22
2007,633,Roman Recarte,20
2007,634,Baptiste Dupuy,26
2007,635,Stian Boretti,26
2007,636,Valery Rudnev,19
2007,637,Yannick Mertens,20
2007,638,Gastao Elias,17
2007,639,Nathan Thompson,25
2007,640,Carlos Palencia,26
2007,641,Frederic Nussbaum,25
2007,642,Andre Wiesler,25
2007,643,Shane La Porte,22
2007,644,Mathieu Guenat,21
2007,645,Yan Bai,18
2007,646,Sebastian Rieschick,21
2007,647,Lucas Engel,26
2007,648,Christopher Lam,24
2007,649,Nikola Mektic,19
2007,650,Alexandre Renard,25
2007,651,Aditya Madkekar,22
2007,652,Myles Blake,20
2007,653,Chris Wettengel,25
2007,654,Matias Silva,23
2007,655,Sadik Kadir,26
2007,656,Sergio Perez-Perez,23
2007,657,Frederic Jeanclaude,26
2007,658,Chris Eaton,20
2007,659,Marco Di Vuolo,24
2007,660,Michel Kratochvil,28
2007,661,Henry Adjei-Darko,24
2007,662,Jean-Julien Rojer,26
2007,663,Torsten Popp,24
2007,664,Victor Romero,28
2007,665,Erik Chvojka,21
2007,666,Hiroki Kondo,25
2007,667,Kento Takeuchi,20
2007,668,Sat Galan,25
2007,669,Charly Villeneuve,23
2007,670,Cyril Saulnier,32
2007,671,Gregoire Burquier,23
2007,672,Sarvar Ikramov,22
2007,673,Alexander Yarmola,29
2007,674,Matt Bruch,20
2007,675,Carl Bergman,20
2007,676,Victor Kozin,19
2007,677,Philip Bester,19
2007,678,Martin Verkerk,29
2007,679,Benoit Paire,18
2007,680,Gustavo Kuerten,31
2007,681,Haydn Lewis,21
2007,682,Guillermo Carry,26
2007,683,Karim Maamoun,28
2007,683,Aldin Setkic,20
2007,685,Tsung-Hua Yang,16
2007,686,Gyorgy Balazs,22
2007,687,Gabriel Pitta,27
2007,688,Denys Molchanov,20
2007,688,Vivek Shokeen,20
2007,690,Grzegorz Panfil,19
2007,691,Tom Rushby,21
2007,692,Nenad Zimonjic,31
2007,693,Gilles Elseneer,29
2007,694,Sven Swinnen,26
2007,695,Markus Egger,24
2007,695,Miloslav Mecir,19
2007,697,Lesley Joseph,26
2007,698,Philipp Marx,25
2007,699,Claudio Grassi,22
2007,700,Mikhail Vasiliev,21
2007,701,Jiri Skoloudik,20
2007,702,Adam Fass,22
2007,703,Motaz Abou El Khair,24
2007,704,Masato Hatanaka,26
2007,705,Robin Brage,24
2007,706,Vijay Kannan,27
2007,707,Ricardas Berankis,17
2007,708,Ken Skupski,24
2007,709,Dmitri Sitak,24
2007,710,Ilia Kushev,27
2007,711,Eric Gomes,23
2007,712,Ralph Grambow,28
2007,713,Elbert Sie,20
2007,714,Tim Smyczek,20
2007,715,Jhonathan Medina-Alvarez,25
2007,716,Hsin-Han Lee,19
2007,717,Idan Mark,20
2007,718,Albert Ramos-Vinolas,19
2007,719,Raven Klaasen,25
2007,720,Trystan Meniane,26
2007,721,Alexander Somogyi,19
2007,722,Luis Antonio Perez-Perez,26
2007,723,Jun-Chao Xu,19
2007,724,Luca Vanni,22
2007,725,Lazar Magdincev,27
2007,726,Philippe De Bonnevie,22
2007,727,Riccardo Ghedin,22
2007,728,Attila Balazs,19
2007,729,Robert Yim,22
2007,730,Sasa Tuksar,24
2007,731,Mathieu Rodrigues,22
2007,732,Bertram Steinberger,21
2007,733,Rui Machado,23
2007,734,Romain Hardy,21
2007,735,Guilherme Ochiai,26
2007,736,Nicolas Santos,19
2007,737,Matteo Galli,26
2007,738,Daniel Elsner,28
2007,739,Jan Masik,24
2007,740,Albert Loncaric,26
2007,741,Piero Luisi,20
2007,742,Marius Copil,17
2007,743,Navdeep Singh,21
2007,744,Walid Jallali,29
2007,745,Mait Kunnap,25
2007,746,Christoph Palmanshofer,26
2007,747,Filip Zeman,19
2007,748,Stefan Seifert,22
2007,749,Juan-Manuel Elizondo,24
2007,750,Karel Triska,23
2007,751,Lance Vodicka,25
2007,752,Ludwig Pellerin,25
2007,753,Dennis Lajola,18
2007,754,Sebo Kiss,24
2007,755,Adam Kellner,21
2007,756,Alexandros Jakupovic,26
2007,757,Jean-Noel Insausti,23
2007,758,Julien Mathieu,25
2007,759,Lovro Zovko,26
2007,760,Benjamin Dracos,23
2007,760,Patrick Eichenberger,19
2007,762,Fabio Colangelo,26
2007,763,Luka Belic,19
2007,764,Marcio Torres,26
2007,765,Ervand Gasparyan,20
2007,766,Tim Goransson,19
2007,767,Marc Auradou,23
2007,768,Juan-Luis Rascon-Lope,36
2007,769,Ryan Rowe,21
2007,770,Pablo Figueroa,22
2007,771,Julio Peralta,26
2007,772,Mark Joachim,34
2007,773,Jordane Doble,27
2007,774,Weerapat Doakmaiklee,20
2007,775,Jose Checa-Calvo,22
2007,776,Bart Beks,34
2007,777,Daniel Kumlin,20
2007,778,Tigran Martirosyan,24
2007,778,Roman Vogeli,22
2007,780,Oscar Sabate-Bretos,21
2007,781,Enrico Iannuzzi,24
2007,782,Tiago Lopes,21
2007,783,Maxim Filippov,20
2007,784,Erling Tveit,23
2007,785,Danila Arsenov,18
2007,786,Pierre Metenier,24
2007,787,Andrei Karatchenia,18
2007,788,Tushar Liberhan,21
2007,789,Ante Nakic-Alfirevic,20
2007,789,Justin O'Neal,30
2007,791,Daniel Stoehr,24
2007,792,Angel Alonso-Campos,23
2007,793,Thomas Dupre,33
2007,794,Hicham Arazi,34
2007,795,Thomas Schiessling,33
2007,796,Rhyne Williams,16
2007,797,Antonio Baldellou-Esteva,26
2007,797,Jose De Armas,26
2007,799,Victor Ionita,24
2007,800,Thomas Schoeck,26
2007,801,Marcelo Demoliner,18
2007,802,Diego Hipperdinger,30
2007,803,Scott Doerner,23
2007,804,Anas Fattar,20
2007,805,Thomas Cazes-Carrere,23
2007,806,Adam Thompson,25
2007,807,Hans Podlipnik-Castillo,19
2007,808,Robert Belak,20
2007,809,Jeremy Blandin,26
2007,809,Cheong-Eui Kim,17
2007,811,Younes Rachidi,21
2007,812,Yves Allegro,29
2007,813,Jacob Adaktusson,27
2007,813,Bryan Koniecko,20
2007,813,Christian Ramos,19
2007,816,Jeff Salzenstein,34
2007,817,Tyler Cleveland,29
2007,818,James Cluskey,21
2007,819,Yassine Idmbarek,21
2007,820,Nicolas Jara-Lozano,21
2007,821,Pablo Martin-Adalia,19
2007,822,Aleksandar Vlaski,25
2007,823,Kristijan Mesaros,19
2007,824,Ian Flanagan,25
2007,825,Mathias Feitsch,18
2007,826,Mao-Xin Gong,20
2007,827,Ivan Anikanov,19
2007,828,Evgeny Donskoy,17
2007,829,Ladislav Svarc,29
2007,830,Rafael Camilo,17
2007,831,Daniel-Alejandro Lopez Cassaccia,18
2007,832,Andrei Plotniy,19
2007,833,Simeon Ivanov,22
2007,834,Leonel Alberti,21
2007,835,Federico Cavallero,19
2007,836,Jan Marek,20
2007,837,Matteo Viola,20
2007,838,Guillermo Bujniewicz,21
2007,839,Alessandro Motti,28
2007,839,Sanchai Ratiwatana,25
2007,841,Seung-Hoon Lee,28
2007,842,Brian Baker,22
2007,843,Andrew Thomas,17
2007,844,Luke Bourgeois,30
2007,845,Francisco Franco,19
2007,846,Yann Marti,19
2007,847,Kacper Owsian,21
2007,848,Peter Torebko,19
2007,849,Paul Warkentin,25
2007,850,Eduardo Peralta-Tello,18
2007,851,Murad Inoyatov,23
2007,852,Martin Emmrich,23
2007,852,Josko Topic,24
2007,854,Thomas Schoorel,18
2007,855,Benjamin Ebrahimzadeh,27
2007,855,Alessandro Piccari,25
2007,857,Florian Reynet,21
2007,857,Juan-Francisco Spina,22
2007,859,Neil Bamford,25
2007,860,Marcos Conocente,19
2007,860,Miljan Zekic,19
2007,862,Purav Raja,22
2007,863,Pavel Katliarov,19
2007,864,Nikola Martinovic,23
2007,865,Mauricio Doria-Medina,19
2007,866,Adolfo Gomez Pinter,21
2007,866,Federico Paskvan,20
2007,868,Andrew Roberts,22
2007,869,Frantisek Cermak,31
2007,869,Holger Fischer,27
2007,871,Alex Calatrava,34
2007,871,Mikhail Fufygin,17
2007,871,Rok Jarc,22
2007,874,Uladzimir Ignatik,17
2007,875,Sergei Demekhine,23
2007,876,Patrick Taubert,20
2007,876,Michael Venus,20
2007,878,Eduardo Struvay,17
2007,879,Jean-Claude Scherrer,29
2007,880,Giulio Di Meo,25
2007,880,Amir Hadad,29
2007,880,Agustin Tarantino,26
2007,883,Roberto Maytin,18
2007,884,Sergei Krotiouk,29
2007,885,Arata Onozawa,19
2007,885,Michal Pazicky,20
2007,887,Adam Kennedy,24
2007,888,Borja Malo,20
2007,889,Richard Irwin,22
2007,890,Alexei Filenkov,26
2007,891,Vahid Mirzadeh,21
2007,892,Peter Lucassen,19
2007,893,Laurent Rochette,19
2007,894,Victor-Mugurel Anagnastopol,21
2007,894,Zhe Li,21
2007,894,Mattia Livraghi,26
2007,894,Federico Sansonetti,21
2007,898,Damian Listingart,21
2007,899,Agustin Boje-Ordonez,19
2007,899,Jiri Krkoska,23
2007,899,Matthew Smith,23
2007,902,Diego Lopez,24
2007,903,Jeevan Nedunchezhiyan,19
2007,904,James May,26
2007,905,Andrey Kumantsov,21
2007,905,Melvyn Op der Heijde,32
2007,905,Matteo Trevisan,18
2007,908,Matias Niemiz,22
2007,909,Vaja Uzakov,19
2007,910,Igor Zelenay,25
2007,911,Adrien Bossel,21
2007,912,Alexandre Krasnoroutskiy,20
2007,913,Luis David Martinez,18
2007,914,Maciej Dilaj,28
2007,914,Philip Riise-Hansen,25
2007,916,Stephen Bass,22
2007,916,Rodrigo Guidolin,22
2007,916,Marcel-Ioan Miron,25
2007,919,Steven Goh,19
2007,920,Maximilian Abel,25
2007,921,David Brewer,22
2007,922,Joaquin-Jesus Monteferrario,22
2007,923,Juan-Miguel Such-Perez,23
2007,924,Yannick Thomet,19
2007,925,Sergey Betov,20
2007,925,Rylan Rizza,23
2007,925,Ruben Torres,26
2007,928,Mariano Albert-Ferrando,25
2007,929,Cristian Paiz,26
2007,929,Matt Simpson,23
2007,931,Rodolphe Cadart,29
2007,931,Jiri Novak,32
2007,933,Haythem Abid,22
2007,933,Patricio Alvarado,18
2007,935,Mikael Ekman,23
2007,935,Jan Kroslak,33
2007,937,Lauri Kiiski,27
2007,938,Vladimir Karusevich,17
2007,939,Austin Krajicek,17
2007,940,Devin Mullings,22
2007,940,Martin Vilarrubi,23
2007,942,Robert Haybittel,23
2007,942,Petar Jelenic,20
2007,944,Vishnu Vardhan,20
2007,944,Chu-Huan Yi,20
2007,946,Marcus Fugate,19
2007,947,Kaden Hensel,21
2007,948,Demian Gschwend,21
2007,948,Lucas Jovita,20
2007,950,Daniel Cox,17
2007,951,Joao Sousa,18
2007,952,Paris Gemouchidis,19
2007,952,John McGahon,25
2007,954,Sergio Gutierrez-Ferrol,18
2007,954,Karlis Lejnieks,19
2007,954,Christoph Steiner,21
2007,957,Raony Carvalho,20
2007,957,Dusan Mihailovic,24
2007,959,Michal Konecny,18
2007,960,Yuri Bezeruk,23
2007,961,Facundo Bagnis,17
2007,961,David Stojan,22
2007,961,Marco Viola,24
2007,964,Roman Valent,24
2007,965,Ty Trombetta,17
2007,966,Andre Begemann,23
2007,966,Heinrich Heyl,24
2007,968,Mauricio Estivariz,21
2007,969,Cristhian Ignacio Benedetti,20
2007,969,Vasko Mladenov,18
2007,969,Jordi Samper-Montana,17
2007,969,Robert Varga,19
2007,973,Abdullah Maqdes,20
2007,974,Theodor Devoty,26
2007,974,Laurentiu Erlic,21
2007,974,Tihomir Grozdanov,20
2007,974,Matthew Hogan,19
2007,978,Joel Kielbowicz,24
2007,978,Ivan Nedelko,21
2007,980,Alexandre Simoni,28
2007,980,Ergun Zorlu,22
2007,982,Andrei Ciumac,22
2007,982,Antoine Hamard,26
2007,984,Massimo Capone,22
2007,984,Daniel Dueren,23
2007,984,Ilie-Aurelian Giurgiu,20
2007,984,Yordan Kanev,23
2007,984,Andre Pinheiro,19
2007,984,Laurent Vigne,21
2007,984,Vilim Visak,21
2007,991,Cosmin Cotet,23
2007,991,Ismar Gorcic,24
2007,993,Travis Helgeson,22
2007,993,Jonathan Marray,26
2007,993,Sheeva Parbhu,21
2007,993,Jean-Michel Pequery,29
2007,993,Peter Steinberger,22
2007,993,Jurgens Strydom,20
2007,999,Katsushi Fukuda,31
2007,1000,Jean-Francois Berard,33
2006,1,Roger Federer,25
2006,2,Rafael Nadal,20
2006,3,Nikolay Davydenko,25
2006,4,James Blake,26
2006,5,Ivan Ljubicic,27
2006,6,Andy Roddick,24
2006,7,Tommy Robredo,24
2006,8,David Nalbandian,24
2006,9,Mario Ancic,22
2006,10,Fernando Gonzalez,26
2006,11,Tommy Haas,28
2006,12,Marcos Baghdatis,21
2006,13,Tomas Berdych,21
2006,14,David Ferrer,24
2006,15,Jarkko Nieminen,25
2006,16,Novak Djokovic,19
2006,17,Andy Murray,19
2006,18,Richard Gasquet,20
2006,19,Radek Stepanek,28
2006,20,Lleyton Hewitt,25
2006,21,Dominik Hrbaty,28
2006,22,Dmitry Tursunov,24
2006,23,Juan Carlos Ferrero,26
2006,24,Mikhail Youzhny,24
2006,25,Robin Soderling,22
2006,26,Marat Safin,26
2006,27,Jose Acasuso,24
2006,28,Sebastien Grosjean,28
2006,29,Agustin Calleri,30
2006,30,Stan Wawrinka,21
2006,31,Kristof Vliegen,24
2006,32,Nicolas Almagro,21
2006,33,Juan Ignacio Chela,27
2006,34,Gaston Gaudio,28
2006,35,Fernando Verdasco,23
2006,36,Olivier Rochus,25
2006,37,Xavier Malisse,26
2006,38,Filippo Volandri,25
2006,39,Tim Henman,32
2006,40,Julien Benneteau,25
2006,41,Jurgen Melzer,25
2006,42,Arnaud Clement,29
2006,43,Carlos Moya,30
2006,44,Nicolas Massu,27
2006,45,Gilles Simon,21
2006,46,Gael Monfils,20
2006,47,Mardy Fish,25
2006,48,Nicolas Kiefer,29
2006,49,Hyung-Taik Lee,30
2006,50,Marc Gicquel,29
2006,51,Robby Ginepri,24
2006,52,Fabrice Santoro,34
2006,53,Paradorn Srichaphan,27
2006,54,Jonas Bjorkman,34
2006,55,Paul-Henri Mathieu,24
2006,56,Florian Mayer,23
2006,57,Ruben Ramirez Hidalgo,28
2006,58,Benjamin Becker,25
2006,59,Max Mirnyi,29
2006,60,Florent Serra,25
2006,61,Alberto Martin,28
2006,62,Philipp Kohlschreiber,23
2006,63,Luis Horna,26
2006,64,Janko Tipsarevic,22
2006,65,Daniele Bracciali,28
2006,66,Nicolas Mahut,24
2006,67,Nicolas Lapentti,30
2006,68,Guillermo Garcia-Lopez,23
2006,69,Juan Monaco,22
2006,70,Paul Goldstein,30
2006,71,Thomas Johansson,31
2006,72,Sergio Roitman,27
2006,73,Vincent Spadea,32
2006,74,Andreas Seppi,22
2006,75,Jan Hernych,27
2006,76,Jan Hajek,23
2006,77,Bjorn Phau,27
2006,78,Christophe Rochus,28
2006,79,Feliciano Lopez,25
2006,80,Stefan Koubek,29
2006,81,Martin Vassallo Arguello,26
2006,82,Simon Greul,25
2006,83,Potito Starace,25
2006,84,Kristian Pless,25
2006,85,Albert Montanes,26
2006,86,Justin Gimelstob,29
2006,87,Robert Kendrick,27
2006,88,Frank Dancevic,22
2006,89,Yen-Hsun Lu,23
2006,90,Alessio Di Mauro,29
2006,91,Igor Andreev,23
2006,92,Juan Martin del Potro,18
2006,93,Amer Delic,24
2006,94,Igor Kunitsyn,25
2006,95,Nicolas Devilder,26
2006,96,Michael Llodra,26
2006,97,Rainer Schuettler,30
2006,98,Ivo Karlovic,27
2006,99,Lukas Dlouhy,23
2006,100,Olivier Patience,26
2006,101,Kevin Kim,28
2006,102,Jiri Vanek,28
2006,103,Evgeny Korolev,18
2006,104,Danai Udomchoke,25
2006,105,Gilles Muller,23
2006,106,Thiago Alves,24
2006,107,Davide Sanguinetti,34
2006,108,Alejandro Falla,23
2006,109,Alexander Waske,31
2006,110,Stefano Galvani,29
2006,111,Fernando Vicente,29
2006,112,Teymuraz Gabashvili,21
2006,113,Andrei Pavel,32
2006,114,Mark Philippoussis,30
2006,115,Oliver Marach,26
2006,116,Guillermo Coria,24
2006,117,Robin Vik,26
2006,118,Flavio Saretta,26
2006,119,Raemon Sluiter,28
2006,120,Konstantinos Economidis,29
2006,121,Dick Norman,35
2006,122,Wesley Moodie,27
2006,123,Alex Bogdanovic,22
2006,124,Boris Pashanski,24
2006,125,Lukasz Kubot,24
2006,126,Ilija Bozoljac,21
2006,127,Simone Bolelli,21
2006,128,Ivan Navarro,25
2006,129,Jiri Novak,31
2006,130,Sam Querrey,19
2006,131,Diego Hartfield,25
2006,132,Carlos Berlocq,23
2006,133,Tomas Zib,30
2006,134,Ricardo Mello,26
2006,135,Rik De Voest,26
2006,136,Gorka Fraile,28
2006,137,Kenneth Carlsen,33
2006,138,Denis Gremelmayr,25
2006,139,Alexander Peya,26
2006,140,Albert Portas,33
2006,141,Ernests Gulbis,18
2006,142,Oscar Hernandez,28
2006,143,Guillermo Canas,29
2006,144,Michael Russell,28
2006,145,Werner Eschauer,32
2006,146,Andreas Vinciguerra,25
2006,147,Federico Luzzi,26
2006,148,Jimmy Wang,21
2006,149,Paul Capdeville,23
2006,150,Andre Agassi,36
2006,151,Mischa Zverev,19
2006,152,Michael Berrer,26
2006,153,Chris Guccione,21
2006,154,Fred Gil,21
2006,155,Marco Chiudinelli,25
2006,156,Ramon Delgado,30
2006,157,Jean-Christophe Faurel,25
2006,158,Juan-Pablo Guzman,25
2006,159,Ivo Minar,22
2006,160,Marcel Granollers,20
2006,161,Wayne Arthurs,35
2006,162,Nathan Healey,26
2006,163,Roko Karanusic,24
2006,164,Irakli Labadze,25
2006,165,Marcos Daniel,28
2006,166,Peter Luczak,27
2006,167,Robin Haase,19
2006,168,Paolo Lorenzi,25
2006,169,Zack Fleishman,26
2006,170,Marin Cilic,18
2006,171,Jesse Witten,24
2006,172,Lamine Ouahab,22
2006,173,George Bastl,31
2006,174,Sam Warburg,23
2006,175,Santiago Giraldo,19
2006,176,Diego Junqueira,25
2006,177,Lars Burgsmuller,31
2006,178,Noam Okun,28
2006,179,Andre Sa,29
2006,180,Alex Calatrava,33
2006,181,Andre Ghem,24
2006,182,Razvan Sabau,29
2006,183,Michal Mertinak,27
2006,184,Juan Antonio Marin,31
2006,185,Tomas Cakl,25
2006,186,Mathieu Montcourt,21
2006,187,Cecil Mamiit,30
2006,188,Go Soeda,22
2006,189,Younes El Aynaoui,35
2006,190,Bobby Reynolds,24
2006,191,Greg Rusedski,33
2006,192,Thierry Ascione,25
2006,193,Joachim Johansson,24
2006,194,Wayne Odesnik,21
2006,195,Sergiy Stakhovsky,20
2006,196,Tobias Clemens,27
2006,197,Rajeev Ram,22
2006,198,Victor Crivoi,24
2006,199,Uros Vico,25
2006,200,Denis Istomin,20
2006,201,Alun Jones,26
2006,202,Dudi Sela,21
2006,203,Hugo Armando,28
2006,204,Tomas Behrend,32
2006,205,Marc Lopez,24
2006,206,Flavio Cipolla,23
2006,207,Josh Goodall,21
2006,208,Julien Jeanpierre,26
2006,209,Eric Nunez,24
2006,210,Simone Vagnozzi,23
2006,211,Viktor Troicki,20
2006,212,Jo-Wilfried Tsonga,21
2006,213,Jerome Haehnel,26
2006,214,Richard Bloomfield,23
2006,215,Pablo Andujar,20
2006,216,Jeff Morrison,27
2006,217,Ivo Klec,26
2006,218,Melle Van Gemerden,27
2006,219,Edgardo Massa,25
2006,220,David Guez,24
2006,221,Alex Bogomolov Jr.,23
2006,222,Santiago Gonzalez,23
2006,223,Alex Kuznetsov,19
2006,224,Nicolas Tourte,27
2006,225,Teodor-Dacian Craciun,26
2006,226,Adrian Garcia,28
2006,227,Benedikt Dorsch,25
2006,228,Julio Silva,27
2006,229,Torsten Popp,23
2006,230,Pablo Cuevas,20
2006,231,Lukas Lacko,19
2006,232,Rainer Eitzinger,23
2006,233,Andreas Beck,20
2006,234,Daniel Koellerer,23
2006,235,Jan Mertl,24
2006,236,Cristian Villagran,24
2006,237,Tobias Summerer,23
2006,238,Adrian Ungur,21
2006,239,Dieter Kindlmann,24
2006,240,Stephane Bohli,23
2006,241,Andrea Stoppini,26
2006,242,Cyril Saulnier,31
2006,243,Mariano Zabaleta,28
2006,244,Brian Dabul,22
2006,245,Simon Stadler,23
2006,246,Leonardo Mayer,19
2006,247,Fabio Fognini,19
2006,248,Stephane Robert,26
2006,249,Farrukh Dustov,20
2006,250,Giorgio Galimberti,30
2006,251,Benjamin Balleret,23
2006,252,Edouard Roger-Vasselin,23
2006,253,Leonardo Azzaro,28
2006,254,Victor Ionita,23
2006,255,Phillip Simmonds,20
2006,256,Maximo Gonzalez,23
2006,257,Michal Przysiezny,22
2006,258,Jonathan Marray,25
2006,259,Pavel Snobel,26
2006,260,Bruno Echagaray,23
2006,261,Jeremy Chardy,19
2006,262,Filip Prpic,24
2006,263,Rogerio Dutra Silva,22
2006,264,Radim Zitko,28
2006,265,Alexandr Dolgopolov,18
2006,266,Franco Ferreiro,22
2006,267,Daniel Gimeno-Traver,21
2006,268,Sasa Tuksar,23
2006,269,Alan Mackin,25
2006,270,Pablo Santos,22
2006,271,Yuri Schukin,27
2006,272,Horacio Zeballos,21
2006,273,Gregory Carraz,31
2006,274,Gilles Elseneer,28
2006,275,Paul Baccanello,27
2006,276,Mikhail Ledovskikh,20
2006,277,Adam Vejmelka,21
2006,278,Brian Wilson,24
2006,279,Juan Pablo Brzezicki,24
2006,280,Carlos Cuadrado,23
2006,281,Rohan Bopanna,26
2006,282,Stefan Wauters,24
2006,283,Pavol Cervenak,19
2006,284,Hector Ruiz-Cadenas,23
2006,285,Jacob Adaktusson,26
2006,286,Harel Levy,28
2006,287,Dominik Meffert,25
2006,288,Lukas Rosol,21
2006,289,Todd Widom,23
2006,290,Michael Lammer,24
2006,291,Satoshi Iwabuchi,31
2006,292,Marc Fornell-Mestres,24
2006,293,Scott Oudsema,20
2006,294,Gouichi Motomura,32
2006,295,Jean-Rene Lisnard,27
2006,296,Eduardo Schwank,20
2006,297,Antony Dupuis,33
2006,298,Jan Vacek,30
2006,299,Nicholas Monroe,24
2006,300,Glenn Weiner,30
2006,301,Michal Tabara,27
2006,302,Igor Sijsling,19
2006,303,Gary Lugassy,24
2006,304,Martin Lee,28
2006,305,Andrey Golubev,19
2006,306,Yohny Romero,28
2006,307,Bastian Knittel,23
2006,308,Jorge Aguilar,21
2006,309,Pablo Gonzalez,24
2006,310,Alexander Satschko,26
2006,311,Michal Navratil,24
2006,312,Philipp Petzschner,22
2006,313,Alexey Kedryuk,26
2006,314,Alexandre Sidorenko,18
2006,315,Jamie Baker,20
2006,316,Ti Chen,23
2006,317,Daniel Munoz de la Nava,24
2006,318,Jose Checa-Calvo,21
2006,319,Harsh Mankad,27
2006,320,Jean-Francois Bachelot,29
2006,321,Lucas Engel,25
2006,322,Adam Chadaj,22
2006,323,Marco Crugnola,23
2006,324,Marcel Felder,22
2006,325,Nick Lindahl,18
2006,326,Ivo Heuberger,30
2006,327,Julian Reister,20
2006,328,Brendan Evans,20
2006,329,Frederic Niemeyer,30
2006,330,Carlos Salamanca,23
2006,331,Arvind Parmar,28
2006,332,Matthias Bachinger,19
2006,333,Joseph Sirianni,31
2006,334,Jean-Julien Rojer,25
2006,335,Grega Zemlja,20
2006,336,Miguel Gallardo-Valles,25
2006,337,Jean-Claude Scherrer,28
2006,338,Jose Antonio Sanchez-de Luna,22
2006,339,Frederik Nielsen,23
2006,340,Laurent Recouderc,22
2006,341,Jean-Michel Pequery,28
2006,342,Adam Feeney,21
2006,343,Michael Ryderstedt,22
2006,344,Orest Tereshchuk,25
2006,345,Kamil Capkovic,20
2006,346,Gabriel Moraru,24
2006,347,Mohamed Mamoun,25
2006,348,Lars Uebel,26
2006,349,Bohdan Ulihrach,31
2006,350,Jesse Huta Galung,21
2006,351,Arnaud Di Pasquale,27
2006,352,Daniele Giorgini,22
2006,353,Karim Maamoun,27
2006,354,Francesco Piccari,27
2006,355,Jeff Salzenstein,33
2006,356,Andis Juska,21
2006,357,Javier Genaro-Martinez,27
2006,358,Woong-Sun Jun,20
2006,359,Scoville Jenkins,20
2006,360,Marco Mirnegg,24
2006,361,Diego Cristin,25
2006,362,Bartolome Salva-Vidal,20
2006,363,Melvyn Op der Heijde,31
2006,364,Toshihide Matsui,28
2006,365,Tyler Cleveland,28
2006,366,Thomas Oger,26
2006,367,Mohammad Ghareeb,26
2006,368,Robert Smeets,21
2006,369,Luke Bourgeois,29
2006,370,Ivan Miranda,26
2006,371,Sergei Bubka,19
2006,372,Andrew Coelho,19
2006,373,Ryan Sweeting,19
2006,374,Dennis van Scheppingen,31
2006,375,Jhonathan Medina-Alvarez,24
2006,376,Ricardo Hocevar,21
2006,377,Shannon Nettle,28
2006,378,Damian Patriarca,23
2006,379,Caio Zampieri,20
2006,380,Alberto Francis,24
2006,381,Bjorn Rehnquist,28
2006,382,Konstantin Kravchuk,21
2006,383,Wesley Whitehouse,27
2006,384,Sebastian Decoud,25
2006,385,Jan Masik,23
2006,386,Dusan Vemic,30
2006,387,Giancarlo Petrazzuolo,26
2006,388,Phillip King,25
2006,389,Antonio Pastorino,24
2006,390,James Auckland,26
2006,391,Victor Bruthans,27
2006,392,Jordane Doble,26
2006,393,Prakash Amritraj,23
2006,394,Sebastian Rieschick,20
2006,395,Scott Lipsky,25
2006,396,Florin Mergea,21
2006,397,John Paul Fruttero,25
2006,398,Martin Alund,20
2006,399,Komlavi Loglo,21
2006,400,Dawid Olejniczak,23
2006,401,Peter Wessels,28
2006,402,Roman Borvanov,24
2006,403,Nikita Kryvonos,20
2006,404,Ivan Dodig,21
2006,405,Fred Hemmes,25
2006,406,Ladislav Chramosta,25
2006,407,Slimane Saoudi,31
2006,408,Vasilis Mazarakis,26
2006,409,Daniel Elsner,27
2006,410,Tomislav Peric,23
2006,411,Alberto Brizzi,22
2006,412,Alexandre Simoni,27
2006,413,Lee Childs,24
2006,414,Juan-Martin Aranguren,23
2006,415,Pavel Ivanov,23
2006,416,Aleksandar Vlaski,24
2006,417,Stefano Ianni,25
2006,418,Luka Gregorc,22
2006,419,Tony Holzinger,23
2006,420,Alexandre Renard,24
2006,421,Victor Romero,27
2006,422,Johan Brunstrom,26
2006,423,Santiago Ventura,26
2006,424,Frank Moser,30
2006,425,Marcus Sarstrand,28
2006,426,Daniel Garza,21
2006,427,Giovanni Lapentti,23
2006,428,Michael Yani,25
2006,429,Horia Tecau,21
2006,430,Norikazu Sugiyama,29
2006,431,Adrian Cruciat,23
2006,432,Jaroslav Pospisil,25
2006,433,Nicolas Thomann,34
2006,434,David Marrero,26
2006,435,Marco Pedrini,23
2006,436,Nikola Ciric,23
2006,437,Vjekoslav Skenderovic,23
2006,438,Martin Fischer,20
2006,439,Takahiro Terachi,27
2006,440,Adrian Menendez-Maceiras,21
2006,441,Ivaylo Traykov,28
2006,442,Marcel Zimmermann,21
2006,443,Lesley Joseph,25
2006,444,Izak Van der Merwe,22
2006,445,Tobias Kamke,20
2006,446,Adrian Mannarino,18
2006,447,Andreas Haider-Maurer,19
2006,448,Pablo Galdon,21
2006,449,Illya Marchenko,19
2006,450,Matwe Middelkoop,23
2006,451,Blaz Kavcic,19
2006,452,Nick Van Der Meer,21
2006,453,Lazaro Navarro-Batles,32
2006,454,Gero Kretschmer,21
2006,455,Rameez Junaid,25
2006,456,Philipp Marx,24
2006,457,Daniel King-Turner,22
2006,458,Jeroen Masson,25
2006,459,Gabriel Trujillo-Soler,27
2006,460,Dekel Valtzer,22
2006,461,Ivan Cerovic,24
2006,462,Michael Quintero,26
2006,463,Carlos Avellan,24
2006,464,Thiemo de Bakker,18
2006,465,Augustin Gensse,23
2006,466,Lester Cook,22
2006,467,Gianluca Naso,19
2006,468,Oscar Burrieza-Lopez,31
2006,469,Eric Taino,31
2006,470,Ludwig Pellerin,24
2006,471,Takao Suzuki,30
2006,472,David Klier,19
2006,473,Julien Maes,25
2006,474,Antonio Baldellou-Esteva,25
2006,475,Gustavo Marcaccio,29
2006,476,David Martin,25
2006,477,Guillem Burniol,23
2006,478,Diego Alvarez,26
2006,479,Xin-Yuan Yu,21
2006,480,Ervin Eleskovic,19
2006,481,Xavier Audouy,31
2006,482,Marko Tkalec,29
2006,483,Steve Darcis,22
2006,484,Aisam-Ul-Haq Qureshi,26
2006,485,Federico Torresi,26
2006,486,Rob Steckley,26
2006,487,Alejandro Fabbri,24
2006,488,Timo Nieminen,25
2006,489,Oh-Hee Kwon,28
2006,490,Alessandro Da Col,28
2006,491,Francesco Aldi,25
2006,492,Dusan Karol,23
2006,493,Riccardo Ghedin,21
2006,494,Donald Young,17
2006,495,Evgeny Kirillov,19
2006,496,Jan Minar,25
2006,497,Karan Rastogi,20
2006,498,Yuichi Sugita,18
2006,499,Tetsuya Chaen,33
2006,500,Daniel Yoo,21
2006,501,Julio Cesar Campozano,20
2006,502,Conor Niland,25
2006,503,Carlos Palencia,25
2006,504,Maximilian Abel,24
2006,505,Martin Vacek,25
2006,506,Jesse Levine,19
2006,507,Lazar Magdincev,26
2006,508,Denis Matsukevich,20
2006,509,Jakub Hasek,25
2006,510,Enrico Burzi,25
2006,511,Phil Stolt,25
2006,512,Miguel Angel Lopez Jaen,24
2006,513,Juan-Miguel Such-Perez,22
2006,514,Jamie Delgado,29
2006,515,Aqeel Khan,26
2006,516,Herbert Wiltschnig,31
2006,517,Kevin Anderson,20
2006,518,Nicolas Coutelot,29
2006,519,Cesar Ferrer-Victoria,26
2006,520,Ilia Kushev,26
2006,521,Alessandro Accardo,23
2006,522,Martin Vilarrubi,22
2006,523,Jose Luis Muguruza,20
2006,524,Marcelo Charpentier,33
2006,525,Juan Albert Viloca-Puig,33
2006,526,Daniel Brands,19
2006,527,Felipe Parada,25
2006,528,Eduardo Portal,22
2006,529,Filip Urban,24
2006,530,Alberto Giraudo,23
2006,531,Malek Jaziri,22
2006,532,David Novak,23
2006,533,Goncalo Nicau,24
2006,534,Carlos Rexach-Itoiz,27
2006,535,Hee-Seok Chung,29
2006,536,Valentin Sanon,26
2006,537,Manuel Jorquera,28
2006,538,Petar Jelenic,19
2006,539,Sadik Kadir,25
2006,540,Leos Friedl,29
2006,541,Sascha Kloer,21
2006,542,Juan-Pablo Villar,24
2006,543,Yu Jr. Wang,25
2006,544,Guillermo Hormazabal,21
2006,545,Rabie Chaki,24
2006,546,Lado Chikhladze,21
2006,547,Sherif Sabry,20
2006,548,Stian Boretti,25
2006,549,Kornel Bardoczky,28
2006,550,Petar Popovic,24
2006,551,Jhonson Garcia,26
2006,552,Roman Vogeli,21
2006,553,Amir Hadad,28
2006,554,Artem Sitak,20
2006,555,Nenad Zimonjic,30
2006,556,Predrag Rusevski,23
2006,557,David Navarrete,19
2006,558,Matteo Galli,25
2006,559,Niels Desein,19
2006,560,Armin Sandbichler,21
2006,561,Alexandros Jakupovic,25
2006,562,Amir Weintraub,20
2006,563,Louk Sorensen,21
2006,564,Colin Fleming,22
2006,565,Jonathan Dasnieres de Veigy,19
2006,566,Dustin Brown,22
2006,567,Massimo Dell'Acqua,27
2006,568,Antal Van Der Duim,19
2006,569,Juan-Manuel Elizondo,23
2006,570,Victor Estrella Burgos,26
2006,571,Lionel Noviski,23
2006,572,Fabio Colangelo,25
2006,573,Bogdan Leonte,20
2006,574,Taylor Dent,25
2006,575,Divij Sharan,20
2006,576,Frank Condor,22
2006,577,Fritz Wolmarans,20
2006,578,Brian Vahaly,27
2006,579,Nicolas Todero,27
2006,580,Kevin Deden,22
2006,581,Tim Smyczek,18
2006,582,Amit Inbar,21
2006,583,Thomaz Bellucci,18
2006,584,Raphael Durek,22
2006,585,Franko Skugor,19
2006,586,Mehdi Tahiri,29
2006,587,Boy Westerhof,21
2006,588,Darko Madjarovski,23
2006,589,Alexandre Bonatto,22
2006,590,Sven Swinnen,25
2006,591,Robert Godlewski,22
2006,592,Clement Morel,22
2006,593,Talal Ouahabi,28
2006,594,Philipp Hammer,25
2006,595,Mikhail Elgin,25
2006,596,Nicolas Renavand,24
2006,597,Murad Inoyatov,22
2006,598,Dusan Lojda,18
2006,599,Nathan Thompson,24
2006,600,Eric Scherer,21
2006,601,Sebastien De Chaunac,29
2006,602,Ryler DeHeart,22
2006,603,Kei Nishikori,16
2006,604,Xavier Pujo,29
2006,605,Mikhail Kukushkin,18
2006,606,Filip Polasek,21
2006,607,Carlos Poch-Gradin,24
2006,608,Leonardo Kirche,21
2006,609,Lovro Zovko,25
2006,610,Morgan Phillips,22
2006,611,Josselin Ouanna,20
2006,612,David Luque-Velasco,22
2006,613,Andrea Arnaboldi,18
2006,614,Trystan Meniane,25
2006,615,Leandro Migani,21
2006,616,Marinko Matosevic,21
2006,617,Marcelo Melo,23
2006,618,Olivier Vandewiele,0
2006,619,Marek Semjan,19
2006,620,Tiago Lopes,20
2006,621,Matt Bocko,23
2006,622,Ralph Grambow,27
2006,623,Albert Costa,31
2006,624,Vincent Millot,20
2006,625,Vladislav Bondarenko,19
2006,626,Artemon Apostu-Efremov,27
2006,627,Henry Adjei-Darko,23
2006,628,Dejan Katic,18
2006,629,Mattia Livraghi,25
2006,630,Teodor Bolanu,22
2006,631,Andres Molteni,18
2006,632,Thomas Schiessling,32
2006,633,Eric Prodon,25
2006,634,Jonathan Chu,23
2006,635,Ishay Hadash,22
2006,636,Marco Di Vuolo,23
2006,637,Stefan Wiespeiner,22
2006,638,Joao Souza,18
2006,639,Piero Luisi,19
2006,640,Igor Zelenay,24
2006,641,Robert Yim,21
2006,642,Roman Recarte,19
2006,643,Yaoki Ishii,29
2006,644,Gordan Peranec,21
2006,645,Pere Riba,18
2006,646,Victor Hanescu,25
2006,647,James Pade,0
2006,648,Victor-Mugurel Anagnastopol,20
2006,649,John van Lottum,30
2006,650,Jasper Smit,26
2006,651,Michael McClune,17
2006,652,Alexander Kudryavtsev,21
2006,653,Catalin-Ionut Gard,25
2006,654,Giuseppe Menga,30
2006,655,Jerome Becker,21
2006,656,Matthew Smith,22
2006,657,Jan Stancik,23
2006,658,David Savic,21
2006,659,Pierre-Ludovic Duclos,20
2006,660,Ian Flanagan,24
2006,661,Tomas Tenconi,26
2006,662,Yuri Bezeruk,22
2006,663,Colin Ebelthite,22
2006,664,Mashiska Washington,32
2006,665,Ravishankar Pathanjali,24
2006,666,Ricardo Chile-Fonte,24
2006,667,Luca Vanni,21
2006,668,Victor Stanica,19
2006,669,Laurent Rochette,18
2006,670,Tom Rushby,20
2006,671,Enrico Iannuzzi,23
2006,672,Ruben Torres,25
2006,673,Boris Conkic,19
2006,674,Clinton Thomson,22
2006,675,Philip Gubenco,24
2006,676,Todor Enev,24
2006,677,Robert Haybittel,22
2006,678,Sjeng Schalken,30
2006,679,Ladislav Svarc,28
2006,680,Travis Rettenmaier,23
2006,681,Sam Groth,19
2006,682,Fabrice Martin,20
2006,683,Matteo Viola,19
2006,684,Miquel Perez Puigdomenech,22
2006,685,Adrian Gavrila,22
2006,686,Gabriel Pitta,26
2006,687,Jan-Michael Gambill,29
2006,688,Navdeep Singh,20
2006,689,Mariano Albert-Ferrando,24
2006,690,Mounir El Aarej,29
2006,691,Peng Sun,23
2006,692,Maxime Authom,19
2006,693,Cristian Paiz,25
2006,694,Frantisek Cermak,30
2006,695,Andrei Gorban,23
2006,696,Karel Triska,22
2006,697,Andrei Mlendea,22
2006,698,Goran Tosic,24
2006,699,Agustin Tarantino,25
2006,700,Rodrigo-Antonio Grilli,27
2006,701,Victor Kolik,19
2006,702,Neil Bamford,24
2006,703,Ross Hutchins,21
2006,704,Philip Bester,18
2006,705,David Sherwood,26
2006,706,Walid Jallali,28
2006,707,Dmitri Sitak,23
2006,708,Chris Wettengel,24
2006,709,Andrea Falgheri,21
2006,710,Robert Gustafsson,27
2006,711,Motaz Abou El Khair,23
2006,712,Jamie Cerretani,25
2006,713,Julien Mathieu,24
2006,714,Massimo Ocera,24
2006,715,Daniel Monedero,24
2006,716,Sarvar Ikramov,21
2006,717,Julien Gely,20
2006,718,Miles Armstrong,20
2006,719,Theodor Devoty,25
2006,720,David Canudas-Fernandez,23
2006,721,Rasmus Norby,24
2006,722,Christopher Lam,23
2006,723,Tasuku Iwami,28
2006,724,Jordi Marse-Vidri,26
2006,725,Grzegorz Panfil,18
2006,726,Charly Villeneuve,22
2006,727,Eric Gomes,22
2006,728,Ante Nakic-Alfirevic,19
2006,728,Matteo Volante,22
2006,730,David Skoch,30
2006,731,Vladimir Voltchkov,28
2006,732,Petr Kralert,27
2006,733,Aleksandr Nedovyesov,19
2006,734,Sky Kim,22
2006,735,Rok Jarc,21
2006,736,Jonathan Gonzalia,23
2006,737,Sun-Yong Kim Jr.,19
2006,738,Michel Koning,22
2006,739,Juan-Pablo Amado,20
2006,740,Arnar Sigurdsson,25
2006,741,Alexander Yarmola,28
2006,742,Ignacio Coll-Riudavets,19
2006,743,Vijay Kannan,26
2006,744,Christopher Kas,26
2006,745,Luis Antonio Perez-Perez,25
2006,746,Jae-Sung An,21
2006,747,Max Raditschnigg,23
2006,748,Mustafa Ghouse,26
2006,749,Stefan Kilchhofer,20
2006,750,Patrick Schmolzer,22
2006,751,Hyung-Tae Kwon,22
2006,752,Matias Silva,22
2006,753,Marcel-Ioan Miron,24
2006,754,Aleksandar Grubin,20
2006,755,Peter Shults,23
2006,756,Andre Miele,19
2006,757,Kirill Ivanov-Smolensky,25
2006,758,Abdul-Mumin Babalola,22
2006,759,Vivek Shokeen,19
2006,760,Sunil-Kumar Sipaeya,23
2006,761,Sergio Ramirez,21
2006,762,Ivan Sergeyev,18
2006,763,Andrew Kennaugh,19
2006,764,Aljoscha Thron,19
2006,765,Peter Gojowczyk,17
2006,766,Dominique Coene,24
2006,767,Alexandre Krasnoroutskiy,19
2006,768,Diego Veronelli,27
2006,769,Denis Zivkovic,19
2006,770,Jean-Michel Durango,18
2006,771,Brett Ross,22
2006,772,Gvidas Sabeckis,22
2006,773,Pierrick Ysern,22
2006,774,Rafael Arevalo,20
2006,775,Dong-Hyun Kim,28
2006,776,Chris Eaton,19
2006,777,Tommaso Sanna,23
2006,778,Denys Molchanov,19
2006,779,Albert Ramos-Vinolas,18
2006,780,Robin Roshardt,18
2006,781,Kyu Tae Im,25
2006,782,Marcus Fugate,18
2006,783,Guillermo Olaso,18
2006,784,Hyun-Woo Nam,21
2006,785,Patrick Tierro,21
2006,786,Maciej Dilaj,27
2006,787,Frederic Jeanclaude,25
2006,788,Diego Hipperdinger,29
2006,789,Sebastian Fitz,27
2006,790,Hsin-Han Lee,18
2006,791,Yordan Kanev,22
2006,792,Alessandro Piccari,24
2006,793,Syrym Abdukhalikov,19
2006,794,Didac Perez,25
2006,795,Marin Bradaric,21
2006,795,Guillermo Carry,25
2006,797,Martijn Van Haasteren,26
2006,798,Alessandro Camarco,24
2006,799,Bruno Rodriguez,20
2006,800,Shao-Xuan Zeng,25
2006,801,Juho Paukku,20
2006,802,Alexander Sadecky,19
2006,803,Juan-Francisco Spina,21
2006,804,Alexander Slabinsky,20
2006,805,Tigran Martirosyan,23
2006,806,Aditya Madkekar,21
2006,807,Benjamin Ebrahimzadeh,26
2006,808,Sebo Kiss,23
2006,809,Sargis Sargsian,33
2006,810,Guillermo Alcaide,20
2006,811,Omar  Alawadhi,24
2006,812,Adriano Biasella,26
2006,813,Guilherme Ochiai,25
2006,814,Andrei Stoliarov,29
2006,815,Blazej Koniusz,18
2006,816,Moacir Santos-Filho,19
2006,817,Andemir Karanashev,20
2006,818,Adam Fass,21
2006,819,Simeon Ivanov,21
2006,820,Juan-Manuel Valverde,21
2006,821,Peter Polansky,18
2006,822,Galo Blanco,30
2006,823,Olivier Mutis,28
2006,824,Lars Poerschke,22
2006,824,Suwandi Suwandi,30
2006,826,Vishnu Vardhan,19
2006,827,Haythem Abid,21
2006,828,Romain Jouan,21
2006,828,Tai-Wei Liu,0
2006,830,Tobias Klein,24
2006,831,Wolfgang Schranz,30
2006,832,Yannick Mertens,19
2006,833,Stefan Seifert,21
2006,834,Jeff Williams,28
2006,835,Ahmed-Shebl Morsy,21
2006,836,Bruno Rosa,20
2006,837,Nikola Martinovic,22
2006,838,Diego Cubas,20
2006,839,Troy Hahn,24
2006,839,Christoph Steiner,20
2006,841,Alejandro Kon,20
2006,841,Michael Shabaz,19
2006,843,Mikhail Vasiliev,20
2006,844,John Isner,21
2006,844,Mark Joachim,33
2006,846,Reda El Amrani,18
2006,847,Adam Kennedy,23
2006,848,Hicham Arazi,33
2006,849,Martin Slanar,25
2006,850,Antonio Veic,18
2006,851,Rickard Holmstrom,25
2006,852,Anas Fattar,19
2006,853,Mat Cloer,22
2006,854,Myles Blake,19
2006,855,Pavel Katliarov,18
2006,856,Jedrzej Zarski,25
2006,857,Vilim Visak,20
2006,858,Philipp Piyamongkol,19
2006,859,Javier Ramos,18
2006,860,Lucas Jovita,19
2006,861,Sebastian Uriarte,26
2006,862,Rubin Statham,19
2006,863,Sergei Demekhine,22
2006,864,Jonathan Igbinovia,25
2006,865,Weerapat Doakmaiklee,19
2006,866,Cheong-Eui Kim,16
2006,866,Elbert Sie,19
2006,868,Sergio Perez-Perez,22
2006,869,Peter Mayer Tischer,24
2006,870,Marc Sieber,18
2006,871,Anoosha Shahgholi,25
2006,872,Vahid Mirzadeh,19
2006,873,Alejandro Gonzalez,17
2006,874,Guillermo Bujniewicz,20
2006,874,Philipp Oswald,20
2006,876,Jeremy Wurtzman,25
2006,877,Egor Puntus,19
2006,878,Jacob Melskens,21
2006,879,Claudio Grassi,21
2006,879,Kento Takeuchi,19
2006,881,Christian Magg,25
2006,882,Nicolas Jara-Lozano,20
2006,882,Diego Lopez,23
2006,884,Marc Kimmich,23
2006,885,Andy Ram,26
2006,885,Benjamin Rufer,22
2006,885,Franz Stauder,29
2006,888,Pieter Calitz,31
2006,889,Hermes Gamonal,29
2006,890,Mark Nielsen,29
2006,891,Markus Egger,23
2006,892,Jason Marshall,28
2006,893,Rui Machado,22
2006,894,Rob Searle,22
2006,895,Cosmin Cotet,22
2006,896,Matthew Ebden,19
2006,897,Salifu Mohammed,20
2006,898,Vishal Uppal,30
2006,899,Ergun Zorlu,21
2006,900,Oskar Pallin,22
2006,901,David To,23
2006,902,Atsuo Ogawa,22
2006,903,Andreu Guilera-Jover,25
2006,903,Martin Pedersen,19
2006,905,Mathieu Guenat,20
2006,905,Michael Johnson,19
2006,905,Dusan Mihailovic,23
2006,908,Jason Zimmermann,23
2006,909,Marcos Conocente,18
2006,910,Jiri Skoloudik,19
2006,911,Tobias Koeck,25
2006,911,Damian Listingart,20
2006,913,Jimy Szymanski,31
2006,914,James Ward,19
2006,915,Michael Kohlmann,32
2006,916,Chul-Hee Lee,27
2006,916,Emiliano Redondi,26
2006,918,Vladimir Obradovic,25
2006,918,Prima Simpatiaji,25
2006,920,Robin Brage,23
2006,921,Javier Garrapiz-Borderias,18
2006,922,Miha Gregorc,27
2006,922,Photos Kallias,22
2006,924,Brydan Klein,16
2006,925,Ismar Gorcic,23
2006,925,Alex Miotto,22
2006,927,Dane Fernandez,23
2006,927,Mehdi Ziadi,20
2006,929,Laurentiu Erlic,20
2006,930,David Brewer,21
2006,931,Alexandru-Raul Lazar,18
2006,932,Ashutosh Singh,24
2006,933,Rafael Camilo,16
2006,933,Paris Gemouchidis,18
2006,935,Vinod Sridhar,27
2006,936,Gastao Elias,16
2006,937,Robert Farah,19
2006,938,Daniel Lustig,22
2006,939,Sat Galan,24
2006,940,Josko Topic,23
2006,941,Rafael Farias,21
2006,941,Luca Rovetta,20
2006,943,Andrew Roberts,21
2006,943,Serguei Tarasevitch,19
2006,945,Raony Carvalho,19
2006,945,Greg Ouellette,20
2006,947,Olivier Charroin,24
2006,948,Julian Dujmovic,0
2006,949,Mikhail Lifshits,20
2006,950,Remko de Rijke,20
2006,950,Marco Gualdi,0
2006,952,Rahim Esmail,25
2006,952,Matteo Fago,19
2006,954,Patrick Briaud,23
2006,955,Masato Hatanaka,25
2006,956,Minh Le,30
2006,957,Shane La Porte,21
2006,958,Timothy Neilly,19
2006,959,Hector Almada,25
2006,959,Jose-Manuel Garcia-Rodriguez,25
2006,959,Brad Weston,26
2006,962,Lenoir Ramos,21
2006,963,Benoit Bottero,23
2006,963,Arnaud Delgado,22
2006,963,Frederic Nussbaum,24
2006,963,Federico Paskvan,19
2006,967,Matt Bruch,19
2006,968,Zhe Li,20
2006,968,Eduardo Peralta-Tello,17
2006,970,Adil Shamasdin,24
2006,971,Martin Emmrich,22
2006,971,Rolando Vargas,25
2006,973,Yassine Idmbarek,20
2006,973,Richard Irwin,21
2006,973,Bas Van der Valk,22
2006,973,Marco Viola,23
2006,977,Christoph Palmanshofer,25
2006,977,Deniss Pavlovs,23
2006,977,Leonardo Tavares,22
2006,980,Carsten Ball,19
2006,980,Massimo Bosa,22
2006,980,Seong-Yoon Chung,30
2006,980,Demian Gschwend,20
2006,984,Thomas Dupre,32
2006,984,Todd Paul,20
2006,984,Juan-Luis Rascon-Lope,35
2006,987,Ikaika Jobe,24
2006,988,Artur Romanowski,19
2006,988,Pedro Sousa,18
2006,990,Jean-Francois Berard,32
2006,990,Mauricio Echazu,17
2006,992,Benjamin Dracos,22
2006,992,Mao-Xin Gong,19
2006,992,Miguel Reyes-Varela,19
2006,995,Alessandro Motti,27
2006,995,Nima Roshan,21
2006,997,Ivan Bjelica,22
2006,997,Patrick Eichenberger,18
2006,997,Andrea Fava,23
2006,997,Guillermo Gomez-Diaz,19
2006,997,Daniel Langre,25
2006,997,Vishal Punna,22
2006,997,Dmitry Vlasov,24
2005,1,Roger Federer,24
2005,2,Rafael Nadal,19
2005,3,Andy Roddick,23
2005,4,Lleyton Hewitt,24
2005,5,Nikolay Davydenko,24
2005,6,David Nalbandian,23
2005,7,Andre Agassi,35
2005,8,Guillermo Coria,23
2005,9,Ivan Ljubicic,26
2005,10,Gaston Gaudio,27
2005,11,Fernando Gonzalez,25
2005,12,Marat Safin,25
2005,13,Thomas Johansson,30
2005,14,David Ferrer,23
2005,15,Robby Ginepri,23
2005,16,Richard Gasquet,19
2005,17,Juan Carlos Ferrero,25
2005,18,Dominik Hrbaty,27
2005,19,Tommy Robredo,23
2005,20,Radek Stepanek,27
2005,21,Mario Ancic,21
2005,22,Nicolas Kiefer,28
2005,23,James Blake,25
2005,24,Tomas Berdych,20
2005,25,Sebastien Grosjean,27
2005,26,Igor Andreev,22
2005,27,Olivier Rochus,24
2005,28,Jarkko Nieminen,24
2005,29,Taylor Dent,24
2005,30,Gael Monfils,19
2005,31,Carlos Moya,29
2005,32,Fernando Verdasco,22
2005,33,Feliciano Lopez,24
2005,34,Max Mirnyi,28
2005,35,Victor Hanescu,24
2005,36,Tim Henman,31
2005,37,Greg Rusedski,32
2005,38,Filippo Volandri,24
2005,39,Juan Ignacio Chela,26
2005,40,Jose Acasuso,23
2005,41,Christophe Rochus,27
2005,42,Paradorn Srichaphan,26
2005,43,Mikhail Youzhny,23
2005,44,Davide Sanguinetti,33
2005,45,Tommy Haas,27
2005,46,Paul-Henri Mathieu,23
2005,47,Xavier Malisse,25
2005,48,Jiri Novak,30
2005,49,Florent Serra,24
2005,50,Alberto Martin,27
2005,51,Agustin Calleri,29
2005,52,Jurgen Melzer,24
2005,53,Joachim Johansson,23
2005,54,Stan Wawrinka,20
2005,55,Marcos Baghdatis,20
2005,56,Mariano Puerta,27
2005,57,Karol Beck,23
2005,58,Fabrice Santoro,33
2005,59,Tomas Zib,29
2005,60,Dmitry Tursunov,23
2005,61,Robin Vik,25
2005,62,Jonas Bjorkman,33
2005,63,Wesley Moodie,26
2005,64,Andy Murray,18
2005,65,Nicolas Massu,26
2005,66,Kenneth Carlsen,32
2005,67,Paul Goldstein,29
2005,68,Andreas Seppi,21
2005,69,Arnaud Clement,28
2005,70,Ivo Karlovic,26
2005,71,Albert Montanes,25
2005,72,Florian Mayer,22
2005,73,Ivo Minar,21
2005,74,Jan Hernych,26
2005,75,Vincent Spadea,31
2005,76,Gilles Muller,22
2005,77,Robin Soderling,21
2005,78,Novak Djokovic,18
2005,79,Carlos Berlocq,22
2005,80,Andrei Pavel,31
2005,81,Daniele Bracciali,27
2005,82,Boris Pashanski,23
2005,83,Mariano Zabaleta,27
2005,84,Luis Horna,25
2005,85,Juan Monaco,21
2005,86,Philipp Kohlschreiber,22
2005,87,Bjorn Phau,26
2005,88,Rainer Schuettler,29
2005,89,Tomas Behrend,31
2005,90,Cyril Saulnier,30
2005,91,Guillermo Garcia-Lopez,22
2005,92,Bobby Reynolds,23
2005,93,Kristof Vliegen,23
2005,94,Marcos Daniel,27
2005,95,Nicolas Lapentti,29
2005,96,Thierry Ascione,24
2005,97,Wayne Arthurs,34
2005,98,Lukas Dlouhy,22
2005,99,Jiri Vanek,27
2005,100,Jimmy Wang,20
2005,101,Kevin Kim,27
2005,102,Guillermo Canas,28
2005,103,Jean-Rene Lisnard,26
2005,104,Justin Gimelstob,28
2005,105,Potito Starace,24
2005,106,Raemon Sluiter,27
2005,107,Hyung-Taik Lee,29
2005,108,Dick Norman,34
2005,109,Flavio Saretta,25
2005,110,Fernando Vicente,28
2005,111,Ricardo Mello,25
2005,112,Razvan Sabau,28
2005,113,Juan Antonio Marin,30
2005,114,Nicolas Almagro,20
2005,115,Oscar Hernandez,27
2005,116,Albert Costa,30
2005,117,Felix Mantilla,31
2005,118,Vasilis Mazarakis,25
2005,119,Albert Portas,32
2005,120,Ruben Ramirez Hidalgo,27
2005,121,Danai Udomchoke,24
2005,122,Alexander Waske,30
2005,123,Marc Gicquel,28
2005,124,Gilles Simon,20
2005,125,Alessio Di Mauro,28
2005,126,Michael Berrer,25
2005,127,Oliver Marach,25
2005,128,George Bastl,30
2005,129,Igor Kunitsyn,24
2005,130,Simon Greul,24
2005,131,Ramon Delgado,29
2005,132,Teymuraz Gabashvili,20
2005,133,Thomas Enqvist,31
2005,134,Nicolas Mahut,23
2005,135,Jerome Haehnel,25
2005,136,Michael Llodra,25
2005,137,David Sanchez,27
2005,138,Ivan Navarro,24
2005,139,Janko Tipsarevic,21
2005,140,Irakli Labadze,24
2005,141,Lars Burgsmuller,30
2005,142,Lukasz Kubot,23
2005,143,Melle Van Gemerden,26
2005,144,Peter Wessels,27
2005,145,Peter Luczak,26
2005,146,Santiago Ventura,25
2005,147,Daniel Koellerer,22
2005,148,Paul Capdeville,22
2005,149,Adrian Garcia,27
2005,150,Antony Dupuis,32
2005,151,Olivier Patience,25
2005,152,Thiago Alves,23
2005,153,Steve Darcis,21
2005,154,Jeff Morrison,26
2005,155,Chris Guccione,20
2005,156,Brian Vahaly,26
2005,157,Juan Martin del Potro,17
2005,158,Yen-Hsun Lu,22
2005,159,Juan Pablo Brzezicki,23
2005,160,Kristian Pless,24
2005,161,Roko Karanusic,23
2005,162,Michal Mertinak,26
2005,163,Gilles Elseneer,27
2005,164,Amer Delic,23
2005,165,Julien Benneteau,24
2005,166,Francesco Aldi,24
2005,167,Gregory Carraz,30
2005,168,Alex Bogdanovic,21
2005,169,Sergio Roitman,26
2005,170,Dudi Sela,20
2005,171,Mark Philippoussis,29
2005,172,Michal Tabara,26
2005,173,Nicolas Devilder,25
2005,174,Julio Silva,26
2005,175,Sasa Tuksar,22
2005,176,Frederic Niemeyer,29
2005,177,Federico Luzzi,25
2005,178,Hugo Armando,27
2005,179,Andre Sa,28
2005,180,Tomas Cakl,24
2005,181,Rik De Voest,25
2005,182,Stefan Koubek,28
2005,183,Flavio Cipolla,22
2005,184,Sergiy Stakhovsky,19
2005,185,Evgeny Korolev,17
2005,186,John Paul Fruttero,24
2005,187,Giovanni Lapentti,22
2005,188,Frank Dancevic,21
2005,189,Edouard Roger-Vasselin,22
2005,190,Giorgio Galimberti,29
2005,191,Jan-Michael Gambill,28
2005,192,Daniel Gimeno-Traver,20
2005,193,Nicolas Thomann,33
2005,194,Noam Okun,27
2005,195,Rajeev Ram,21
2005,196,Denis Istomin,19
2005,197,Denis Gremelmayr,24
2005,198,Santiago Gonzalez,22
2005,199,Stefano Galvani,28
2005,200,Glenn Weiner,29
2005,201,Arvind Parmar,27
2005,202,Alex Calatrava,32
2005,203,Jean-Christophe Faurel,24
2005,204,Jan Mertl,23
2005,205,Brian Baker,20
2005,206,Edgardo Massa,24
2005,207,Uros Vico,24
2005,208,Gorka Fraile,27
2005,209,Cecil Mamiit,29
2005,210,Marc Lopez,23
2005,211,Harel Levy,27
2005,212,Maximo Gonzalez,22
2005,213,Jean-Michel Pequery,27
2005,214,Ivo Heuberger,29
2005,215,Ilija Bozoljac,20
2005,216,Juan-Pablo Guzman,24
2005,217,Alex Bogomolov Jr.,22
2005,218,Tobias Summerer,22
2005,219,Diego Hartfield,24
2005,220,Michael Lammer,23
2005,221,Martin Vassallo Arguello,25
2005,222,Harsh Mankad,26
2005,223,Vladimir Voltchkov,27
2005,224,Adam Chadaj,21
2005,225,Mardy Fish,24
2005,226,David Guez,23
2005,227,Adrian Ungur,20
2005,228,Younes El Aynaoui,34
2005,229,Pavel Snobel,25
2005,230,Sjeng Schalken,29
2005,231,Alejandro Falla,22
2005,232,Jeroen Masson,24
2005,233,Michael Ryderstedt,21
2005,234,Diego Junqueira,24
2005,235,Alexander Popp,29
2005,236,Sebastien De Chaunac,28
2005,237,Jean-Julien Rojer,24
2005,238,Zack Fleishman,25
2005,239,Mark Hilton,24
2005,240,Eric Taino,30
2005,241,Nathan Healey,25
2005,242,Franco Ferreiro,21
2005,243,Alun Jones,25
2005,244,Filip Prpic,23
2005,245,Stefan Wauters,23
2005,246,Dusan Vemic,29
2005,247,Mathieu Montcourt,20
2005,248,Rainer Eitzinger,22
2005,249,Lars Uebel,25
2005,250,Simone Bolelli,20
2005,251,Dennis van Scheppingen,30
2005,252,Paolo Lorenzi,24
2005,253,Florin Mergea,20
2005,254,Lesley Joseph,24
2005,255,Jonathan Marray,24
2005,256,Michael Russell,27
2005,257,Jamie Delgado,28
2005,258,Todd Widom,22
2005,259,Rui Machado,21
2005,260,Jan Vacek,29
2005,261,Gabriel Moraru,23
2005,262,Tomas Tenconi,25
2005,263,Scoville Jenkins,19
2005,264,Marco Mirnegg,23
2005,265,Wayne Odesnik,20
2005,266,Rohan Bopanna,25
2005,267,Prakash Amritraj,22
2005,268,Massimo Dell'Acqua,26
2005,269,Victor Crivoi,23
2005,270,Robert Smeets,20
2005,271,Amir Hadad,27
2005,272,Takao Suzuki,29
2005,273,Jakub Herm-Zahlava,25
2005,274,Daniel Elsner,26
2005,275,Franco Squillari,30
2005,276,Jacob Adaktusson,25
2005,277,David Marrero,25
2005,278,Henry Adjei-Darko,22
2005,279,Fred Gil,20
2005,280,Marcel Granollers,19
2005,281,Dominik Meffert,24
2005,282,Benedikt Dorsch,24
2005,283,Yohny Romero,27
2005,284,Slimane Saoudi,30
2005,285,Bohdan Ulihrach,30
2005,286,Andreas Beck,19
2005,287,Marco Chiudinelli,24
2005,288,James Auckland,25
2005,289,Damian Patriarca,22
2005,290,Richard Bloomfield,22
2005,291,Gustavo Kuerten,29
2005,292,Lamine Ouahab,21
2005,293,Ivo Klec,25
2005,294,Sargis Sargsian,32
2005,295,Melvyn Op der Heijde,30
2005,296,Travis Rettenmaier,22
2005,297,Matthew Smith,21
2005,298,Alexander Peya,25
2005,299,Yuri Schukin,26
2005,300,Victor Bruthans,26
2005,301,Philipp Petzschner,21
2005,302,Go Soeda,21
2005,303,Marco Pedrini,22
2005,304,Alan Mackin,24
2005,305,Fabio Fognini,18
2005,306,Marc Kimmich,22
2005,307,Werner Eschauer,31
2005,308,Gouichi Motomura,32
2005,309,Victor Ionita,22
2005,310,Karol Kucera,31
2005,311,Mark Nielsen,28
2005,312,Andrea Stoppini,25
2005,313,Francisco Fogues,28
2005,314,Carlos Cuadrado,22
2005,315,Galo Blanco,29
2005,316,Hector Ruiz-Cadenas,22
2005,317,Agustin Tarantino,24
2005,318,Simon Stadler,22
2005,319,Sebastian Rieschick,19
2005,320,Martin Lee,27
2005,321,Nicolas Todero,26
2005,322,Miguel Gallardo-Valles,24
2005,323,Jan Minar,24
2005,324,Marcelo Melo,22
2005,325,Roman Valent,22
2005,326,Adrian Cruciat,22
2005,327,Santiago Giraldo,18
2005,328,Lucas Engel,24
2005,329,Grega Zemlja,19
2005,330,Malek Jaziri,21
2005,331,Phillip Simmonds,19
2005,332,Ti Chen,22
2005,333,Luke Bourgeois,28
2005,334,Peng Sun,22
2005,335,David Sherwood,25
2005,336,Paul Baccanello,26
2005,337,Viktor Troicki,19
2005,338,Jo-Wilfried Tsonga,20
2005,339,Robert Kendrick,26
2005,340,Dawid Olejniczak,22
2005,341,Juan-Martin Aranguren,22
2005,342,Jose De Armas,24
2005,343,Satoshi Iwabuchi,30
2005,344,Andre Ghem,23
2005,345,Kyu Tae Im,24
2005,346,Bruno Echagaray,22
2005,347,Javier Genaro-Martinez,26
2005,348,Benjamin Balleret,22
2005,349,Dieter Kindlmann,23
2005,350,Oh-Hee Kwon,27
2005,351,Eric Nunez,23
2005,352,Jan Hajek,22
2005,353,Michael Yani,24
2005,354,Pablo Cuevas,19
2005,355,Ivan Cerovic,23
2005,356,Karan Rastogi,19
2005,357,Philipp Hammer,24
2005,358,Igor Zelenay,23
2005,359,Torsten Popp,22
2005,360,Simone Vagnozzi,22
2005,361,Pablo Andujar,19
2005,362,Scott Lipsky,24
2005,363,Brian Dabul,21
2005,364,Leonardo Azzaro,27
2005,365,Alexey Kedryuk,25
2005,366,Ryan Newport,24
2005,367,Ivan Miranda,25
2005,368,Marcus Sarstrand,27
2005,369,Lionel Noviski,22
2005,370,Bjorn Rehnquist,27
2005,371,Toshihide Matsui,27
2005,372,Jaroslav Pospisil,24
2005,373,Jeff Salzenstein,32
2005,374,Gary Lugassy,23
2005,375,Jean-Claude Scherrer,27
2005,376,Yu Jr. Wang,24
2005,377,Matias Boeker,25
2005,378,Michel Koning,21
2005,379,Gabriel Trujillo-Soler,26
2005,380,Cristian Villagran,23
2005,381,Trystan Meniane,24
2005,382,Norikazu Sugiyama,28
2005,383,Jesse Huta Galung,20
2005,384,Todor Enev,23
2005,385,Todd Reid,21
2005,386,Josh Goodall,20
2005,387,Jan Masik,22
2005,388,Peter Clarke,26
2005,389,Felipe Parada,24
2005,390,Nicolas Renavand,23
2005,391,Andrey Golubev,18
2005,392,Lee Childs,23
2005,393,Jamie Baker,19
2005,394,Alberto Brizzi,21
2005,395,Aleksandar Vlaski,23
2005,396,Mounir El Aarej,28
2005,397,Lazar Magdincev,25
2005,398,Pablo Gonzalez,23
2005,399,Horia Tecau,20
2005,400,Alessandro Piccari,23
2005,401,Karim Maamoun,26
2005,402,Jorge Aguilar,20
2005,403,Paul Logtens,26
2005,404,Kornel Bardoczky,27
2005,405,Petr Kralert,26
2005,406,Bruno Soares,23
2005,407,Bruno Rosa,19
2005,408,Andreas Vinciguerra,24
2005,409,Brendan Evans,19
2005,410,Stian Boretti,24
2005,411,Jose Checa-Calvo,20
2005,412,Rameez Junaid,24
2005,413,Andrew Anderson,22
2005,414,Frederik Nielsen,22
2005,415,Philipp Marx,23
2005,416,Komlavi Loglo,20
2005,417,Aisam-Ul-Haq Qureshi,25
2005,418,Ernests Gulbis,17
2005,419,Michal Navratil,23
2005,420,Benjamin Becker,24
2005,421,Lukas Lacko,18
2005,422,Carlos Poch-Gradin,23
2005,423,Steven Korteling,21
2005,424,Jeremy Wurtzman,24
2005,425,Alexander Satschko,25
2005,426,Jean-Francois Bachelot,28
2005,427,Zbynek Mlynarik,28
2005,428,Alejandro Hernandez,28
2005,429,Herbert Wiltschnig,30
2005,430,Tuomas Ketola,30
2005,431,Sunil-Kumar Sipaeya,22
2005,432,Xavier Audouy,30
2005,433,Jose Antonio Sanchez-de Luna,21
2005,434,Scott Oudsema,19
2005,435,Jesse Witten,23
2005,436,Colin Fleming,21
2005,437,Raphael Durek,21
2005,438,Pavel Ivanov,22
2005,439,Emiliano Redondi,25
2005,440,Gianluca Naso,18
2005,441,Radoslav Lukaev,23
2005,442,Alessandro Camarco,23
2005,443,Tony Holzinger,22
2005,444,Marcel Zimmermann,20
2005,445,Frank Condor,21
2005,446,Michal Przysiezny,21
2005,447,Michael Kohlmann,31
2005,448,Zeljko Krajan,26
2005,449,Bartolome Salva-Vidal,19
2005,450,Mariano Albert-Ferrando,23
2005,451,Ilia Kushev,25
2005,452,Carlos Salamanca,22
2005,453,Joseph Sirianni,30
2005,454,Massimo Ocera,23
2005,455,Filip Urban,23
2005,456,Jan Frode Andersen,33
2005,457,Max Raditschnigg,22
2005,458,Carlos Rexach-Itoiz,26
2005,459,Fabio Colangelo,24
2005,460,Alessandro Accardo,22
2005,461,Frantisek Cermak,29
2005,462,Guillermo Carry,24
2005,463,Sascha Kloer,20
2005,464,Stephen Mitchell,23
2005,465,Alexandre Simoni,26
2005,466,Radim Zitko,27
2005,467,Peter Mayer Tischer,23
2005,468,Carlos Palencia,24
2005,469,Darko Madjarovski,22
2005,470,Stephane Bohli,22
2005,471,Andis Juska,20
2005,472,Conor Niland,24
2005,473,Ladislav Svarc,27
2005,474,Sebastian Fitz,26
2005,475,Lovro Zovko,24
2005,476,Sam Warburg,22
2005,477,Petar Popovic,23
2005,478,Chris Kwon,20
2005,479,Martijn Van Haasteren,25
2005,480,Philipp Mullner,25
2005,481,Mario Radic,23
2005,482,Victor Romero,26
2005,483,Maximilian Abel,23
2005,484,Xin-Yuan Yu,20
2005,485,Gustavo Marcaccio,28
2005,486,Kamil Capkovic,19
2005,487,Laurent Recouderc,21
2005,488,Arnaud Di Pasquale,26
2005,489,Horacio Zeballos,20
2005,490,Cesar Ferrer-Victoria,25
2005,491,Alessandro Da Col,27
2005,492,Denis Matsukevich,19
2005,493,Josselin Ouanna,19
2005,494,Phillip King,24
2005,495,Giuseppe Menga,29
2005,496,Alexander Hartman,25
2005,497,Stephane Robert,25
2005,498,Marc Fornell-Mestres,23
2005,499,Nick Van Der Meer,20
2005,500,Orest Tereshchuk,24
2005,501,Olivier Vandewiele,0
2005,502,Marcel Felder,21
2005,503,Mohammad Ghareeb,25
2005,504,Louk Sorensen,20
2005,505,Mikhail Ledovskikh,19
2005,506,Rok Jarc,20
2005,507,Bostjan Osabnik,23
2005,508,Photos Kallias,21
2005,509,Matthew Hanlin,26
2005,510,Nicolas Tourte,26
2005,511,Marco Crugnola,22
2005,512,Alex Kuznetsov,18
2005,513,Lado Chikhladze,20
2005,514,Benjamin Ebrahimzadeh,25
2005,515,Martin Vilarrubi,21
2005,516,Adrian Menendez-Maceiras,20
2005,517,Giancarlo Petrazzuolo,25
2005,518,Andrew Derer,25
2005,519,Antonio Pastorino,23
2005,520,Tasuku Iwami,27
2005,521,Evgueni Smirnov,23
2005,522,Juan-Manuel Elizondo,22
2005,523,Luka Gregorc,21
2005,524,Tobias Clemens,26
2005,525,Alex Corretja,31
2005,526,Vishal Uppal,29
2005,527,Felipe Lemos,0
2005,528,Valentin Sanon,25
2005,529,Bastian Knittel,22
2005,530,Sadik Kadir,24
2005,531,David Martin,24
2005,532,Ladislav Chramosta,24
2005,533,Ludwig Pellerin,23
2005,534,Didac Perez,24
2005,535,Aleksandr Nedovyesov,18
2005,536,Michael Quintero,25
2005,537,Alejandro Fabbri,23
2005,538,Jimy Szymanski,30
2005,539,Rodrigo-Antonio Grilli,26
2005,540,Tres Davis,23
2005,541,Catalin-Ionut Gard,24
2005,542,Stefan Wiespeiner,21
2005,543,Konstantinos Economidis,28
2005,544,Matthew Behrmann,25
2005,545,Robert Godlewski,21
2005,546,Augustin Gensse,22
2005,547,Fritz Wolmarans,19
2005,548,Leandro Migani,20
2005,549,Brian Wilson,23
2005,550,Diego Alvarez,25
2005,551,Shannon Nettle,27
2005,552,Martin Alund,20
2005,553,Donald Young,16
2005,554,Francisco Costa,32
2005,555,Alexander Markin,23
2005,556,Neil Bamford,23
2005,557,Farrukh Dustov,19
2005,558,Konstantin Don Gruber,26
2005,559,Daniel Garza,20
2005,560,Eric Scherer,20
2005,561,John van Lottum,29
2005,562,Nenad Zimonjic,29
2005,563,Frederic Nussbaum,23
2005,564,Jeremy Chardy,18
2005,565,Jonathan Igbinovia,24
2005,566,Artem Sitak,19
2005,567,Benjamin Rufer,21
2005,568,Sebo Kiss,22
2005,569,Artemon Apostu-Efremov,26
2005,570,Murad Inoyatov,21
2005,571,Nicholas Monroe,23
2005,572,Olivier Mutis,27
2005,573,Johan Settergren,27
2005,574,Gero Kretschmer,20
2005,575,Andrew Banks,22
2005,576,Vadim Davletshin,21
2005,577,Tyler Cleveland,27
2005,578,Jhonathan Medina-Alvarez,23
2005,579,Teodor-Dacian Craciun,25
2005,580,Jasper Smit,25
2005,581,Guillem Burniol,22
2005,582,German Puentes,33
2005,583,Andrei Stoliarov,28
2005,584,David Novak,22
2005,585,Philipp Mukhometov,22
2005,586,Alejandro Vargas-Aboy,23
2005,587,Marin Cilic,17
2005,588,Clement Morel,21
2005,589,Frank Moser,29
2005,590,Sergei Yaroshenko,28
2005,591,Sherif Sabry,19
2005,592,Vinod Sridhar,26
2005,593,Caio Zampieri,19
2005,594,Kevin Sorensen,24
2005,595,Mischa Zverev,18
2005,596,Israel Matos Gil,23
2005,597,Francesco Piccari,26
2005,598,Markus Hantschk,28
2005,599,Jason Marshall,27
2005,600,Pablo Galdon,20
2005,601,Maciej Dilaj,26
2005,602,Daniel Munoz de la Nava,23
2005,603,Atsuo Ogawa,21
2005,604,Arnaud Segodo,21
2005,605,Kirill Ivanov-Smolensky,24
2005,606,Woong-Sun Jun,19
2005,607,Julien Maes,24
2005,608,Stefano Ianni,24
2005,609,Chris Lewis,23
2005,610,Ishay Hadash,21
2005,611,Manuel Jorquera,27
2005,612,Marko Neunteibl,26
2005,613,Jordi Marse-Vidri,25
2005,614,Rogerio Dutra Silva,21
2005,615,Sam Querrey,18
2005,616,Lukas Rosol,20
2005,617,Ervin Eleskovic,18
2005,618,Roger Anderson,24
2005,619,Pablo Santos,21
2005,620,Rob Steckley,25
2005,621,Sky Kim,21
2005,622,Dustin Brown,21
2005,623,Bo Ram Cha,25
2005,624,Dekel Valtzer,21
2005,625,Gordan Peranec,20
2005,626,Adam Vejmelka,20
2005,627,Jakub Hasek,24
2005,628,Esteban Carril,28
2005,629,Ricardo Chile-Fonte,23
2005,630,Eric Prodon,24
2005,631,Guillermo Hormazabal,20
2005,632,Frederic Jeanclaude,24
2005,633,Rubin Statham,18
2005,634,Armin Sandbichler,20
2005,635,Mikhail Filima,23
2005,636,Julian Knowle,31
2005,637,Prima Simpatiaji,24
2005,638,Takahiro Terachi,26
2005,639,Oscar Serrano,27
2005,640,Piero Luisi,18
2005,641,Daniele Giorgini,21
2005,642,Jonathan Gonzalia,22
2005,643,Robert Farah,18
2005,644,Joel Kerley,19
2005,645,Vilim Visak,19
2005,646,Christian Magg,24
2005,647,Lester Cook,21
2005,648,Matthias Bachinger,18
2005,649,Scott Doerner,21
2005,650,Alexander Slabinsky,19
2005,651,Tobias Klein,23
2005,652,Suwandi Suwandi,29
2005,653,Jae-Sung An,20
2005,654,Nick Lindahl,17
2005,655,Christopher Koderisch,0
2005,656,Ricardo Hocevar,20
2005,657,Dominique Coene,23
2005,658,Adam Fass,20
2005,659,Daniel Monedero,23
2005,660,Arkady Bassetti,21
2005,661,Jan Stancik,22
2005,662,Tommaso Sanna,22
2005,663,Genius Chidzikwe,26
2005,664,Andreu Guilera-Jover,24
2005,665,Rodrigo Guidolin,20
2005,666,Tobias Koeck,24
2005,667,Ignacio Gonzalez King,25
2005,668,Vjekoslav Skenderovic,22
2005,669,Robin Haase,18
2005,670,Leonardo Tavares,21
2005,671,Dmitri Sitak,22
2005,672,Carlos Avellan,23
2005,673,Guillaume Legat,28
2005,674,Daniel King-Turner,21
2005,675,Phil Stolt,24
2005,676,Tetsuya Chaen,32
2005,677,Konstantin Kravchuk,20
2005,678,Ross Hutchins,20
2005,679,Pierre-Ludovic Duclos,19
2005,680,Hee-Seok Chung,28
2005,681,Mariusz Fyrstenberg,25
2005,682,Rafael Moreno-Negrin,22
2005,683,Evgeny Kirillov,18
2005,684,Raven Klaasen,23
2005,685,Philip Gubenco,23
2005,686,Johannes Ager,21
2005,687,Sebastian Decoud,24
2005,688,Tom Burn,20
2005,689,Motaz Abou El Khair,22
2005,690,Federico Torresi,25
2005,691,Juan-Miguel Such-Perez,21
2005,692,Andy Ram,25
2005,693,Julien Varlet,28
2005,694,Frantisek Polyak,21
2005,695,Timo Nieminen,24
2005,696,Luciano Vitullo,22
2005,697,Guilherme Ochiai,24
2005,698,Victor-Mugurel Anagnastopol,19
2005,699,Leonardo Mayer,18
2005,700,Marko Tkalec,28
2005,701,Daniel Brands,18
2005,702,Mehdi Tahiri,28
2005,703,Alexander Yarmola,27
2005,704,Nikola Ciric,22
2005,705,Matt Bocko,22
2005,706,Marcin Matkowski,24
2005,707,Daniel Langre,24
2005,708,Dusan Karol,22
2005,709,Matteo Colla,30
2005,710,Hermes Gamonal,28
2005,711,Marcos Jimenez-Letrado,24
2005,712,Chu-Huan Yi,18
2005,713,Borja Martinez,18
2005,714,Radoslaw Nijaki,23
2005,715,Patrick Schmolzer,21
2005,716,Gyorgy Balazs,20
2005,716,Tobias Kamke,19
2005,718,Scott Draper,31
2005,719,Wesley Whitehouse,26
2005,720,Salifu Mohammed,19
2005,721,Izak Van der Merwe,21
2005,722,Bogdan Leonte,19
2005,723,Carl-Henrik Hansen,25
2005,724,Andrei Mlendea,21
2005,725,Rodolfo Daruich,24
2005,726,Ronaldo Carvalho,26
2005,727,Deniss Pavlovs,22
2005,728,Angelo Niculescu,24
2005,729,Adam Feeney,20
2005,730,Roman Vogeli,20
2005,731,Rafael Arevalo,19
2005,732,Tom Rushby,19
2005,733,Predrag Rusevski,22
2005,734,Antonio Baldellou-Esteva,24
2005,735,Andrew Kennaugh,18
2005,736,Mehdi Ziadi,19
2005,737,Sun-Yong Kim Jr.,18
2005,738,Jonathan Chu,22
2005,739,Seong-Yoon Chung,29
2005,740,Josh Goffi,26
2005,741,Guillermo Alcaide,19
2005,742,Morgan Phillips,21
2005,743,Richard Irwin,20
2005,744,Sanam Singh,17
2005,745,Haythem Abid,20
2005,746,Vivek Shokeen,18
2005,747,David Luque-Velasco,21
2005,747,Gabriel Pitta,25
2005,749,Nickolai Dyachok,23
2005,750,Ben-Qiang Zhu,26
2005,751,Ryan Russell,22
2005,752,Daniel Vallverdu,19
2005,753,Juan De Armas,20
2005,754,Karel Triska,21
2005,755,Simon Roberts,22
2005,756,Julien Jeanpierre,25
2005,757,Nikola Martinovic,21
2005,758,Roman Recarte,18
2005,759,Lauri Kiiski,25
2005,760,Juan-Pablo Amado,19
2005,761,Nicolas Coutelot,28
2005,762,Phillip Harboe,23
2005,763,Oscar Burrieza-Lopez,30
2005,764,Dejan Cvetkovic,20
2005,765,Luis Manuel Flores,20
2005,766,Kevin Anderson,19
2005,767,Pavol Cervenak,18
2005,767,Julian Reister,19
2005,769,Jerome Golmard,32
2005,770,Marcel-Ioan Miron,23
2005,771,Christoph Steiner,19
2005,772,Theodor Devoty,24
2005,773,Troy Hahn,23
2005,774,Enrico Burzi,24
2005,775,Philip Bester,17
2005,776,Gustavo Gomez,33
2005,777,Bartlomiej Dabrowski,33
2005,778,Huntley Montgomery,27
2005,778,Mashiska Washington,31
2005,780,Yi-Ning Wang,24
2005,781,Boris Conkic,18
2005,782,Rickard Holmstrom,24
2005,783,Igor Sijsling,18
2005,784,Josko Topic,22
2005,785,Riccardo Ghedin,20
2005,786,Charly Villeneuve,21
2005,787,Vince Mellino,30
2005,788,Erik Chvojka,19
2005,789,Fabrice Martin,19
2005,790,Yaoki Ishii,28
2005,791,Matteo Volante,21
2005,792,Vijay Kannan,25
2005,793,Daniel Lustig,21
2005,794,Dong-Hyun Kim,27
2005,795,David To,22
2005,796,Vladimir Pavicevic,28
2005,797,Zach Dailey,24
2005,798,Daniel Wendler,23
2005,799,Aljoscha Thron,18
2005,800,Andres Pedroso,26
2005,801,Adam Thompson,23
2005,802,Ravishankar Pathanjali,23
2005,803,Jedrzej Zarski,24
2005,804,Fred Hemmes,24
2005,805,Miles Kasiri,19
2005,806,Francisco Rodriguez,29
2005,807,Alessandro Motti,26
2005,808,Adriano Biasella,25
2005,809,Tai-Wei Liu,0
2005,810,Jerome Becker,20
2005,811,Alexander Kudryavtsev,20
2005,812,Leonardo Kirche,20
2005,813,Aleksander Slovic,23
2005,814,Akmal Sharipov,18
2005,815,Ignasi Villacampa,0
2005,816,Cosmin Cotet,21
2005,817,Xavier Pujo,28
2005,818,James May,24
2005,819,Ivan Esquerdo,23
2005,819,Talal Ouahabi,27
2005,821,Jacob Melskens,20
2005,822,Sergei Bubka,18
2005,823,Matwe Middelkoop,22
2005,824,David Navarrete,18
2005,825,Dusan Lojda,17
2005,825,Matteo Viola,18
2005,827,Daniel Yoo,20
2005,828,Aleksandar Grubin,19
2005,829,Oskar Pallin,21
2005,830,Renan Delsin,0
2005,831,Rick Schalkers,23
2005,832,Idan Rosenberg,22
2005,833,Abdul-Mumin Babalola,21
2005,834,Alex Clayton,18
2005,835,Ashutosh Singh,23
2005,836,Ivan Dodig,20
2005,837,Jan Weinzierl,32
2005,838,Diego Moyano,30
2005,839,Victor Kolik,18
2005,840,Goran Tosic,23
2005,841,Andrea Falgheri,20
2005,842,Adrian Barbu,22
2005,842,Shuon Madden,0
2005,844,Mattia Livraghi,24
2005,845,Tommi Lenho,30
2005,846,Pavel Chekhov,17
2005,846,Hao Lu,21
2005,846,Clement Rousseau,0
2005,849,Filip Polasek,20
2005,850,Rasmus Norby,23
2005,851,G.D. Jones,19
2005,852,Hamid Mirzadeh,23
2005,853,Jaymon Crabb,27
2005,853,Benedikt Stronk,24
2005,855,Walid Jallali,27
2005,856,Martin Fischer,19
2005,857,Jose-Carlos Garcia-Sanchez,23
2005,858,Patrick Knobloch,24
2005,859,Martin Emmrich,21
2005,859,Ismar Gorcic,22
2005,859,Emiliano Massa,17
2005,862,Roberto Bautista Agut,17
2005,863,Philipp Oswald,19
2005,864,Marius Zay,23
2005,865,Yasuo Miyazaki,24
2005,866,Ivan Cinkus,25
2005,866,Christopher Kas,25
2005,866,Benjamin Kohlloeffel,23
2005,869,Mario Munoz-Bejarano,25
2005,870,Thomas Holzmann,0
2005,871,Holger Fischer,25
2005,871,Stefan Seifert,20
2005,871,Alex Vittur,21
2005,874,David Savic,20
2005,875,Alberto Giraudo,22
2005,876,Juan Sebastian Cabal,19
2005,876,Matteo Gotti,27
2005,878,Thomaz Bellucci,17
2005,879,Jamie Cerretani,24
2005,879,David Corrie,24
2005,879,Dusan Mihailovic,22
2005,879,Fabian Roetschi,25
2005,879,Hiroyasu Sato,33
2005,884,Marin Bradaric,20
2005,885,Arnau Brugues-Davi,20
2005,886,David Klier,18
2005,887,Kevin Deden,21
2005,887,Markus Egger,22
2005,887,Jamie Murray,19
2005,890,Marcus Fugate,17
2005,891,Nikita Kryvonos,19
2005,892,Sergio Ramirez,20
2005,893,Javier Ruiz-Gonzalez,18
2005,894,Bruno Rodriguez,19
2005,895,Philipp Piyamongkol,18
2005,896,Alberto Soriano,23
2005,897,Hicham Arazi,32
2005,898,Shao-Xuan Zeng,24
2005,899,Mait Kunnap,23
2005,899,Pere Riba,17
2005,901,Ion Moldovan,27
2005,902,Roman Borvanov,23
2005,903,Adrian Mannarino,17
2005,904,Christophe Dournes,0
2005,905,Rabie Chaki,23
2005,906,Emin Agaev,26
2005,907,Joao Souza,17
2005,908,Michal Domanski,0
2005,909,Amit Inbar,20
2005,909,Blaz Kavcic,18
2005,909,Matteo Marrai,19
2005,909,Andres Molteni,17
2005,913,Marco Gualdi,0
2005,913,Franko Skugor,18
2005,915,Faris Khatib,0
2005,916,Rafael Farias,20
2005,917,Raony Carvalho,18
2005,917,Andrew Coelho,18
2005,917,Juho Paukku,19
2005,917,Nathan B. Price,24
2005,921,Enrico Wellenfeld,22
2005,922,Niels Desein,18
2005,923,Elbert Sie,18
2005,924,Dmitriy Makeyev,21
2005,924,Antonio Ruiz-Rosales,21
2005,926,Gergely Kisgyorgy,29
2005,927,Pieter Calitz,30
2005,928,Denes Lukacs,18
2005,928,Pavel Riha,26
2005,928,Ivan Sergeyev,17
2005,931,David Loewenthal,0
2005,932,Ashkan Shokoofi,24
2005,933,Robin Brage,22
2005,934,Andreas Haider-Maurer,18
2005,935,Amir Weintraub,19
2005,936,Hiu-Tung Yu,21
2005,937,Eric Butorac,24
2005,937,Tomislav Hadzic,20
2005,937,Wang-Cheng Hsieh,0
2005,940,Lassi Ketola,27
2005,941,Hyung-Tae Kwon,21
2005,941,Naim Lalji,21
2005,943,Julio Cesar Campozano,19
2005,944,Johan Brunstrom,25
2005,944,Juan-Manuel Valverde,20
2005,946,Alexandre Bonatto,21
2005,946,Toshiaki Sakai,31
2005,948,Filippo Figliomeni,19
2005,949,Arjun Goutham,20
2005,950,Yuri Bezeruk,21
2005,950,Tomas Jecminek,26
2005,950,Matjaz Jurman,23
2005,950,Divij Sharan,19
2005,954,John Isner,20
2005,955,Bo Hodge,24
2005,956,Tiago Lopes,19
2005,957,Patrick Jozwik,19
2005,957,Valentine Kassatkine,20
2005,957,Gurmehar Singh,0
2005,960,Vincent Millot,19
2005,960,Alexander Reichel,34
2005,962,Roberto Lopez-Sanchez,0
2005,962,Jaco Mathew,21
2005,964,Alexander Sadecky,18
2005,965,Patrice Atias,27
2005,966,Ian Flanagan,23
2005,966,Grzegorz Panfil,17
2005,966,Eduardo Schwank,19
2005,966,Sebastian Uriarte,25
2005,966,David Villanueva-Perez,20
2005,971,Alejandro Kon,19
2005,972,Michael Ouvarov,22
2005,972,Juan-Francisco Spina,20
2005,972,Sunu-Wahyu Trijati,18
2005,975,Dennis Biggemann,21
2005,975,Eric Kuijlen,0
2005,975,Pablo Martinez,25
2005,975,Victor Stanica,18
2005,979,Amadeus Fulford-Jones,20
2005,980,Simon Harston,26
2005,980,Nitten Kirrtane,31
2005,980,Robin Roshardt,17
2005,980,Valery Rudnev,17
2005,984,Mirko Pehar,25
2005,985,Jose Luis Muguruza,19
2005,985,Vishnu Vardhan,18
2005,987,Krzysztof Kwinta,25
2005,987,Robert Lindstedt,28
2005,989,Kamala Kannan,23
2005,990,Bertrand Contzler,23
2005,990,Hsin-Han Lee,17
2005,992,Benjamin Dracos,21
2005,993,Vladislav Bondarenko,18
2005,993,Gunther Darkey,29
2005,993,Ryler DeHeart,21
2005,993,Julian Dujmovic,0
2005,997,Benoit Bottero,22
2005,998,Daniel Muller,19
2005,998,Rolando Vargas,24
2005,1000,Alexandre Krasnoroutskiy,18
2004,1,Roger Federer,23
2004,2,Andy Roddick,22
2004,3,Lleyton Hewitt,23
2004,4,Marat Safin,24
2004,5,Carlos Moya,28
2004,6,Tim Henman,30
2004,7,Guillermo Coria,22
2004,8,Andre Agassi,34
2004,9,David Nalbandian,22
2004,10,Gaston Gaudio,26
2004,11,Joachim Johansson,22
2004,12,Guillermo Canas,27
2004,13,Tommy Robredo,22
2004,14,Dominik Hrbaty,26
2004,15,Sebastien Grosjean,26
2004,16,Mikhail Youzhny,22
2004,17,Tommy Haas,26
2004,18,Andrei Pavel,30
2004,19,Nicolas Massu,25
2004,20,Vincent Spadea,30
2004,21,Nicolas Kiefer,27
2004,22,Ivan Ljubicic,25
2004,23,Fernando Gonzalez,24
2004,24,Jiri Novak,29
2004,25,Feliciano Lopez,23
2004,26,Juan Ignacio Chela,25
2004,27,Paradorn Srichaphan,25
2004,28,Nikolay Davydenko,23
2004,29,Mario Ancic,20
2004,30,Thomas Johansson,29
2004,31,Juan Carlos Ferrero,24
2004,32,Taylor Dent,23
2004,33,Radek Stepanek,26
2004,34,Robin Soderling,20
2004,35,Florian Mayer,21
2004,36,Fernando Verdasco,21
2004,37,Mardy Fish,23
2004,38,Luis Horna,24
2004,39,Jurgen Melzer,23
2004,40,Gustavo Kuerten,28
2004,41,Michael Llodra,24
2004,42,Rainer Schuettler,28
2004,43,Filippo Volandri,23
2004,44,Karol Beck,22
2004,45,Tomas Berdych,19
2004,46,Greg Rusedski,31
2004,47,Max Mirnyi,27
2004,48,Xavier Malisse,24
2004,49,David Ferrer,22
2004,50,Igor Andreev,21
2004,51,Rafael Nadal,18
2004,52,Fabrice Santoro,32
2004,53,Cyril Saulnier,29
2004,54,Mariano Zabaleta,26
2004,55,Martin Verkerk,26
2004,56,Albert Costa,29
2004,57,Sjeng Schalken,28
2004,58,Agustin Calleri,28
2004,59,Hyung-Taik Lee,28
2004,60,Stefan Koubek,27
2004,61,Ivo Karlovic,25
2004,62,Hicham Arazi,31
2004,63,Robby Ginepri,22
2004,64,Nicolas Escude,28
2004,65,Julien Benneteau,23
2004,66,Olivier Rochus,23
2004,67,Jose Acasuso,22
2004,68,Alberto Martin,26
2004,69,Gilles Muller,21
2004,70,Jonas Bjorkman,32
2004,71,Ricardo Mello,24
2004,72,Thomas Enqvist,30
2004,73,Juan Monaco,20
2004,74,David Sanchez,26
2004,75,Sargis Sargsian,31
2004,76,Potito Starace,23
2004,77,Jarkko Nieminen,23
2004,78,Irakli Labadze,23
2004,79,Antony Dupuis,31
2004,80,Dmitry Tursunov,22
2004,81,Alex Calatrava,31
2004,82,Raemon Sluiter,26
2004,83,Jan Hernych,25
2004,84,Kenneth Carlsen,31
2004,85,Oscar Hernandez,26
2004,86,Bohdan Ulihrach,29
2004,87,Yen-Hsun Lu,21
2004,88,Philipp Kohlschreiber,21
2004,89,Peter Wessels,26
2004,90,Gregory Carraz,29
2004,91,Karol Kucera,30
2004,92,Victor Hanescu,23
2004,93,Jerome Haehnel,24
2004,94,Kevin Kim,26
2004,95,Jan-Michael Gambill,27
2004,96,Jeff Morrison,25
2004,97,James Blake,24
2004,98,Michal Tabara,25
2004,99,Albert Montanes,24
2004,100,Lars Burgsmuller,29
2004,101,Wayne Arthurs,33
2004,102,Felix Mantilla,30
2004,103,Nicolas Almagro,19
2004,104,Santiago Ventura,24
2004,105,Alexander Popp,28
2004,106,Arnaud Clement,27
2004,107,Richard Gasquet,18
2004,108,Olivier Mutis,26
2004,109,Mark Philippoussis,28
2004,110,Davide Sanguinetti,32
2004,111,Flavio Saretta,24
2004,112,Dennis van Scheppingen,29
2004,113,Christophe Rochus,26
2004,114,Alex Corretja,30
2004,115,Jiri Vanek,26
2004,116,Kristof Vliegen,22
2004,117,Janko Tipsarevic,20
2004,118,Adrian Garcia,26
2004,119,Olivier Patience,24
2004,120,Gilles Elseneer,26
2004,121,Tomas Zib,28
2004,122,Nicolas Lapentti,28
2004,123,Paul-Henri Mathieu,22
2004,124,Ivo Heuberger,28
2004,125,Alex Bogomolov Jr.,21
2004,126,Todd Reid,20
2004,127,Alejandro Falla,21
2004,128,Wayne Ferreira,33
2004,129,Guillermo Garcia-Lopez,21
2004,130,Ruben Ramirez Hidalgo,26
2004,131,Nicolas Mahut,22
2004,132,Jean-Rene Lisnard,25
2004,133,Mariano Puerta,26
2004,134,Alexander Waske,29
2004,135,Alexander Peya,24
2004,136,Bjorn Phau,25
2004,137,Wesley Moodie,25
2004,138,Francesco Aldi,23
2004,139,Tomas Behrend,30
2004,140,Thierry Ascione,23
2004,141,Noam Okun,26
2004,142,Marco Chiudinelli,23
2004,143,Franco Squillari,29
2004,144,Jeff Salzenstein,31
2004,145,Todd Martin,34
2004,146,Andreas Seppi,20
2004,147,Daniele Bracciali,26
2004,148,Roko Karanusic,22
2004,149,Marc Lopez,22
2004,150,Peter Luczak,25
2004,151,Alessio Di Mauro,27
2004,152,Glenn Weiner,28
2004,153,Edgardo Massa,23
2004,154,Giovanni Lapentti,21
2004,155,Julien Jeanpierre,24
2004,156,KJ Hippensteel,24
2004,157,Ivo Minar,20
2004,158,Igor Kunitsyn,23
2004,159,Marcos Baghdatis,19
2004,160,Robert Kendrick,25
2004,161,Hugo Armando,26
2004,162,Justin Gimelstob,27
2004,163,Jo-Wilfried Tsonga,19
2004,164,Juan-Pablo Guzman,23
2004,165,Daniel Elsner,25
2004,166,Dick Norman,33
2004,167,Michel Kratochvil,25
2004,168,Stan Wawrinka,19
2004,169,Tomas Tenconi,24
2004,170,Marc Gicquel,27
2004,171,Frank Dancevic,20
2004,172,Dieter Kindlmann,22
2004,173,Amer Delic,22
2004,174,Galo Blanco,28
2004,175,Albert Portas,31
2004,176,Jan Vacek,28
2004,177,Gilles Simon,20
2004,178,Brian Baker,19
2004,179,Michael Ryderstedt,20
2004,180,Daniel Gimeno-Traver,19
2004,181,Andre Sa,27
2004,182,Razvan Sabau,27
2004,183,Arvind Parmar,26
2004,184,Jimmy Wang,19
2004,185,Tobias Summerer,21
2004,186,Novak Djokovic,17
2004,187,Fernando Vicente,27
2004,188,Michal Mertinak,25
2004,189,Juan Pablo Brzezicki,22
2004,190,Paul Goldstein,28
2004,191,Lukas Dlouhy,21
2004,192,Vladimir Voltchkov,26
2004,193,Jean-Christophe Faurel,23
2004,194,Yuri Schukin,25
2004,195,Alex Bogdanovic,20
2004,196,Jan Frode Andersen,32
2004,197,Edouard Roger-Vasselin,21
2004,198,Nicolas Devilder,24
2004,199,Sergio Roitman,25
2004,200,Oliver Marach,24
2004,201,George Bastl,29
2004,202,Leonardo Azzaro,26
2004,203,Stephane Robert,24
2004,204,Danai Udomchoke,23
2004,205,Daniel Koellerer,21
2004,206,Uros Vico,23
2004,207,Rik De Voest,24
2004,208,Sasa Tuksar,21
2004,209,Carlos Berlocq,21
2004,210,Julio Silva,25
2004,211,Jerome Golmard,31
2004,212,Takao Suzuki,28
2004,213,Florent Serra,23
2004,214,Marc Rosset,34
2004,215,Pavel Snobel,24
2004,216,Martin Vassallo Arguello,24
2004,217,Cristian Villagran,22
2004,218,Aisam-Ul-Haq Qureshi,24
2004,219,Lukasz Kubot,22
2004,220,Sebastien De Chaunac,27
2004,221,Nicolas Todero,25
2004,222,Federico Luzzi,24
2004,223,Ivan Navarro,23
2004,224,Miguel Gallardo-Valles,23
2004,225,Victor Ionita,21
2004,226,Cecil Mamiit,28
2004,227,Ramon Delgado,28
2004,228,Filip Prpic,22
2004,229,Franco Ferreiro,20
2004,230,Kristian Pless,23
2004,231,Jamie Delgado,27
2004,232,Werner Eschauer,30
2004,233,Stefano Pescosolido,33
2004,234,Arnaud Di Pasquale,25
2004,235,Michael Berrer,24
2004,236,Tuomas Ketola,29
2004,237,Brian Vahaly,25
2004,238,Gabriel Moraru,22
2004,239,Gael Monfils,18
2004,240,Alan Mackin,23
2004,241,Didac Perez,23
2004,242,Diego Moyano,29
2004,243,Eric Prodon,23
2004,244,Andrea Stoppini,24
2004,245,Ladislav Svarc,26
2004,246,Massimo Dell'Acqua,25
2004,247,Harel Levy,26
2004,248,Jean-Michel Pequery,26
2004,249,Giorgio Galimberti,28
2004,250,Michael Russell,26
2004,251,Dusan Vemic,28
2004,252,Bjorn Rehnquist,26
2004,253,Marcus Sarstrand,26
2004,254,Tomas Cakl,23
2004,255,Alejandro Hernandez,27
2004,256,Jacob Adaktusson,24
2004,257,Julian Knowle,30
2004,258,Teymuraz Gabashvili,19
2004,259,Boris Pashanski,22
2004,260,Jonathan Marray,23
2004,261,Ignacio Gonzalez King,24
2004,262,Ivan Miranda,24
2004,263,Sebastian Fitz,25
2004,264,Gouichi Motomura,31
2004,265,Fred Hemmes,23
2004,266,Goran Ivanisevic,33
2004,267,Marcos Daniel,26
2004,268,Jan Minar,23
2004,269,Simone Bolelli,19
2004,270,Andres Dellatorre,24
2004,271,Florin Mergea,19
2004,272,Mariano Delfino,27
2004,273,Mark Hilton,23
2004,274,Melle Van Gemerden,25
2004,275,Matias Boeker,24
2004,276,Santiago Gonzalez,21
2004,277,Juan Antonio Marin,29
2004,278,Hermes Gamonal,27
2004,279,Takahiro Terachi,25
2004,280,Lovro Zovko,23
2004,281,Chris Guccione,19
2004,282,Michael Kohlmann,30
2004,283,Kirill Ivanov-Smolensky,23
2004,284,Javier Genaro-Martinez,25
2004,285,Zbynek Mlynarik,27
2004,286,Eric Taino,29
2004,287,John van Lottum,28
2004,288,Bobby Reynolds,22
2004,289,David Sherwood,24
2004,290,Jean-Julien Rojer,23
2004,291,Francesco Piccari,25
2004,292,Brian Dabul,20
2004,293,Vasilis Mazarakis,24
2004,294,Victor Bruthans,25
2004,295,Frederic Niemeyer,28
2004,296,Simon Greul,23
2004,297,Rajeev Ram,20
2004,298,Alexander Markin,22
2004,299,Jeroen Masson,23
2004,300,Ti Chen,21
2004,301,Francisco Costa,31
2004,302,Marco Mirnegg,22
2004,303,Stefan Wauters,22
2004,304,Bruno Echagaray,21
2004,305,Paul Capdeville,21
2004,306,Daniele Giorgini,20
2004,307,Johannes Ager,20
2004,308,Dudi Sela,19
2004,309,Marc Kimmich,21
2004,310,Paolo Lorenzi,23
2004,311,Melvyn Op der Heijde,29
2004,312,Konstantinos Economidis,27
2004,313,Diego Hartfield,23
2004,314,Ivo Klec,24
2004,315,Jean-Claude Scherrer,26
2004,316,Bruno Soares,22
2004,317,Michihisa Onoda,26
2004,318,Adam Chadaj,20
2004,319,Francisco Fogues,27
2004,320,Simone Vagnozzi,21
2004,321,Rainer Eitzinger,21
2004,322,Giancarlo Petrazzuolo,24
2004,323,Aleksandar Vlaski,22
2004,324,Paul Baccanello,25
2004,325,Igor Zelenay,22
2004,326,Daniel Munoz de la Nava,22
2004,327,Bertrand Contzler,22
2004,328,Farrukh Dustov,18
2004,329,Kornel Bardoczky,26
2004,330,Tasuku Iwami,26
2004,331,Wesley Whitehouse,25
2004,332,Andres Pedroso,25
2004,333,Ivan Cerovic,22
2004,334,Matwe Middelkoop,21
2004,335,Sergiy Stakhovsky,18
2004,336,Andreas Beck,18
2004,337,Satoshi Iwabuchi,29
2004,338,Gustavo Marcaccio,27
2004,339,Michal Przysiezny,20
2004,340,Prakash Amritraj,21
2004,341,Petr Kralert,25
2004,342,Nenad Zimonjic,28
2004,343,Jan Mertl,22
2004,344,Nathan Healey,24
2004,345,Josselin Ouanna,18
2004,346,Gabriel Trujillo-Soler,25
2004,347,Jaroslav Pospisil,23
2004,348,Todd Widom,21
2004,349,Simon Larose,26
2004,350,Norikazu Sugiyama,27
2004,351,Lee Childs,22
2004,352,Josh Goodall,19
2004,353,Thiago Alves,22
2004,354,Paul Logtens,25
2004,355,James Auckland,24
2004,356,Marcelo Melo,21
2004,357,Federico Browne,28
2004,358,Andrew Banks,21
2004,359,Tomislav Peric,21
2004,360,Harsh Mankad,25
2004,361,Gorka Fraile,26
2004,362,Todor Enev,22
2004,363,Aqeel Khan,24
2004,364,Javier Garcia-Sintes,25
2004,365,Damian Patriarca,21
2004,366,Andy Ram,24
2004,367,Frantisek Cermak,28
2004,368,Steve Darcis,20
2004,369,Sunil-Kumar Sipaeya,21
2004,370,Salvador Navarro,27
2004,371,Markus Hantschk,27
2004,372,Horia Tecau,19
2004,373,Oscar Serrano,26
2004,374,Richard Bloomfield,21
2004,375,Alexandre Simoni,25
2004,376,Torsten Popp,21
2004,377,Lesley Joseph,23
2004,378,Kamil Capkovic,18
2004,379,Julio Peralta,23
2004,380,Yordan Kanev,20
2004,381,Mathieu Montcourt,19
2004,382,Nicolas Tourte,25
2004,383,Wayne Odesnik,19
2004,384,Nicolas Thomann,32
2004,385,Johan Settergren,26
2004,386,Vjekoslav Skenderovic,21
2004,387,Vincenzo Santopadre,33
2004,388,Marko Neunteibl,25
2004,389,Jakub Herm-Zahlava,24
2004,390,Marcel Granollers,18
2004,391,Michael Lammer,22
2004,392,Adrian Ungur,19
2004,393,Rui Machado,20
2004,394,Diego Veronelli,25
2004,395,Guillem Burniol,21
2004,396,Michael Quintero,24
2004,397,Justin Bower,26
2004,398,Lazar Magdincev,24
2004,399,Philipp Petzschner,20
2004,400,Alejandro Vargas-Aboy,22
2004,401,Ilia Kushev,24
2004,402,Jaymon Crabb,26
2004,403,Mariano Albert-Ferrando,22
2004,404,Peng Sun,21
2004,405,Pablo Gonzalez,22
2004,406,Lamine Ouahab,20
2004,407,Marc Fornell-Mestres,22
2004,408,Vladimir Pavicevic,27
2004,409,Juan-Luis Rascon-Lope,33
2004,410,Konstantin Don Gruber,25
2004,411,Andy Murray,17
2004,412,Yu Jr. Wang,23
2004,413,German Puentes,32
2004,414,Nicolas Coutelot,27
2004,415,Emin Agaev,25
2004,416,David Guez,22
2004,417,Dmitry Vlasov,22
2004,418,Hector Ruiz-Cadenas,21
2004,419,Jean-Francois Bachelot,27
2004,420,Shannon Nettle,26
2004,421,Evgeny Korolev,16
2004,422,Adam Feeney,19
2004,423,Carlos Salamanca,21
2004,424,Zeljko Krajan,25
2004,425,Adrian Cruciat,21
2004,426,Leonardo Tavares,20
2004,427,Filip Urban,22
2004,428,Julien Varlet,27
2004,429,Sadik Kadir,23
2004,430,Ben-Qiang Zhu,25
2004,431,Denis Gremelmayr,23
2004,432,Alexey Kedryuk,24
2004,433,Robert Lindstedt,27
2004,434,Robert Smeets,19
2004,435,Matteo Colla,29
2004,436,Carlos Cuadrado,21
2004,437,Robin Vik,24
2004,438,Emiliano Redondi,24
2004,439,Seung-Hoon Lee,25
2004,440,Komlavi Loglo,19
2004,441,Andis Juska,19
2004,442,Andrei Stoliarov,27
2004,443,Martin Stepanek,25
2004,444,John Paul Fruttero,23
2004,445,Jesse Witten,22
2004,446,Frank Condor,20
2004,447,Domenic Marafiote,23
2004,448,Bartolome Salva-Vidal,18
2004,449,Philipp Marx,22
2004,450,Vadim Davletshin,20
2004,451,Scott Lipsky,23
2004,452,Kevin Sorensen,23
2004,453,Dominique Coene,22
2004,454,Alejandro Fabbri,22
2004,455,Daniel Klemetz,0
2004,456,Sebastian Decoud,23
2004,457,Andrew Derer,24
2004,458,Jakub Hasek,23
2004,459,Evgueni Smirnov,22
2004,460,Joseph Sirianni,29
2004,461,Travis Rettenmaier,21
2004,462,Mounir El Aarej,27
2004,463,Dusan Karol,21
2004,464,Pablo Santos,20
2004,465,Jose De Armas,23
2004,466,Gary Lugassy,22
2004,467,Lucas Engel,23
2004,468,Andre Ghem,22
2004,469,Alexander Flock,21
2004,470,Vadim Kutsenko,27
2004,471,Lars Uebel,24
2004,472,Robert Yim,19
2004,473,Toshihide Matsui,26
2004,474,Raphael Durek,20
2004,475,Jasper Smit,24
2004,476,Marius Zay,22
2004,477,Maximo Gonzalez,21
2004,478,Alessandro Accardo,21
2004,479,Ivan Esquerdo,22
2004,480,Philipp Mukhometov,21
2004,481,Alessandro Camarco,22
2004,482,Roger Anderson,23
2004,483,Jan Masik,21
2004,484,Alex Kuznetsov,17
2004,485,Massimo Ocera,22
2004,486,Kyu Tae Im,23
2004,487,Sergei Yaroshenko,27
2004,488,Radim Zitko,26
2004,489,Dekel Valtzer,20
2004,490,Zack Fleishman,24
2004,491,Victor Crivoi,22
2004,492,Mathias Hellstrom,26
2004,493,Jesse Huta Galung,19
2004,494,Tres Davis,22
2004,495,Darko Madjarovski,21
2004,496,Alexander Hartman,24
2004,497,Bo Ram Cha,24
2004,498,Malek Jaziri,20
2004,499,Luke Bourgeois,27
2004,500,Jose Checa-Calvo,19
2004,501,Ilija Bozoljac,19
2004,502,Go Soeda,20
2004,503,Antonio Pastorino,22
2004,504,Diego Junqueira,23
2004,505,Timo Nieminen,23
2004,506,Juho Paukku,18
2004,507,Tobias Koeck,23
2004,508,Orest Tereshchuk,23
2004,509,Jonathan Igbinovia,24
2004,510,Toshiaki Sakai,30
2004,511,Bostjan Osabnik,22
2004,512,Herbert Wiltschnig,29
2004,513,Raven Klaasen,22
2004,514,Vijay Kannan,24
2004,515,Stefano Ianni,23
2004,516,Rameez Junaid,23
2004,517,Alberto Brizzi,20
2004,518,Valentin Sanon,24
2004,519,Nikola Ciric,21
2004,520,Agustin Tarantino,23
2004,521,Benjamin Balleret,21
2004,522,Daniel Garza,19
2004,523,Daniel Monedero,22
2004,524,Kepler Orellana,27
2004,525,Chris Kwon,19
2004,526,David Marrero,24
2004,527,Steven Korteling,20
2004,528,Andrei Cherkasov,34
2004,529,Brian Wilson,22
2004,530,Slimane Saoudi,29
2004,531,Eric Nunez,22
2004,532,Ruben Merchan,21
2004,533,Francisco Rodriguez,28
2004,534,Javier Foronda-Bolanos,19
2004,535,Nick Van Der Meer,19
2004,536,Jose Antonio Sanchez-de Luna,20
2004,537,Antonio Baldellou-Esteva,23
2004,538,Flavio Cipolla,21
2004,539,Bastian Gronefeld,21
2004,540,Stefano Cobolli,27
2004,541,Michael Kogan,26
2004,542,Ian Flanagan,22
2004,543,Young-Jun Kim,24
2004,544,Marko Tkalec,27
2004,545,Juan Albert Viloca-Puig,31
2004,546,Louis Vosloo,26
2004,547,Juan-Martin Aranguren,21
2004,548,Vishal Uppal,28
2004,549,Frank Moser,28
2004,550,Guillaume Legat,27
2004,551,Tony Holzinger,21
2004,552,Christian Grunes,26
2004,553,Huntley Montgomery,26
2004,554,Michal Ciszek,26
2004,555,Giuseppe Menga,28
2004,556,Stephane Bohli,21
2004,557,Mehdi Tahiri,27
2004,558,Maciej Dilaj,25
2004,559,Nicholas Monroe,22
2004,560,Ismar Gorcic,21
2004,561,Maximilian Abel,22
2004,562,Laurent Recouderc,20
2004,563,Branislav Sekac,25
2004,564,Hee-Seok Chung,27
2004,565,Mark Hlawaty,34
2004,566,Brendan Evans,18
2004,567,Juan-Felipe Yanez,27
2004,568,Jhonathan Medina-Alvarez,22
2004,569,Alessandro Da Col,26
2004,570,Oh-Hee Kwon,26
2004,571,Mohamed-Sekou Drame,23
2004,572,Rogier Wassen,28
2004,573,Artemon Apostu-Efremov,25
2004,574,Ryan Newport,23
2004,575,Marco Pedrini,21
2004,576,Israel Matos Gil,22
2004,577,Augustin Gensse,21
2004,578,Frederik Nielsen,21
2004,579,Stefano Galvani,27
2004,580,Bastian Knittel,21
2004,581,Vinod Sridhar,25
2004,582,Frantisek Polyak,20
2004,583,Attila Savolt,28
2004,584,Nicolas Renavand,22
2004,585,Lionel Noviski,21
2004,586,Tai-Wei Liu,0
2004,587,Jan Hajek,21
2004,588,Marcos Jimenez-Letrado,23
2004,589,Philipp Hammer,23
2004,590,Johan Brunstrom,24
2004,591,Dawid Olejniczak,21
2004,592,Marcel Felder,20
2004,593,Jan Stancik,21
2004,594,Emilio Benfele Alvarez,32
2004,595,Henry Adjei-Darko,21
2004,596,Jorge Aguilar,19
2004,597,Julien Boutter,30
2004,598,Petr Luxa,32
2004,599,Ajay Ramaswami,24
2004,600,Rodrigo-Antonio Grilli,25
2004,601,Martijn Van Haasteren,24
2004,602,Peter Capkovic,21
2004,603,Roberto Menendez,28
2004,604,Lauri Kiiski,24
2004,605,Dimitri Lorin,29
2004,606,Solon Peppas,30
2004,607,Bart Beks,31
2004,608,Grega Zemlja,18
2004,609,Alberto Soriano,22
2004,610,Julien Mathieu,22
2004,611,Benjamin Rufer,20
2004,612,Ronaldo Carvalho,25
2004,613,Jacobo Diaz,28
2004,614,Radoslaw Nijaki,22
2004,615,Denis Matsukevich,18
2004,616,Benedikt Dorsch,23
2004,617,Petar Popovic,22
2004,618,Mark Nielsen,27
2004,619,Luis Manuel Flores,19
2004,620,David Novak,21
2004,621,Mischa Zverev,17
2004,622,Adam Vejmelka,19
2004,623,Fred Gil,19
2004,624,Frederic Jeanclaude,23
2004,625,David Martin,23
2004,626,Felipe Lemos,0
2004,627,Xavier Pujo,27
2004,628,Chris Letcher,19
2004,629,Juan Giner,26
2004,630,Juan Ignacio Cerda,26
2004,631,Esteban Carril,27
2004,632,Sascha Kloer,19
2004,633,Ryan Sachire,26
2004,634,Catalin-Ionut Gard,23
2004,635,Rohan Bopanna,24
2004,636,Dmitri Sitak,21
2004,637,Roman Valent,21
2004,638,Juan-Manuel Elizondo,21
2004,639,Dimitri Mazur,25
2004,640,Carlos Avellan,22
2004,641,Gyorgy Balazs,19
2004,642,Clement Morel,20
2004,643,Yaoki Ishii,27
2004,644,Younes El Aynaoui,33
2004,645,Janne Ojala,27
2004,646,Diogo Rocha,20
2004,647,Michael Yani,23
2004,648,Eduardo Bohrer,24
2004,649,Rodolfo Daruich,23
2004,650,Tom Burn,19
2004,651,Andrey Golubev,17
2004,652,Alex Kim,26
2004,653,Diego Alvarez,24
2004,654,Sergei Pozdnev,22
2004,655,Xavier Audouy,29
2004,656,Marcello Craca,30
2004,657,Leonardo Kirche,19
2004,658,Ladislav Chramosta,23
2004,659,Mohammad Ghareeb,24
2004,660,Federico Torresi,24
2004,661,Fabio Colangelo,23
2004,662,Sergei Krotiouk,26
2004,663,Noam Behr,29
2004,664,Mariusz Fyrstenberg,24
2004,665,Kevin Anderson,18
2004,666,Alex Vittur,20
2004,667,Jamie Baker,18
2004,668,Boris Borgula,27
2004,669,Michel Koning,20
2004,670,Cyril Baudin,21
2004,671,Andrew Piotrowski,0
2004,672,Horacio Zeballos,19
2004,673,Mustafa Ghouse,24
2004,674,Robert Haybittel,20
2004,675,Haythem Abid,19
2004,676,Sebo Kiss,21
2004,677,Martin Alund,19
2004,678,Radoslav Lukaev,22
2004,679,Rodolphe Cadart,26
2004,680,Shao-Xuan Zeng,23
2004,681,Tripp Phillips,27
2004,682,Tommaso Sanna,21
2004,683,Marcello Amador,24
2004,684,Chris Lewis,22
2004,685,Eric Scherer,19
2004,686,Lassi Ketola,26
2004,687,Gabriel Pitta,24
2004,688,Peter Mayer Tischer,22
2004,689,Yohny Romero,26
2004,690,Manuel Jorquera,26
2004,691,Bart Van Delft,21
2004,692,Victor Romero,25
2004,693,Nickolai Dyachok,22
2004,694,Alexander Yarmola,26
2004,695,Ervin Eleskovic,17
2004,696,Phillip Harboe,22
2004,697,Sanjin Sadovich,22
2004,697,Simon Stadler,21
2004,699,Kean Feeder,20
2004,700,Alexandre Bonatto,20
2004,701,Sam Warburg,21
2004,702,Brad Weston,24
2004,703,Daniel Wendler,22
2004,704,Luka Gregorc,20
2004,705,Konstantin Kravchuk,19
2004,706,Ferran Ventura-Martell,26
2004,707,Ricardo Chile-Fonte,22
2004,708,Diego Cubas,18
2004,709,Jeremy Wurtzman,23
2004,710,Alessandro Motti,25
2004,711,Andreas Vinciguerra,23
2004,712,Mikhail Filima,22
2004,713,Hao Lu,20
2004,714,Andrew Anderson,21
2004,715,Pavel Lobanov,22
2004,716,Hamid Mirzadeh,22
2004,717,Santiago Giraldo,17
2004,718,Guillermo Hormazabal,19
2004,719,Matteo Gotti,26
2004,720,Fabio Fognini,17
2004,721,Mario Munoz-Bejarano,24
2004,722,Stefan Wiespeiner,20
2004,723,Pablo Martinez,24
2004,724,Cesar Ferrer-Victoria,24
2004,725,Atsuo Ogawa,20
2004,726,Thomas Blake,27
2004,727,Kentaro Masuda,33
2004,728,Goran Dragicevic,21
2004,728,Martin Vacek,23
2004,730,Sebastian Rieschick,18
2004,731,Carlos Poch-Gradin,22
2004,732,Stefano Mocci,23
2004,733,Jan Weinzierl,31
2004,734,Dejan Cvetkovic,19
2004,735,Josef Nesticky,24
2004,736,Phillip King,23
2004,737,Deniss Pavlovs,21
2004,738,Jedrzej Zarski,23
2004,739,Dejan Petrovic,26
2004,740,Naoki Arimoto,30
2004,741,Ludwig Pellerin,22
2004,742,Christopher Koderisch,0
2004,743,Oscar Burrieza-Lopez,29
2004,744,Guillermo Carry,23
2004,745,Daniel Lustig,20
2004,746,Rob Steckley,24
2004,747,Mikhail Elgin,23
2004,748,Julien Cassaigne,22
2004,749,Guillaume Couillard,29
2004,750,Woong-Sun Jun,18
2004,751,Johny De Leon,21
2004,752,Lester Cook,20
2004,753,Dong-Hyun Kim,26
2004,754,Adam Thompson,22
2004,755,Ivaylo Traykov,26
2004,756,Luis Feo-Bernabe,23
2004,757,Karim Maamoun,25
2004,758,Rogerio Dutra Silva,20
2004,759,Marc-Kevin Goellner,34
2004,760,Teodor-Dacian Craciun,24
2004,761,Mirko Pehar,24
2004,762,Fritz Wolmarans,18
2004,763,Walid Jallali,26
2004,763,Carlos Palencia,23
2004,765,Max Raditschnigg,21
2004,766,Henrique Pinto-Silva,22
2004,767,Ross Hutchins,19
2004,768,Scoville Jenkins,18
2004,769,Trystan Meniane,23
2004,770,Somdev Devvarman,19
2004,770,Petr Dezort,29
2004,772,Marcel Zimmermann,19
2004,773,Adam Fass,19
2004,774,Olivier Vandewiele,0
2004,775,Ishay Hadash,20
2004,776,Holger Fischer,24
2004,777,Mattia Livraghi,23
2004,778,Jonathan Hilaire,20
2004,779,Floris Kilian,22
2004,780,Patrick Knobloch,23
2004,781,Miguel Angel Lopez Jaen,22
2004,782,Andreas Fasching,23
2004,782,Matthew Smith,20
2004,784,Boy Wijnmalen,22
2004,785,Rafael Moreno-Negrin,21
2004,786,Philipp Mullner,24
2004,786,Viktor Troicki,18
2004,788,Pavel Ivanov,21
2004,789,Amir Hadad,26
2004,790,Nicky Crawley,0
2004,791,Marco Crugnola,21
2004,792,Francisco Cabello,32
2004,793,Jordi Marse-Vidri,24
2004,794,Georg Novak,21
2004,794,Alexander Satschko,24
2004,796,Mikhail Ledovskikh,18
2004,797,Jose-Manuel Garcia-Rodriguez,23
2004,798,Carlos Rexach-Itoiz,25
2004,799,Arnau Brugues-Davi,19
2004,800,Marcos Conde-Jackson,22
2004,801,Philip Gubenco,22
2004,802,Carlos Castellanos,28
2004,802,Denis Zivkovic,17
2004,804,Daniel Langre,23
2004,805,Bob Bryan,26
2004,806,Ruben de Kleijn,27
2004,807,Suwandi Suwandi,28
2004,808,Artem Sitak,18
2004,809,Tobias Kamke,18
2004,809,Christian Magg,23
2004,811,Richard Irwin,19
2004,812,Markus Kanellos,23
2004,813,Ravishankar Pathanjali,22
2004,814,Adrian Menendez-Maceiras,19
2004,815,Nicolo Cotto,22
2004,816,Miles Kasiri,18
2004,817,Adrian Gavrila,20
2004,818,Martin Slanar,23
2004,819,Martin Vilarrubi,20
2004,820,Dustin Brown,20
2004,821,Bruno Rosa,18
2004,822,Murad Inoyatov,20
2004,823,Alun Jones,24
2004,824,Mario Radic,22
2004,825,Yves Allegro,26
2004,825,Alexander Reichel,33
2004,827,Christopher Kas,24
2004,828,Mashiska Washington,30
2004,829,Goran Tosic,22
2004,830,Matt Bocko,21
2004,831,Mariano Pettigrosso,0
2004,832,Daniel Lencina-Ribes,27
2004,832,David Loewenthal,0
2004,834,Pablo Cuevas,18
2004,834,Karel Triska,20
2004,836,Febi Widhiyanto,24
2004,837,Tomas Janci,24
2004,838,Matthew Hanlin,25
2004,839,Vincent Baudat,25
2004,840,Ivo Bratanov,26
2004,841,Xin-Yuan Yu,19
2004,842,Marcelo Rios,29
2004,843,Kamala Kannan,22
2004,843,Stephen Mitchell,22
2004,845,Michael Ouvarov,21
2004,846,Oscar Rodriguez-Sanchez,20
2004,847,Jun Kato,24
2004,848,Toshiharu Kato,25
2004,849,Benjamin Dracos,20
2004,850,Peter Clarke,25
2004,851,Jiri Vencl,23
2004,851,Charly Villeneuve,20
2004,853,Juan-Ignacio Destefano,25
2004,853,Miha Gregorc,25
2004,853,Valentine Kassatkine,19
2004,856,Teodor Bolanu,20
2004,856,Andrei Mlendea,20
2004,858,Denis Istomin,18
2004,858,Alessandro Piccari,22
2004,860,Srinath Prahlad,31
2004,861,Marin Bradaric,19
2004,862,Vivek Shokeen,17
2004,863,Zach Dailey,23
2004,863,Photos Kallias,20
2004,863,Joaquin Munoz-Hernandez,29
2004,866,Andrew Coelho,17
2004,866,Martin Lee,26
2004,868,David Brewer,19
2004,869,Rok Jarc,19
2004,870,Sonchat Ratiwatana,22
2004,871,Jaco Mathew,20
2004,872,Alexandros Jakupovic,23
2004,873,Andrei Somov,20
2004,874,Patricio Rudi,27
2004,874,Enrico Wellenfeld,21
2004,876,Jerome Becker,19
2004,876,Kai-Lung Chang,0
2004,876,Pablo Figueroa,19
2004,876,Eduardo Portal,20
2004,880,Bernard Parun,25
2004,881,Marcio Torres,23
2004,882,Arkady Bassetti,20
2004,883,Rolandas Murashka,31
2004,884,Igor Sijsling,17
2004,885,Ashkan Shokoofi,23
2004,886,Sebastian Quintero,21
2004,887,Andrei Gorban,21
2004,887,Byung-Kook Kang,25
2004,887,Sebastian Linda,21
2004,890,Mait Kunnap,22
2004,891,Robert Hodel,19
2004,892,Adrian Barbu,21
2004,892,Enrico Burzi,23
2004,892,Juan De Armas,19
2004,892,Filippo Figliomeni,18
2004,896,Oleg Ogorodov,32
2004,897,Patricio Arquez,24
2004,898,Diego Cristin,23
2004,899,Ignasi Villacampa,0
2004,900,Phillip Simmonds,18
2004,901,Jose-Carlos Garcia-Sanchez,22
2004,901,Patrick Schmolzer,20
2004,903,Julien Cuaz,27
2004,903,Leos Friedl,27
2004,905,Marc Pexa,21
2004,906,Timothy Aerts,28
2004,906,Theodor Devoty,23
2004,906,Jay Salter,29
2004,909,Thomas Schiessling,30
2004,910,Josh Goffi,25
2004,910,Rafael Millon,0
2004,912,Sebastian Salas,19
2004,913,Jimy Szymanski,29
2004,914,Sergio Perez-Perez,20
2004,914,Alexandre Renard,22
2004,914,Bruno Rodriguez,18
2004,917,David Diaz-Ventura,18
2004,918,Mat Cloer,20
2004,919,Eric Kuijlen,0
2004,919,Julien Maes,23
2004,919,Antonio Ruiz-Rosales,20
2004,919,Gvidas Sabeckis,20
2004,919,Matija Zgaga,21
2004,924,Julien Maigret,21
2004,925,Juan Ferrer,23
2004,925,Vince Mellino,29
2004,925,Gabriel Trifu,29
2004,928,Lefteris Alexiou,22
2004,928,Raony Carvalho,17
2004,928,Roman Kukal,27
2004,928,Arkaitz Manzarbeitia-Ugate,21
2004,928,Fabian Roetschi,24
2004,933,Thomas Holzmann,0
2004,933,Matt Klinger,25
2004,933,Miguel Olaso-de la Rica,22
2004,933,Tom Rushby,18
2004,933,Phil Stolt,23
2004,938,Genius Chidzikwe,25
2004,938,K.C. Corkery,21
2004,938,Antonio Gramaglia,24
2004,938,Bernat Mas-Avellaneda,24
2004,938,Ivan Sergeyev,16
2004,943,Motaz Abou El Khair,21
2004,943,Michael Staniak,0
2004,945,Florian Nufer,20
2004,945,Felipe Parada,23
2004,945,Ryan Russell,21
2004,945,Dmitro Tolok,0
2004,949,Sarvar Ikramov,19
2004,949,David Savic,19
2004,951,Julien Dupuy,0
2004,951,Ashley Fisher,29
2004,951,David Jeflea,18
2004,951,Michael Jessup,28
2004,955,Ryan Henry,20
2004,955,Joel Kerley,18
2004,955,Claude N'Goran,29
2004,955,Sanchai Ratiwatana,22
2004,955,Nir Welgreen,28
2004,960,Ashutosh Singh,22
2004,960,Mehdi Ziadi,18
2004,962,Shahab Hassani-Nafez,27
2004,962,Sergio Ramirez,19
2004,962,Simon Rea,22
2004,962,Daniel Yoo,19
2004,966,Jordane Doble,24
2004,966,Markus Egger,21
2004,966,Thomas Holzer,21
2004,966,Nikola Martinovic,20
2004,966,Louk Sorensen,19
2004,966,Amar Zubcevic,20
2004,972,Pablo Andujar,18
2004,972,Seung-Bok Baek,30
2004,972,Rickard Holmstrom,23
2004,972,Konstantin Kremeshkov,18
2004,976,Matthew Behrmann,24
2004,976,Sergei Demekhine,20
2004,976,Pablo Galdon,19
2004,976,Rodrigo Guidolin,19
2004,976,Marcel-Ioan Miron,22
2004,981,David Gonzalez,0
2004,981,Adam Seri,26
2004,981,Prima Simpatiaji,23
2004,981,Irakli Ushangishvili,22
2004,981,Michal Varsanyi,24
2004,981,Roman Vogeli,19
2004,987,Yong-Il Yoon,31
2004,988,Marco Gualdi,0
2004,988,Anoosha Shahgholi,23
2004,990,Victor-Mugurel Anagnastopol,18
2004,990,Markus Bayer,20
2004,990,Takeshi Itoh,26
2004,990,Oskar Pallin,20
2004,990,Matteo Volante,20
2004,995,Andre Miele,17
2004,995,Lenoir Ramos,19
2004,995,Martin Schulhauser,19
2004,998,Marco Di Vuolo,21
2004,998,Andrej Kracman,22
2004,998,Dusan Mihailovic,21
2003,1,Andy Roddick,21
2003,2,Roger Federer,22
2003,3,Juan Carlos Ferrero,23
2003,4,Andre Agassi,33
2003,5,Guillermo Coria,21
2003,6,Rainer Schuettler,27
2003,7,Carlos Moya,27
2003,8,David Nalbandian,21
2003,9,Mark Philippoussis,27
2003,10,Sebastien Grosjean,25
2003,11,Paradorn Srichaphan,24
2003,12,Nicolas Massu,24
2003,13,Jiri Novak,28
2003,14,Younes El Aynaoui,32
2003,15,Tim Henman,29
2003,16,Gustavo Kuerten,27
2003,17,Lleyton Hewitt,22
2003,18,Sjeng Schalken,27
2003,19,Martin Verkerk,25
2003,20,Mardy Fish,22
2003,21,Tommy Robredo,21
2003,22,Felix Mantilla,29
2003,23,Max Mirnyi,26
2003,24,Agustin Calleri,27
2003,25,Albert Costa,28
2003,26,Wayne Ferreira,32
2003,27,Mariano Zabaleta,25
2003,28,Feliciano Lopez,22
2003,29,Vincent Spadea,29
2003,30,Jonas Bjorkman,31
2003,31,Arnaud Clement,26
2003,32,Robby Ginepri,21
2003,33,Taylor Dent,22
2003,34,Gaston Gaudio,25
2003,35,Fernando Gonzalez,23
2003,36,Jarkko Nieminen,22
2003,37,James Blake,24
2003,38,Juan Ignacio Chela,24
2003,39,Sargis Sargsian,30
2003,40,Karol Kucera,29
2003,41,Yevgeny Kafelnikov,29
2003,42,Ivan Ljubicic,24
2003,43,Mikhail Youzhny,21
2003,44,Nikolay Davydenko,22
2003,45,Flavio Saretta,23
2003,46,Radek Stepanek,25
2003,47,Filippo Volandri,22
2003,48,Olivier Rochus,22
2003,49,Rafael Nadal,17
2003,50,David Sanchez,25
2003,51,Jan-Michael Gambill,26
2003,52,Hicham Arazi,30
2003,53,Stefan Koubek,26
2003,54,Alberto Martin,25
2003,55,Xavier Malisse,23
2003,56,Hyung-Taik Lee,27
2003,57,Nicolas Lapentti,27
2003,58,Nicolas Kiefer,26
2003,59,Raemon Sluiter,25
2003,60,Robin Soderling,19
2003,61,Dominik Hrbaty,25
2003,62,Fabrice Santoro,31
2003,63,Fernando Vicente,26
2003,64,Luis Horna,23
2003,65,Davide Sanguinetti,31
2003,66,Karol Beck,21
2003,67,Gregory Carraz,28
2003,68,Todd Martin,33
2003,69,Andrei Pavel,29
2003,70,Victor Hanescu,22
2003,71,David Ferrer,21
2003,72,Irakli Labadze,22
2003,73,Ivo Karlovic,24
2003,74,Mario Ancic,19
2003,75,Brian Vahaly,24
2003,76,Lars Burgsmuller,28
2003,77,Marat Safin,23
2003,78,Antony Dupuis,30
2003,79,Jurgen Melzer,22
2003,80,Ruben Ramirez Hidalgo,25
2003,81,Albert Montanes,23
2003,82,Wesley Moodie,24
2003,83,Paul-Henri Mathieu,21
2003,84,Christophe Rochus,25
2003,85,Albert Portas,30
2003,86,Cyril Saulnier,28
2003,87,Tomas Behrend,29
2003,88,Igor Andreev,20
2003,89,Oscar Hernandez,25
2003,90,Alexander Popp,27
2003,91,Dennis van Scheppingen,28
2003,92,John van Lottum,27
2003,93,Richard Gasquet,17
2003,94,Nicolas Mahut,21
2003,95,Joachim Johansson,21
2003,96,Thomas Enqvist,29
2003,97,Jean-Rene Lisnard,24
2003,98,Dmitry Tursunov,21
2003,99,Galo Blanco,27
2003,100,Alex Corretja,29
2003,101,Jose Acasuso,21
2003,102,Thierry Ascione,22
2003,103,Scott Draper,29
2003,104,Olivier Mutis,25
2003,105,Marcelo Rios,28
2003,106,Justin Gimelstob,26
2003,107,Paul Goldstein,27
2003,108,Kenneth Carlsen,30
2003,109,Fernando Verdasco,20
2003,110,Julien Boutter,29
2003,111,Harel Levy,25
2003,112,Martin Vassallo Arguello,23
2003,113,Tomas Berdych,18
2003,114,Nicolas Escude,27
2003,115,Alex Bogomolov Jr.,20
2003,116,Kristof Vliegen,21
2003,117,Wayne Arthurs,32
2003,118,Mariano Puerta,25
2003,119,Greg Rusedski,30
2003,120,Vladimir Voltchkov,25
2003,121,Andreas Vinciguerra,22
2003,122,Marc Rosset,33
2003,123,Ivan Miranda,23
2003,124,Franco Squillari,28
2003,125,Magnus Norman,27
2003,126,Giovanni Lapentti,20
2003,127,Dick Norman,32
2003,128,Ricardo Mello,23
2003,129,Jan Vacek,27
2003,130,Stefano Pescosolido,32
2003,131,Michel Kratochvil,24
2003,132,Jeff Salzenstein,30
2003,133,Eric Taino,28
2003,134,Robert Kendrick,24
2003,135,Gilles Elseneer,25
2003,136,Federico Browne,27
2003,137,Werner Eschauer,29
2003,138,Julien Benneteau,22
2003,139,Nicolas Thomann,31
2003,140,Marc Lopez,21
2003,141,Peter Luczak,24
2003,142,Alex Calatrava,30
2003,143,Jiri Vanek,25
2003,144,Paul Baccanello,24
2003,145,Tomas Zib,27
2003,146,Julien Varlet,26
2003,147,Richard Krajicek,32
2003,148,Giorgio Galimberti,27
2003,149,Razvan Sabau,26
2003,150,Alexander Peya,23
2003,151,Vincenzo Santopadre,32
2003,152,Daniel Elsner,24
2003,153,Jeff Morrison,24
2003,154,Adrian Voinea,29
2003,155,Ivo Heuberger,27
2003,156,Nicolas Almagro,18
2003,157,Alexander Waske,28
2003,158,Bjorn Phau,24
2003,159,Alessio Di Mauro,26
2003,160,Alex Kim,25
2003,161,Janko Tipsarevic,19
2003,162,Danai Udomchoke,22
2003,163,Roko Karanusic,21
2003,164,Julian Knowle,29
2003,165,Olivier Patience,23
2003,166,Arvind Parmar,25
2003,167,Todd Larkham,29
2003,168,Noam Okun,25
2003,169,Marcos Daniel,25
2003,170,Frederic Niemeyer,27
2003,171,Stan Wawrinka,18
2003,172,Tuomas Ketola,28
2003,173,Michael Llodra,23
2003,174,Diego Veronelli,24
2003,175,Attila Savolt,27
2003,176,Salvador Navarro,26
2003,177,Markus Hantschk,26
2003,178,Michal Mertinak,24
2003,179,Jimmy Wang,18
2003,180,Daniel Koellerer,20
2003,181,Stefano Galvani,26
2003,182,Oscar Serrano,25
2003,183,Cecil Mamiit,27
2003,184,Hermes Gamonal,26
2003,185,Sergio Roitman,24
2003,186,Francisco Fogues,26
2003,187,Andrei Stoliarov,26
2003,188,Sebastien De Chaunac,26
2003,189,Massimo Dell'Acqua,24
2003,190,Yen-Hsun Lu,20
2003,191,Jan Frode Andersen,31
2003,192,Nicolas Coutelot,26
2003,193,Igor Kunitsyn,22
2003,194,Renzo Furlan,33
2003,195,Gilles Muller,20
2003,196,Juan-Pablo Guzman,22
2003,197,Marcos Baghdatis,18
2003,198,Bob Bryan,25
2003,199,Bjorn Rehnquist,25
2003,200,Ramon Delgado,27
2003,201,Frank Dancevic,19
2003,202,Petr Kralert,24
2003,203,Peter Wessels,25
2003,204,Boris Pashanski,21
2003,205,Takao Suzuki,27
2003,206,Tomas Tenconi,23
2003,207,Francisco Costa,30
2003,208,Philipp Kohlschreiber,20
2003,209,Andre Sa,26
2003,210,Fernando Meligeni,32
2003,211,Michal Tabara,24
2003,212,Daniele Bracciali,25
2003,213,Zack Fleishman,23
2003,214,Julio Peralta,22
2003,215,Frantisek Cermak,27
2003,216,Amir Hadad,25
2003,217,Miguel Gallardo-Valles,22
2003,218,Florent Serra,22
2003,219,Kevin Kim,25
2003,220,Zeljko Krajan,24
2003,221,Matias Boeker,23
2003,222,Potito Starace,22
2003,223,Yuri Schukin,24
2003,224,Juan Pablo Brzezicki,21
2003,225,Juan Albert Viloca-Puig,30
2003,226,Mariano Delfino,26
2003,227,Gaston Etlis,29
2003,228,Tomas Cakl,22
2003,229,Satoshi Iwabuchi,28
2003,230,Stephane Robert,23
2003,231,Andres Dellatorre,23
2003,232,Simon Larose,25
2003,233,Fred Hemmes,22
2003,234,Diego Moyano,28
2003,235,Vadim Kutsenko,26
2003,236,Louis Vosloo,25
2003,237,Dusan Vemic,27
2003,238,Ivaylo Traykov,25
2003,239,Wesley Whitehouse,24
2003,240,Andreas Seppi,19
2003,241,Rik De Voest,23
2003,242,Mariano Albert-Ferrando,21
2003,243,Todd Reid,19
2003,244,Guillermo Garcia-Lopez,20
2003,245,Konstantinos Economidis,26
2003,246,Bohdan Ulihrach,28
2003,247,Juan Antonio Marin,28
2003,248,Jan Hernych,24
2003,249,Ignacio Gonzalez King,23
2003,250,Florian Mayer,20
2003,251,Stefano Cobolli,26
2003,252,Simon Greul,22
2003,253,Marcello Craca,29
2003,254,Hugo Armando,25
2003,255,Stephane Bohli,20
2003,256,Gouichi Motomura,30
2003,257,Dieter Kindlmann,21
2003,258,Paolo Lorenzi,22
2003,259,Dudi Sela,18
2003,260,Glenn Weiner,27
2003,261,Franco Ferreiro,19
2003,262,Ivan Navarro,22
2003,263,Oliver Marach,23
2003,264,Didac Perez,22
2003,265,Slimane Saoudi,28
2003,266,Maximilian Abel,21
2003,267,Gorka Fraile,25
2003,268,Julien Jeanpierre,23
2003,269,Vasilis Mazarakis,23
2003,270,Timo Nieminen,22
2003,271,Francesco Aldi,22
2003,272,Guillermo Canas,26
2003,273,Alun Jones,23
2003,274,Jean-Claude Scherrer,25
2003,275,Alejandro Falla,20
2003,276,David Prinosil,30
2003,277,George Bastl,28
2003,278,Alex Bogdanovic,19
2003,279,Markus Hipfl,25
2003,280,Prakash Amritraj,20
2003,281,Teymuraz Gabashvili,18
2003,282,Jean-Francois Bachelot,26
2003,283,Zbynek Mlynarik,26
2003,284,Rodolphe Cadart,25
2003,285,Alejandro Hernandez,26
2003,286,Joseph Sirianni,28
2003,287,Martin Stepanek,24
2003,288,Uros Vico,22
2003,289,Marco Chiudinelli,22
2003,290,Bruno Soares,21
2003,291,Marko Neunteibl,24
2003,292,Emin Agaev,24
2003,293,Andrea Gaudenzi,30
2003,294,Todor Enev,21
2003,295,Michael Lammer,21
2003,296,Robin Vik,23
2003,297,Adrian Garcia,25
2003,298,Santiago Gonzalez,20
2003,299,Lee Childs,21
2003,300,Edouard Roger-Vasselin,20
2003,301,Mario Radic,21
2003,302,Wayne Black,30
2003,303,Alan Mackin,22
2003,304,Jean-Michel Pequery,25
2003,305,Miguel Angel Lopez Jaen,21
2003,306,Jaymon Crabb,25
2003,307,Carlos Berlocq,20
2003,308,Jaroslav Pospisil,22
2003,309,Jerome Golmard,30
2003,310,Young-Jun Kim,23
2003,311,Marc-Kevin Goellner,33
2003,312,Michael Kohlmann,29
2003,313,Tasuku Iwami,25
2003,314,Peter Clarke,24
2003,315,Andy Ram,23
2003,316,Jose De Armas,22
2003,317,Victor Bruthans,24
2003,318,Takahiro Terachi,24
2003,319,Jan Minar,22
2003,320,Lovro Zovko,22
2003,321,Ivo Klec,23
2003,322,Jan Hajek,20
2003,323,Orest Tereshchuk,22
2003,324,Juan Monaco,19
2003,325,Eric Prodon,22
2003,326,Michael Berrer,23
2003,327,Roberto Menendez,27
2003,328,Paul Logtens,24
2003,329,Raven Klaasen,21
2003,330,Lamine Ouahab,19
2003,331,Alexandre Simoni,24
2003,332,Jerome Haehnel,23
2003,333,Andrea Stoppini,23
2003,334,Jean-Christophe Faurel,22
2003,335,Julio Silva,24
2003,336,Denis Gremelmayr,22
2003,337,Juan Balcells,28
2003,338,Yves Allegro,25
2003,339,Marcus Sarstrand,25
2003,340,Harsh Mankad,24
2003,341,Leonardo Azzaro,25
2003,342,Philipp Mullner,23
2003,343,Laurent Recouderc,19
2003,344,Gary Lugassy,21
2003,345,Rohan Bopanna,23
2003,346,Dmitry Vlasov,21
2003,347,Michael Quintero,23
2003,348,Edgardo Massa,22
2003,349,Diego Hipperdinger,26
2003,350,Pavel Snobel,23
2003,351,Rogier Wassen,27
2003,352,Sebastian Prieto,28
2003,353,Aisam-Ul-Haq Qureshi,23
2003,354,Ion Moldovan,25
2003,355,Benjamin Cassaigne,27
2003,356,Nicolas Todero,24
2003,357,Jean-Julien Rojer,22
2003,358,Francisco Clavet,35
2003,359,Dmitri Sitak,20
2003,360,Marc Fornell-Mestres,21
2003,361,Xavier Pujo,26
2003,362,Matteo Colla,28
2003,363,Pedro Braga,28
2003,364,Arnaud Segodo,19
2003,365,Marcelo Charpentier,30
2003,366,Nicolas Devilder,23
2003,367,Philipp Petzschner,19
2003,368,Kornel Bardoczky,25
2003,369,Johannes Ager,19
2003,370,Bo Ram Cha,23
2003,371,Lukasz Kubot,21
2003,372,Ota Fukarek,26
2003,373,KJ Hippensteel,23
2003,374,Ignacio Hirigoyen,27
2003,375,Andres Pedroso,24
2003,376,Luke Bourgeois,26
2003,377,Ben-Qiang Zhu,24
2003,378,Phillip Harboe,21
2003,379,Todd Widom,20
2003,380,W.P. Meyer,23
2003,381,Federico Luzzi,23
2003,382,Bastian Gronefeld,20
2003,383,Michael Chang,31
2003,384,Andrew Ilie,27
2003,385,Gabriel Moraru,21
2003,386,Diego Hartfield,22
2003,387,Cristian Villagran,21
2003,388,Santiago Ventura,23
2003,389,Pablo Gonzalez,21
2003,390,Ronaldo Carvalho,24
2003,391,Ladislav Svarc,25
2003,392,Ilia Kushev,23
2003,393,Carlos Cuadrado,20
2003,394,Jo-Wilfried Tsonga,18
2003,395,Javier Genaro-Martinez,24
2003,396,Gabriel Trujillo-Soler,24
2003,397,Roman Valent,20
2003,398,Valentin Sanon,23
2003,399,Jan Masik,20
2003,400,Javier Garcia-Sintes,24
2003,401,Jack Brasington,27
2003,402,Genius Chidzikwe,24
2003,403,Ti Chen,20
2003,404,Daniele Giorgini,19
2003,405,Darko Madjarovski,20
2003,406,German Puentes,31
2003,407,Lucas Engel,22
2003,408,Neville Godwin,28
2003,409,Christian Vinck,28
2003,410,Mike Scheidweiler,22
2003,411,Frank Moser,27
2003,412,Sasa Tuksar,20
2003,413,Thiago Alves,21
2003,414,Igor Zelenay,21
2003,415,Emilio Benfele Alvarez,31
2003,416,Gustavo Marcaccio,26
2003,417,Michael Joyce,30
2003,418,Marc Gicquel,26
2003,419,Johan Settergren,25
2003,420,Jimy Szymanski,28
2003,421,Pavel Ivanov,20
2003,422,Brian Baker,18
2003,423,Ivo Minar,19
2003,424,Axel Pretzsch,27
2003,425,Huntley Montgomery,25
2003,426,Mounir El Aarej,26
2003,427,Adam Kennedy,20
2003,428,Kepler Orellana,26
2003,429,Domenic Marafiote,22
2003,430,Jacob Adaktusson,23
2003,431,Marco Mirnegg,21
2003,432,Jun Kato,23
2003,433,James Auckland,23
2003,434,Bruno Echagaray,20
2003,435,Thomas Blake,26
2003,436,Jamie Delgado,26
2003,437,Rajeev Ram,19
2003,438,Tripp Phillips,26
2003,439,Martin Slanar,22
2003,440,Kristian Pless,22
2003,441,Yu Jr. Wang,22
2003,442,Robert Lindstedt,26
2003,443,Francisco Rodriguez,27
2003,444,Antonio Pastorino,21
2003,445,Ivan Esquerdo,21
2003,446,Wayne Odesnik,18
2003,447,Amer Delic,21
2003,448,Branislav Sekac,24
2003,449,Stian Boretti,22
2003,450,Filip Prpic,21
2003,451,Alexey Kedryuk,23
2003,452,Brian Dabul,19
2003,453,Mark Hilton,22
2003,454,Stefan Wauters,21
2003,455,Paul Capdeville,20
2003,456,Petr Luxa,31
2003,457,Richard Bloomfield,20
2003,458,Oliver Gross,30
2003,459,Lars Uebel,23
2003,460,Gianluca Luddi,25
2003,461,Yordan Kanev,19
2003,462,Chris Guccione,18
2003,463,John Paul Fruttero,22
2003,464,Alejandro Fabbri,21
2003,465,Victor Ionita,20
2003,466,Doug Bohaboy,27
2003,467,Radim Zitko,25
2003,468,Flavio Cipolla,20
2003,469,Ismar Gorcic,20
2003,470,Cristiano Caratti,33
2003,471,Toshihide Matsui,25
2003,472,Ladislav Chramosta,22
2003,473,Jonathan Erlich,26
2003,474,Michal Przysiezny,19
2003,475,Bobby Reynolds,21
2003,476,Bertrand Contzler,21
2003,477,Marko Tkalec,26
2003,478,Esteban Carril,26
2003,479,Sergei Yaroshenko,26
2003,480,Florin Mergea,18
2003,481,Noam Behr,28
2003,482,Steve Darcis,19
2003,483,Mario Munoz-Bejarano,23
2003,484,Herbert Wiltschnig,28
2003,485,Farrukh Dustov,17
2003,486,Rui Machado,19
2003,487,Gilles Simon,19
2003,488,Alejandro Vargas-Aboy,21
2003,489,Konstantin Don Gruber,24
2003,490,Sebastian Decoud,22
2003,491,Marc Bauer,28
2003,492,Mathias Hellstrom,25
2003,493,Lazar Magdincev,23
2003,494,Nicolas Renavand,21
2003,495,Vadim Davletshin,19
2003,496,Vladimir Pavicevic,26
2003,497,Nenad Zimonjic,27
2003,498,Edwin Kempes,27
2003,499,Jaroslav Levinsky,22
2003,500,Daniel Nestor,31
2003,501,Andrew Derer,23
2003,502,Michael Russell,25
2003,503,Febi Widhiyanto,23
2003,504,Daniel Melo,26
2003,505,Jan Weinzierl,30
2003,506,Jakub Herm-Zahlava,23
2003,507,Magnus Larsson,33
2003,508,Thomas Dupre,29
2003,509,Marcel Granollers,17
2003,510,Ferran Ventura-Martell,25
2003,511,Eduardo Bohrer,23
2003,512,Ryan Sachire,25
2003,513,Guillermo Carry,22
2003,514,Michael Ryderstedt,19
2003,515,Juan Giner,25
2003,516,Lukas Dlouhy,20
2003,517,Arnaud Di Pasquale,24
2003,518,Bernard Parun,24
2003,519,Juan-Felipe Yanez,26
2003,520,Massimo Ocera,21
2003,521,Josselin Ouanna,17
2003,522,Sebastian Fitz,24
2003,523,Justin Bower,25
2003,524,Chris Lewis,21
2003,525,Jonathan Marray,22
2003,526,Shannon Nettle,25
2003,527,Dustin Brown,19
2003,528,Michihisa Onoda,25
2003,529,Julien Cassaigne,21
2003,530,Xin-Yuan Yu,18
2003,531,Adam Chadaj,19
2003,532,Ryan Haviland,23
2003,533,Sergiy Stakhovsky,17
2003,534,Boris Borgula,26
2003,535,Juan-Luis Rascon-Lope,32
2003,536,Josh Goffi,24
2003,537,Helder Lopes,26
2003,538,Francesco Piccari,24
2003,539,Sunil-Kumar Sipaeya,20
2003,540,Andy Murray,16
2003,541,Jens Knippschild,28
2003,542,Lefteris Alexiou,21
2003,543,Marcos Jimenez-Letrado,22
2003,544,Janne Ojala,26
2003,545,Lesley Joseph,22
2003,546,Alessandro Camarco,21
2003,547,David Miketa,28
2003,548,Giancarlo Petrazzuolo,23
2003,549,Mark Nielsen,26
2003,550,Philip Gubenco,21
2003,551,Dominique Coene,21
2003,552,Jose Antonio Sanchez-de Luna,19
2003,553,Matteo Gotti,25
2003,554,Thomas Oger,23
2003,555,Kyu Tae Im,22
2003,556,Raphael Durek,19
2003,557,Kirill Ivanov-Smolensky,22
2003,558,Regis Lavergne,29
2003,559,Jiri Vencl,22
2003,560,Ryan Henry,19
2003,561,Aleksandar Vlaski,21
2003,562,Mariusz Fyrstenberg,23
2003,563,Damian Patriarca,20
2003,564,Daniel Garza,18
2003,565,Marcel Felder,19
2003,566,Kean Feeder,19
2003,567,Daniel Munoz de la Nava,21
2003,568,Yong-Il Yoon,30
2003,569,Jalal Chafai,23
2003,570,Kentaro Masuda,32
2003,571,Alberto Brizzi,19
2003,572,Jan Mertl,21
2003,573,Adrian Cruciat,20
2003,574,Kim Tiilikainen,28
2003,575,Marco Pedrini,20
2003,576,Matwe Middelkoop,20
2003,577,Tobias Summerer,20
2003,578,Vjekoslav Skenderovic,20
2003,579,Benjamin Kohlloeffel,21
2003,580,Solon Peppas,29
2003,581,Clement Morel,19
2003,582,Mikhail Elgin,22
2003,583,Diego Junqueira,23
2003,584,Robert Yim,18
2003,585,Nicolas Tourte,24
2003,586,Mischa Zverev,16
2003,587,Bartlomiej Dabrowski,31
2003,588,Felipe Parada,22
2003,589,David Sherwood,23
2003,590,Alessandro Motti,24
2003,591,Peng Sun,20
2003,592,Timothy Aerts,27
2003,593,David Marrero,23
2003,594,Radoslav Lukaev,21
2003,595,Nenad Toroman,25
2003,596,Norikazu Sugiyama,26
2003,597,Philipp Mukhometov,20
2003,598,Israel Matos Gil,21
2003,599,Martin Lee,25
2003,600,Marc Kimmich,20
2003,601,Andrew Anderson,20
2003,602,Francisco Cabello,31
2003,603,Sebo Kiss,20
2003,604,Matias O'Neille,25
2003,605,Vijay Kannan,23
2003,606,Mehdi Tahiri,26
2003,607,Sergei Pozdnev,21
2003,608,Laurent Gabail,23
2003,609,Seung-Kyu Park,31
2003,610,Dirk Stegmann,20
2003,611,Daniel Klemetz,0
2003,612,Jay Gooding,27
2003,613,Alexandre Bonatto,19
2003,614,Matt Klinger,24
2003,615,Jasper Smit,23
2003,616,Alexandros Jakupovic,22
2003,617,Luke Smith,27
2003,618,Alexander Markin,21
2003,619,Oleg Ogorodov,31
2003,620,Jean-Baptiste Perlant,26
2003,621,Patricio Arquez,23
2003,622,Federico Torresi,23
2003,623,Simone Bolelli,18
2003,624,Laszlo Fono,22
2003,625,Jorge Aguilar,18
2003,626,Marcello Amador,23
2003,627,Jacobo Diaz,27
2003,628,Jan Stancik,20
2003,629,Guillem Burniol,20
2003,630,Alessandro Da Col,25
2003,631,Mohamed Mamoun,22
2003,632,Teodor-Dacian Craciun,23
2003,633,Carlos Avellan,21
2003,634,Alvaro Dominguez,24
2003,635,Go Soeda,19
2003,636,Mark Hlawaty,33
2003,637,Nikola Ciric,20
2003,638,Filip Urban,21
2003,639,Shao-Xuan Zeng,22
2003,640,Michal Navratil,21
2003,641,Oliver Freelove,26
2003,642,Manuel Jorquera,25
2003,643,Florian Jeschonek,25
2003,644,Wolfgang Schranz,27
2003,645,Alexander Hartman,23
2003,646,Kevin Sorensen,22
2003,647,Agustin Tarantino,22
2003,648,Tomislav Peric,20
2003,649,Jakub Hasek,22
2003,650,Bernardo Mota,32
2003,651,Arkaitz Manzarbeitia-Ugate,20
2003,652,Sebastian Jaeger,23
2003,653,Walid Jallali,25
2003,654,Jerome Hanquez,29
2003,655,Mirko Pehar,23
2003,656,Simone Vagnozzi,20
2003,657,Goran Ivanisevic,32
2003,658,Mohamed-Sekou Drame,22
2003,659,Gabriel Pitta,23
2003,660,Frederik Nielsen,20
2003,661,Matthew Hanlin,24
2003,662,Karim Maamoun,24
2003,663,Christian Grunes,25
2003,664,Andrei Cherkasov,33
2003,665,Mustafa Ghouse,23
2003,666,Thomas Schiessling,29
2003,667,Stefano Mocci,22
2003,668,Torsten Popp,20
2003,669,Boy Wijnmalen,21
2003,670,Peter Capkovic,20
2003,671,Keith From,23
2003,672,Raul Morant,22
2003,673,Marcio Carlsson,28
2003,674,Melle Van Gemerden,24
2003,675,Rafael Moreno-Negrin,20
2003,676,Ivan Cerovic,21
2003,677,Markus Bayer,19
2003,678,Mike Bryan,25
2003,679,Novak Djokovic,16
2003,680,Joaquin Munoz-Hernandez,28
2003,681,Dejan Petrovic,25
2003,682,Marcelo Melo,20
2003,683,Rameez Junaid,22
2003,684,Aleksander Slovic,21
2003,685,Sadik Kadir,22
2003,686,Melvyn Op der Heijde,28
2003,687,Alberto Soriano,21
2003,688,Mashiska Washington,29
2003,689,Brad Weston,23
2003,690,Jhonathan Medina-Alvarez,21
2003,691,Michael Ouvarov,20
2003,692,Baptiste Dupuy,22
2003,693,Scott Lipsky,22
2003,694,Diego Alvarez,23
2003,695,Holger Fischer,23
2003,696,Prima Simpatiaji,22
2003,697,Komlavi Loglo,18
2003,698,Gregg Hill,40
2003,699,Kamil Capkovic,17
2003,699,Bernat Mas-Avellaneda,23
2003,701,Toshiaki Sakai,29
2003,702,Benjamin Rufer,19
2003,703,Victor Crivoi,21
2003,704,Juraj Hasko,25
2003,705,Evgueni Smirnov,21
2003,706,Hee-Seok Chung,26
2003,707,Jonathan Hilaire,19
2003,708,Phillip King,22
2003,709,Jose-Manuel Garcia-Rodriguez,22
2003,710,Mikhail Filima,21
2003,711,Sebastian Swierk,24
2003,712,Vinod Sridhar,24
2003,713,Alexander Pavlioutchenkov,18
2003,714,Javier Taborga,24
2003,715,Brian Wilson,21
2003,716,Bart Van Delft,20
2003,717,Patrick Schmolzer,19
2003,718,Leonardo Tavares,19
2003,719,Andreas Beck,17
2003,720,Dejan Cvetkovic,18
2003,721,Christopher Kas,23
2003,722,Luka Gregorc,19
2003,723,Daniel Kiernan,23
2003,723,Daniel Monedero,21
2003,725,Tomas Janci,23
2003,725,Daniel Schubert,19
2003,727,Maximo Gonzalez,20
2003,728,Alexander Sikanov,25
2003,728,Martin Vacek,22
2003,730,Jeroen Masson,22
2003,731,Lionel Noviski,20
2003,732,Irakli Ushangishvili,21
2003,733,Alexander Flock,20
2003,734,Cesar Ferrer-Victoria,23
2003,735,David Martin,22
2003,736,Mikhail Ledovskikh,17
2003,737,Xavier Audouy,28
2003,738,Robert Smeets,18
2003,739,David Novak,20
2003,739,Martin Vilarrubi,19
2003,741,Jonathan Igbinovia,23
2003,742,Augustin Gensse,20
2003,743,Alexander Satschko,23
2003,744,Sanjin Sadovich,21
2003,745,Gregory Girault,30
2003,745,Carlos Poch-Gradin,21
2003,747,Benjamin Balleret,20
2003,748,Cristian Kordasz,25
2003,749,Sonchat Ratiwatana,21
2003,750,Matthew Smith,19
2003,751,Lauri Kiiski,23
2003,751,Travis Rettenmaier,20
2003,753,Cary Franklin,26
2003,754,Juan-Martin Aranguren,20
2003,755,Juan-Manuel Elizondo,20
2003,755,Philipp Marx,21
2003,757,Sebastian Linda,20
2003,758,Denis Golovanov,24
2003,759,Tomasz Bednarek,22
2003,759,Fredrik Jonsson,26
2003,761,Mohammad Ghareeb,23
2003,762,David Guez,21
2003,762,Mait Kunnap,21
2003,764,Giuseppe Menga,27
2003,765,Oh-Hee Kwon,25
2003,766,Pierre Berntson,22
2003,767,Nikos Rovas,26
2003,768,Ricardo Schlachter,26
2003,769,Norbert Mazany,25
2003,770,Robert Haybittel,19
2003,771,Bartolome Salva-Vidal,17
2003,772,Bart Beks,30
2003,773,Hamid Mirzadeh,21
2003,774,Bostjan Osabnik,21
2003,775,Dusan Karol,20
2003,776,Guillaume Legat,26
2003,777,K.C. Corkery,20
2003,777,Tomas Jecminek,24
2003,779,Andre Ghem,21
2003,779,Sebastien Lami,26
2003,779,Vince Mellino,28
2003,782,Christopher Koderisch,0
2003,783,Nicky Crawley,0
2003,784,Travis Parrott,23
2003,785,Marco Di Vuolo,20
2003,786,Talal Ouahabi,25
2003,787,Vishal Uppal,27
2003,788,Rodrigo Monte,27
2003,789,Daniel Lustig,19
2003,790,Alex Witt,27
2003,791,Theodoros Angelinos,19
2003,792,Igor Levine,23
2003,793,Daniel Lesske,22
2003,794,Adrian Barbu,20
2003,794,Julien Maigret,20
2003,796,Trace Fielding,25
2003,797,Yohny Romero,25
2003,798,Ingo Neumuller,24
2003,799,Daniel Gimeno-Traver,18
2003,800,Rainer Eitzinger,20
2003,801,Luciano Vitullo,20
2003,802,Javier Foronda-Bolanos,18
2003,802,Davide Scala,31
2003,804,Tommi Lenho,28
2003,805,Sergei Demekhine,19
2003,806,Ajay Ramaswami,23
2003,807,Tommaso Sanna,20
2003,808,Steven Randjelovic,28
2003,809,Fabio Colangelo,22
2003,810,Christophe Bosio,26
2003,810,Vitali Chvets,28
2003,812,Ivan Cinkus,23
2003,813,Gwinyai Tongoona,30
2003,814,Matthew Behrmann,23
2003,815,Nick Van Der Meer,18
2003,816,Nathan Healey,23
2003,817,Naoki Arimoto,29
2003,817,Nils Muschiol,19
2003,819,Filip Aniola,23
2003,820,Steven Korteling,19
2003,821,Sergei Krotiouk,25
2003,821,Bosko Simundsa,0
2003,823,Simon Rea,21
2003,824,Gergely Kisgyorgy,27
2003,825,Cyril Mokaiesh,0
2003,826,Vishal Punna,19
2003,827,Goran Dragicevic,20
2003,827,Adam Seri,25
2003,827,Marc Steger,22
2003,830,Jon Hedman,27
2003,831,Tobias Koeck,22
2003,832,Haythem Abid,18
2003,833,Thomas Holzer,20
2003,834,Julien Cuaz,26
2003,835,Antonio Baldellou-Esteva,22
2003,836,Marcin Matkowski,22
2003,837,Hyun-Woo Nam,18
2003,838,Andis Juska,18
2003,839,Levar Harper-Griffith,22
2003,840,Pablo Santos,19
2003,841,Omar  Alawadhi,21
2003,841,Rasmus Norby,21
2003,843,Ilija Bozoljac,18
2003,844,Michel Koning,19
2003,844,Simon Stadler,20
2003,846,Takeshi Itoh,25
2003,846,Kiantki Thomas,28
2003,848,Guillermo Platel,24
2003,849,Guillermo Carter,26
2003,850,Gyorgy Balazs,18
2003,851,Yew-Ming Si,24
2003,852,Tomer Suissa,21
2003,853,Diego Cristin,22
2003,853,Naim Lalji,19
2003,855,Jose Checa-Calvo,18
2003,856,Felipe Lemos,0
2003,857,Henrik Andersson,26
2003,857,Diego Ayala,24
2003,857,Miles MacLagan,29
2003,857,Thomas Shimada,28
2003,861,Mat Cloer,19
2003,862,Diogo Rocha,19
2003,863,Guillaume Couillard,28
2003,864,Dimitri Mazur,24
2003,865,Dong-Hyun Kim,25
2003,865,Alex Vittur,19
2003,867,Andrew Carlson,26
2003,867,Tai-Wei Liu,0
2003,869,Seung-Hoon Lee,24
2003,869,Carlos Salamanca,20
2003,871,Alejandro Asta,23
2003,871,Henry Beam,23
2003,871,Catalin-Ionut Gard,22
2003,871,Adam Thompson,21
2003,871,Marc Urbainczyk,0
2003,876,Gergely Hultai,25
2003,877,Jesse Witten,21
2003,878,John Thivolle,23
2003,879,Sebastian Quintero,20
2003,880,Bart De Gier,20
2003,880,Gilles Kremer,22
2003,882,Eduardo Magadan-Castro,22
2003,883,Michael Kosta,24
2003,883,Ryan Russell,20
2003,885,Christian Magg,22
2003,886,Bora Celiscak,26
2003,887,Rick Schalkers,21
2003,888,Hendrik Dreekmann,28
2003,888,Anton Kokurin,23
2003,890,Claude N'Goran,28
2003,890,Olivier Vandewiele,0
2003,892,Andreas Kauntz,23
2003,893,Andreu Guilera-Jover,22
2003,894,Mattia Livraghi,22
2003,894,Oscar Rodriguez-Sanchez,19
2003,896,Diego Acuna,22
2003,896,Rogerio Dutra Silva,19
2003,896,Luis Manuel Flores,18
2003,899,Ante Andric,0
2003,899,Alessandro Piccari,21
2003,899,Suwandi Suwandi,27
2003,902,Rabie Chaki,21
2003,903,Peter Handoyo,24
2003,904,Franklin Durighetto,21
2003,905,Matias De Genaro,18
2003,905,Andreas Fasching,22
2003,907,Patrick Knobloch,22
2003,907,Martin Rodriguez,34
2003,909,Nikolay Mishin,21
2003,910,Stefano Ianni,22
2003,910,Byung-Kook Kang,24
2003,912,Marius Zay,21
2003,913,Alberto Giraudo,20
2003,913,Hao Lu,19
2003,915,Johan Du Randt,26
2003,915,Woong-Sun Jun,17
2003,917,Juan Ignacio Cerda,25
2003,917,Emanuel Couto,30
2003,917,Chris Kwon,18
2003,917,Sebastian Uriarte,23
2003,921,Toyin Dairo,26
2003,921,Ian Flanagan,21
2003,921,Jose-Carlos Garcia-Sanchez,21
2003,924,Goran Tosic,21
2003,925,Chul-Hee Lee,24
2003,925,Pablo Martinez,23
2003,925,Ruben Merchan,20
2003,925,Gael Monfils,17
2003,925,Gabriel Montilla,24
2003,930,Luis Feo-Bernabe,22
2003,930,Jordi Marse-Vidri,23
2003,930,Rodrigo Ribeiro,26
2003,933,Jonathan Gonzalia,20
2003,934,Andrew Banks,20
2003,934,Frederic Jeanclaude,22
2003,934,Casey Smith,24
2003,937,Fabrice Betencourt,30
2003,937,Diogo Cruz,22
2003,937,Sarvar Ikramov,18
2003,937,Henrique Pinto-Silva,21
2003,937,Kresimir Ritz,30
2003,937,Adam Vejmelka,18
2003,943,Relja Fiser-Dulic,27
2003,944,Ivan Dodig,18
2003,944,David Villanueva-Perez,18
2003,946,Andrej Kracman,21
2003,946,Luis Adrian Morejon,30
2003,946,Kile Sherry,0
2003,946,Jun-Il You,20
2003,950,Cedric Kauffmann,27
2003,950,Hyun-Joon Suk,18
2003,952,Nicolo Cotto,21
2003,953,Yu Zhang,27
2003,954,Jamil Al-Agba,0
2003,954,Rafael de Mesa,24
2003,954,David Luque-Velasco,19
2003,954,Mathieu Montcourt,18
2003,954,Gabriel Trifu,28
2003,959,Arkady Bassetti,19
2003,959,Mohammed Fetov,19
2003,959,Pavel Lobanov,21
2003,959,Horia Tecau,18
2003,959,Tero Vilen,24
2003,959,Matija Zgaga,20
2003,965,Markus Egger,20
2003,965,Kalle Flygt,27
2003,967,Tiago Godinho,19
2003,967,Photos Kallias,19
2003,967,Marcio Torres,22
2003,967,Viktor Troicki,17
2003,971,Ytai Abougzir,20
2003,971,Alexei Ageev,29
2003,971,Petr Dezort,28
2003,971,Daniel Lencina-Ribes,26
2003,971,Emiliano Redondi,23
2003,976,Motaz Abou El Khair,20
2003,976,Riccardo Desto,21
2003,976,Somdev Devvarman,18
2003,976,Brendan Evans,17
2003,976,Josef Nesticky,23
2003,976,Florian Nufer,19
2003,982,Roger Anderson,22
2003,983,Juan Carlos Arredondo,29
2003,983,Paul Ciorascu,0
2003,983,Ling Lu,29
2003,983,Ivan Pridankin,0
2003,983,Lionel Roux,30
2003,983,Michael Staniak,0
2003,983,Fritz Wolmarans,17
2003,990,Karim Alami,30
2003,990,Hee-Sung Chung,27
2003,990,Gunther Darkey,27
2003,990,Andrei Merinov,32
2003,990,Farshad Talavar,27
2003,990,Enrico Wellenfeld,20
2003,996,Artemon Apostu-Efremov,24
2003,996,Matteo Galli,22
2003,996,Abdelhak Hameurlaine,31
2003,996,Dave Lingman,22
2003,996,Dawid Olejniczak,20
2002,1,Lleyton Hewitt,21
2002,2,Andre Agassi,32
2002,3,Marat Safin,22
2002,4,Juan Carlos Ferrero,22
2002,5,Carlos Moya,26
2002,6,Roger Federer,21
2002,7,Jiri Novak,27
2002,8,Tim Henman,28
2002,9,Albert Costa,27
2002,10,Andy Roddick,20
2002,11,Tommy Haas,24
2002,12,David Nalbandian,20
2002,13,Pete Sampras,31
2002,14,Thomas Johansson,27
2002,15,Guillermo Canas,25
2002,16,Paradorn Srichaphan,23
2002,17,Sebastien Grosjean,24
2002,18,Fernando Gonzalez,22
2002,19,Alex Corretja,28
2002,20,Sjeng Schalken,26
2002,21,Gaston Gaudio,24
2002,22,Younes El Aynaoui,31
2002,23,Juan Ignacio Chela,23
2002,24,Marcelo Rios,27
2002,25,Xavier Malisse,22
2002,26,Andrei Pavel,28
2002,27,Yevgeny Kafelnikov,28
2002,28,James Blake,23
2002,29,Nicolas Lapentti,26
2002,30,Tommy Robredo,20
2002,31,Greg Rusedski,29
2002,32,Mikhail Youzhny,20
2002,33,Rainer Schuettler,26
2002,34,Nicolas Escude,26
2002,35,Fabrice Santoro,30
2002,36,Paul-Henri Mathieu,20
2002,37,Gustavo Kuerten,26
2002,38,Arnaud Clement,25
2002,39,Wayne Ferreira,31
2002,40,Jarkko Nieminen,21
2002,41,Jose Acasuso,20
2002,42,Jan-Michael Gambill,25
2002,43,Max Mirnyi,25
2002,44,Thomas Enqvist,28
2002,45,Guillermo Coria,20
2002,46,Davide Sanguinetti,30
2002,47,Todd Martin,32
2002,48,Jonas Bjorkman,30
2002,49,Ivan Ljubicic,23
2002,50,Agustin Calleri,26
2002,51,Dominik Hrbaty,24
2002,52,Wayne Arthurs,31
2002,53,Mariano Zabaleta,24
2002,54,Stefan Koubek,25
2002,55,Felix Mantilla,28
2002,56,Nicolas Massu,23
2002,57,Taylor Dent,21
2002,58,Fernando Vicente,25
2002,59,David Ferrer,20
2002,60,David Sanchez,24
2002,61,Alberto Martin,24
2002,62,Feliciano Lopez,21
2002,63,Radek Stepanek,24
2002,64,Olivier Rochus,21
2002,65,Kenneth Carlsen,29
2002,66,Andre Sa,25
2002,67,Vincent Spadea,28
2002,68,Adrian Voinea,28
2002,69,Michel Kratochvil,23
2002,70,Antony Dupuis,29
2002,71,Raemon Sluiter,24
2002,72,Nicolas Kiefer,25
2002,73,Vladimir Voltchkov,24
2002,74,Fernando Meligeni,31
2002,75,Bohdan Ulihrach,27
2002,76,Lars Burgsmuller,27
2002,77,Julien Boutter,28
2002,78,Albert Montanes,22
2002,79,Franco Squillari,27
2002,80,Mark Philippoussis,26
2002,81,Nikolay Davydenko,21
2002,82,Kristian Pless,21
2002,83,Karol Kucera,28
2002,84,Mardy Fish,21
2002,85,Luis Horna,22
2002,86,Martin Verkerk,24
2002,87,Hyung-Taik Lee,26
2002,88,Albert Portas,29
2002,89,Mario Ancic,18
2002,90,Hicham Arazi,29
2002,91,Jurgen Melzer,21
2002,92,Flavio Saretta,22
2002,93,Irakli Labadze,21
2002,94,Olivier Mutis,24
2002,95,Attila Savolt,26
2002,96,Dick Norman,31
2002,97,Jeff Morrison,23
2002,98,Arnaud Di Pasquale,23
2002,99,Jerome Golmard,29
2002,100,Robby Ginepri,20
2002,101,Marc Rosset,32
2002,102,Brian Vahaly,23
2002,103,Sargis Sargsian,29
2002,104,Michael Llodra,22
2002,105,Jean-Rene Lisnard,23
2002,106,Justin Gimelstob,25
2002,107,Magnus Norman,26
2002,108,Zeljko Krajan,23
2002,109,Juan Balcells,27
2002,110,Jan Vacek,26
2002,111,Cecil Mamiit,26
2002,112,Richard Krajicek,31
2002,113,Francisco Clavet,34
2002,114,Alexander Popp,26
2002,115,John van Lottum,26
2002,116,Mariano Puerta,24
2002,117,Karol Beck,20
2002,118,Alex Kim,24
2002,119,Cedric Pioline,33
2002,120,Andrea Gaudenzi,29
2002,121,Julian Knowle,28
2002,122,Alexander Waske,27
2002,123,Ramon Delgado,26
2002,124,Michael Chang,30
2002,125,Markus Hipfl,24
2002,126,Stefano Galvani,25
2002,127,Ivo Heuberger,26
2002,128,Noam Okun,24
2002,129,Giorgio Galimberti,26
2002,130,Nicolas Coutelot,25
2002,131,Gregory Carraz,27
2002,132,Nicolas Thomann,30
2002,133,Alex Calatrava,29
2002,134,Galo Blanco,26
2002,135,Jean-Francois Bachelot,25
2002,136,Takao Suzuki,26
2002,137,Scott Draper,28
2002,138,Jack Brasington,26
2002,139,Andrei Stoliarov,25
2002,140,Oliver Gross,29
2002,141,Ruben Ramirez Hidalgo,24
2002,142,Tomas Zib,26
2002,143,Christophe Rochus,24
2002,144,Ricardo Mello,22
2002,145,Juan Antonio Marin,27
2002,146,Bjorn Rehnquist,24
2002,147,Ivan Miranda,22
2002,148,Bjorn Phau,23
2002,149,Igor Kunitsyn,21
2002,150,Werner Eschauer,28
2002,151,Mario Radic,20
2002,152,Magnus Larsson,32
2002,153,Filippo Volandri,21
2002,154,Vasilis Mazarakis,22
2002,155,Tomas Behrend,28
2002,156,Dennis van Scheppingen,27
2002,157,Michael Russell,24
2002,158,Cyril Saulnier,27
2002,159,Lovro Zovko,21
2002,160,George Bastl,27
2002,161,Richard Gasquet,16
2002,162,Julien Varlet,25
2002,163,Robin Soderling,18
2002,164,Kristof Vliegen,20
2002,165,Michael Kohlmann,28
2002,166,Oleg Ogorodov,30
2002,167,Alexandre Simoni,23
2002,168,Alex Bogomolov Jr.,19
2002,169,Mariano Delfino,25
2002,170,Arvind Parmar,24
2002,171,Tuomas Ketola,27
2002,172,Victor Hanescu,21
2002,173,Fernando Verdasco,19
2002,174,Juan Giner,24
2002,175,Robert Kendrick,23
2002,176,Ota Fukarek,25
2002,177,Gilles Elseneer,24
2002,178,Sergio Roitman,23
2002,179,Eric Taino,27
2002,180,Andreas Vinciguerra,21
2002,181,Martin Vassallo Arguello,22
2002,182,Paul Goldstein,26
2002,183,Janko Tipsarevic,18
2002,184,Rik De Voest,22
2002,185,Denis Golovanov,23
2002,186,Renzo Furlan,32
2002,187,Peter Luczak,23
2002,188,Vadim Kutsenko,25
2002,189,Potito Starace,21
2002,190,Louis Vosloo,24
2002,191,Marc Lopez,20
2002,192,Yen-Hsun Lu,19
2002,193,Didac Perez,21
2002,194,Cristiano Caratti,32
2002,195,Alexander Peya,22
2002,196,Marcelo Charpentier,29
2002,197,Diego Moyano,27
2002,198,Jakub Herm-Zahlava,22
2002,199,Jiri Vanek,24
2002,200,Rafael Nadal,16
2002,201,Ivo Karlovic,23
2002,202,Florent Serra,21
2002,203,Martin Lee,24
2002,204,Oscar Hernandez,24
2002,205,Jimmy Wang,17
2002,206,Sebastien De Chaunac,25
2002,207,Neville Godwin,27
2002,208,Axel Pretzsch,26
2002,209,Juan-Pablo Guzman,21
2002,210,Michal Tabara,23
2002,211,Danai Udomchoke,21
2002,212,Salvador Navarro,25
2002,213,Leonardo Olguin,27
2002,214,Jan Hernych,23
2002,215,Jaymon Crabb,24
2002,216,Maximilian Abel,20
2002,217,Jan Hajek,19
2002,218,Simon Greul,21
2002,219,Joachim Johansson,20
2002,220,Ladislav Svarc,24
2002,221,Jeff Salzenstein,29
2002,222,Olivier Patience,22
2002,223,Marc Gicquel,25
2002,224,Yuri Schukin,23
2002,225,Federico Browne,26
2002,226,Gaston Etlis,28
2002,227,Amir Hadad,24
2002,228,Leonardo Azzaro,24
2002,229,David Prinosil,29
2002,230,Daniele Bracciali,24
2002,231,Gouichi Motomura,29
2002,232,Yves Allegro,24
2002,233,Todd Larkham,28
2002,234,Lionel Roux,29
2002,235,Eric Prodon,21
2002,236,Marcos Daniel,24
2002,237,Edgardo Massa,21
2002,238,Kevin Kim,24
2002,239,Juan-Luis Rascon-Lope,31
2002,240,Christopher Kas,22
2002,241,Francisco Costa,29
2002,242,Gabriel Trifu,27
2002,243,Goran Ivanisevic,31
2002,244,Gorka Fraile,24
2002,245,Federico Luzzi,22
2002,246,Wesley Moodie,23
2002,247,Philipp Kohlschreiber,19
2002,248,Christian Vinck,27
2002,249,Radoslav Lukaev,20
2002,250,Frantisek Cermak,26
2002,251,Joseph Sirianni,27
2002,252,Harel Levy,24
2002,253,Julien Benneteau,21
2002,254,Justin Bower,24
2002,255,Gilles Muller,19
2002,256,Marco Chiudinelli,21
2002,257,Emin Agaev,23
2002,258,Pavel Snobel,22
2002,259,Rodolphe Cadart,24
2002,260,Takahiro Terachi,23
2002,261,Julio Silva,23
2002,262,Frederic Niemeyer,26
2002,263,Hermes Gamonal,25
2002,264,Johan Settergren,24
2002,265,Rogier Wassen,26
2002,266,Joaquin Munoz-Hernandez,27
2002,267,Stefano Pescosolido,31
2002,268,Miguel Gallardo-Valles,21
2002,269,Nicolas Mahut,20
2002,270,Doug Bohaboy,26
2002,271,Branislav Sekac,23
2002,272,Alessio Di Mauro,25
2002,273,Jan Frode Andersen,30
2002,274,Jens Knippschild,27
2002,275,Giovanni Lapentti,19
2002,276,Oscar Serrano,24
2002,277,Slimane Saoudi,27
2002,278,Bob Bryan,24
2002,279,Marko Tkalec,25
2002,280,Ignacio Gonzalez King,22
2002,281,Ivaylo Traykov,24
2002,282,Peter Clarke,23
2002,283,Razvan Sabau,25
2002,284,Sebastian Prieto,27
2002,285,Noam Behr,27
2002,286,Andres Pedroso,23
2002,287,Petr Luxa,30
2002,288,Igor Andreev,19
2002,289,Mariano Albert-Ferrando,20
2002,290,Sergi Bruguera,31
2002,291,Andres Dellatorre,22
2002,292,Jose De Armas,21
2002,293,Jeroen Masson,21
2002,294,Marc Fornell-Mestres,20
2002,295,Thomas Blake,26
2002,296,Rodrigo Monte,26
2002,297,Carlos Berlocq,19
2002,298,Santiago Ventura,22
2002,299,Thomas Dupre,28
2002,300,Denis Gremelmayr,21
2002,301,Marcello Craca,28
2002,302,Mark Nielsen,25
2002,303,Mikhail Elgin,21
2002,304,Markus Hantschk,25
2002,305,Edwin Kempes,26
2002,306,Dmitry Vlasov,20
2002,307,Massimo Dell'Acqua,23
2002,308,Dieter Kindlmann,20
2002,309,Zack Fleishman,22
2002,310,Jamie Delgado,25
2002,311,Daniel Elsner,23
2002,312,Jerome Hanquez,28
2002,313,Roman Valent,19
2002,314,Daniel Melo,25
2002,315,Mike Scheidweiler,21
2002,316,Jaroslav Levinsky,21
2002,317,Byron Black,33
2002,318,Jan Weinzierl,29
2002,319,Todd Reid,18
2002,320,Dmitry Tursunov,20
2002,321,Uros Vico,21
2002,322,Herbert Wiltschnig,27
2002,323,Michael Joyce,29
2002,324,Konstantinos Economidis,25
2002,325,Marcello Amador,22
2002,326,Michael Quintero,22
2002,327,Henrik Andersson,25
2002,328,Boris Pashanski,20
2002,329,Adrian Cruciat,19
2002,330,Kepler Orellana,25
2002,331,Jean-Christophe Faurel,21
2002,332,Oliver Marach,22
2002,333,Stephane Robert,22
2002,334,Paul Baccanello,23
2002,335,Jean-Julien Rojer,21
2002,336,Pedro Braga,27
2002,337,Radim Zitko,24
2002,338,Marcus Sarstrand,24
2002,339,Regis Lavergne,28
2002,340,Alan Mackin,21
2002,341,Bernardo Mota,31
2002,342,Philipp Petzschner,18
2002,343,Ignacio Hirigoyen,26
2002,344,Ben-Qiang Zhu,23
2002,345,Aisam-Ul-Haq Qureshi,22
2002,346,Artem Derepasko,22
2002,347,Florian Allgauer,23
2002,348,Fred Hemmes,21
2002,349,Tomas Tenconi,22
2002,350,Robin Vik,22
2002,351,Francisco Fogues,25
2002,352,Michael Berrer,22
2002,353,Andreas Seppi,18
2002,354,Benjamin Cassaigne,26
2002,355,Orest Tereshchuk,21
2002,356,Phillip Harboe,20
2002,357,Simon Larose,24
2002,358,Tasuku Iwami,24
2002,359,Florian Jeschonek,24
2002,360,Nicklas Timfjord,25
2002,361,Jean-Baptiste Perlant,25
2002,362,Kornel Bardoczky,24
2002,363,Thierry Ascione,21
2002,364,Alun Jones,22
2002,365,Kim Tiilikainen,27
2002,366,Philipp Mukhometov,19
2002,367,Petr Kralert,23
2002,368,Cristian Villagran,20
2002,369,Daniel Andersson,26
2002,370,Marc Silva,26
2002,371,Petr Dezort,27
2002,372,Nicolas Todero,23
2002,373,Fredrik Loven,26
2002,374,Jerome Haehnel,22
2002,375,Johan Du Randt,25
2002,376,Guillermo Garcia-Lopez,19
2002,377,Melvyn Op der Heijde,27
2002,378,Simone Vagnozzi,19
2002,379,Frank Moser,26
2002,380,Matteo Colla,27
2002,381,Thiago Alves,20
2002,382,Raven Klaasen,20
2002,383,Julien Jeanpierre,22
2002,384,Glenn Weiner,26
2002,385,Igor Gaudi,27
2002,386,Gianluca Pozzi,37
2002,387,Satoshi Iwabuchi,27
2002,388,Roberto Menendez,26
2002,389,Vincenzo Santopadre,31
2002,390,Michal Kokta,19
2002,391,Dusan Vemic,26
2002,392,Paolo Lorenzi,21
2002,393,Florian Mayer,19
2002,394,Mark Hilton,21
2002,395,Ronaldo Carvalho,23
2002,396,Jacobo Diaz,26
2002,397,Michael Lammer,20
2002,398,Tomas Berdych,17
2002,399,Brandon Hawk,23
2002,400,Stefan Wauters,20
2002,401,Julien Cassaigne,20
2002,402,Tripp Phillips,25
2002,403,Cristian Kordasz,24
2002,404,Peter Capkovic,19
2002,405,Rohan Bopanna,22
2002,406,Eduardo Bohrer,22
2002,407,Andrej Kracman,20
2002,408,Dong-Hyun Kim,24
2002,409,Lukas Dlouhy,19
2002,410,Ryan Sachire,24
2002,411,German Puentes,30
2002,412,Juan Albert Viloca-Puig,29
2002,413,Martin Stepanek,23
2002,414,Juan Pablo Brzezicki,20
2002,415,Mariusz Fyrstenberg,22
2002,416,Timo Nieminen,21
2002,417,Wayne Black,29
2002,418,Michal Mertinak,23
2002,419,Gabriel Trujillo-Soler,23
2002,420,Adrian Garcia,24
2002,421,Edouard Roger-Vasselin,19
2002,422,Luke Bourgeois,25
2002,423,Luben Pampoulov,21
2002,424,Dirk Stegmann,19
2002,425,Sasa Tuksar,19
2002,426,Nenad Zimonjic,26
2002,427,Thomas Oger,22
2002,428,Hugo Armando,24
2002,429,Daniel Willman,27
2002,430,Pablo Gonzalez,20
2002,431,Alejandro Hernandez,25
2002,432,Felipe Parada,21
2002,433,Ferran Ventura-Martell,24
2002,434,Frank Dancevic,18
2002,435,Lucas Engel,21
2002,436,Nikos Rovas,25
2002,437,Brandon Wagner,21
2002,438,Jan Siemerink,32
2002,439,Karim Maamoun,23
2002,440,Lukasz Kubot,20
2002,441,Ivan Vajda,24
2002,442,Darko Madjarovski,19
2002,443,Gianluca Luddi,24
2002,444,Mounir El Aarej,25
2002,445,Mashiska Washington,28
2002,446,Roko Karanusic,20
2002,447,Miles MacLagan,28
2002,448,Michihisa Onoda,24
2002,449,Miguel Angel Lopez Jaen,20
2002,450,Jonathan Erlich,25
2002,451,Lazar Magdincev,22
2002,452,Javier Garcia-Sintes,23
2002,453,Igor Zelenay,20
2002,454,Eric Nunez,20
2002,455,Barry Cowan,28
2002,456,Kristian Capalik,24
2002,457,Or Dekel,22
2002,458,Matias Boeker,22
2002,459,Alex Bogdanovic,18
2002,460,Claude N'Goran,27
2002,461,Bartlomiej Dabrowski,30
2002,462,Orlin Stanoytchev,31
2002,463,Huntley Montgomery,24
2002,464,Andrew Ilie,26
2002,465,Peter Wessels,24
2002,466,Wesley Whitehouse,23
2002,467,Dominique Coene,20
2002,468,Reginald Willems,25
2002,469,Philipp Mullner,22
2002,470,Juan Monaco,18
2002,471,Andrei Cherkasov,32
2002,472,Antonio Pastorino,20
2002,473,Dudi Sela,17
2002,474,Roberto Alvarez,31
2002,475,Marcio Carlsson,27
2002,476,Santiago Gonzalez,19
2002,477,Alexander Flock,19
2002,478,Marc-Kevin Goellner,32
2002,479,Karim Alami,29
2002,480,Emilio Benfele Alvarez,30
2002,481,Ricardo Schlachter,25
2002,482,Kalle Flygt,26
2002,483,Lee Childs,20
2002,484,Adam Kennedy,19
2002,485,Gabriel Moraru,20
2002,486,Dejan Petrovic,24
2002,487,Robert Lindstedt,25
2002,488,Esteban Carril,25
2002,489,Marco Mirnegg,20
2002,490,Dimitri Mazur,23
2002,491,Bruno Echagaray,19
2002,492,Todor Enev,20
2002,493,Raul Morant,21
2002,494,Simon Stadler,19
2002,495,Suwandi Suwandi,26
2002,496,Chris Woodruff,29
2002,497,Antonio Baldellou-Esteva,21
2002,498,Marc Marco-Ripoll,21
2002,499,John Paul Fruttero,21
2002,500,Jo-Wilfried Tsonga,17
2002,501,Ivan Esquerdo,20
2002,502,Daniel Lesske,21
2002,503,Dimitri Lorin,27
2002,504,David Sherwood,22
2002,505,Xavier Pujo,25
2002,506,Jean-Michel Pequery,24
2002,507,Jun Kato,22
2002,508,Diego Veronelli,23
2002,509,Gustavo Marcaccio,25
2002,510,Cedric Kauffmann,26
2002,511,Mariano Hood,29
2002,512,Lars Uebel,22
2002,513,Filip Prpic,20
2002,514,Michael Tebbutt,32
2002,515,Ivan Cinkus,22
2002,516,Diego Hartfield,21
2002,517,Jakub Hasek,21
2002,518,Kentaro Masuda,31
2002,519,Flavio Cipolla,19
2002,520,Michal Navratil,20
2002,521,James Auckland,22
2002,522,Jan Minar,21
2002,523,Artemon Apostu-Efremov,23
2002,524,Michal Przysiezny,18
2002,525,Ladislav Chramosta,21
2002,526,Carlos Cuadrado,19
2002,527,Genius Chidzikwe,23
2002,528,Nicolas Devilder,22
2002,529,Benjamin Kohlloeffel,20
2002,530,Marko Neunteibl,23
2002,531,Gergely Kisgyorgy,26
2002,532,Wolfgang Schranz,26
2002,533,Andreas Fasching,21
2002,534,Ryan Russell,19
2002,535,Mustafa Ghouse,22
2002,536,Rajeev Ram,18
2002,537,Kirill Ivanov-Smolensky,21
2002,538,Luis Adrian Morejon,29
2002,539,David Marrero,22
2002,540,Francisco Cabello,30
2002,541,Diego Hipperdinger,25
2002,542,Dmitri Sitak,19
2002,543,Levar Harper-Griffith,21
2002,544,Tomer Suissa,20
2002,545,Sebastian Decoud,21
2002,546,Nenad Toroman,24
2002,547,Nitten Kirrtane,28
2002,548,Lazaro Navarro-Batles,28
2002,549,KJ Hippensteel,22
2002,550,Luke Milligan,26
2002,551,Luke Smith,26
2002,552,Jeff Williams,24
2002,553,Juraj Hasko,24
2002,554,Arnaud Fontaine,25
2002,555,Guillermo Carry,21
2002,556,Victor Bruthans,23
2002,557,Elia Grossi,28
2002,558,Justin Layne,24
2002,559,Bo Hodge,21
2002,560,Harsh Mankad,23
2002,561,Trace Fielding,24
2002,562,Francisco Rodriguez,26
2002,563,Lauri Kiiski,22
2002,564,Martin Damm,30
2002,565,Ronald Dueller,27
2002,566,Alejandro Falla,19
2002,567,Sunil-Kumar Sipaeya,19
2002,568,Sergi Arumi,20
2002,569,Konstantin Don Gruber,23
2002,570,Philipp Marx,20
2002,571,Sebastien Lami,25
2002,572,Julian Alonso,25
2002,573,Marcos Baghdatis,17
2002,574,Johan Ortegren,24
2002,575,Travis Rettenmaier,19
2002,576,Mohamed-Sekou Drame,21
2002,577,Stephane Bohli,19
2002,578,Ryan Henry,18
2002,579,Mathias Hellstrom,24
2002,580,Chris Lewis,20
2002,581,Vijay Kannan,22
2002,582,Eyal Erlich,25
2002,583,Jasper Smit,22
2002,584,Simon Dickson,20
2002,585,Ivo Klec,22
2002,586,Alessandro Camarco,20
2002,587,Francesco Aldi,21
2002,588,Fabrice Betencourt,29
2002,589,K.C. Corkery,19
2002,590,Carlos Rexach-Itoiz,23
2002,591,Andrei Mlendea,18
2002,592,Vladimir Pavicevic,25
2002,593,Jan Kroslak,28
2002,594,Luciano Vitullo,19
2002,595,Peter Handoyo,23
2002,596,Bernard Parun,23
2002,597,Jordane Doble,22
2002,598,Tomislav Peric,19
2002,599,Bastian Gronefeld,19
2002,600,Charles-Edouard Maria,28
2002,601,Kyu Tae Im,21
2002,602,Stefano Cobolli,25
2002,603,W.P. Meyer,22
2002,604,Julien Cuaz,25
2002,605,Stian Boretti,21
2002,606,Ivan Navarro,21
2002,607,Chris Magyary,26
2002,608,Meir Deri,21
2002,609,Mike Bryan,24
2002,610,Francesco Piccari,23
2002,611,Richard Bloomfield,19
2002,612,Janne Ojala,25
2002,613,Vitali Chvets,27
2002,614,Brian Baker,17
2002,615,Solon Peppas,28
2002,616,Mirko Pehar,22
2002,617,Shao-Xuan Zeng,21
2002,618,Christian Dillschneider,26
2002,619,Julien Maigret,19
2002,620,James Sekulov,26
2002,621,Bruno Soares,20
2002,622,Ivan Cerovic,20
2002,623,Baptiste Dupuy,21
2002,624,Jan Mertl,20
2002,625,Phillip King,21
2002,626,Ivo Minar,18
2002,627,Julio Peralta,21
2002,627,Jean-Claude Scherrer,24
2002,629,Tomas Jecminek,23
2002,630,Peng Sun,19
2002,631,Rafael Moreno-Negrin,19
2002,632,Eliran Dooyev,22
2002,633,Johannes Ager,18
2002,634,Victor Ionita,19
2002,635,Christian Grunes,24
2002,636,Agustin Tarantino,21
2002,637,Juan-Felipe Yanez,25
2002,638,Mark Hlawaty,32
2002,639,Pierre Berntson,21
2002,640,Daniel Koellerer,19
2002,641,Juan Carlos Arredondo,28
2002,642,Andrea Stoppini,22
2002,643,Pavel Ivanov,19
2002,644,Ajay Ramaswami,22
2002,645,David Miketa,27
2002,646,Jaroslav Pospisil,21
2002,647,Guillermo Platel,23
2002,648,Paul Logtens,23
2002,649,Hee-Seok Chung,25
2002,650,Vinod Sridhar,23
2002,651,Sergei Pozdnev,20
2002,652,Marcin Golab,20
2002,653,Ivan Rodrigo,24
2002,654,Olivier Ramos,21
2002,655,Gregory Girault,29
2002,656,Stefano Mocci,21
2002,657,Boris Borgula,25
2002,658,Gianluca Bazzica,27
2002,659,Daniel Nestor,30
2002,660,Stan Wawrinka,17
2002,661,Domenic Marafiote,21
2002,662,Alex Radulescu,28
2002,663,Alessandro Da Col,24
2002,664,Yong-Il Yoon,29
2002,665,Markus Kanellos,21
2002,666,Luka Gregorc,18
2002,667,Javier Taborga,23
2002,668,Morgan Wilson,18
2002,669,Diego Alvarez,22
2002,670,Jan Masik,19
2002,671,Hiroki Kondo,20
2002,672,Nir Welgreen,26
2002,673,Melle Van Gemerden,23
2002,674,Ion Moldovan,24
2002,675,Gabriel Montilla,23
2002,676,Shannon Nettle,24
2002,677,Jay Gooding,26
2002,678,Manoj Mahadevan,21
2002,679,Alexander Shvec,30
2002,680,Hector Moretti,29
2002,681,Helder Lopes,25
2002,682,Lars Zimmermann,24
2002,683,Teodor-Dacian Craciun,22
2002,684,Chad Carlson,23
2002,685,Julien Couly,27
2002,686,Joan Jimenez-Guerra,24
2002,687,Daniel Lencina-Ribes,25
2002,688,Oh-Hee Kwon,24
2002,689,Paul Hanley,25
2002,689,Tapio Nurminen,27
2002,691,Lamine Ouahab,18
2002,692,Katsushi Fukuda,26
2002,693,Gwinyai Tongoona,29
2002,694,Toshihide Matsui,24
2002,695,Mohamed Mamoun,21
2002,696,Ilia Kushev,22
2002,697,Thomas Schiessling,28
2002,698,Gunther Darkey,26
2002,699,Federico Torresi,22
2002,700,Oskar Johansson,24
2002,701,Seung-Kyu Park,30
2002,702,Guillaume Couillard,27
2002,702,Zbynek Mlynarik,25
2002,704,Ramsey Smith,24
2002,705,Sebastian Jaeger,22
2002,706,Stefano Tarallo,26
2002,707,Walid Jallali,24
2002,708,Michel Deville,24
2002,709,Andrew Derer,22
2002,710,Matteo Gotti,24
2002,711,Yu Jr. Wang,21
2002,712,Matt Klinger,23
2002,713,Alexandros Jakupovic,21
2002,714,Prakash Amritraj,19
2002,715,Gwenael Gueit,26
2002,715,Sander Hommel,25
2002,717,Fredrik Jonsson,25
2002,718,Vishal Uppal,26
2002,719,Fabian Roetschi,22
2002,720,Diego Junqueira,22
2002,721,Laszlo Fono,21
2002,722,Jacob Adaktusson,22
2002,723,Filippo Messori,29
2002,724,Steven Randjelovic,27
2002,725,Dustin Brown,18
2002,726,Rafael de Mesa,23
2002,727,Richard Fromberg,32
2002,728,Nicolas Tourte,23
2002,729,Patricio Rudi,25
2002,730,Jeff Tarango,34
2002,731,Davide Scala,30
2002,732,Marc Bauer,27
2002,733,Amer Delic,20
2002,733,Andrey Dernovskiy,20
2002,735,Wayne Odesnik,17
2002,736,Marzio Martelli,31
2002,737,Raoul Snijders,24
2002,738,Nicolas Almagro,17
2002,739,Toshiaki Sakai,28
2002,740,Igor Fejzula,21
2002,741,Josh Goffi,23
2002,742,Tomas Cakl,21
2002,743,Marcelo Melo,19
2002,744,Laurence Tieleman,30
2002,745,Israel Matos Gil,20
2002,746,Giancarlo Petrazzuolo,22
2002,747,Will Farah,25
2002,748,Evgueni Smirnov,20
2002,749,Daniel Vacek,31
2002,750,Bertrand Contzler,20
2002,751,Martin Garcia,25
2002,752,Trevor Spracklin,25
2002,753,Marco Marzolla,25
2002,754,Alessandro Piccari,20
2002,755,Matteo Galli,21
2002,756,Patricio Arquez,22
2002,756,Travis Parrott,22
2002,758,Andrew Nisker,24
2002,759,Diego Ayala,23
2002,760,Jonathan Marray,21
2002,761,Riccardo Capannelli,21
2002,762,Jordi Marse-Vidri,22
2002,763,Matija Zgaga,19
2002,764,Benoit Foucher,25
2002,765,Raphael Durek,18
2002,766,Jalal Chafai,22
2002,767,Relja Fiser-Dulic,26
2002,768,Brian Dabul,18
2002,769,Andrew Colombo,22
2002,769,Sergio Elias,28
2002,771,Chemseddine Belal,25
2002,772,John Doran,24
2002,773,Tomas Janci,22
2002,774,David Cors,22
2002,775,Branislav Repa,18
2002,776,Michal Ciszek,24
2002,777,Rainer Falenti,29
2002,777,John James,51
2002,777,Jordan Kerr,23
2002,777,Guillaume Legat,25
2002,777,Victor Romero,23
2002,782,Holger Fischer,22
2002,783,Nahuel Fracassi,22
2002,784,David Novak,19
2002,785,Vinicius Bortolatto,20
2002,786,Philipp Hammer,21
2002,786,Alejandro Poberaj,20
2002,788,Srinath Prahlad,29
2002,789,Sung-Ho Im,30
2002,790,Vladimir Obradovic,21
2002,791,Nathan Healey,22
2002,792,Nikola Ciric,19
2002,793,Jon Hedman,26
2002,793,Giuseppe Menga,26
2002,795,Lefteris Alexiou,20
2002,796,Fabio Colangelo,21
2002,797,Walter Orth,21
2002,798,Dmitri Tomashevich,28
2002,799,Jerry Makowski,18
2002,800,Ezequiel Velez,23
2002,801,Guillem Burniol,19
2002,802,Jeff Coetzee,25
2002,802,Ben Ellwood,26
2002,804,Iztok Bozic,31
2002,805,Chris Guccione,17
2002,805,Young-Jun Kim,22
2002,807,Sebastien Lareau,29
2002,808,Daniele Giorgini,18
2002,809,Ran Xu,22
2002,810,Philip Gubenco,20
2002,811,Alessandro Accardo,19
2002,812,Matias O'Neille,24
2002,813,Ashley Ford,23
2002,814,Carlos Avellan,20
2002,814,Damian Furmanski,27
2002,816,Xavier Audouy,27
2002,816,Paul Capdeville,19
2002,816,Ingo Neumuller,23
2002,819,Manuel Jorquera,24
2002,819,Alexey Kedryuk,22
2002,821,Pavel Lobanov,20
2002,821,Carlos Salamanca,19
2002,823,Christophe Bosio,25
2002,823,Valentin Sanon,22
2002,825,Ivan Syrov,20
2002,826,Alejandro Fabbri,20
2002,826,Lesley Joseph,21
2002,826,Nick McDonald,22
2002,829,Francesc Lleal,21
2002,830,Norikazu Sugiyama,25
2002,831,Federico Dondo,31
2002,832,Sandeep Kirtane,29
2002,832,Bastian Knittel,19
2002,832,Yu Zhang,26
2002,835,Marcin Matkowski,21
2002,836,Timothy Aerts,26
2002,837,Sadik Kadir,21
2002,837,Todd Widom,19
2002,839,Sergei Krotiouk,24
2002,840,Antonio Alcaraz,22
2002,841,Hayato Furukawa,21
2002,842,Bart Beks,29
2002,843,Clement Morel,18
2002,844,Daniel Monedero,20
2002,845,Juan-Martin Aranguren,19
2002,845,Alessandro Motti,23
2002,847,Andrew Anderson,19
2002,847,Andreas Spaniol,20
2002,849,Dario Perez,22
2002,849,Sonchat Ratiwatana,20
2002,851,Boy Wijnmalen,20
2002,852,Maxime Boye,26
2002,853,Ivo Bratanov,24
2002,853,Nuno Marques,32
2002,855,Adrian Barbu,19
2002,855,Tres Davis,20
2002,857,Pietro Ansaldo,18
2002,857,Benedikt Dorsch,21
2002,857,David McNamara,26
2002,860,Olivier Le Jeune,25
2002,860,Jurek Stasiak,24
2002,862,Sergei Yaroshenko,25
2002,863,Mohamed Dakki,23
2002,864,Max Raditschnigg,19
2002,865,Joji Miyao,21
2002,865,Jesse Witten,20
2002,867,Diogo Cruz,21
2002,867,Scott Eddins,23
2002,867,Rohan Gajjar,18
2002,867,Dominik Meffert,21
2002,867,Martin Slanar,21
2002,872,Nick Rainey,22
2002,873,Rishi Sridhar,23
2002,874,James Shortall,23
2002,875,Marcos Jimenez-Letrado,21
2002,876,Tony Holzinger,19
2002,877,Teymuraz Gabashvili,17
2002,877,Mose Navarra,28
2002,879,Rolandas Murashka,29
2002,880,Hendrik Dreekmann,27
2002,880,Sarvar Ikramov,17
2002,880,Sanchai Ratiwatana,20
2002,880,Radovan Svetlik,28
2002,884,Bobby Reynolds,20
2002,884,Go Soeda,18
2002,886,Pedro Leao,20
2002,886,Jhonathan Medina-Alvarez,20
2002,888,Stephane Huet,31
2002,888,Dusan Karol,19
2002,888,Attapol Rithiwattanapong,22
2002,891,Fernando Araujo,26
2002,891,Oliver Freelove,25
2002,891,Tiago Godinho,18
2002,891,James Nelson,20
2002,891,Christian Straka,21
2002,891,John Thivolle,22
2002,897,Dmitriy Koch,21
2002,897,Kamil Patel,23
2002,899,Josef Nesticky,22
2002,899,Laurent Recouderc,18
2002,901,Guillermo Carter,25
2002,901,Igor Levine,22
2002,903,Alessandro Tombolini,26
2002,904,Kamil Blaha,25
2002,904,Dino Dattoli,22
2002,904,Prima Simpatiaji,21
2002,904,Robert Smeets,17
2002,904,Marc Steger,21
2002,909,Isaac Tortades,23
2002,910,Alberto Soriano,20
2002,911,Ronald Agenor,38
2002,911,Guillermo Hormazabal,17
2002,911,Radoslaw Nijaki,20
2002,911,Bostjan Osabnik,20
2002,915,Pedro Canovas,22
2002,915,Franco Ferreiro,18
2002,915,Mark Joachim,29
2002,915,Muhammad Khaliq Siddiq,26
2002,915,Raviv Volkovitzky,20
2002,920,Nestor Briceno,17
2002,920,Leonardo Tavares,18
2002,922,Michael Lang,23
2002,922,Benjamin Rufer,18
2002,922,Tobias Summerer,19
2002,925,Matwe Middelkoop,19
2002,925,Kyle Porter,23
2002,925,Tero Vilen,23
2002,928,Cary Franklin,25
2002,928,Seung-Hoon Lee,23
2002,928,Christian Persico,27
2002,928,Jim Thomas,28
2002,932,Matthieu Amgwerd,27
2002,932,Gabriel Frias,20
2002,932,Vishal Punna,18
2002,932,Roy Sichel,20
2002,932,Mehdi Tahiri,25
2002,937,Giunior Ghedina,20
2002,938,Scott Willinsky,28
2002,939,Hector Almada,21
2002,939,Hee-Sung Chung,26
2002,939,Amro Ghoneim,28
2002,939,Alexander Markin,20
2002,939,Stephane Martinez,27
2002,944,Benjamin Becker,21
2002,944,Gabor Jaross,23
2002,944,Alexander Sikanov,24
2002,947,Eduard Bainad,19
2002,947,Lior Dahan,27
2002,947,Rainer Eitzinger,19
2002,947,David Mullins,31
2002,947,Torsten Popp,19
2002,947,Milen Velev,31
2002,953,David Tosas-Ros,21
2002,954,Jorge Aguilar,17
2002,954,Keith From,22
2002,954,Marcel Granollers,16
2002,954,Kamil Lewandowicz,23
2002,954,Jaco Mathew,18
2002,959,Nicola Bruno,31
2002,959,Mario Munoz-Bejarano,22
2002,959,Rouslan Nourmatov,21
2002,959,Renaud Thys,20
2002,959,Jiri Vencl,21
2002,959,Jing Zhu Yang,26
2002,965,Alexei Ageev,28
2002,965,Irakli Ushangishvili,20
2002,967,Henry Adjei-Darko,19
2002,967,Jonas Froberg,21
2002,967,Daniel Garza,17
2002,967,Tobias Koeck,21
2002,967,Christian Magg,21
2002,967,Jason Marshall,24
2002,967,Henrique Mello,20
2002,967,Graydon Oliver,24
2002,967,Kevin Sorensen,21
2002,967,Francois Vatin,21
2002,967,Aleksandar Vlaski,20
2002,967,Jun-Il You,19
2002,979,Rodolfo Daruich,21
2002,979,Mohammad Ghareeb,22
2002,979,Daniel Lustig,18
2002,979,Jose Pablo Serna,20
2002,979,Marwan Ziwar,22
2002,984,Frank Condor,18
2002,984,Kamala Kannan,20
2002,984,Andreas Kauntz,22
2002,984,Brandon Kramer,25
2002,984,Alvaro Loyola,22
2002,984,Damian Patriarca,19
2002,984,Gabriel Pitta,22
2002,984,Carlos Poch-Gradin,20
2002,984,Simon Rea,20
2002,984,Pavel Riha,23
2002,984,Bart Van Delft,19
2002,984,Taso Vasiliadis,28
2002,996,Atsuo Ogawa,18
2002,996,Adam Vejmelka,17
2002,998,Omar  Alawadhi,20
2002,998,Nasser-Ghanim Al-Khulaifi,29
2002,998,Mahesh Bhupathi,28
2002,998,Colin Ebelthite,18
2002,998,Alexei Ivanov,17
2002,998,Nuno Matias,25
2002,998,Leander Paes,29
2002,998,Nikolai Soloviev,16
2001,1,Lleyton Hewitt,20
2001,2,Gustavo Kuerten,25
2001,3,Andre Agassi,31
2001,4,Yevgeny Kafelnikov,27
2001,5,Juan Carlos Ferrero,21
2001,6,Sebastien Grosjean,23
2001,7,Patrick Rafter,29
2001,8,Tommy Haas,23
2001,9,Tim Henman,27
2001,10,Pete Sampras,30
2001,11,Marat Safin,21
2001,12,Goran Ivanisevic,30
2001,13,Roger Federer,20
2001,14,Andy Roddick,19
2001,15,Guillermo Canas,24
2001,16,Alex Corretja,27
2001,17,Arnaud Clement,24
2001,18,Thomas Johansson,26
2001,19,Carlos Moya,25
2001,20,Albert Portas,28
2001,21,Jan-Michael Gambill,24
2001,22,Fabrice Santoro,29
2001,23,Nicolas Lapentti,25
2001,24,Thomas Enqvist,27
2001,25,Hicham Arazi,28
2001,26,Sjeng Schalken,25
2001,27,Nicolas Escude,25
2001,28,Andrei Pavel,27
2001,29,Jiri Novak,26
2001,30,Tommy Robredo,19
2001,31,Greg Rusedski,28
2001,32,Bohdan Ulihrach,26
2001,33,Xavier Malisse,21
2001,34,Andreas Vinciguerra,20
2001,35,Max Mirnyi,24
2001,36,Dominik Hrbaty,23
2001,37,Ivan Ljubicic,22
2001,38,Younes El Aynaoui,30
2001,39,Marcelo Rios,26
2001,40,Albert Costa,26
2001,41,Alberto Martin,23
2001,42,Nicolas Kiefer,24
2001,43,Rainer Schuettler,25
2001,44,Guillermo Coria,19
2001,45,Felix Mantilla,27
2001,46,Michel Kratochvil,22
2001,47,David Nalbandian,19
2001,48,Gaston Gaudio,23
2001,49,Magnus Norman,25
2001,50,Jerome Golmard,28
2001,51,Francisco Clavet,33
2001,52,Fernando Vicente,24
2001,53,Julien Boutter,27
2001,54,Andrea Gaudenzi,28
2001,55,Franco Squillari,26
2001,56,Galo Blanco,25
2001,57,Todd Martin,31
2001,58,Mikhail Youzhny,19
2001,59,Mariano Zabaleta,23
2001,60,Jonas Bjorkman,29
2001,61,Jarkko Nieminen,20
2001,62,Wayne Ferreira,30
2001,63,Stefan Koubek,24
2001,64,Michal Tabara,22
2001,65,Albert Montanes,21
2001,66,Andrew Ilie,25
2001,67,Agustin Calleri,25
2001,68,Kristian Pless,20
2001,69,Christophe Rochus,23
2001,70,Juan Ignacio Chela,22
2001,71,Fernando Meligeni,30
2001,72,Sargis Sargsian,28
2001,73,James Blake,22
2001,74,David Sanchez,23
2001,75,Jan Vacek,25
2001,76,Markus Hipfl,23
2001,77,Wayne Arthurs,30
2001,78,Harel Levy,23
2001,79,Nikolay Davydenko,20
2001,80,Nicolas Massu,22
2001,81,Andrei Stoliarov,24
2001,82,Magnus Gustafsson,34
2001,83,Lars Burgsmuller,26
2001,84,Cedric Pioline,32
2001,85,Andre Sa,24
2001,86,Jose Acasuso,19
2001,87,Michael Russell,23
2001,88,Jacobo Diaz,25
2001,89,Michael Llodra,21
2001,90,Antony Dupuis,28
2001,91,Davide Sanguinetti,29
2001,92,Ramon Delgado,25
2001,93,Attila Savolt,25
2001,94,Michael Chang,29
2001,95,Juan Balcells,26
2001,96,Federico Luzzi,21
2001,97,Adrian Voinea,27
2001,98,Flavio Saretta,21
2001,99,Vladimir Voltchkov,23
2001,100,Alex Calatrava,28
2001,101,Karol Kucera,27
2001,102,Jiri Vanek,23
2001,103,Axel Pretzsch,25
2001,104,Mark Philippoussis,25
2001,105,Martin Lee,23
2001,106,Ota Fukarek,24
2001,107,Alexandre Simoni,22
2001,108,Sergi Bruguera,30
2001,109,Irakli Labadze,20
2001,110,Peter Wessels,23
2001,111,Cecil Mamiit,25
2001,112,Ivo Heuberger,25
2001,113,Michael Kohlmann,27
2001,114,Olivier Rochus,20
2001,115,George Bastl,26
2001,116,Hyung-Taik Lee,25
2001,117,Noam Okun,23
2001,118,Chris Woodruff,28
2001,119,Marc Rosset,31
2001,120,Paradorn Srichaphan,22
2001,121,Dennis van Scheppingen,26
2001,122,John van Lottum,25
2001,123,Hugo Armando,23
2001,124,Taylor Dent,20
2001,125,Vincent Spadea,27
2001,126,Marc Lopez,19
2001,127,Jan Siemerink,31
2001,128,Neville Godwin,26
2001,129,Tomas Behrend,27
2001,130,Juan Antonio Marin,26
2001,131,Raemon Sluiter,23
2001,132,David Prinosil,28
2001,133,Ricardo Mello,21
2001,134,Julian Knowle,27
2001,135,Edgardo Massa,20
2001,136,Magnus Larsson,31
2001,137,Cyril Saulnier,26
2001,138,Luis Horna,21
2001,139,Fernando Gonzalez,21
2001,140,Stefano Galvani,24
2001,141,Mardy Fish,20
2001,142,Nicolas Coutelot,24
2001,143,Paul Goldstein,25
2001,144,Arnaud Di Pasquale,22
2001,145,Yuri Schukin,22
2001,146,Jamie Delgado,24
2001,147,Edwin Kempes,25
2001,148,Oleg Ogorodov,29
2001,149,Oliver Gross,28
2001,150,Paul-Henri Mathieu,19
2001,151,Vadim Kutsenko,24
2001,152,Slava Dosedel,31
2001,153,Kenneth Carlsen,28
2001,154,Ruben Ramirez Hidalgo,23
2001,155,Gianluca Pozzi,36
2001,156,Andrei Medvedev,27
2001,157,German Puentes,29
2001,158,Daniel Melo,24
2001,159,Feliciano Lopez,20
2001,160,Wayne Black,28
2001,161,Martin Verkerk,23
2001,162,Gaston Etlis,27
2001,163,Alexander Popp,25
2001,164,Gorka Fraile,23
2001,165,Noam Behr,26
2001,166,Jens Knippschild,26
2001,167,Vasilis Mazarakis,21
2001,168,Jurgen Melzer,20
2001,169,Jan Frode Andersen,29
2001,170,Zeljko Krajan,22
2001,171,Dick Norman,30
2001,172,Christian Vinck,26
2001,173,Jeff Morrison,22
2001,174,Dmitry Tursunov,19
2001,175,Robby Ginepri,19
2001,176,Marc-Kevin Goellner,31
2001,177,Justin Gimelstob,24
2001,178,Markus Hantschk,24
2001,179,Jan Hernych,22
2001,180,Gabriel Trifu,26
2001,181,Juan Albert Viloca-Puig,28
2001,182,Bob Bryan,23
2001,183,Bjorn Phau,22
2001,184,Kevin Kim,23
2001,185,Jason Stoltenberg,31
2001,186,Sebastien De Chaunac,24
2001,187,Alexander Peya,21
2001,188,Ronald Agenor,37
2001,189,Todd Larkham,27
2001,190,Renzo Furlan,31
2001,191,Giorgio Galimberti,25
2001,192,Gregory Carraz,26
2001,193,Ivo Karlovic,22
2001,194,Andy Ram,21
2001,195,Marcos Daniel,23
2001,196,Byron Black,32
2001,197,Jack Brasington,25
2001,198,Oliver Marach,21
2001,199,Johan Settergren,23
2001,200,Artem Derepasko,21
2001,201,Jeff Salzenstein,28
2001,202,Martin Vassallo Arguello,21
2001,203,Karim Alami,28
2001,204,Nenad Zimonjic,25
2001,205,Denis Golovanov,22
2001,206,Gilles Elseneer,23
2001,207,Todd Woodbridge,30
2001,208,Michael Joyce,28
2001,209,David Ferrer,19
2001,210,Arvind Parmar,23
2001,211,Fredrik Jonsson,24
2001,212,Victor Hanescu,20
2001,213,Filippo Volandri,20
2001,214,Alessio Di Mauro,24
2001,215,Werner Eschauer,27
2001,216,Nicolas Mahut,19
2001,217,Robert Kendrick,22
2001,218,Barry Cowan,27
2001,219,Daniel Nestor,29
2001,220,Oscar Serrano,23
2001,221,Scott Draper,27
2001,222,Justin Bower,23
2001,223,Nicolas Thomann,29
2001,224,Tomas Zib,25
2001,225,Takao Suzuki,25
2001,226,Didac Perez,20
2001,227,Sergio Roitman,22
2001,228,Zbynek Mlynarik,24
2001,229,Sebastien Lareau,28
2001,230,Francisco Costa,28
2001,231,Slimane Saoudi,26
2001,232,Cristian Kordasz,23
2001,233,Gouichi Motomura,28
2001,234,Martin Rodriguez,32
2001,235,Leonardo Olguin,26
2001,236,Cedric Kauffmann,25
2001,237,Diego Veronelli,22
2001,238,Cristiano Caratti,31
2001,239,Frederic Niemeyer,25
2001,240,Bjorn Rehnquist,23
2001,241,Eric Taino,26
2001,242,Levar Harper-Griffith,20
2001,243,Aisam-Ul-Haq Qureshi,21
2001,244,Yaoki Ishii,24
2001,245,Glenn Weiner,25
2001,246,Tuomas Ketola,26
2001,247,Vincenzo Santopadre,30
2001,248,Hermes Gamonal,24
2001,249,Ignacio Hirigoyen,25
2001,250,Alex Kim,23
2001,251,Jaymon Crabb,23
2001,252,Petr Kralert,22
2001,253,Salvador Navarro,24
2001,254,Mariano Puerta,23
2001,255,Amir Hadad,23
2001,256,Konstantinos Economidis,24
2001,257,Jean-Francois Bachelot,24
2001,258,Ivan Vajda,23
2001,259,Orest Tereshchuk,20
2001,260,Miguel Gallardo-Valles,20
2001,261,Oscar Hernandez,23
2001,262,Rogier Wassen,25
2001,263,Marcos Ondruska,29
2001,264,Jean-Rene Lisnard,22
2001,265,Clemens Trimmel,23
2001,266,Takahiro Terachi,22
2001,267,Petr Dezort,26
2001,268,Orlin Stanoytchev,30
2001,269,Alexander Waske,26
2001,270,Ivan Navarro,20
2001,271,Julien Benneteau,20
2001,272,Lovro Zovko,20
2001,273,Emilio Benfele Alvarez,29
2001,274,Thomas Dupre,27
2001,275,Olivier Patience,21
2001,276,Diego Hipperdinger,24
2001,277,Jan Kroslak,27
2001,278,Francisco Fogues,24
2001,279,Alejandro Hernandez,24
2001,280,Carlos Cuadrado,18
2001,281,Kalle Flygt,25
2001,282,Stephane Huet,30
2001,283,Danai Udomchoke,20
2001,284,Olivier Mutis,23
2001,285,Leonardo Azzaro,23
2001,286,Thiago Alves,19
2001,287,Julio Silva,22
2001,288,Yong-Il Yoon,28
2001,289,Peter Luczak,22
2001,290,Christian Ruud,29
2001,291,Jerome Haehnel,21
2001,292,Suwandi Suwandi,25
2001,293,Solon Peppas,27
2001,294,Mario Ancic,17
2001,295,Jaroslav Levinsky,20
2001,296,Marko Tkalec,24
2001,297,Kristian Capalik,23
2001,298,Kim Tiilikainen,26
2001,299,Leander Paes,28
2001,300,Karol Beck,19
2001,301,Daniel Andersson,25
2001,302,Marcelo Charpentier,28
2001,303,Tomas Cakl,20
2001,304,Thierry Ascione,20
2001,305,Arnaud Fontaine,24
2001,306,Mario Radic,19
2001,307,Herbert Wiltschnig,26
2001,308,Filippo Messori,28
2001,309,Richard Fromberg,31
2001,310,Daniel Elsner,22
2001,311,Jan Weinzierl,28
2001,312,Ladislav Svarc,23
2001,313,Elia Grossi,27
2001,314,Emanuel Couto,28
2001,315,Melvyn Op der Heijde,26
2001,316,Eric Prodon,20
2001,317,Mikhail Elgin,20
2001,318,Diego Moyano,26
2001,319,Sebastian Jaeger,21
2001,320,Jean-Baptiste Perlant,24
2001,321,Pavel Snobel,21
2001,322,Artemon Apostu-Efremov,22
2001,323,Jeff Tarango,33
2001,324,Dmitry Vlasov,19
2001,325,Florent Serra,20
2001,326,Andrea Stoppini,21
2001,327,Peter Clarke,22
2001,328,Dmitri Tomashevich,27
2001,329,Adrian Garcia,23
2001,330,Simon Greul,20
2001,331,Lazaro Navarro-Batles,27
2001,332,Mehdi Tahiri,24
2001,333,Mario Munoz-Bejarano,21
2001,334,Michal Mertinak,22
2001,335,Robin Vik,21
2001,336,Doug Bohaboy,25
2001,337,Mike Bryan,23
2001,338,Stefano Pescosolido,30
2001,339,Or Dekel,21
2001,340,Mariano Delfino,24
2001,341,Ivan Miranda,21
2001,342,Sebastian Prieto,26
2001,343,Brian Vahaly,22
2001,344,Andy Fahlke,22
2001,345,Nicolas Todero,22
2001,346,Gabriel Trujillo-Soler,22
2001,347,Mohamed-Sekou Drame,20
2001,348,Federico Browne,25
2001,349,Todor Enev,19
2001,350,Mike Scheidweiler,20
2001,351,Louis Vosloo,23
2001,352,Roberto Alvarez,30
2001,353,Dimitri Lorin,26
2001,354,Patricio Arquez,21
2001,355,Marzio Martelli,30
2001,356,Yves Allegro,23
2001,357,Juraj Hasko,23
2001,358,Julian Alonso,24
2001,359,Daniel Willman,26
2001,360,Andrei Cherkasov,31
2001,361,Jean-Christophe Faurel,20
2001,362,Pedro Canovas,21
2001,363,Eyal Erlich,24
2001,364,Pedro Braga,26
2001,365,Marco Chiudinelli,20
2001,366,Gianluca Luddi,23
2001,367,Frantisek Cermak,25
2001,368,Maxime Boye,25
2001,369,Tapio Nurminen,26
2001,370,Janne Ojala,24
2001,371,Matteo Colla,26
2001,372,Mariano Albert-Ferrando,19
2001,373,Ivaylo Traykov,23
2001,374,Mathias Hellstrom,23
2001,375,Marcio Carlsson,26
2001,376,Ricardo Schlachter,24
2001,377,Jose De Armas,20
2001,378,John Doran,23
2001,379,Lior Dahan,26
2001,380,Benjamin Cassaigne,25
2001,381,Dejan Petrovic,23
2001,382,Daniele Bracciali,23
2001,383,Radim Zitko,23
2001,384,Radoslav Lukaev,19
2001,385,Mariusz Fyrstenberg,21
2001,386,Rik De Voest,21
2001,387,Bernardo Mota,30
2001,388,Marcus Sarstrand,23
2001,389,Potito Starace,20
2001,390,Joachim Johansson,19
2001,391,Igor Kunitsyn,20
2001,392,Michihisa Onoda,23
2001,393,Daniel Vacek,30
2001,394,Mark Hilton,20
2001,395,Jeff Williams,23
2001,396,Martin Damm,29
2001,397,Juan Pablo Brzezicki,19
2001,398,Jun Kato,21
2001,399,Brandon Hawk,22
2001,400,Julien Couly,26
2001,401,Mose Navarra,27
2001,402,Jimmy Wang,16
2001,403,Juan-Pablo Guzman,20
2001,404,Matthew Breen,25
2001,405,Joaquin Munoz-Hernandez,26
2001,406,Jan Hajek,18
2001,407,Marc Gicquel,24
2001,408,James Auckland,21
2001,409,Milen Velev,30
2001,410,Paul Baccanello,22
2001,411,Javier Garcia-Sintes,22
2001,412,Oscar Burrieza-Lopez,26
2001,413,Tommi Lenho,26
2001,414,Stefan Wauters,19
2001,415,Michael Tebbutt,31
2001,416,Dong-Hyun Kim,23
2001,417,Giovanni Lapentti,18
2001,418,Alexander Shvec,29
2001,419,Stefano Cobolli,24
2001,420,Roko Karanusic,19
2001,421,Luke Milligan,25
2001,422,Alun Jones,21
2001,423,Santiago Ventura,21
2001,424,Vitali Chvets,26
2001,425,Vladimir Pavicevic,24
2001,426,Nir Welgreen,25
2001,427,Lukasz Kubot,19
2001,428,Julio Peralta,20
2001,429,Massimo Dell'Acqua,22
2001,430,Jimy Szymanski,26
2001,431,Luis Adrian Morejon,28
2001,432,Christopher Kas,21
2001,433,Andreas Fasching,20
2001,434,Chris Magyary,25
2001,435,Ivan Cinkus,21
2001,436,Lukas Dlouhy,18
2001,437,Dieter Kindlmann,19
2001,438,Joseph Sirianni,26
2001,439,Martin Spottl,26
2001,440,Carlos Rexach-Itoiz,22
2001,441,Thomas Blake,25
2001,442,Florian Allgauer,22
2001,443,Johan Ortegren,23
2001,444,Robin Soderling,17
2001,445,Alex O'Brien,31
2001,446,Uros Vico,20
2001,447,Denis Gremelmayr,20
2001,448,Luke Bourgeois,24
2001,449,Miguel Angel Lopez Jaen,19
2001,450,Jeff Coetzee,24
2001,451,Tasuku Iwami,23
2001,452,Julien Varlet,24
2001,453,Jakub Herm-Zahlava,21
2001,454,David McNamara,25
2001,455,Pablo Bianchi,26
2001,456,Ashley Ford,22
2001,457,Mark Nielsen,24
2001,458,Dusan Vemic,25
2001,459,Jordane Doble,21
2001,460,Zack Fleishman,21
2001,461,Regis Lavergne,27
2001,462,Lazar Magdincev,21
2001,463,Dimitri Mazur,22
2001,464,Fernando Verdasco,18
2001,465,Adrian Cruciat,18
2001,466,Sebastian Decoud,20
2001,467,Simon Larose,23
2001,468,Lee Childs,19
2001,469,Lars Uebel,21
2001,470,Rodolphe Cadart,23
2001,471,Michael Quintero,21
2001,472,Marc Fornell-Mestres,19
2001,473,Miguel Miranda,24
2001,474,Relja Fiser-Dulic,26
2001,475,Iztok Bozic,30
2001,476,Scott Barron,27
2001,477,Seung-Hoon Lee,22
2001,478,Petr Luxa,29
2001,479,Francesco Aldi,20
2001,480,Dirk Stegmann,18
2001,481,Matias Boeker,21
2001,482,Chad Carlson,22
2001,483,Boris Borgula,24
2001,484,Christian Dillschneider,25
2001,485,Sebastien Lami,24
2001,486,Henrik Andersson,24
2001,487,Andres Dellatorre,21
2001,488,Martin Stepanek,22
2001,489,Hisham Hemeda,23
2001,490,Gustavo Marcaccio,24
2001,491,Marcello Craca,27
2001,492,Mounir El Aarej,24
2001,493,Luben Pampoulov,20
2001,494,Juan Giner,23
2001,495,Alan Mackin,20
2001,496,Fred Hemmes,20
2001,497,Olivier Malcor,26
2001,498,Jean-Claude Scherrer,23
2001,499,Victor Bruthans,22
2001,500,Mauricio Hadad,30
2001,501,Philipp Mullner,21
2001,502,Alexey Kedryuk,21
2001,503,Bartlomiej Dabrowski,29
2001,504,Michael Berrer,21
2001,505,Lorenzo Manta,27
2001,506,Satoshi Iwabuchi,26
2001,507,Ion Moldovan,23
2001,508,Karim Maamoun,22
2001,509,Kristof Vliegen,19
2001,510,Eduardo Nicolas,29
2001,511,Kornel Bardoczky,23
2001,512,James Sekulov,25
2001,513,Mashiska Washington,27
2001,514,Dominique Coene,19
2001,515,MarQuiestro Foster,23
2001,516,Jonathan Erlich,24
2001,517,Michal Navratil,19
2001,518,Diego Junqueira,21
2001,519,Sergei Pozdnev,19
2001,520,Vincent Allegre,27
2001,521,Alessandro Da Col,23
2001,522,Andres Pedroso,22
2001,523,Daniel Caracciolo,22
2001,524,Wesley Whitehouse,22
2001,525,Gergely Kisgyorgy,25
2001,526,Phillip Harboe,19
2001,527,Anton Kokurin,21
2001,528,Hiroki Kondo,19
2001,529,Raven Klaasen,19
2001,530,Stefano Tarallo,25
2001,531,Krystian Pfeiffer,23
2001,532,Leos Friedl,24
2001,533,David Caballero,27
2001,534,Timo Nieminen,20
2001,535,Gilles Muller,18
2001,536,Reginald Willems,24
2001,537,Jan Mertl,19
2001,538,Giuseppe Menga,25
2001,539,Alexey Gavrilov,26
2001,540,Phillip King,20
2001,541,Martin Bartonek,23
2001,542,Radek Stepanek,23
2001,543,Yen-Hsun Lu,18
2001,544,Eric Nunez,19
2001,545,Xavier Pujo,24
2001,546,Frank Moser,25
2001,547,Jaroslav Pospisil,20
2001,548,Matteo Gotti,23
2001,549,Luciano Vitullo,18
2001,550,Markus Polessnig,20
2001,551,Antonio Pastorino,19
2001,552,Lauri Kiiski,21
2001,553,Manuel Jorquera,23
2001,554,Tomas Tenconi,21
2001,555,Johan Du Randt,24
2001,556,Hector Moretti,28
2001,557,Davide Scala,29
2001,558,Gabriel Moraru,19
2001,559,Lionel Roux,28
2001,560,Christian Grunes,23
2001,561,Melle Van Gemerden,22
2001,562,Marc Marco-Ripoll,20
2001,563,Javier Perez-Vazquez,25
2001,564,Darko Madjarovski,18
2001,565,Markus Kanellos,20
2001,566,Helge Koll,26
2001,567,Marcello Amador,21
2001,568,Diego Hartfield,20
2001,569,Kirill Ivanov-Smolensky,20
2001,570,Agustin Tarantino,20
2001,571,Felipe Parada,20
2001,572,Todd Perry,25
2001,573,Mariano Hood,28
2001,574,Benjamin Kohlloeffel,19
2001,575,Michal Kokta,18
2001,576,Fredrik Loven,25
2001,577,Ignacio Gonzalez King,21
2001,578,Philip Gubenco,19
2001,579,Emin Agaev,22
2001,580,Hee-Seok Chung,24
2001,581,Raoul Snijders,23
2001,582,Thierry Guardiola,30
2001,583,Maximilian Abel,19
2001,584,Damian Furmanski,26
2001,585,Razvan Sabau,24
2001,586,Andrew Painter,26
2001,587,Charles-Edouard Maria,27
2001,588,Srinath Prahlad,28
2001,589,Rohan Bopanna,21
2001,590,Jeroen Masson,20
2001,591,Diego Ayala,22
2001,592,Ivan Esquerdo,19
2001,593,Michael Lammer,19
2001,594,Daniel Lesske,20
2001,595,Antonio Baldellou-Esteva,20
2001,596,Ferran Ventura-Martell,23
2001,597,Bruno Echagaray,18
2001,598,Alessandro Guevara,27
2001,599,Sergei Yaroshenko,24
2001,600,Igor Gaudi,26
2001,601,Branislav Sekac,22
2001,602,Guillaume Marx,29
2001,603,David Wheaton,32
2001,604,Jose Ezequiel Lido,21
2001,605,Alberto Banus-Sado,27
2001,606,Simon Dickson,19
2001,607,Remus Farcas,30
2001,608,Stian Boretti,20
2001,609,Damien Roberts,23
2001,610,Hernan Gumy,29
2001,611,W.P. Meyer,21
2001,612,Federico Dondo,30
2001,613,Kepler Orellana,24
2001,614,Rafael de Mesa,22
2001,615,Wesley Moodie,22
2001,616,Tripp Phillips,24
2001,617,Gwenael Gueit,25
2001,618,Guillermo Carry,20
2001,619,Rodrigo Cerdera,24
2001,620,Olivier Ramos,20
2001,621,Patricio Rudi,24
2001,622,Toshihide Matsui,23
2001,623,Sonny Kayombo,22
2001,624,Carlos Salamanca,18
2001,625,Juan-Luis Rascon-Lope,30
2001,626,KJ Hippensteel,21
2001,627,Stephane Bohli,18
2001,628,Jim Thomas,27
2001,629,Peter Handoyo,22
2001,630,Roberto Menendez,25
2001,631,Jacob Adaktusson,21
2001,632,Ezequiel Velez,22
2001,633,Franz Stauder,24
2001,634,Francesc Lleal,20
2001,635,Nicola Bruno,30
2001,636,Janko Tipsarevic,17
2001,636,Aleksandar Vlaski,19
2001,638,Santiago Gonzalez,18
2001,639,Nikos Rovas,24
2001,640,Radovan Svetlik,27
2001,641,Bo Hodge,20
2001,642,Fazaluddin Syed,27
2001,643,Coenie Van Wyk,24
2001,644,Bernard Parun,22
2001,645,Peter-Jon Nomdo,19
2001,646,Robert Krause,26
2001,647,Jonathan Marray,20
2001,648,Mirko Pehar,21
2001,649,Igor Brukner,22
2001,650,Geoff Abrams,23
2001,651,Tetsuya Chaen,28
2001,652,Ivan Cerovic,19
2001,653,Ruben Fernandez,23
2001,654,Oren Motevassel,34
2001,655,Tobias Koeck,20
2001,656,Fabrice Betencourt,28
2001,657,Rene Nicklisch,25
2001,658,Josh Goffi,22
2001,659,Renaud Thys,19
2001,660,Jiri Vencl,20
2001,661,Carlos Berlocq,18
2001,662,Bruno Soares,19
2001,663,Catalin-Ionut Gard,20
2001,664,Victor Ionita,18
2001,665,Dario Perez,21
2001,666,Daniel Lencina-Ribes,24
2001,667,Philipp Mukhometov,18
2001,668,Lee Pearson,25
2001,669,Patrik Fredriksson,28
2001,670,Ignacio Truyol,28
2001,670,Francois Vatin,20
2001,672,Rodolfo Daruich,20
2001,673,Marcelo Barboza,21
2001,674,Jaime Garcia-Lancha,19
2001,675,Andrey Dernovskiy,19
2001,676,Robert Samuelsson,26
2001,677,Laszlo Fono,20
2001,678,Jocelyn Robichaud,23
2001,679,Rafael Serpa-Guinazu,26
2001,680,Tomas Jecminek,22
2001,681,Matias O'Neille,23
2001,682,Ronaldo Carvalho,22
2001,683,Jon Wallmark,24
2001,684,Thomas Schiessling,27
2001,685,Eduardo Frick,23
2001,686,Antonio Alcaraz,21
2001,687,Ben Ellwood,25
2001,688,Guillermo Platel,22
2001,689,Sebastian Uriarte,21
2001,690,Rolandas Murashka,28
2001,691,Alex Lopez Moron,31
2001,692,Timothy Aerts,25
2001,692,Marko Neunteibl,22
2001,694,Filip Prpic,19
2001,695,Ivan Beros,22
2001,696,Pablo Gonzalez,19
2001,697,Israel Matos Gil,19
2001,698,Aleksander Slovic,19
2001,699,David Marrero,21
2001,700,Alex Bogomolov Jr.,18
2001,701,Benedikt Dorsch,20
2001,702,Lior Mor,25
2001,703,Bobby Kokavec,25
2001,704,Trace Fielding,23
2001,704,Jean-Michel Pequery,23
2001,706,Ilia Kushev,21
2001,707,Jordan Kerr,22
2001,708,Josef Nesticky,21
2001,708,Taso Vasiliadis,27
2001,710,Tres Davis,19
2001,711,Donavan September,31
2001,712,Sebastian Fitz,22
2001,713,Ricardo Diniz,25
2001,714,Jon Hedman,25
2001,714,Tomas Janci,21
2001,716,Johan Kareld,21
2001,717,Frank Pokorny,23
2001,718,Ryan Sachire,23
2001,719,Igor Zelenay,19
2001,720,Joan Jimenez-Guerra,23
2001,721,Guillaume Couillard,26
2001,722,Alex Bogdanovic,17
2001,722,Laurence Tieleman,29
2001,724,Manuel Sala,26
2001,725,Zsolt Tatar,20
2001,725,Juan-Felipe Yanez,24
2001,727,Julien Cassaigne,19
2001,728,Konstantin Don Gruber,22
2001,729,Seung-Kyu Park,29
2001,730,Giancarlo Petrazzuolo,21
2001,731,Cary Franklin,24
2001,732,Eduardo Bergmann,21
2001,733,Miguel Tobon,33
2001,734,Christophe Bosio,24
2001,735,Wolfgang Schranz,25
2001,736,Stephane Martinez,26
2001,737,Alberto Berasategui,28
2001,738,Lesley Joseph,20
2001,739,Pavel Riha,22
2001,740,Sergio Elias,27
2001,741,Alex Witt,25
2001,742,Juan Pablo Di Cesare,20
2001,743,Marc Canovas,23
2001,744,David Sherwood,21
2001,745,Eduardo Medica,25
2001,746,Bo Ram Cha,21
2001,747,Sergei Krotiouk,23
2001,748,Eduardo Bohrer,21
2001,749,Philipp Hammer,20
2001,750,James Nelson,19
2001,751,Robert Lindstedt,24
2001,751,Harsh Mankad,22
2001,751,Huntley Montgomery,23
2001,754,Bjorn Jacob,27
2001,755,Fabio Maggi,26
2001,756,Alexander Sikanov,23
2001,757,Philipp Petzschner,17
2001,758,Florian Jeschonek,23
2001,759,Philipp Kohlschreiber,18
2001,760,Mustafa Ghouse,21
2001,761,Federico Cardinali,22
2001,761,Matteo Galli,20
2001,763,Benoit Foucher,24
2001,764,Andreas Kauntz,21
2001,765,Doug Root,24
2001,766,Jurek Stasiak,23
2001,767,Jay Gooding,25
2001,768,K.C. Corkery,18
2001,768,Christophe Van Garsse,27
2001,770,Miguel Pastura,28
2001,771,Ladislav Simon,25
2001,772,Daniel Munoz de la Nava,19
2001,773,Jesse Witten,19
2001,774,Bernat Mas-Avellaneda,21
2001,775,Mahesh Bhupathi,27
2001,776,Daniele Musa,29
2001,777,Gabriel Frias,19
2001,777,Maximo Gonzalez,18
2001,779,Tero Vilen,22
2001,780,Fabio Colangelo,20
2001,781,Nicklas Timfjord,24
2001,782,Diego Alvarez,21
2001,783,Boris Pashanski,19
2001,783,Harel Srugo,19
2001,785,Juan Monaco,17
2001,786,Jerome Hanquez,27
2001,787,Barry Fulcher,21
2001,787,Michael Jessup,25
2001,789,Raimonds Sproga,20
2001,790,Jakub Hasek,20
2001,790,Domenic Marafiote,20
2001,792,Ronald Dueller,26
2001,793,Hayden Gibson,24
2001,794,Francesco Piccari,22
2001,795,Rabie Chaki,19
2001,796,Diego Del Rio,29
2001,797,Seung-Bok Baek,27
2001,797,Oh-Hee Kwon,23
2001,797,Jan Minar,20
2001,797,Andreas Seppi,17
2001,801,Mohamed Mamoun,20
2001,802,Valentin Sanon,21
2001,803,Jason Cook,24
2001,804,Jonathan Beardsley,26
2001,805,Martin Slanar,20
2001,806,Steven Randjelovic,26
2001,807,Paolo Lorenzi,20
2001,808,Ruben de Kleijn,24
2001,809,Jonathan Stark,30
2001,810,Paul Hanley,24
2001,811,Rafael Nadal,15
2001,812,Bora Celiscak,24
2001,813,Helder Lopes,24
2001,814,Luke Smith,25
2001,815,Yohny Romero,23
2001,815,Josh Tuckfield,23
2001,817,Anton Klaric,23
2001,818,Riccardo Capannelli,20
2001,819,Pedro Leao,19
2001,819,Francisco Neves,17
2001,821,Marco Mirnegg,19
2001,822,Pavel Ivanov,18
2001,823,Nahuel Fracassi,21
2001,824,Per Thornadtsson,23
2001,825,James Shortall,22
2001,826,Alexandros Jakupovic,20
2001,827,Genius Chidzikwe,22
2001,827,Robbie Koenig,30
2001,827,Thomas Shimada,26
2001,827,Lars Zimmermann,23
2001,831,Grant Silcock,26
2001,832,Ramsey Smith,23
2001,832,Bojan Vujic,27
2001,834,Filip Aniola,21
2001,834,Guillem Burniol,18
2001,834,Sadik Kadir,20
2001,834,Marc Kimmich,18
2001,838,Flavio Cipolla,18
2001,839,Seong-Yoon Chung,25
2001,839,Young-Jun Kim,21
2001,841,Roberto Carretero,26
2001,841,Tiago Sousa,23
2001,843,Nicolas Renavand,19
2001,844,Nicolas Almagro,16
2001,845,Oscar Posada,18
2001,846,Todd Reid,17
2001,846,Johan Van Herck,27
2001,848,Angel Jose Martin,22
2001,849,Matthieu Amgwerd,26
2001,849,Alexander Brudermann,19
2001,849,Guillermo Carter,24
2001,849,Jordi Fernandez,22
2001,849,Federico Torresi,21
2001,854,Andrei Merinov,30
2001,855,Michal Gawlowski,26
2001,855,Nitten Kirrtane,27
2001,857,Fabian Roetschi,21
2001,858,Evgueni Smirnov,19
2001,858,Jasper Smit,21
2001,860,Alexander Hartman,21
2001,860,Conor Niland,20
2001,862,Diogo Cruz,20
2001,862,Simon Stadler,18
2001,864,Abdul Hamid Makhkamov,25
2001,864,Eduardo Morones,27
2001,866,Gabriel Pitta,21
2001,867,Max Raditschnigg,18
2001,868,Ivan Caballero,20
2001,868,Andrei Youzhny,21
2001,870,Gunther Darkey,25
2001,871,David Miketa,26
2001,871,Rodrigo Monte,25
2001,873,Sung-Ho Im,29
2001,873,Marcos Jimenez-Letrado,20
2001,873,Florian Mayer,18
2001,873,Dmitri Sitak,18
2001,877,Guillermo Garcia-Lopez,18
2001,877,David Hodge,22
2001,877,Marco Meneschincheri,29
2001,880,Peter Capkovic,18
2001,880,James Davidson,28
2001,880,Ashley Fisher,26
2001,883,Andreas Maroldt,21
2001,884,Marco Pedrini,18
2001,885,Frantisek Babej,21
2001,885,Meir Deri,20
2001,885,Nicolas Devilder,21
2001,885,Miha Gregorc,22
2001,885,Luis Hormazabal,21
2001,885,Mait Kunnap,19
2001,891,Leif Meineke,24
2001,892,Jonas Froberg,20
2001,892,Gregory Zavialoff,23
2001,894,Ivo Klec,21
2001,895,Dmitriy Koch,20
2001,896,Henrique Mello,19
2001,896,Lee Radovanovich,19
2001,896,Nenad Toroman,23
2001,899,Jo-Wilfried Tsonga,16
2001,900,Patrick Mayr,22
2001,901,Amro Ghoneim,27
2001,901,Giuseppe Montenet,25
2001,903,Lenoir Ramos,16
2001,904,Ralph Grambow,22
2001,904,Ajay Ramaswami,21
2001,906,Hyun-Cheol Bang,30
2001,906,Stephane Robert,21
2001,906,Ivan Rodrigo,23
2001,909,Chemseddine Belal,24
2001,910,Frederik Fetterlein,31
2001,911,Marcelo Melo,18
2001,912,Hans Grobecker,22
2001,912,Martin Hromec,25
2001,914,Hee-Sung Chung,25
2001,914,Andrew Derer,21
2001,914,John Paul Fruttero,20
2001,914,Jordi Marse-Vidri,21
2001,914,Ingo Neumuller,22
2001,914,Gwinyai Tongoona,28
2001,920,Julien Jeanpierre,21
2001,921,Igor Racic,18
2001,922,Lefteris Alexiou,19
2001,922,Baptiste Dupuy,20
2001,922,Mark Parsons,22
2001,925,Pablo Garcia-Gaitan,23
2001,925,Paul Logtens,22
2001,927,Cyril Martin,21
2001,927,Zoltan Nagy,26
2001,929,Johannes Ager,17
2001,929,Julien Cuaz,24
2001,929,Brandon Kramer,24
2001,929,Damian Patriarca,18
2001,929,Marwan Ziwar,21
2001,934,Kamil Patel,22
2001,935,Dominic Boulet,24
2001,936,Teodor-Dacian Craciun,21
2001,936,Razvan Lupsescu,22
2001,936,Brian MacPhie,29
2001,936,Gerald Mandl,31
2001,940,Sebastian Quintero,18
2001,940,Hyeong-Keun Song,27
2001,942,Maciej Domka,23
2001,942,Rodolfo Rake,22
2001,942,Patrick Schnidrig,21
2001,945,Victor Sanchez Gil,19
2001,946,Alvaro Izquierdo,18
2001,946,Kresimir Ritz,28
2001,948,Bertrand Contzler,19
2001,948,Eliran Dooyev,21
2001,948,Teymuraz Gabashvili,16
2001,948,Fredrik Giers,28
2001,948,Ben-Qiang Zhu,22
2001,953,Jeremy Berman,24
2001,953,Matthew Smith,17
2001,953,Tomer Suissa,19
2001,956,Gianluca Bazzica,26
2001,956,Mattia Livraghi,20
2001,956,Francisco Rodriguez,25
2001,959,Isaac Tortades,22
2001,960,Alexander Flock,18
2001,960,Julien Mathieu,19
2001,960,Dominik Meffert,20
2001,960,Alessandro Motti,22
2001,960,Thomas Oger,21
2001,960,Rodrigo Ribeiro,24
2001,960,Juan Antonio Saiz,24
2001,960,Kevin Sorensen,20
2001,968,Rob Cheyne,25
2001,968,Leigh Holland,27
2001,968,Manoj Mahadevan,20
2001,968,Daniel Monedero,19
2001,968,Norikazu Sugiyama,24
2001,973,Marcus Fluitt,25
2001,973,Krzysztof Kwinta,21
2001,973,Alexander Yarmola,23
2001,976,Nicolas Boeker,21
2001,976,Roberto Jabali,31
2001,976,Matthew Koch,19
2001,976,Gene Mayer,45
2001,980,Vladimir Bistryavichus,21
2001,980,Malte Commandeur,23
2001,980,Filip Dewulf,29
2001,980,Dias Doskarayev,17
2001,980,Rafael Fontes,24
2001,980,Jason Mallaiah,18
2001,980,Nuno Marques,31
2001,980,Martin Rammal,21
2001,980,Gordon Uehling,29
2001,989,Igor Andreev,18
2001,989,Frank Condor,17
2001,989,Jonathan Garcia,26
2001,989,Victor Ivanchev,27
2001,989,Kabelo Maleka,19
2001,989,Luis Ernesto Peon Sr.,29
2001,989,Michal Varsanyi,21
2001,996,Andrew Anderson,18
2001,996,Ashley Dyer,21
2001,996,Baris Ergun,26
2001,996,Timo Fleischfresser,22
2001,996,Sander Groen,33
2001,996,Raul Morant,20
2001,996,Daniel Norberg,20
2001,996,Vladimir Obradovic,20
2001,996,Febi Widhiyanto,21
2000,1,Gustavo Kuerten,24
2000,2,Marat Safin,20
2000,3,Pete Sampras,29
2000,4,Magnus Norman,24
2000,5,Yevgeny Kafelnikov,26
2000,6,Andre Agassi,30
2000,7,Lleyton Hewitt,19
2000,8,Alex Corretja,26
2000,9,Thomas Enqvist,26
2000,10,Tim Henman,26
2000,11,Mark Philippoussis,24
2000,12,Juan Carlos Ferrero,20
2000,13,Wayne Ferreira,29
2000,14,Franco Squillari,25
2000,15,Patrick Rafter,27
2000,16,Cedric Pioline,31
2000,17,Dominik Hrbaty,22
2000,18,Arnaud Clement,23
2000,19,Sebastien Grosjean,22
2000,20,Nicolas Kiefer,23
2000,21,Mariano Puerta,22
2000,22,Sjeng Schalken,24
2000,23,Tommy Haas,22
2000,24,Nicolas Lapentti,24
2000,25,Younes El Aynaoui,29
2000,26,Albert Costa,25
2000,27,Andrei Pavel,26
2000,28,Marc Rosset,30
2000,29,Roger Federer,19
2000,30,Hicham Arazi,27
2000,31,Fabrice Santoro,28
2000,32,Michael Chang,28
2000,33,Jan-Michael Gambill,23
2000,34,Gaston Gaudio,22
2000,35,Byron Black,31
2000,36,Richard Krajicek,29
2000,37,Marcelo Rios,24
2000,38,David Prinosil,27
2000,39,Thomas Johansson,25
2000,40,Max Mirnyi,23
2000,41,Carlos Moya,24
2000,42,Jerome Golmard,27
2000,43,Gianluca Pozzi,35
2000,44,Jonas Bjorkman,28
2000,45,Rainer Schuettler,24
2000,46,Vladimir Voltchkov,22
2000,47,Fernando Vicente,23
2000,48,Nicolas Escude,24
2000,49,Francisco Clavet,32
2000,50,Andrew Ilie,24
2000,51,Albert Portas,27
2000,52,Andreas Vinciguerra,19
2000,53,Jiri Novak,25
2000,54,Stefan Koubek,23
2000,55,Todd Martin,30
2000,56,Alex Calatrava,27
2000,57,Karim Alami,27
2000,58,Andrei Medvedev,26
2000,59,Harel Levy,22
2000,60,Arnaud Di Pasquale,21
2000,61,Mariano Zabaleta,22
2000,62,Agustin Calleri,24
2000,63,Juan Ignacio Chela,21
2000,64,Slava Dosedel,30
2000,65,Davide Sanguinetti,28
2000,66,Jason Stoltenberg,30
2000,67,Chris Woodruff,27
2000,68,Olivier Rochus,19
2000,69,Greg Rusedski,27
2000,70,Julien Boutter,26
2000,71,Juan Balcells,25
2000,72,Markus Hantschk,23
2000,73,Karol Kucera,26
2000,74,Christophe Rochus,22
2000,75,Magnus Larsson,30
2000,76,Bohdan Ulihrach,25
2000,77,Jiri Vanek,22
2000,78,Martin Damm,28
2000,79,Alberto Martin,22
2000,80,Mikael Tillstrom,28
2000,81,Paul Goldstein,24
2000,82,Magnus Gustafsson,33
2000,83,Wayne Arthurs,29
2000,84,Richard Fromberg,30
2000,85,Sergi Bruguera,29
2000,86,Alexander Popp,24
2000,87,Nicolas Massu,21
2000,88,Guillermo Coria,18
2000,89,David Sanchez,22
2000,90,Hyung-Taik Lee,24
2000,91,Ivan Ljubicic,21
2000,92,German Puentes,28
2000,93,Michel Kratochvil,21
2000,94,Sargis Sargsian,27
2000,95,Raemon Sluiter,22
2000,96,Michal Tabara,21
2000,97,Justin Gimelstob,23
2000,98,Daniel Elsner,21
2000,99,Felix Mantilla,26
2000,100,Fernando Meligeni,29
2000,101,Andrea Gaudenzi,27
2000,102,Christian Vinck,25
2000,103,Antony Dupuis,27
2000,104,Jan Siemerink,30
2000,105,George Bastl,25
2000,106,Andre Sa,23
2000,107,Wayne Black,27
2000,108,Jens Knippschild,25
2000,109,Paradorn Srichaphan,21
2000,110,Adrian Voinea,26
2000,111,Jacobo Diaz,24
2000,112,Jeff Tarango,32
2000,113,Mikhail Youzhny,18
2000,114,Galo Blanco,24
2000,115,Fernando Gonzalez,20
2000,116,Stephane Huet,29
2000,117,Tomas Zib,24
2000,118,Hernan Gumy,28
2000,119,Markus Hipfl,22
2000,120,Juan Antonio Marin,25
2000,121,Cecil Mamiit,24
2000,122,Andrei Stoliarov,23
2000,123,Neville Godwin,25
2000,124,Sebastien Lareau,27
2000,125,Emilio Benfele Alvarez,28
2000,126,Edwin Kempes,24
2000,127,Xavier Malisse,20
2000,128,Oscar Serrano,22
2000,129,Goran Ivanisevic,29
2000,130,Cyril Saulnier,25
2000,131,Tommy Robredo,18
2000,132,Luis Horna,20
2000,133,Nikolay Davydenko,19
2000,134,Diego Nargiso,30
2000,135,Cristiano Caratti,30
2000,136,Laurence Tieleman,28
2000,137,Ronald Agenor,36
2000,138,Martin Rodriguez,31
2000,139,Nicolas Thomann,28
2000,140,Yong-Il Yoon,27
2000,141,Kevin Kim,22
2000,142,Tomas Behrend,26
2000,143,Diego Moyano,25
2000,144,Christian Ruud,28
2000,145,Attila Savolt,24
2000,146,Bob Bryan,22
2000,147,Julian Knowle,26
2000,148,Tuomas Ketola,25
2000,149,Orlin Stanoytchev,29
2000,150,Peter Wessels,22
2000,151,Oliver Gross,27
2000,152,Nicolas Coutelot,23
2000,153,Alberto Berasategui,27
2000,154,Arvind Parmar,22
2000,155,Michael Russell,22
2000,156,Andy Roddick,18
2000,157,Jan Kroslak,26
2000,158,Kevin Ullyett,28
2000,159,Michael Llodra,20
2000,160,Takao Suzuki,24
2000,161,Filip Dewulf,28
2000,162,Alexandre Simoni,21
2000,163,Stefano Tarallo,24
2000,164,Marcelo Charpentier,27
2000,165,Filippo Volandri,19
2000,166,Irakli Labadze,19
2000,167,Hugo Armando,22
2000,168,Gaston Etlis,26
2000,169,Werner Eschauer,26
2000,170,Julian Alonso,23
2000,171,Lorenzo Manta,26
2000,172,Thierry Guardiola,29
2000,173,Reginald Willems,23
2000,174,Albert Montanes,20
2000,175,Jose Acasuso,18
2000,176,Vincenzo Santopadre,29
2000,177,Martin Lee,22
2000,178,Lars Burgsmuller,25
2000,179,Jeff Salzenstein,27
2000,180,Olivier Mutis,22
2000,181,Taylor Dent,19
2000,182,Petr Luxa,28
2000,183,Barry Cowan,26
2000,184,Johan Settergren,22
2000,185,Salvador Navarro,23
2000,186,Francisco Costa,27
2000,187,Todd Woodbridge,29
2000,188,Leander Paes,27
2000,189,Marc-Kevin Goellner,30
2000,190,Federico Browne,24
2000,191,Jan Vacek,24
2000,192,Alejandro Hernandez,23
2000,193,Jamie Delgado,23
2000,194,Jean-Rene Lisnard,21
2000,195,Petr Kralert,21
2000,196,Razvan Sabau,23
2000,197,Kristian Pless,19
2000,198,Andrei Cherkasov,30
2000,199,Juan Albert Viloca-Puig,27
2000,200,Clemens Trimmel,22
2000,201,Solon Peppas,26
2000,202,Vadim Kutsenko,23
2000,203,Fredrik Jonsson,23
2000,204,Marcos Ondruska,28
2000,205,Eric Taino,25
2000,206,Dennis van Scheppingen,25
2000,207,Andy Ram,20
2000,208,Bjorn Phau,21
2000,209,Oscar Burrieza-Lopez,25
2000,210,Mose Navarra,26
2000,211,Marcello Craca,26
2000,212,James Blake,20
2000,213,Vincent Spadea,26
2000,214,John van Lottum,24
2000,215,Yuri Schukin,21
2000,216,Jan Frode Andersen,28
2000,217,Michael Kohlmann,26
2000,218,Johan Van Herck,26
2000,219,Jimy Szymanski,25
2000,220,Daniel Nestor,28
2000,221,Gouichi Motomura,27
2000,222,Ivo Heuberger,24
2000,223,Lionel Roux,27
2000,224,Sebastian Prieto,25
2000,225,Noam Behr,25
2000,226,Filippo Messori,27
2000,227,Denis Golovanov,21
2000,228,Dick Norman,29
2000,229,Justin Bower,22
2000,230,Oleg Ogorodov,28
2000,231,Guillermo Canas,23
2000,232,Jean-Francois Bachelot,23
2000,233,Martin Verkerk,22
2000,234,Robin Vik,20
2000,235,Kris Goossens,26
2000,236,Renzo Furlan,30
2000,237,Lior Mor,24
2000,238,Daniel Vacek,29
2000,239,Cristian Kordasz,22
2000,240,James Sekulov,24
2000,241,Frantisek Cermak,24
2000,242,Andy Fahlke,21
2000,243,Diego Hipperdinger,23
2000,244,Vasilis Mazarakis,20
2000,245,David Nalbandian,18
2000,246,Michael Joyce,27
2000,247,Elia Grossi,26
2000,248,Federico Luzzi,20
2000,249,Lior Dahan,25
2000,250,Alex O'Brien,30
2000,251,Ladislav Svarc,22
2000,252,Daniel Melo,23
2000,253,Adrian Garcia,22
2000,254,Dejan Petrovic,22
2000,255,Alexander Waske,25
2000,256,Mariano Delfino,23
2000,257,Ramon Delgado,24
2000,258,Scott Draper,26
2000,259,Igor Kunitsyn,19
2000,260,Matthew Breen,24
2000,261,Sergio Roitman,21
2000,262,Mark Nielsen,23
2000,263,Damian Furmanski,25
2000,264,Patricio Arquez,20
2000,265,Gorka Fraile,22
2000,266,Alex Lopez Moron,30
2000,267,Mariano Hood,27
2000,268,Danai Udomchoke,19
2000,269,Ivaylo Traykov,22
2000,270,Axel Pretzsch,24
2000,271,Feliciano Lopez,19
2000,272,Jan Hernych,21
2000,273,Cedric Kauffmann,24
2000,274,Alexander Shvec,28
2000,275,Paul-Henri Mathieu,18
2000,276,Glenn Weiner,24
2000,277,Radek Stepanek,22
2000,278,Ota Fukarek,23
2000,279,Jakub Herm-Zahlava,20
2000,280,Marzio Martelli,29
2000,281,Giorgio Galimberti,24
2000,282,Rogier Wassen,24
2000,283,Stefano Galvani,23
2000,284,Artem Derepasko,20
2000,285,Aisam-Ul-Haq Qureshi,20
2000,286,Ivo Karlovic,21
2000,287,Phillip King,19
2000,288,Mauricio Hadad,29
2000,289,Zack Fleishman,20
2000,290,Jim Courier,30
2000,291,Amro Ghoneim,26
2000,292,Oscar Hernandez,22
2000,293,Scott Barron,26
2000,294,Eric Prodon,19
2000,295,Dmitry Vlasov,18
2000,296,Jan Weinzierl,27
2000,297,Nir Welgreen,24
2000,298,Zbynek Mlynarik,23
2000,299,Mike Bryan,22
2000,300,Brandon Hawk,21
2000,301,Emin Agaev,21
2000,302,Ion Moldovan,22
2000,303,Alessio Di Mauro,23
2000,304,Melle Van Gemerden,21
2000,305,Mardy Fish,19
2000,306,Miles MacLagan,26
2000,307,Takahiro Terachi,21
2000,308,Jarkko Nieminen,19
2000,309,Sebastien De Chaunac,23
2000,310,Michael Hill,26
2000,311,Ricardo Mello,20
2000,312,Leonardo Azzaro,22
2000,313,David Wheaton,31
2000,314,Rodolphe Cadart,22
2000,315,Marc Lopez,18
2000,316,Nenad Zimonjic,24
2000,317,Kristian Capalik,22
2000,318,Jean-Michel Pequery,22
2000,319,Stefano Pescosolido,29
2000,320,Dmitry Tursunov,18
2000,321,Mark Woodforde,35
2000,322,Henrik Andersson,23
2000,323,Marcus Sarstrand,22
2000,324,Olivier Patience,20
2000,325,Ivan Beros,20
2000,326,Johan Ortegren,22
2000,327,Jean-Baptiste Perlant,23
2000,328,Mark Hilton,19
2000,329,Oren Motevassel,33
2000,330,Simon Larose,22
2000,331,Paul Baccanello,21
2000,332,Pablo Bianchi,25
2000,333,Ruben Ramirez Hidalgo,22
2000,334,Tapio Nurminen,25
2000,335,Helge Koll,25
2000,336,Wesley Moodie,21
2000,337,Herbert Wiltschnig,25
2000,338,Edgardo Massa,19
2000,339,Olivier Malcor,25
2000,340,Kim Tiilikainen,25
2000,341,Stefano Cobolli,23
2000,342,Josh Tuckfield,22
2000,343,Robert Kendrick,21
2000,344,Mounir El Aarej,23
2000,345,Yaoki Ishii,23
2000,346,Flavio Saretta,20
2000,347,Oliver Marach,20
2000,348,Daniele Bracciali,22
2000,349,Mariano Sanchez,22
2000,350,Mark Knowles,29
2000,351,Pavel Snobel,20
2000,352,Marko Tkalec,23
2000,353,David Miketa,25
2000,354,Frederic Niemeyer,24
2000,355,Kalle Flygt,24
2000,356,Yves Allegro,22
2000,357,Jared Palmer,29
2000,358,Jurgen Melzer,19
2000,359,Daniel Caracciolo,21
2000,360,Arnaud Fontaine,23
2000,361,Massimo Dell'Acqua,21
2000,362,Ville Liukko,26
2000,363,Ignacio Hirigoyen,24
2000,364,Joseph Sirianni,25
2000,365,Boris Borgula,23
2000,366,Dmitri Tomashevich,26
2000,367,Bernardo Mota,29
2000,368,Roberto Menendez,24
2000,369,Eduardo Nicolas,28
2000,370,Patricio Rudi,23
2000,371,Alex Kim,22
2000,372,Radomir Vasek,28
2000,373,Satoshi Iwabuchi,25
2000,374,Lee Childs,18
2000,375,Wolfgang Schranz,24
2000,376,Karim Maamoun,21
2000,377,Jose De Armas,19
2000,378,Marc Fornell-Mestres,18
2000,379,Gilles Elseneer,22
2000,380,Gergely Kisgyorgy,24
2000,381,Marco Chiudinelli,19
2000,382,Jerome Haehnel,20
2000,383,Diego Alvarez,20
2000,384,Julio Silva,21
2000,385,Martin Spottl,25
2000,386,Dimitri Lorin,25
2000,387,Ivan Vajda,22
2000,388,Nicolas Mahut,18
2000,389,Jack Brasington,24
2000,390,Relja Fiser-Dulic,24
2000,391,Lee Pearson,24
2000,392,Melvyn Op der Heijde,25
2000,393,Michael Jessup,24
2000,394,Lovro Zovko,19
2000,395,Louis Vosloo,22
2000,396,Hector Moretti,27
2000,397,Jan Boruszewski,23
2000,398,Jeff Coetzee,23
2000,399,Konstantinos Economidis,23
2000,400,Martin Hromec,24
2000,401,Mario Munoz-Bejarano,20
2000,402,Rodolfo Rake,21
2000,403,Fredrik Giers,27
2000,404,Ivan Navarro,19
2000,405,Didac Perez,19
2000,406,David Ferrer,18
2000,407,Luben Pampoulov,19
2000,408,David Caballero,26
2000,409,Mashiska Washington,26
2000,410,Tomas Cakl,19
2000,411,Ben-Qiang Zhu,21
2000,412,Uros Vico,19
2000,413,Gabriel Trifu,25
2000,414,Javier Perez-Vazquez,24
2000,415,Matteo Colla,25
2000,416,Igor Gaudi,25
2000,417,Orest Tereshchuk,19
2000,418,Slimane Saoudi,25
2000,419,Suwandi Suwandi,24
2000,420,Julien Benneteau,19
2000,421,Nicklas Kulti,29
2000,422,Rik De Voest,20
2000,423,Radim Zitko,22
2000,424,Xavier Pujo,23
2000,425,Bernard Parun,21
2000,426,Jun Kato,20
2000,427,Juan-Pablo Guzman,19
2000,428,Roberto Carretero,25
2000,429,Frank Pokorny,22
2000,430,Thomas Dupre,26
2000,431,Santiago Ventura,20
2000,432,Vitali Chvets,25
2000,433,Per Thornadtsson,22
2000,434,Jaroslav Levinsky,19
2000,435,Grant Stafford,29
2000,436,Emanuel Couto,27
2000,437,Karsten Braasch,33
2000,438,Jaymon Crabb,22
2000,439,Federico Dondo,29
2000,440,Leigh Holland,26
2000,441,Paul Kilderry,27
2000,442,Alun Jones,20
2000,443,Stefan Wauters,18
2000,444,Nicklas Timfjord,23
2000,445,Alexander Peya,20
2000,446,Krystian Pfeiffer,22
2000,447,Marc Merry,25
2000,448,Ricardo Schlachter,23
2000,449,Juraj Hasko,22
2000,450,Diego Ayala,21
2000,451,Juan Pablo Brzezicki,18
2000,452,Charles-Edouard Maria,26
2000,453,Donavan September,30
2000,454,Dirk Stegmann,17
2000,455,Luis Adrian Morejon,27
2000,456,Daniel Andersson,23
2000,457,Nicolas Todero,21
2000,458,Remus Farcas,29
2000,459,Francisco Cabello,28
2000,460,Tom Chicoine,24
2000,461,Christopher Kas,20
2000,462,Tommi Lenho,25
2000,463,Robert Lindstedt,23
2000,464,Charles Auffray,27
2000,465,Mark Merklein,28
2000,466,Carlos Castellanos,24
2000,467,Kobi Ziv,21
2000,468,Juan Giner,22
2000,469,Diego Veronelli,21
2000,470,Peter Luczak,21
2000,471,Florian Allgauer,21
2000,472,Manuel Sala,25
2000,473,Potito Starace,19
2000,474,Norbert Mazany,22
2000,475,Riccardo Ciruolo,25
2000,476,Florian Jeschonek,22
2000,477,Victor Hanescu,19
2000,478,Michael Sell,28
2000,479,Philipp Hammer,19
2000,480,Dusan Vemic,24
2000,481,Rafael Serpa-Guinazu,25
2000,482,Martin Vassallo Arguello,20
2000,483,Todd Perry,24
2000,484,Michel Deville,22
2000,485,Luke Smith,24
2000,486,Leos Friedl,23
2000,487,Thomas Schiessling,26
2000,488,Jonas Froberg,19
2000,489,Leonardo Olguin,25
2000,490,Rodrigo Cerdera,23
2000,491,Ashley Ford,21
2000,492,Bjorn Rehnquist,22
2000,493,Dimitri Mazur,21
2000,494,Paul Hanley,23
2000,495,Simon Dickson,18
2000,496,Thierry Ascione,19
2000,497,Jerome Hanquez,26
2000,498,Timothy Aerts,24
2000,499,Matias O'Neille,22
2000,500,Christian Dillschneider,24
2000,501,Jonathan Erlich,23
2000,502,Benjamin Cassaigne,24
2000,503,Leslie Demiliani,24
2000,504,Michal Mertinak,21
2000,505,Levar Harper-Griffith,19
2000,506,Julien Couly,25
2000,507,Yohny Romero,22
2000,508,Seung-Kyu Park,28
2000,509,Maxime Boye,24
2000,510,Franz Stauder,23
2000,511,Jay Gooding,24
2000,512,Jonathan Stark,29
2000,513,Lazaro Navarro-Batles,26
2000,514,Mehdi Tahiri,23
2000,515,Florent Serra,19
2000,516,Ivan Miranda,20
2000,517,Ivan Cinkus,20
2000,518,Guillaume Marx,28
2000,519,Joaquin Munoz-Hernandez,25
2000,520,Jean-Claude Scherrer,22
2000,521,Simon Greul,19
2000,522,Tomas Tenconi,20
2000,523,Carlos Cuadrado,17
2000,524,Kornel Bardoczky,22
2000,525,Rene Nicklisch,24
2000,526,Marcos Daniel,22
2000,527,Davide Scala,28
2000,528,Miguel Miranda,23
2000,529,Jordan Kerr,21
2000,530,Pedro Canovas,20
2000,531,Gabriel Trujillo-Soler,21
2000,532,Noam Okun,22
2000,533,Eduardo Frick,22
2000,534,Miguel Pastura,27
2000,535,Alberto Banus-Sado,26
2000,536,Jeff Williams,22
2000,537,Victor Bruthans,21
2000,538,Gustavo Marcaccio,23
2000,539,Gianluca Luddi,22
2000,540,Gunther Darkey,24
2000,541,Michael Lammer,18
2000,542,Marc Canovas,22
2000,543,Eyal Erlich,23
2000,544,Wade McGuire,31
2000,545,Sergei Pozdnev,18
2000,546,Vladimir Pavicevic,23
2000,547,Mario Ancic,16
2000,548,Sebastian Swierk,21
2000,549,Sebastian Fitz,21
2000,550,Andrea Stoppini,20
2000,551,Miloslav Grolmus,19
2000,552,Scott Humphries,24
2000,553,Martin Bartonek,22
2000,554,Tomas Jecminek,21
2000,555,Dinu Pescariu,26
2000,556,Tobias Clemens,21
2000,557,Hermes Gamonal,23
2000,558,Branislav Sekac,21
2000,559,Oliver Freelove,23
2000,560,Timo Fleischfresser,21
2000,561,Carlos Rexach-Itoiz,21
2000,562,Vincent Allegre,26
2000,563,Harsh Mankad,21
2000,564,Agustin Garizzio,30
2000,565,Alex Witt,24
2000,566,Chemseddine Belal,23
2000,567,Peter Clarke,21
2000,568,Daniele Musa,28
2000,569,Rodrigo Ribeiro,23
2000,570,Joao Cunha-Silva,33
2000,571,Tasuku Iwami,22
2000,572,Rafael de Mesa,21
2000,573,Richey Reneberg,35
2000,574,Lukasz Kubot,18
2000,575,Jeff Morrison,21
2000,576,Gregory Carraz,25
2000,577,Tom Spinks,24
2000,578,Thomas Blake,23
2000,579,Angel Jose Martin,21
2000,580,Kirill Ivanov-Smolensky,19
2000,581,MarQuiestro Foster,22
2000,582,Marwan Ziwar,20
2000,583,Marcio Carlsson,25
2000,584,Joan Jimenez-Guerra,22
2000,585,Francisco Fogues,23
2000,586,Seung-Hoon Lee,21
2000,587,Geoff Abrams,22
2000,588,Rodolphe Gilbert,32
2000,589,Nahuel Fracassi,20
2000,590,Doug Bohaboy,24
2000,591,Petr Dezort,25
2000,592,Kentaro Masuda,29
2000,593,Todd Larkham,26
2000,594,John Doran,22
2000,595,Julien Varlet,23
2000,596,Bruno Echagaray,17
2000,597,Ruben Fernandez,22
2000,598,Jose Ezequiel Lido,20
2000,599,Zeljko Krajan,21
2000,600,Olivier Ramos,19
2000,601,Frederik Fetterlein,30
2000,602,Grant Doyle,26
2000,603,Brian Patterson,24
2000,604,Igor Brukner,21
2000,605,Robert Samuelsson,25
2000,606,Aleksander Slovic,18
2000,607,Brian MacPhie,28
2000,608,Wesley Whitehouse,21
2000,609,David McNamara,24
2000,610,Karol Beck,18
2000,611,Justin Layne,22
2000,612,Ivo Klec,20
2000,613,Jean-Christophe Faurel,19
2000,614,Arne Kreitz,21
2000,615,Sebastian Jaeger,20
2000,616,Eduardo Bergmann,20
2000,617,Luke Milligan,24
2000,618,Glenn Knox,20
2000,619,Bojan Vujic,26
2000,620,Cesar Ferrer-Victoria,20
2000,621,Hisham Hemeda,22
2000,622,Markus Polessnig,19
2000,623,Artemon Apostu-Efremov,21
2000,624,Francesco Aldi,19
2000,625,Julien Cuaz,23
2000,626,Denis Gremelmayr,19
2000,627,Ingo Neumuller,21
2000,628,Oscar Ortiz,27
2000,629,Srinath Prahlad,27
2000,630,Igor Kornienko,28
2000,631,Michael Berrer,20
2000,632,Bjorn Jacob,26
2000,633,Martin Stepanek,21
2000,634,Tetsuya Chaen,27
2000,635,Jacob Adaktusson,20
2000,636,Alan Mackin,19
2000,637,Bernd Karbacher,32
2000,639,Oh-Hee Kwon,22
2000,640,Gianluca Bazzica,25
2000,641,Alexey Kedryuk,20
2000,642,Philipp Mullner,20
2000,643,Bartlomiej Dabrowski,28
2000,644,Michihisa Onoda,22
2000,645,Kamil Patel,21
2000,646,Peter Tramacchi,30
2000,647,Mathias Hellstrom,22
2000,648,Jan Hajek,17
2000,649,Milen Velev,29
2000,650,Guillermo Platel,21
2000,651,Ignacio Gonzalez King,20
2000,652,Martin Stringari,29
2000,653,Pablo Gonzalez,18
2000,654,Tero Vilen,21
2000,655,James Nelson,18
2000,656,Jan Hermansson,27
2000,657,Oscar Martinez,26
2000,658,Adam Peterson,26
2000,659,Markus Menzler,23
2000,660,Lucas Arnold Ker,26
2000,661,Jim Thomas,26
2000,662,Mustafa Azkara,30
2000,662,Nicolas Devilder,20
2000,664,Ronaldo Carvalho,21
2000,665,Tomasz Boniecki,22
2000,666,Sebastian Decoud,19
2000,667,Nikos Rovas,23
2000,668,Guillaume Raoux,30
2000,669,Owen Casey,31
2000,669,Hee-Seok Chung,23
2000,671,Jeremy Delinbeuf,23
2000,671,Ivan Rodrigo,22
2000,673,Andreas Fasching,19
2000,674,Sergei Krotiouk,22
2000,675,Ferran Ventura-Martell,22
2000,676,Miguel Angel Lopez Jaen,18
2000,677,Sebastian Uriarte,20
2000,678,Ladislav Simon,24
2000,679,Sandeep Kirtane,27
2000,680,Iztok Bozic,29
2000,681,Dominik Meffert,19
2000,682,James Greenhalgh,25
2000,683,Julio Peralta,19
2000,684,Jason Cook,23
2000,685,Cory Guy,23
2000,686,Eduardo Medica,24
2000,687,Felipe Parada,19
2000,688,Antonio Alcaraz,20
2000,689,Jonathan Beardsley,25
2000,689,James Davidson,27
2000,691,Fred Hemmes,19
2000,692,Philippe Pasquier,26
2000,693,Andrej Kracman,18
2000,694,Diego Hartfield,19
2000,695,Ignacio Truyol,27
2000,696,Daniel Lencina-Ribes,23
2000,697,Erik Csarnakovics,23
2000,698,KJ Hippensteel,20
2000,699,Roko Karanusic,18
2000,700,Nick Gould,28
2000,701,Pavel Riha,21
2000,702,Michael Tebbutt,30
2000,703,Jose Maria Vicente,23
2000,704,Jaroslav Pospisil,19
2000,704,Hendri Susilo Pramono,21
2000,706,Nuno Marques,30
2000,707,Eyal Ran,28
2000,708,Mike Scheidweiler,19
2000,708,Jurek Stasiak,22
2000,710,Javier Garcia-Sintes,21
2000,711,Jakub Hasek,19
2000,712,Vladimir Platenik,24
2000,713,Nick McDonald,20
2000,714,Andres Schneiter,24
2000,715,Andrei Chesnokov,34
2000,716,Tripp Phillips,23
2000,717,Rolandas Murashka,27
2000,718,Roberto Alvarez,29
2000,718,Roman Smotlak,29
2000,720,Brett Hansen-Dent,28
2000,721,Hayden Gibson,23
2000,722,Francois Vatin,19
2000,723,Esat Tanik,20
2000,724,Radovan Svetlik,26
2000,725,Andrea Capodimonte,21
2000,726,Marcelo Barboza,20
2000,727,Ryan Wolters,23
2000,728,Alessandro Da Col,22
2000,729,Steven Bourke,21
2000,730,Christian Grunes,22
2000,731,Taso Vasiliadis,26
2000,732,Marc Marco-Ripoll,19
2000,733,Miguel Gallardo-Valles,19
2000,734,Dirk Dier,28
2000,735,Daniel Dios,22
2000,736,Hee-Sung Chung,24
2000,737,Damien Roberts,22
2000,738,Matthis Kempe-Bergman,22
2000,739,Marcello Amador,20
2000,740,Todor Enev,18
2000,741,Steven Randjelovic,25
2000,742,Efe Ustundag,23
2000,743,Denis Yakimenko,23
2000,744,Julien Maes,19
2000,745,David Skoch,24
2000,746,Sergei Yaroshenko,23
2000,747,Ashley Fisher,25
2000,748,Raimonds Sproga,19
2000,749,Jalal Chafai,20
2000,750,Gwenael Gueit,24
2000,751,Maximilian Abel,18
2000,752,Coenie Van Wyk,23
2000,753,Jon Hedman,24
2000,754,Stefano Mocci,19
2000,755,Abdul Hamid Makhkamov,24
2000,756,Fazaluddin Syed,26
2000,757,David Caldwell,26
2000,758,Johan Du Randt,23
2000,759,Andrew Anderson,17
2000,760,Giuseppe Montenet,24
2000,761,Sandor Noszaly,28
2000,762,Hans Grobecker,21
2000,763,Yu Zhang,24
2000,764,Laszlo Fono,19
2000,765,Yasufumi Yamamoto,29
2000,766,Fabrice Betencourt,27
2000,767,Hideki Kaneko,26
2000,767,Jonathan Marray,19
2000,767,Andreas Weber,24
2000,770,Daniel Norberg,19
2000,770,Jan Riha,23
2000,772,Filip Aniola,20
2000,773,Joachim Johansson,18
2000,774,Janne Ojala,23
2000,775,Marcelo Filippini,33
2000,776,Michael Quintero,20
2000,777,Jean Marcel Bourgaul Du Coudray,23
2000,778,Philip Gubenco,18
2000,779,Pedro Rico,20
2000,780,Tim Crichton,24
2000,780,Gavin Sontag,23
2000,782,Emilio Viuda-Hernandez,22
2000,783,Johan Kareld,20
2000,783,Alexander Yarmola,22
2000,785,Giancarlo Petrazzuolo,20
2000,786,Manuel Jorquera,22
2000,787,Matt Guyaux,25
2000,788,Martin Sinner,32
2000,789,Juan Pablo Di Cesare,19
2000,789,Rodrigo Monte,24
2000,791,Miha Gregorc,21
2000,792,Fabio Maggi,25
2000,793,Felix Hardt,21
2000,794,Andreas Kauntz,20
2000,795,Teodor-Dacian Craciun,20
2000,796,Lee Radovanovich,18
2000,797,Tomas Catar,23
2000,798,Adam Skrzypczak,26
2000,799,Ryan Sachire,22
2000,800,Vishal Uppal,24
2000,801,Heiko Bollich,20
2000,802,Thomas Messmer,21
2000,803,Benoit Foucher,23
2000,804,Tomas Janci,20
2000,805,Martin Garcia,23
2000,805,Sonny Kayombo,21
2000,805,Johan Landsberg,25
2000,808,Stephane Bohli,17
2000,808,Olivier Le Jeune,23
2000,810,Benjamin Becker,19
2000,811,Kacper Cecek,24
2000,812,Dario Pizzato,23
2000,813,Marian Leysek,25
2000,814,Thorsten Wolff,23
2000,815,Ivan Esquerdo,18
2000,815,Cary Franklin,23
2000,817,Marco Osorio,28
2000,818,Sergio Gaoni,22
2000,819,Alexander Sikanov,22
2000,820,Federico Cardinali,21
2000,821,Thiago Alves,18
2000,822,Andres Dellatorre,20
2000,823,Diego Junqueira,19
2000,823,Andreas Tattermusch,21
2000,825,Dominic Boulet,23
2000,826,Piotr Szczepanik,22
2000,827,Cyril Martin,20
2000,828,Zoltan Boroczky,21
2000,829,Markus Krenn,18
2000,830,Gordon Bergraaf,21
2000,830,Anton Klaric,22
2000,830,Gabriel Pitta,20
2000,833,Chad Carlson,21
2000,833,Rodrigo Ferreiro,27
2000,833,Jesse Walter,24
2000,836,Patrik Langvardt,29
2000,837,Jaime Cortes,35
2000,837,Jicham Zaatini,24
2000,839,Adriano Biasella,20
2000,840,Julien Cassaigne,18
2000,840,Gilles Muller,17
2000,842,Alberto Francis,18
2000,842,Philipp Mukhometov,17
2000,844,Bruno Soares,18
2000,845,Joel McGregor,23
2000,845,W.P. Meyer,20
2000,845,Gregory Zavialoff,22
2000,848,Ezequiel Velez,21
2000,849,Alexey Gavrilov,25
2000,850,James Auckland,20
2000,850,Lukas Dlouhy,17
2000,850,Marcus Fluitt,24
2000,850,Jernej Karner,22
2000,850,Marton Ott,19
2000,855,Sebastien Lami,23
2000,855,Timo Nieminen,19
2000,857,Ezequiel Nastari,19
2000,857,Israel Vior-Diaz,21
2000,859,Toshihide Matsui,22
2000,859,Daniel Schalen,20
2000,859,Evgueni Smirnov,18
2000,862,Luis Uribe,24
2000,863,Domenic Marafiote,19
2000,864,Anton Kokurin,20
2000,865,Krzysztof Kwinta,20
2000,865,Regis Lavergne,26
2000,865,Arnaud Magnin,27
2000,865,Ryan Russell,17
2000,869,Jan-Ralph Brandt,22
2000,869,Dmitri Sitak,17
2000,871,Andrey Dernovskiy,18
2000,872,Walter Orth,19
2000,873,Enzo Artoni,24
2000,874,Justin Megraw,21
2000,875,Predrag Rusevski,17
2000,875,Rishi Sridhar,21
2000,877,Tomas Zivnicek,21
2000,878,Alejandro Asta,20
2000,878,Giuseppe Menga,24
2000,878,Eduardo Rincon,24
2000,881,Igor Fejzula,19
2000,882,Frantisek Babej,20
2000,882,Benedikt Dorsch,19
2000,884,Cristian Villagran,18
2000,885,Omar Camporese,32
2000,885,Amir Hadad,22
2000,887,Diego Bracco,23
2000,887,Marcin Matkowski,19
2000,889,Mahesh Bhupathi,26
2000,890,Seung-Bok Baek,26
2000,890,Iker Bilbao,21
2000,890,Valentino Pest,24
2000,890,Grant Silcock,25
2000,894,Jordane Doble,20
2000,895,Alexander Hartman,20
2000,895,Toby Mitchell,24
2000,895,Matej Pampoulov,22
2000,895,Vaclav Roubicek,33
2000,899,Simon Stadler,17
2000,900,Pablo Garcia-Gaitan,22
2000,900,Michal Gawlowski,25
2000,900,Diego Lozano,27
2000,900,Mohamed Mamoun,19
2000,900,Ciaran Moore,20
2000,900,Gerardo Morales,25
2000,906,Rob Cheyne,24
2000,906,Paolo Lorenzi,19
2000,908,Gabriel Frias,18
2000,909,Konstantin Don Gruber,21
2000,910,Markus Kanellos,19
2000,910,Vijay Kannan,20
2000,912,Pieter Calitz,25
2000,912,Alessandro Tombolini,24
2000,914,Febi Widhiyanto,20
2000,915,Phillip Harboe,18
2000,915,Akira Matsushita,30
2000,917,Mustafa Ghouse,20
2000,918,George Cosac,32
2000,918,Ouassel Hared,27
2000,918,David Sherwood,20
2000,918,Jimmy Wang,15
2000,922,Paul Harsanyi,25
2000,922,Stephen Huss,25
2000,922,Giovanni Lapentti,17
2000,922,Radoslav Lukaev,18
2000,922,Joji Miyao,19
2000,922,Melvin Tong,25
2000,928,Ivan Caballero,19
2000,928,Jordi Marse-Vidri,20
2000,928,Lars Uebel,20
2000,931,Dave Abelson,25
2000,931,Boris Bachert,19
2000,931,Marc-Olivier Baron,22
2000,931,Marcos Digliodo,18
2000,931,Barry Fulcher,20
2000,931,Gregory Girault,27
2000,931,Javier Gutierrez,26
2000,931,Thomas Higgins,19
2000,931,Gabriel Ledru,25
2000,931,Kunj Majmudar,23
2000,931,Marco Monnecchi,25
2000,931,Matthias A Muller,26
2000,931,Andrew Nisker,22
2000,931,Peter Richman,18
2000,945,Eduardo Bohrer,20
2000,945,Mattia Livraghi,19
2000,945,Ryuso Tsujino,31
2000,948,Jiri Vencl,19
2000,949,Alex Bogomolov Jr.,17
2000,949,Or Dekel,20
2000,949,Dong-Hyun Kim,22
2000,949,Vinod Sridhar,21
2000,953,Carlos Berlocq,17
2000,953,Nitten Kirrtane,26
2000,955,Josef Nesticky,20
2000,955,Lars Zimmermann,22
2000,957,Jeremy Berman,23
2000,957,Diego Camacho,17
2000,957,Luke Jensen,34
2000,957,Sultan Khalfan,23
2000,957,Sunil Kumar,17
2000,957,Peter-Jon Nomdo,18
2000,957,Christian Persico,25
2000,957,Dennis Peschek,16
2000,957,Christophe Pognon,23
2000,957,Javier Sanchez,32
2000,957,Tiago Sousa,22
2000,957,Torsten Wolpers,21
2000,969,Daniel Casquero,21
2000,969,Sylvain Charrier,25
2000,969,Diego Del Rio,28
2000,969,Nicolas Guillaume,26
2000,969,Dario Perez,20
2000,969,Thomas Strengberger,25
2000,969,Renaud Thys,18
2000,969,Ignacio Vila,20
2000,977,Riccardo Capannelli,19
2000,977,Francesc Lleal,19
2000,977,Punch Maleka,21
2000,977,Juan Antonio Saiz,23
2000,977,Sergei Samoseiko,19
2000,977,Gwinyai Tongoona,27
2000,983,Ivo Bratanov,22
2000,983,Ruben de Kleijn,23
2000,983,Will Farah,23
2000,983,Tamas Gyorgy,29
2000,983,Anthony La Porte,23
2000,983,Aleksander Mierzwinski,25
2000,983,James Shortall,21
2000,983,Ulrich Tippenhauer,21
2000,991,Gianluca Bolognino,26
2000,991,Luiz Carvalho,19
2000,991,Dominique Coene,18
2000,991,Jaime Fillol,24
2000,991,Ben Mathias,20
2000,991,Jan Minar,19
2000,991,Sasha Rampazzo,25
2000,991,Fabian Roetschi,20
2000,991,Mitsuru Takada,31
2000,1000,Iain Bates,21
2000,1000,Bart Beks,27
2000,1000,Keith Brill,22
2000,1000,Christophe Deveaux,18
2000,1000,Catalin-Ionut Gard,19
2000,1000,Julien Jeanpierre,20
2000,1000,Ekkarin Pisuth-Arnonth,24
2000,1000,Martin Slanar,19
2000,1000,Kiantki Thomas,25
