player name,age,YTD,singles,doubles
Carlos Alcaraz,22,21354778.0,21354778.0,0.0
Jannik Sinner,24,19120641.0,19114396.0,6245.0
Jannik Sinner,23,16946149.0,16914035.0,32114.0
Novak Djokovic,28,16760145.0,16706125.0,54020.0
Andy Murray,29,16349701.0,16327821.0,21880.0
Rafael Nadal,33,16349586.0,16349586.0,0.0
Novak Djokovic,31,15967184.0,15934672.0,32512.0
Novak Djokovic,36,15952044.0,15936097.0,15947.0
Rafael Nadal,31,15864000.0,15851340.0,12660.0
Carlos Alcaraz,20,15196504.0,15196504.0,0.0
Novak Djokovic,29,14138824.0,14130464.0,8360.0
Novak Djokovic,32,13372355.0,13277228.0,95127.0
Roger Federer,36,13054856.0,13054856.0,0.0
Daniil Medvedev,27,11548023.0,11548023.0,0.0
Jannik Sinner,22,10456264.0,10405251.0,51013.0
Novak Djokovic,35,9934582.0,9934582.0,0.0
Carlos Alcaraz,21,9850338.0,9850338.0,0.0
Alexander Zverev,27,8995103.0,8839406.0,155697.0
Roger Federer,38,8716975.0,8716975.0,0.0
Alexander Zverev,21,8706298.0,8566914.0,139384.0
Rafael Nadal,32,8663347.0,8663347.0,0.0
Roger Federer,37,8629233.0,8629233.0,0.0
Dominic Thiem,26,8000223.0,7836322.0,163901.0
Daniil Medvedev,23,7902912.0,7833320.0,69592.0
Carlos Alcaraz,19,7655130.0,7627613.0,27517.0
Stefanos Tsitsipas,21,7488927.0,7272204.0,216723.0
Alexander Zverev,28,7468230.0,7384324.0,83906.0
Rafael Nadal,36,7442076.0,7440806.0,1270.0
Taylor Fritz,27,7006195.0,6915586.0,90609.0
Casper Ruud,24,6942316.0,6930042.0,12274.0
Stan Wawrinka,31,6856954.0,6849059.0,7895.0
Alex de Minaur,26,6666087.0,6616603.0,49484.0
Roger Federer,34,6634017.0,6624892.0,9125.0
Grigor Dimitrov,26,6608510.0,6575244.0,33266.0
Andrey Rublev,26,6571890.0,6203527.0,368363.0
Juan Martin del Potro,30,6486251.0,6445766.0,40485.0
Andy Murray,28,6486230.0,6456153.0,30077.0
Lorenzo Musetti,23,6345640.0,6176026.0,169614.0
Taylor Fritz,28,5938539.0,5919347.0,19192.0
Felix Auger-Aliassime,25,5820031.0,5786377.0,33654.0
Ben Shelton,23,5672734.0,5528128.0,144606.0
Stefanos Tsitsipas,24,5648416.0,5479442.0,168974.0
Alexander Zverev,26,5643764.0,5539326.0,104438.0
Daniil Medvedev,28,5615756.0,5573010.0,42746.0
Milos Raonic,25,5588492.0,5562684.0,25808.0
Kevin Anderson,32,5491352.0,5457699.0,33653.0
Stefanos Tsitsipas,25,5489110.0,5336859.0,152251.0
Stan Wawrinka,30,5336877.0,5299265.0,37612.0
Marin Cilic,30,5187148.0,5187148.0,0.0
Novak Djokovic,38,5140175.0,5127245.0,12930.0
Alexander Zverev,20,5108998.0,5006313.0,102685.0
Casper Ruud,26,5065307.0,5010351.0,54956.0
Holger Rune,20,4946875.0,4924364.0,22511.0
Kei Nishikori,26,4806748.0,4804963.0,1785.0
Hubert Hurkacz,26,4803644.0,4705395.0,98249.0
Dominic Thiem,25,4624646.0,4556745.0,67901.0
Taylor Fritz,25,4570481.0,4489807.0,80674.0
Novak Djokovic,37,4421915.0,4421915.0,0.0
Dominic Thiem,24,4345626.0,4283907.0,61719.0
John Isner,33,4320641.0,4046875.0,273766.0
Alexander Zverev,22,4280635.0,4143723.0,136912.0
Andrey Rublev,25,4229954.0,4106247.0,123707.0
Felix Auger-Aliassime,22,4186042.0,4107342.0,78700.0
Daniil Medvedev,26,4178524.0,4146312.0,32212.0
Andrey Rublev,27,4130816.0,4067753.0,63063.0
Alex de Minaur,25,4080046.0,4041718.0,38328.0
Marin Cilic,29,4063738.0,4004923.0,58815.0
Kei Nishikori,29,4049255.0,4044388.0,4867.0
Taylor Fritz,26,4019217.0,3923569.0,95648.0
Casper Ruud,27,3971374.0,3947549.0,23825.0
David Goffin,27,3904676.0,3890613.0,14063.0
Andrey Rublev,28,3610136.0,3485060.0,125076.0
Stefanos Tsitsipas,26,3528424.0,3392603.0,135821.0
Daniil Medvedev,29,3512178.0,3505933.0,6245.0
Karen Khachanov,22,3496854.0,3336360.0,160494.0
Nick Kyrgios,27,3490464.0,2916349.0,574115.0
Marin Cilic,28,3475205.0,3405427.0,69778.0
Casper Ruud,25,3473277.0,3447195.0,26082.0
Jack Draper,24,3446994.0,3421704.0,25290.0
Matteo Berrettini,23,3439783.0,3363218.0,76565.0
Hubert Hurkacz,25,3419164.0,3011575.0,407589.0
Jack Sock,25,3406573.0,3149419.0,257154.0
Alejandro Davidovich Fokina,26,3404529.0,3363815.0,40714.0
Alex de Minaur,24,3382465.0,3291391.0,91074.0
Gael Monfils,30,3372418.0,3372418.0,0.0
Holger Rune,22,3340029.0,3333784.0,6245.0
Karen Khachanov,29,3307201.0,3170381.0,136820.0
Rafael Nadal,29,3275888.0,3188513.0,87375.0
Grigor Dimitrov,33,3186056.0,3169105.0,16951.0
Grigor Dimitrov,32,3176526.0,3137978.0,38548.0
Dominic Thiem,23,3152363.0,3047118.0,105245.0
Tomas Berdych,30,3128082.0,3090921.0,37161.0
Jakub Mensik,20,3126711.0,3052560.0,74151.0
Stan Wawrinka,32,3100512.0,3083829.0,16683.0
Alexander Bublik,28,3084445.0,3031579.0,52866.0
David Ferrer,33,3065755.0,3043627.0,22128.0
Borna Coric,22,3026481.0,3015356.0,11125.0
Pablo Carreno Busta,26,3009359.0,2843305.0,166054.0
Karen Khachanov,27,2985349.0,2668214.0,317135.0
Frances Tiafoe,25,2956630.0,2880094.0,76536.0
Tommy Paul,27,2940923.0,2912091.0,28832.0
Tommy Paul,26,2931013.0,2866093.0,64920.0
Cameron Norrie,27,2928356.0,2846575.0,81781.0
Gael Monfils,33,2916587.0,2901347.0,15240.0
Roberto Bautista Agut,31,2911522.0,2911522.0,0.0
Fabio Fognini,32,2895013.0,2796971.0,98042.0
Jordan Thompson,30,2893246.0,1683840.0,1209406.0
Pablo Carreno Busta,31,2885865.0,2842960.0,42905.0
Kevin Anderson,31,2857945.0,2842345.0,15600.0
Jannik Sinner,21,2855466.0,2818491.0,36975.0
Rafael Nadal,30,2836500.0,2714278.0,122222.0
Ugo Humbert,26,2817088.0,2767446.0,49642.0
David Goffin,29,2764933.0,2694717.0,70216.0
Jack Draper,23,2745025.0,2707707.0,37318.0
Hubert Hurkacz,27,2729808.0,2701708.0,28100.0
Frances Tiafoe,26,2729135.0,2699718.0,29417.0
Flavio Cobolli,23,2718529.0,2623372.0,95157.0
Lorenzo Musetti,22,2715979.0,2646694.0,69285.0
Kei Nishikori,25,2712055.0,2702325.0,9730.0
Holger Rune,21,2707145.0,2673232.0,33913.0
Jiri Lehecka,24,2684487.0,2596590.0,87897.0
Francisco Cerundolo,27,2683442.0,2580508.0,102934.0
Alexander Zverev,25,2678178.0,2585002.0,93176.0
Tomas Berdych,31,2612055.0,2583756.0,28299.0
Denis Shapovalov,23,2595551.0,2409460.0,186091.0
Stefanos Tsitsipas,20,2585667.0,2519614.0,66053.0
Juan Martin del Potro,29,2580301.0,2547354.0,32947.0
Karen Khachanov,28,2519587.0,2413465.0,106122.0
Ben Shelton,21,2513275.0,2323394.0,189881.0
Diego Schwartzman,27,2468031.0,2154554.0,313477.0
Ben Shelton,22,2403182.0,2222233.0,180949.0
Sam Querrey,30,2402827.0,2232149.0,170678.0
Holger Rune,19,2384089.0,2335215.0,48874.0
Arthur Rinderknech,30,2363389.0,2312833.0,50556.0
Tommy Paul,28,2351622.0,2334222.0,17400.0
Tomas Machac,25,2347618.0,2161964.0,185654.0
Alexei Popyrin,25,2336806.0,2301802.0,35004.0
David Goffin,26,2321606.0,2302109.0,19497.0
Learner Tien,20,2309803.0,2245561.0,64242.0
Francisco Cerundolo,25,2292728.0,2216286.0,76442.0
Karen Khachanov,23,2285081.0,2097841.0,187240.0
Jo-Wilfried Tsonga,31,2265379.0,2217645.0,47734.0
Arthur Fils,20,2259048.0,2174206.0,84842.0
Stefanos Tsitsipas,27,2208778.0,2174910.0,33868.0
Denis Shapovalov,20,2207015.0,2010869.0,196146.0
Kyle Edmund,23,2199984.0,2142514.0,57470.0
Lorenzo Musetti,21,2199588.0,2146772.0,52816.0
Matteo Berrettini,26,2193774.0,2183648.0,10126.0
Alejandro Davidovich Fokina,24,2191519.0,2152466.0,39053.0
Sebastian Korda,24,2185286.0,1902107.0,283179.0
Cameron Norrie,28,2181535.0,2089231.0,92304.0
Kei Nishikori,30,2173244.0,2144457.0,28787.0
Richard Gasquet,29,2146835.0,2136995.0,9840.0
Stan Wawrinka,34,2128925.0,2089648.0,39277.0
Grigor Dimitrov,28,2117523.0,2092433.0,25090.0
Novak Djokovic,30,2116524.0,2083741.0,32783.0
Frances Tiafoe,27,2114536.0,2069592.0,44944.0
Brandon Nakashima,24,2112032.0,2040627.0,71405.0
Frances Tiafoe,24,2106104.0,2032406.0,73698.0
Andy Murray,30,2092625.0,2071625.0,21000.0
Fabio Fognini,31,2088249.0,1926978.0,161271.0
Nikoloz Basilashvili,26,2070214.0,2023705.0,46509.0
Marin Cilic,27,2063576.0,2033973.0,29603.0
Alex de Minaur,23,2057316.0,1990039.0,67277.0
Jack Sock,26,2052053.0,738747.0,1313306.0
Diego Schwartzman,26,2051157.0,1891302.0,159855.0
Denis Shapovalov,26,2043079.0,2018950.0,24129.0
Lucas Pouille,23,2041133.0,1953511.0,87622.0
Tomas Machac,24,2018074.0,1800531.0,217543.0
Cameron Norrie,30,2015212.0,1972588.0,42624.0
Diego Schwartzman,30,2004231.0,1863280.0,140951.0
Nicolas Mahut,34,1991798.0,869846.0,1121952.0
Karen Khachanov,26,1985393.0,1889330.0,96063.0
Alex de Minaur,20,1979782.0,1895709.0,84073.0
Marin Cilic,34,1971088.0,1955408.0,15680.0
Adrian Mannarino,35,1967649.0,1886777.0,80872.0
Jo-Wilfried Tsonga,30,1963690.0,1936220.0,27470.0
Nicolas Jarry,28,1959815.0,1925489.0,34326.0
Valentin Vacherot,27,1953312.0,1945447.0,7865.0
Roberto Bautista Agut,28,1947666.0,1905873.0,41793.0
Jaume Munar,28,1935134.0,1795515.0,139619.0
Nick Kyrgios,22,1925500.0,1787646.0,137854.0
Tallon Griekspoor,29,1904549.0,1790038.0,114511.0
Kevin Anderson,29,1874052.0,1790131.0,83921.0
Lorenzo Sonego,30,1863836.0,1661931.0,201905.0
Jo-Wilfried Tsonga,32,1857015.0,1843647.0,13368.0
Alexei Popyrin,26,1839584.0,1707310.0,132274.0
John Isner,32,1836954.0,1707550.0,129404.0
Francisco Cerundolo,26,1818980.0,1686753.0,132227.0
Grigor Dimitrov,27,1818849.0,1781443.0,37406.0
Pablo Carreno Busta,27,1817782.0,1661863.0,155919.0
Nicolas Jarry,29,1806343.0,1721544.0,84799.0
Roberto Bautista Agut,34,1804064.0,1787924.0,16140.0
Tomas Berdych,32,1803545.0,1782871.0,20674.0
Nick Kyrgios,21,1802892.0,1757289.0,45603.0
Roberto Bautista Agut,29,1794937.0,1753055.0,41882.0
Daniel Evans,32,1790187.0,1612801.0,177386.0
Milos Raonic,28,1784657.0,1783442.0,1215.0
John Isner,34,1781798.0,1709328.0,72470.0
Albert Ramos-Vinolas,29,1781770.0,1643204.0,138566.0
Felix Auger-Aliassime,24,1780879.0,1753111.0,27768.0
Fabio Fognini,28,1779408.0,1200275.0,579133.0
John Isner,30,1776682.0,1699342.0,77340.0
Lucas Pouille,22,1771577.0,1673930.0,97647.0
Joao Fonseca,19,1769740.0,1757191.0,12549.0
Alejandro Tabilo,27,1768245.0,1648299.0,119946.0
Max Purcell,26,1763725.0,773141.0,990584.0
Tallon Griekspoor,28,1763220.0,1570029.0,193191.0
Sebastian Baez,24,1760418.0,1683092.0,77326.0
Gabriel Diallo,24,1755135.0,1694023.0,61112.0
Grigor Dimitrov,34,1753525.0,1735659.0,17866.0
Luciano Darderi,23,1749423.0,1625078.0,124345.0
Jack Sock,24,1743433.0,1220799.0,522634.0
Jan-Lennard Struff,33,1739214.0,1701464.0,37750.0
David Goffin,28,1737921.0,1720860.0,17061.0
Felix Auger-Aliassime,23,1734514.0,1637948.0,96566.0
Feliciano Lopez,36,1731751.0,1303087.0,428664.0
Sebastian Korda,23,1727356.0,1686722.0,40634.0
Roberto Bautista Agut,30,1725352.0,1717622.0,7730.0
Guido Pella,29,1724447.0,1471932.0,252515.0
Alexander Bublik,27,1714205.0,1527508.0,186697.0
Feliciano Lopez,35,1706435.0,1068604.0,637831.0
Ugo Humbert,25,1698273.0,1678103.0,20170.0
Nuno Borges,28,1694475.0,1530329.0,164146.0
Jiri Lehecka,22,1690526.0,1603119.0,87407.0
Alex Michelsen,21,1685043.0,1464284.0,220759.0
Pierre-Hugues Herbert,28,1684171.0,868371.0,815800.0
Zhizhen Zhang,28,1669281.0,1448941.0,220340.0
John Isner,37,1668178.0,1076536.0,591642.0
Daniil Medvedev,22,1665414.0,1645300.0,20114.0
Brandon Nakashima,21,1662689.0,1646923.0,15766.0
Alejandro Davidovich Fokina,23,1662555.0,1531719.0,130836.0
Lorenzo Musetti,20,1661181.0,1620201.0,40980.0
Nikoloz Basilashvili,27,1656857.0,1571101.0,85756.0
Mackenzie McDonald,28,1656389.0,1468275.0,188114.0
Fernando Verdasco,35,1654378.0,1473493.0,180885.0
Alexander Bublik,26,1653590.0,1570556.0,83034.0
Grigor Dimitrov,25,1650268.0,1617502.0,32766.0
Ugo Humbert,27,1647011.0,1635293.0,11718.0
Tallon Griekspoor,27,1636208.0,1500660.0,135548.0
Lucas Pouille,25,1634275.0,1573714.0,60561.0
Jan-Lennard Struff,29,1633401.0,1416549.0,216852.0
Matteo Arnaldi,23,1620156.0,1599342.0,20814.0
Diego Schwartzman,25,1617789.0,1523297.0,94492.0
Flavio Cobolli,22,1616189.0,1544117.0,72072.0
Daniel Evans,33,1609462.0,1519445.0,90017.0
John Isner,31,1603763.0,1392559.0,211204.0
Borna Coric,26,1603586.0,1603586.0,0.0
Hyeon Chung,22,1588383.0,1550978.0,37405.0
Tomas Martin Etcheverry,25,1584681.0,1452743.0,131938.0
Borna Coric,27,1574516.0,1569364.0,5152.0
Andrey Rublev,22,1573436.0,1408761.0,164675.0
Dusan Lajovic,29,1573032.0,1439206.0,133826.0
Pierre-Hugues Herbert,27,1563924.0,848674.0,715250.0
Miomir Kecmanovic,23,1560836.0,1492670.0,68166.0
Jiri Lehecka,23,1554981.0,1527318.0,27663.0
Corentin Moutet,26,1549136.0,1531711.0,17425.0
Pablo Cuevas,31,1546063.0,1124361.0,421702.0
Tomas Martin Etcheverry,24,1544942.0,1438980.0,105962.0
Feliciano Lopez,34,1542755.0,1350027.0,192728.0
Grigor Dimitrov,31,1540569.0,1488481.0,52088.0
Tommy Paul,25,1539608.0,1408362.0,131246.0
Alexandre Muller,28,1539373.0,1421571.0,117802.0
Benoit Paire,30,1539066.0,1413171.0,125895.0
Borna Coric,23,1532057.0,1519236.0,12821.0
Pablo Cuevas,30,1531975.0,1270475.0,261500.0
Roger Federer,35,1527269.0,1527269.0,0.0
Arthur Fils,21,1509191.0,1464031.0,45160.0
Felix Auger-Aliassime,19,1507622.0,1476501.0,31121.0
Marco Cecchinato,26,1505180.0,1439736.0,65444.0
Denis Shapovalov,19,1500033.0,1461155.0,38878.0
Aslan Karatsev,30,1496201.0,1463565.0,32636.0
Milos Raonic,25,1493503.0,1482983.0,10520.0
Kei Nishikori,27,1491755.0,1485482.0,6273.0
Daniel Altmaier,27,1483733.0,1481497.0,2236.0
Mischa Zverev,30,1479705.0,1276820.0,202885.0
Gilles Simon,31,1475856.0,1437081.0,38775.0
Botic van de Zandschulp,27,1474274.0,1378752.0,95522.0
Tomas Martin Etcheverry,26,1460283.0,1352402.0,107881.0
Sebastian Baez,25,1456361.0,1389186.0,67175.0
Christopher Eubanks,27,1455211.0,1384763.0,70448.0
Pierre-Hugues Herbert,25,1453304.0,405112.0,1048192.0
Nuno Borges,27,1453053.0,1375761.0,77292.0
Fabian Marozsan,26,1445209.0,1396753.0,48456.0
Giovanni Mpetshi Perricard,21,1443482.0,1397441.0,46041.0
Zizou Bergs,26,1435594.0,1382401.0,53193.0
Fabio Fognini,30,1429055.0,1304964.0,124091.0
Brandon Nakashima,23,1419129.0,1391107.0,28022.0
Adrian Mannarino,36,1415012.0,1308732.0,106280.0
Jack Sock,23,1413560.0,902175.0,511385.0
Cristian Garin,26,1413284.0,1408343.0,4941.0
Milos Raonic,26,1409446.0,1405103.0,4343.0
Jan-Lennard Struff,34,1408984.0,1309920.0,99064.0
Fernando Verdasco,34,1399586.0,1221155.0,178431.0
Pablo Carreno Busta,28,1398997.0,1301797.0,97200.0
Jeremy Chardy,32,1395185.0,971178.0,424007.0
Nick Kyrgios,24,1384572.0,1312870.0,71702.0
Miomir Kecmanovic,26,1382732.0,1323725.0,59007.0
Richard Gasquet,32,1381694.0,1366584.0,15110.0
Sebastian Korda,25,1376445.0,1182353.0,194092.0
Frances Tiafoe,21,1375737.0,1366632.0,9105.0
David Ferrer,34,1374484.0,1356929.0,17555.0
Alexander Zverev,19,1371329.0,1324084.0,47245.0
Pablo Carreno Busta,25,1362033.0,990823.0,371210.0
Marin Cilic,31,1359590.0,1344292.0,15298.0
Nicolas Mahut,35,1355714.0,608164.0,747550.0
Alexei Popyrin,24,1355482.0,1300830.0,54652.0
Nicolas Mahut,37,1355053.0,279008.0,1076045.0
Miomir Kecmanovic,25,1354634.0,1306225.0,48409.0
Sebastian Baez,22,1346450.0,1252472.0,93978.0
Marcos Giron,32,1346209.0,1286363.0,59846.0
Gilles Muller,34,1341306.0,1227494.0,113812.0
Lucas Pouille,24,1339275.0,1260218.0,79057.0
Vasek Pospisil,25,1337584.0,856814.0,480770.0
Ryan Harrison,25,1336784.0,780131.0,556653.0
Andrey Rublev,20,1336027.0,1296168.0,39859.0
Adrian Mannarino,29,1333177.0,1279672.0,53505.0
Alex Michelsen,20,1331687.0,1192328.0,139359.0
Richard Gasquet,30,1325659.0,1302037.0,23622.0
Fabian Marozsan,25,1321800.0,1270317.0,51483.0
Lorenzo Sonego,28,1313408.0,1270396.0,43012.0
Laslo Djere,28,1313279.0,1286152.0,27127.0
Pedro Martinez,28,1305228.0,1110036.0,195192.0
Gael Monfils,38,1305034.0,1305034.0,0.0
Jordan Thompson,31,1299785.0,1028560.0,271225.0
Fernando Verdasco,36,1293590.0,1205500.0,88090.0
Botic van de Zandschulp,28,1292756.0,1093151.0,199605.0
Milos Raonic,29,1291082.0,1277207.0,13875.0
Philipp Kohlschreiber,35,1287751.0,1226421.0,61330.0
Feliciano Lopez,38,1283705.0,1054528.0,229177.0
Roberto Bautista Agut,27,1275439.0,1249406.0,26033.0
Taylor Fritz,22,1275240.0,1170678.0,104562.0
Ivo Karlovic,37,1272678.0,1267349.0,5329.0
Cameron Norrie,29,1271422.0,1263998.0,7424.0
Giovanni Mpetshi Perricard,22,1271143.0,1183294.0,87849.0
Yoshihito Nishioka,28,1269979.0,1224203.0,45776.0
Gael Monfils,32,1269851.0,1245866.0,23985.0
David Goffin,32,1269844.0,1268574.0,1270.0
Jan-Lennard Struff,28,1267772.0,918302.0,349470.0
Karen Khachanov,21,1258619.0,1157784.0,100835.0
Gilles Simon,31,1258309.0,1209501.0,48808.0
Alex de Minaur,19,1252959.0,1229030.0,23929.0
Alexander Bublik,25,1252206.0,1134816.0,117390.0
Damir Dzumhur,26,1243088.0,1108420.0,134668.0
Arthur Fils,19,1241204.0,1203404.0,37800.0
Albert Ramos-Vinolas,28,1239704.0,1180393.0,59311.0
Alejandro Davidovich Fokina,25,1239151.0,1217056.0,22095.0
Marcel Granollers,30,1238119.0,867769.0,370350.0
Matteo Arnaldi,24,1233978.0,1198472.0,35506.0
Viktor Troicki,30,1233410.0,1092008.0,141402.0
Joao Sousa,29,1233370.0,1033433.0,199937.0
Lorenzo Sonego,29,1228897.0,1169347.0,59550.0
Hubert Hurkacz,22,1228731.0,1169651.0,59080.0
Stan Wawrinka,38,1227892.0,1185643.0,42249.0
Joao Sousa,30,1223400.0,951347.0,272053.0
Matteo Berrettini,29,1222092.0,1178756.0,43336.0
Laslo Djere,24,1221097.0,1186499.0,34598.0
Jan-Lennard Struff,35,1220713.0,1179841.0,40872.0
Daniel Altmaier,25,1215139.0,1192030.0,23109.0
Reilly Opelka,28,1212298.0,1206053.0,6245.0
Philipp Kohlschreiber,34,1210571.0,1171269.0,39302.0
Lorenzo Sonego,27,1210391.0,1087388.0,123003.0
Roman Safiullin,26,1206740.0,1183000.0,23740.0
Quentin Halys,29,1204883.0,1101440.0,103443.0
Simone Bolelli,30,1203488.0,634088.0,569400.0
Fabio Fognini,35,1199767.0,875606.0,324161.0
Adrian Mannarino,30,1195942.0,1115101.0,80841.0
Gilles Simon,35,1195470.0,1151769.0,43701.0
Robin Haase,31,1195354.0,942335.0,253019.0
Camilo Ugo Carabelli,26,1193740.0,1107687.0,86053.0
Feliciano Lopez,37,1190793.0,824652.0,366141.0
Pierre-Hugues Herbert,26,1190783.0,548422.0,642361.0
Bernard Tomic,23,1188195.0,1158571.0,29624.0
Sam Querrey,31,1186361.0,1028867.0,157494.0
Benjamin Bonzi,29,1181578.0,1094928.0,86650.0
Emil Ruusuvuori,24,1180531.0,1141161.0,39370.0
Francisco Cerundolo,24,1179166.0,1113269.0,65897.0
Viktor Troicki,29,1179128.0,1079166.0,99962.0
Bernard Tomic,24,1174235.0,1085126.0,89109.0
Andrey Rublev,21,1170921.0,1029862.0,141059.0
Cristian Garin,23,1170459.0,1101786.0,68673.0
Denis Shapovalov,25,1168029.0,1138879.0,29150.0
Robin Haase,30,1166634.0,1036252.0,130382.0
Gilles Simon,34,1159829.0,1141864.0,17965.0
Andrea Vavassori,29,1159343.0,199530.0,959813.0
Marcos Giron,31,1157536.0,1111370.0,46166.0
Adrian Mannarino,37,1157288.0,1131766.0,25522.0
Nikoloz Basilashvili,30,1155830.0,1061681.0,94149.0
David Goffin,25,1153706.0,1116561.0,37145.0
Hubert Hurkacz,28,1153504.0,1148175.0,5329.0
Jenson Brooksby,25,1153180.0,1123768.0,29412.0
Paolo Lorenzi,36,1152042.0,979470.0,172572.0
Maxime Cressy,25,1146312.0,1080806.0,65506.0
Radu Albot,30,1145773.0,996200.0,149573.0
Jeremy Chardy,28,1143921.0,991908.0,152013.0
Jakub Mensik,19,1136947.0,1136947.0,0.0
Roman Safiullin,27,1136261.0,1049432.0,86829.0
Roberto Bautista Agut,36,1135555.0,1131745.0,3810.0
Thanasi Kokkinakis,26,1134903.0,590958.0,543945.0
Gael Monfils,39,1132623.0,1127483.0,5140.0
Mackenzie McDonald,27,1131732.0,991866.0,139866.0
Steve Johnson,27,1131315.0,1015212.0,116103.0
Ivo Karlovic,36,1125290.0,1097622.0,27668.0
Jacob Fearnley,24,1125036.0,1083543.0,41493.0
Dominic Thiem,22,1123704.0,1052936.0,70768.0
J.J. Wolf,25,1119661.0,1085194.0,34467.0
Albert Ramos-Vinolas,34,1118452.0,957144.0,161308.0
Benoit Paire,28,1116763.0,1022828.0,93935.0
Luciano Darderi,22,1116217.0,1027095.0,89122.0
Reilly Opelka,22,1115817.0,1042624.0,73193.0
Sam Querrey,29,1113882.0,1008633.0,105249.0
Adrian Mannarino,31,1113516.0,1052411.0,61105.0
Andreas Seppi,31,1110625.0,1028401.0,82224.0
Martin Klizan,27,1110537.0,1051512.0,59025.0
Damir Dzumhur,33,1105311.0,1050929.0,54382.0
Sebastian Korda,22,1103155.0,1070744.0,32411.0
Miomir Kecmanovic,20,1102285.0,1046628.0,55657.0
Nick Kyrgios,23,1102012.0,1040332.0,61680.0
Aleksandar Vukic,29,1101895.0,1066368.0,35527.0
Rinky Hijikata,22,1101452.0,658607.0,442845.0
Filip Krajinovic,30,1097308.0,1069728.0,27580.0
Jason Kubler,30,1095448.0,745575.0,349873.0
Marton Fucsovics,26,1093641.0,1041076.0,52565.0
Zhizhen Zhang,27,1093371.0,1068482.0,24889.0
Steve Johnson,29,1089134.0,953195.0,135939.0
Rinky Hijikata,24,1085290.0,773367.0,311923.0
Joao Sousa,27,1084465.0,977038.0,107427.0
Juncheng Shang,19,1084459.0,1083923.0,536.0
Adrian Mannarino,34,1084449.0,980387.0,104062.0
Miomir Kecmanovic,24,1082154.0,1008471.0,73683.0
Leonardo Mayer,31,1081273.0,938351.0,142922.0
Francisco Comesana,25,1080132.0,1034833.0,45299.0
Sam Querrey,32,1079494.0,949123.0,130371.0
Frances Tiafoe,20,1079147.0,1026059.0,53088.0
Marcos Giron,30,1078115.0,1004691.0,73424.0
Mikhail Kukushkin,32,1076395.0,991890.0,84505.0
Mischa Zverev,31,1071005.0,888180.0,182825.0
Max Purcell,25,1070338.0,817031.0,253307.0
Gael Monfils,29,1069706.0,1033015.0,36691.0
Mariano Navone,23,1067355.0,1005889.0,61466.0
David Ferrer,35,1066211.0,1046695.0,19516.0
Pedro Martinez,27,1066017.0,960850.0,105167.0
Jenson Brooksby,22,1062932.0,1062932.0,0.0
Steve Johnson,26,1062535.0,928658.0,133877.0
Hyeon Chung,21,1062462.0,1040510.0,21952.0
Pedro Martinez,25,1060630.0,815619.0,245011.0
Jo-Wilfried Tsonga,34,1059095.0,1054107.0,4988.0
Benoit Paire,29,1056836.0,988183.0,68653.0
Roberto Carballes Baena,31,1052652.0,981230.0,71422.0
Guillermo Garcia-Lopez,32,1052342.0,949400.0,102942.0
Andreas Seppi,34,1052192.0,976776.0,75416.0
Marton Fucsovics,31,1047968.0,1025073.0,22895.0
Arthur Rinderknech,29,1046034.0,1002430.0,43604.0
Aslan Karatsev,29,1045477.0,938837.0,106640.0
Nicolas Mahut,33,1045008.0,444016.0,600992.0
Gael Monfils,31,1043358.0,1021555.0,21803.0
Damir Dzumhur,25,1038611.0,1012697.0,25914.0
Kamil Majchrzak,29,1035022.0,1028358.0,6664.0
Richard Gasquet,31,1030186.0,1020777.0,9409.0
Emil Ruusuvuori,23,1029911.0,995458.0,34453.0
Matteo Berrettini,27,1028055.0,1023735.0,4320.0
Mattia Bellucci,24,1027936.0,960121.0,67815.0
Mariano Navone,24,1024278.0,980327.0,43951.0
Pablo Cuevas,29,1023296.0,780570.0,242726.0
Nick Kyrgios,20,1022947.0,961017.0,61930.0
John Millman,29,1021405.0,971320.0,50085.0
Jeremy Chardy,31,1019815.0,952070.0,67745.0
Alexander Shevchenko,25,1019367.0,999897.0,19470.0
Roberto Bautista Agut,37,1019026.0,1019026.0,0.0
Diego Schwartzman,31,1018896.0,984538.0,34358.0
Roberto Bautista Agut,35,1012595.0,1003925.0,8670.0
Alexander Shevchenko,24,1009443.0,963622.0,45821.0
Steve Johnson,28,1005440.0,933228.0,72212.0
Albert Ramos-Vinolas,30,1003239.0,928421.0,74818.0
Grigor Dimitrov,24,1001679.0,968788.0,32891.0
Alejandro Tabilo,28,1000548.0,945627.0,54921.0
Borna Coric,21,999819.0,994482.0,5337.0
Malek Jaziri,34,998535.0,887186.0,111349.0
Andy Murray,36,997741.0,989396.0,8345.0
Nicolas Mahut,36,996063.0,239462.0,756601.0
Kyle Edmund,24,995608.0,923876.0,71732.0
John Millman,30,995238.0,958074.0,37164.0
Adam Walton,26,990688.0,922589.0,68099.0
Viktor Troicki,31,989184.0,886201.0,102983.0
Botic van de Zandschulp,29,984484.0,905495.0,78989.0
Marcos Baghdatis,31,981918.0,948524.0,33394.0
Yoshihito Nishioka,27,981373.0,946014.0,35359.0
David Goffin,34,978344.0,973915.0,4429.0
Alexandre Muller,27,977989.0,912510.0,65479.0
Philipp Kohlschreiber,33,970369.0,915345.0,55024.0
Dusan Lajovic,28,969301.0,921383.0,47918.0
Pablo Cuevas,33,966759.0,863321.0,103438.0
Kyle Edmund,22,965395.0,952699.0,12696.0
Bernabe Zapata Miralles,26,963709.0,897206.0,66503.0
Yunchaokete Bu,23,963391.0,891149.0,72242.0
Matthew Ebden,31,961714.0,871765.0,89949.0
Jaume Munar,27,961009.0,904013.0,56996.0
Nicolas Jarry,23,957751.0,799214.0,158537.0
Yannick Hanfmann,32,955941.0,943931.0,12010.0
Matteo Arnaldi,22,955735.0,936895.0,18840.0
Marton Fucsovics,27,952830.0,879451.0,73379.0
Thiago Seyboth Wild,24,949358.0,875066.0,74292.0
Sebastian Ofner,28,948435.0,878443.0,69992.0
Cameron Norrie,24,942623.0,868847.0,73776.0
Ethan Quinn,21,942022.0,899486.0,42536.0
Alexandr Dolgopolov,29,940757.0,934290.0,6467.0
Albert Ramos-Vinolas,31,940266.0,895042.0,45224.0
Pavel Kotov,26,938244.0,897558.0,40686.0
Dusan Lajovic,33,937751.0,924020.0,13731.0
Roberto Carballes Baena,30,937348.0,862959.0,74389.0
Andy Murray,35,933978.0,933978.0,0.0
Aleksandar Vukic,28,931455.0,890517.0,40938.0
Marco Cecchinato,27,930645.0,844166.0,86479.0
Christopher O'Connell,30,928942.0,913238.0,15704.0
Botic van de Zandschulp,30,928607.0,877775.0,50832.0
Rinky Hijikata,23,928505.0,806579.0,121926.0
Alex Molcan,25,928267.0,908924.0,19343.0
Juan Ignacio Londero,26,928189.0,883097.0,45092.0
Sebastian Baez,21,926683.0,888761.0,37922.0
Donald Young,28,926672.0,713155.0,213517.0
Ivan Dodig,30,924612.0,267033.0,657579.0
Marcos Giron,29,924238.0,861391.0,62847.0
Rajeev Ram,32,923408.0,390750.0,532658.0
Juan Martin del Potro,28,923279.0,902365.0,20914.0
Filip Krajinovic,27,922914.0,891166.0,31748.0
Benoit Paire,27,921993.0,844929.0,77064.0
Joao Sousa,26,919928.0,848973.0,70955.0
Jordan Thompson,29,919145.0,824861.0,94284.0
Matteo Berrettini,28,917656.0,917656.0,0.0
Aleksandar Kovacevic,27,916583.0,888532.0,28051.0
Nicolas Jarry,30,913759.0,895466.0,18293.0
Arthur Rinderknech,28,912760.0,826761.0,85999.0
Andrea Vavassori,30,908538.0,66850.0,841688.0
Denis Shapovalov,24,907877.0,845646.0,62231.0
Richard Gasquet,33,903012.0,894028.0,8984.0
Benoit Paire,26,902047.0,855640.0,46407.0
David Goffin,35,901165.0,860325.0,40840.0
Andrey Kuznetsov,25,900830.0,868236.0,32594.0
Jordan Thompson,25,900726.0,832033.0,68693.0
Dusan Lajovic,32,895547.0,854402.0,41145.0
Christopher O'Connell,29,892548.0,866807.0,25741.0
Gregoire Barrere,29,890903.0,851092.0,39811.0
Leonardo Mayer,32,889317.0,734918.0,154399.0
Luca Van Assche,19,888031.0,849446.0,38585.0
Daniel Evans,29,887543.0,820080.0,67463.0
Ivan Dodig,31,887474.0,334252.0,553222.0
Robin Haase,32,887237.0,520976.0,366261.0
Marcel Granollers,31,884432.0,339238.0,545194.0
Vasek Pospisil,26,883227.0,478228.0,404999.0
Jack Draper,21,883005.0,882161.0,844.0
Peter Gojowczyk,29,881945.0,848398.0,33547.0
Reilly Opelka,25,881496.0,874633.0,6863.0
Guido Pella,28,879596.0,799757.0,79839.0
Dusan Lajovic,34,879168.0,850185.0,28983.0
Marin Cilic,37,875928.0,875928.0,0.0
Horacio Zeballos,32,873266.0,707541.0,165725.0
Marcel Granollers,33,870663.0,371083.0,499580.0
Arthur Cazaux,22,870129.0,870129.0,0.0
Borna Coric,28,870059.0,870059.0,0.0
Taylor Fritz,21,870031.0,832246.0,37785.0
Arthur Rinderknech,27,869291.0,827542.0,41749.0
Tennys Sandgren,27,865275.0,808871.0,56404.0
Mikhail Kukushkin,31,864890.0,852741.0,12149.0
Guillermo Garcia-Lopez,33,862840.0,645052.0,217788.0
Juan Pablo Varillas,28,861823.0,817006.0,44817.0
Hamad Medjedovic,22,860346.0,845346.0,15000.0
Oscar Otte,29,859987.0,816158.0,43829.0
Thanasi Kokkinakis,28,858760.0,815852.0,42908.0
Jared Donaldson,21,854935.0,840088.0,14847.0
Pedro Cachin,28,854269.0,789113.0,65156.0
Ugo Humbert,24,853469.0,826460.0,27009.0
Hamad Medjedovic,20,850844.0,849495.0,1349.0
Ryan Harrison,26,850683.0,731632.0,119051.0
Casper Ruud,21,848872.0,800656.0,48216.0
Fernando Verdasco,33,846058.0,771606.0,74452.0
Jan-Lennard Struff,27,844842.0,781676.0,63166.0
Max Purcell,24,843079.0,243157.0,599922.0
Soonwoo Kwon,25,841992.0,781001.0,60991.0
Yoshihito Nishioka,29,841844.0,823181.0,18663.0
Marton Fucsovics,33,841447.0,841447.0,0.0
Stan Wawrinka,33,839408.0,834541.0,4867.0
Pablo Carreno Busta,34,838542.0,823119.0,15423.0
Dominik Koepfer,30,837755.0,714815.0,122940.0
Christopher O'Connell,31,837419.0,824301.0,13118.0
Dominic Stricker,21,836207.0,813644.0,22563.0
Daniel Altmaier,26,835558.0,813689.0,21869.0
Maxime Cressy,26,835080.0,664727.0,170353.0
Sebastian Ofner,27,834814.0,804727.0,30087.0
Arthur Cazaux,23,829085.0,798644.0,30441.0
Benjamin Bonzi,26,827289.0,768834.0,58455.0
Martin Klizan,26,826326.0,717473.0,108853.0
Maximilian Marterer,23,825510.0,789332.0,36178.0
Richard Gasquet,37,825205.0,816090.0,9115.0
Hugo Gaston,25,822955.0,818904.0,4051.0
Lukas Rosol,30,821431.0,709956.0,111475.0
Yannick Hanfmann,33,820856.0,704099.0,116757.0
Adrian Mannarino,27,820680.0,751237.0,69443.0
Fernando Verdasco,32,819607.0,745137.0,74470.0
Pablo Cuevas,32,818990.0,619800.0,199190.0
Gilles Muller,33,816735.0,752158.0,64577.0
Leonardo Mayer,28,814582.0,704175.0,110407.0
Richard Gasquet,36,814218.0,807643.0,6575.0
Federico Delbonis,32,812873.0,730622.0,82251.0
Christopher Eubanks,28,812340.0,732872.0,79468.0
Jaume Munar,25,812098.0,755098.0,57000.0
Lorenzo Sonego,24,810416.0,779098.0,31318.0
Yoshihito Nishioka,24,810305.0,789919.0,20386.0
Gilles Muller,32,809786.0,749895.0,59891.0
Ugo Humbert,21,807920.0,784272.0,23648.0
Andreas Seppi,35,807276.0,731463.0,75813.0
Luca Nardi,22,805795.0,805795.0,0.0
Jiri Lehecka,21,805667.0,793848.0,11819.0
Jesper de Jong,25,805620.0,782720.0,22900.0
Daniel Elahi Galan,27,803792.0,779165.0,24627.0
Valentin Royer,24,803022.0,792575.0,10447.0
Nicolas Almagro,31,802058.0,758290.0,43768.0
Nicolas Jarry,24,798800.0,654171.0,144629.0
Laslo Djere,27,796173.0,764798.0,31375.0
Filip Krajinovic,26,793806.0,736524.0,57282.0
Zizou Bergs,25,791539.0,773790.0,17749.0
Paolo Lorenzi,35,790934.0,704215.0,86719.0
Nishesh Basavareddy,20,787813.0,787523.0,290.0
Quentin Halys,27,786759.0,739132.0,47627.0
Philipp Kohlschreiber,36,782918.0,757046.0,25872.0
Fabio Fognini,29,782705.0,714581.0,68124.0
Terence Atmane,23,782407.0,781868.0,539.0
Jiri Vesely,24,782358.0,705189.0,77169.0
Ivan Dodig,32,782197.0,82067.0,700130.0
Matteo Berrettini,22,781675.0,709801.0,71874.0
Thomaz Bellucci,27,780532.0,731423.0,49109.0
Yoshihito Nishioka,30,778758.0,778758.0,0.0
Tallon Griekspoor,26,777905.0,719705.0,58200.0
Tennys Sandgren,28,777371.0,735549.0,41822.0
Joao Sousa,28,776642.0,704606.0,72036.0
Pierre-Hugues Herbert,24,776037.0,209664.0,566373.0
Philipp Kohlschreiber,32,775355.0,761540.0,13815.0
Dominic Thiem,30,774972.0,753726.0,21246.0
Ilya Ivashka,28,774184.0,751088.0,23096.0
Pablo Andujar,29,773363.0,701492.0,71871.0
Jiri Vesely,29,772600.0,734492.0,38108.0
Mackenzie McDonald,30,771936.0,710040.0,61896.0
Benjamin Bonzi,27,770734.0,728042.0,42692.0
Taro Daniel,31,770133.0,767225.0,2908.0
James Duckworth,33,767596.0,723695.0,43901.0
Roberto Carballes Baena,32,767240.0,736646.0,30594.0
Denis Shapovalov,18,764494.0,762664.0,1830.0
Thanasi Kokkinakis,27,764109.0,725994.0,38115.0
Roman Safiullin,28,764056.0,741826.0,22230.0
Jeremy Chardy,29,763033.0,656384.0,106649.0
Nikoloz Basilashvili,25,759349.0,732876.0,26473.0
Albert Ramos-Vinolas,35,757897.0,727241.0,30656.0
Marius Copil,28,757107.0,733335.0,23772.0
Jiri Vesely,22,754614.0,694121.0,60493.0
Aljaz Bedene,30,751531.0,729818.0,21713.0
Daniel Evans,34,750910.0,724212.0,26698.0
Daniil Medvedev,21,749986.0,727579.0,22407.0
Alexandr Dolgopolov,27,749741.0,740971.0,8770.0
Taro Daniel,30,748933.0,748148.0,785.0
Alexander Blockx,20,747361.0,740405.0,6956.0
Tommy Robredo,33,746317.0,714706.0,31611.0
Yuichi Sugita,29,744384.0,727829.0,16555.0
Steve Johnson,33,742606.0,683610.0,58996.0
Gael Monfils,37,742309.0,742309.0,0.0
Kyle Edmund,21,742013.0,729009.0,13004.0
Gael Monfils,36,741855.0,729145.0,12710.0
Marc-Andrea Huesler,27,739320.0,675577.0,63743.0
Aleksandar Kovacevic,26,739160.0,739160.0,0.0
Federico Delbonis,26,738006.0,681685.0,56321.0
Jack Draper,22,737907.0,737907.0,0.0
Sebastian Ofner,29,736874.0,732506.0,4368.0
Jaume Munar,26,735698.0,690989.0,44709.0
Marton Fucsovics,30,734207.0,702250.0,31957.0
Julien Benneteau,36,731934.0,570506.0,161428.0
Tristan Schoolkate,24,731169.0,690910.0,40259.0
Alex Molcan,26,729256.0,703495.0,25761.0
Florian Mayer,34,728102.0,673616.0,54486.0
Jack Sock,30,726197.0,396917.0,329280.0
Donald Young,26,726168.0,671719.0,54449.0
Joao Sousa,33,725988.0,636911.0,89077.0
Borna Gojo,25,724850.0,724040.0,810.0
Pablo Andujar,33,724751.0,709916.0,14835.0
Emil Ruusuvuori,25,724388.0,703219.0,21169.0
Alexander Shevchenko,23,722812.0,714693.0,8119.0
Aleksandar Vukic,27,721938.0,679334.0,42604.0
Florian Mayer,33,721689.0,695103.0,26586.0
Hugo Gaston,24,720283.0,703597.0,16686.0
Facundo Diaz Acosta,24,720136.0,710179.0,9957.0
Denis Istomin,31,718235.0,699225.0,19010.0
Sam Querrey,28,715497.0,526081.0,189416.0
Andreas Seppi,32,714984.0,570779.0,144205.0
Matthew Ebden,35,714789.0,58827.0,655962.0
Radu Albot,29,714399.0,579727.0,134672.0
Kamil Majchrzak,26,713922.0,690601.0,23321.0
Tomas Berdych,33,711846.0,711846.0,0.0
Alexander Bublik,22,708983.0,676470.0,32513.0
Mackenzie McDonald,29,708276.0,542653.0,165623.0
Kevin Krawietz,27,708195.0,34703.0,673492.0
Marcel Granollers,29,707079.0,515242.0,191837.0
Gilles Simon,32,706338.0,666044.0,40294.0
Leonardo Mayer,30,703146.0,655888.0,47258.0
Adrian Mannarino,28,702599.0,615702.0,86897.0
Fabio Fognini,37,700940.0,698100.0,2840.0
Alexei Popyrin,20,699963.0,676289.0,23674.0
Brandon Nakashima,22,698662.0,684336.0,14326.0
Corentin Moutet,25,698154.0,698154.0,0.0
Constant Lestienne,31,693856.0,648750.0,45106.0
Mikael Ymer,24,692000.0,689504.0,2496.0
Stan Wawrinka,39,691561.0,683581.0,7980.0
Sergiy Stakhovsky,29,688541.0,629510.0,59031.0
Marton Fucsovics,32,688304.0,670589.0,17715.0
Vit Kopriva,28,687983.0,674433.0,13550.0
Lloyd Harris,26,686281.0,585039.0,101242.0
Sumit Nagal,27,682354.0,668440.0,13914.0
Hugo Gaston,22,681643.0,631992.0,49651.0
Corentin Moutet,23,680435.0,680435.0,0.0
Guido Pella,26,679413.0,612906.0,66507.0
Borna Coric,20,679372.0,672058.0,7314.0
Damir Dzumhur,27,678685.0,640500.0,38185.0
Federico Coria,30,676364.0,641108.0,35256.0
Jiri Vesely,23,676329.0,636567.0,39762.0
Yibing Wu,24,676107.0,661630.0,14477.0
Michael Mmoh,25,676099.0,676099.0,0.0
Borna Coric,19,674277.0,667984.0,6293.0
Steve Johnson,30,672357.0,622680.0,49677.0
Ivo Karlovic,38,670230.0,670230.0,0.0
Ilya Ivashka,29,670153.0,638076.0,32077.0
Edouard Roger-Vasselin,32,666132.0,247224.0,418908.0
Corentin Moutet,24,665644.0,656917.0,8727.0
Roberto Carballes Baena,26,664817.0,585167.0,79650.0
Nuno Borges,26,662888.0,643942.0,18946.0
Denis Kudla,27,660316.0,625529.0,34787.0
Benoit Paire,33,657694.0,612067.0,45627.0
Aljaz Bedene,28,656321.0,640720.0,15601.0
Horacio Zeballos,33,656244.0,360056.0,296188.0
Jeremy Chardy,30,654217.0,558812.0,95405.0
Alexandre Muller,26,650666.0,635217.0,15449.0
John Isner,38,650344.0,558040.0,92304.0
Federico Delbonis,29,649712.0,576086.0,73626.0
Kevin Anderson,30,646740.0,636955.0,9785.0
Laslo Djere,29,646312.0,634279.0,12033.0
Taro Daniel,29,646181.0,646181.0,0.0
Santiago Giraldo,28,645817.0,573526.0,72291.0
Quentin Halys,28,643678.0,616179.0,27499.0
Jannik Sinner,18,643358.0,636952.0,6406.0
Laslo Djere,30,641575.0,630259.0,11316.0
Luca Van Assche,20,637916.0,634733.0,3183.0
Aljaz Bedene,29,637638.0,635628.0,2010.0
Fabian Marozsan,24,637578.0,636107.0,1471.0
Malek Jaziri,33,637500.0,582968.0,54532.0
Guido Pella,33,635382.0,593718.0,41664.0
Adam Walton,25,633227.0,599313.0,33914.0
Jaume Munar,22,632075.0,581185.0,50890.0
Bernabe Zapata Miralles,25,631596.0,605262.0,26334.0
Guillermo Garcia-Lopez,35,630688.0,550437.0,80251.0
Thomas Fabbiano,30,627839.0,611516.0,16323.0
Jason Kubler,29,625437.0,586151.0,39286.0
Federico Coria,32,624154.0,585355.0,38799.0
Jordan Thompson,28,621519.0,581069.0,40450.0
Fabio Fognini,36,620035.0,512733.0,107302.0
Raphael Collignon,23,619361.0,597961.0,21400.0
Denis Kudla,26,618799.0,589704.0,29095.0
Ernests Gulbis,27,618280.0,595540.0,22740.0
Billy Harris,30,614085.0,594003.0,20082.0
Teymuraz Gabashvili,30,612668.0,557072.0,55596.0
Alexei Popyrin,23,610087.0,575195.0,34892.0
Evgeny Donskoy,28,609310.0,585987.0,23323.0
Andreas Seppi,33,609153.0,562562.0,46591.0
Filip Krajinovic,25,608748.0,605365.0,3383.0
Marcos Baghdatis,30,606952.0,591440.0,15512.0
Cristian Garin,27,606145.0,603465.0,2680.0
Juan Monaco,31,605772.0,548046.0,57726.0
Denis Kudla,30,603988.0,523545.0,80443.0
Jerzy Janowicz,25,602089.0,588780.0,13309.0
Thiago Monteiro,30,600528.0,561875.0,38653.0
Roberto Carballes Baena,29,598832.0,569003.0,29829.0
Jared Donaldson,22,596435.0,596435.0,0.0
Yuichi Sugita,30,595935.0,579557.0,16378.0
Daniel Altmaier,24,593865.0,531921.0,61944.0
Denis Istomin,29,593624.0,516272.0,77352.0
Thomaz Bellucci,28,592365.0,517431.0,74934.0
Luca Nardi,21,592338.0,589328.0,3010.0
Andreas Haider-Maurer,28,591206.0,556485.0,34721.0
Ivo Karlovic,40,590971.0,590971.0,0.0
Illya Marchenko,29,590694.0,580369.0,10325.0
Julien Benneteau,35,590567.0,331430.0,259137.0
Gabriel Diallo,23,590509.0,587565.0,2944.0
Maximilian Marterer,29,589665.0,586935.0,2730.0
Gilles Muller,35,588745.0,556113.0,32632.0
Dusan Lajovic,35,588660.0,585625.0,3035.0
Marcos Baghdatis,33,587890.0,578200.0,9690.0
Jiri Vesely,25,587729.0,554048.0,33681.0
Ricardas Berankis,29,587269.0,541314.0,45955.0
Daniel Elahi Galan,26,586523.0,583071.0,3452.0
Coleman Wong,21,585687.0,571700.0,13987.0
Martin Klizan,30,584670.0,566752.0,17918.0
Alexandr Dolgopolov,28,582954.0,553480.0,29474.0
Tristan Boyer,24,581817.0,560537.0,21280.0
Federico Delbonis,28,581717.0,519663.0,62054.0
Radek Stepanek,38,579755.0,344611.0,235144.0
Sam Groth,28,579628.0,503646.0,75982.0
Nikoloz Basilashvili,33,578777.0,578777.0,0.0
Dusan Lajovic,27,576309.0,548667.0,27642.0
Yannick Hanfmann,34,575764.0,573434.0,2330.0
Tim van Rijthoven,25,574113.0,568339.0,5774.0
Shintaro Mochizuki,22,573843.0,568549.0,5294.0
Jaime Faria,22,570805.0,567313.0,3492.0
Stephane Robert,36,569425.0,525757.0,43668.0
Francisco Comesana,24,569396.0,566517.0,2879.0
Emilio Nava,24,568649.0,552129.0,16520.0
Daniel Elahi Galan,28,568486.0,563463.0,5023.0
Mackenzie McDonald,23,568161.0,537013.0,31148.0
Mikhail Youzhny,34,567530.0,543619.0,23911.0
Steve Darcis,33,567263.0,531591.0,35672.0
Thiago Monteiro,29,566618.0,536898.0,29720.0
James Duckworth,32,564256.0,543657.0,20599.0
Alejandro Tabilo,25,562897.0,526079.0,36818.0
Thiago Monteiro,28,561998.0,528540.0,33458.0
Kevin Anderson,33,560921.0,560921.0,0.0
Marcel Granollers,32,560466.0,199664.0,360802.0
Marius Copil,29,559344.0,500069.0,59275.0
Jaume Munar,21,558694.0,538099.0,20595.0
Chun-Hsin Tseng,24,558310.0,558310.0,0.0
Yosuke Watanuki,25,555249.0,547554.0,7695.0
Hugo Dellien,30,555123.0,510782.0,44341.0
Martin Landaluce,19,554723.0,554125.0,598.0
Cameron Norrie,23,553378.0,512061.0,41317.0
Hugo Dellien,32,553171.0,552666.0,505.0
Stan Wawrinka,37,552401.0,525515.0,26886.0
Rogerio Dutra Silva,33,551939.0,451505.0,100434.0
Yoshihito Nishioka,23,549440.0,508046.0,41394.0
Rajeev Ram,33,548020.0,69490.0,478530.0
Kei Nishikori,35,547894.0,543994.0,3900.0
Juan Manuel Cerundolo,24,547616.0,545736.0,1880.0
Cristian Garin,29,546416.0,545939.0,477.0
Benjamin Becker,34,543518.0,491232.0,52286.0
Edouard Roger-Vasselin,33,542195.0,134633.0,407562.0
Yunchaokete Bu,22,541835.0,528475.0,13360.0
Malek Jaziri,32,541833.0,511025.0,30808.0
Ugo Blanchet,26,541252.0,524926.0,16326.0
Damir Dzumhur,24,540435.0,535650.0,4785.0
Francesco Passaro,24,539714.0,535635.0,4079.0
Vasek Pospisil,28,539228.0,512161.0,27067.0
Pavel Kotov,25,537663.0,533537.0,4126.0
Pierre-Hugues Herbert,34,537023.0,377130.0,159893.0
James Duckworth,30,536883.0,510131.0,26752.0
Mikael Ymer,25,536540.0,536540.0,0.0
Albert Ramos-Vinolas,27,536502.0,492582.0,43920.0
David Goffin,33,536049.0,532543.0,3506.0
Martin Klizan,29,535368.0,523626.0,11742.0
Peter Gojowczyk,30,533826.0,520956.0,12870.0
Richard Gasquet,38,533369.0,533369.0,0.0
Juan Monaco,32,533018.0,526668.0,6350.0
Mikhail Kukushkin,29,531828.0,524936.0,6892.0
Hugo Dellien,26,531373.0,507211.0,24162.0
Pablo Andujar,36,530739.0,480929.0,49810.0
Juan Martin del Potro,31,530582.0,511796.0,18786.0
Quentin Halys,26,528968.0,461898.0,67070.0
Lloyd Harris,25,528186.0,464528.0,63658.0
Eliot Spizzirri,24,527998.0,513824.0,14174.0
Victor Estrella Burgos,35,525610.0,482455.0,43155.0
Leandro Riedi,23,524667.0,524069.0,598.0
Denis Istomin,32,524151.0,493370.0,30781.0
J.J. Wolf,24,522712.0,522712.0,0.0
Constant Lestienne,32,522002.0,508882.0,13120.0
Paul-Henri Mathieu,34,521761.0,484843.0,36918.0
Frances Tiafoe,19,520239.0,499300.0,20939.0
Roberto Carballes Baena,25,520107.0,483450.0,36657.0
Robin Haase,28,518721.0,434629.0,84092.0
Dudi Sela,32,518288.0,474394.0,43894.0
Filip Misolic,24,517200.0,514836.0,2364.0
Bernard Tomic,25,517025.0,488564.0,28461.0
John Millman,27,516642.0,502179.0,14463.0
Federico Coria,31,515892.0,502895.0,12997.0
Mischa Zverev,29,515810.0,494173.0,21637.0
John Millman,33,515456.0,503275.0,12181.0
Yen-Hsun Lu,32,514900.0,460007.0,54893.0
Marcos Baghdatis,32,513488.0,486565.0,26923.0
Jordan Thompson,23,512461.0,423584.0,88877.0
Brandon Holt,27,512171.0,494503.0,17668.0
Dusan Lajovic,26,511994.0,463904.0,48090.0
Mikhail Kukushkin,28,511665.0,475569.0,36096.0
David Ferrer,36,510316.0,494455.0,15861.0
Pablo Carreno Busta,24,509739.0,427993.0,81746.0
Donald Young,27,509236.0,460911.0,48325.0
Matteo Gigante,23,508601.0,508601.0,0.0
Taylor Fritz,19,508032.0,473347.0,34685.0
Chun-Hsin Tseng,21,506075.0,495390.0,10685.0
Oscar Otte,30,505387.0,478412.0,26975.0
Dominik Koepfer,25,504947.0,494438.0,10509.0
Otto Virtanen,23,502425.0,501164.0,1261.0
Mate Pavic,24,501475.0,10410.0,491065.0
Mattia Bellucci,23,499037.0,495055.0,3982.0
Taro Daniel,25,499030.0,483044.0,15986.0
Dustin Brown,33,498874.0,455855.0,43019.0
Paolo Lorenzi,37,498442.0,462269.0,36173.0
Christopher O'Connell,28,498339.0,481166.0,17173.0
Andy Murray,32,497751.0,369319.0,128432.0
Guillermo Garcia-Lopez,34,497001.0,403631.0,93370.0
Facundo Bagnis,32,496967.0,469052.0,27915.0
Lukas Rosol,31,494655.0,440641.0,54014.0
Teymuraz Gabashvili,31,493490.0,465810.0,27680.0
Robin Haase,29,493355.0,446909.0,46446.0
Andrey Kuznetsov,26,492114.0,449285.0,42829.0
Thanasi Kokkinakis,19,491698.0,436843.0,54855.0
Tomas Martin Etcheverry,23,490513.0,437117.0,53396.0
Mirza Basic,27,489289.0,445003.0,44286.0
Mikhail Youzhny,35,489264.0,461710.0,27554.0
Radu Albot,28,488359.0,467397.0,20962.0
Diego Schwartzman,24,485790.0,441495.0,44295.0
Radu Albot,33,484095.0,455300.0,28795.0
Yen-Hsun Lu,34,483796.0,442787.0,41009.0
Thomas Fabbiano,29,483165.0,469813.0,13352.0
Marc-Andrea Huesler,26,480972.0,464788.0,16184.0
Borna Coric,29,480135.0,480135.0,0.0
Guido Pella,27,479913.0,460121.0,19792.0
Elmer Moller,22,475140.0,474385.0,755.0
Pedro Martinez,26,474803.0,433175.0,41628.0
Andrea Vavassori,28,474641.0,290161.0,184480.0
Thomaz Bellucci,29,471300.0,439419.0,31881.0
Hubert Hurkacz,21,470875.0,467695.0,3180.0
Aljaz Bedene,27,470156.0,441999.0,28157.0
Ernests Gulbis,30,468884.0,468884.0,0.0
Hamad Medjedovic,21,468617.0,468177.0,440.0
Stan Wawrinka,40,468243.0,464651.0,3592.0
Marco Cecchinato,31,467752.0,452676.0,15076.0
Soonwoo Kwon,27,467567.0,441949.0,25618.0
Pedro Cachin,27,467563.0,453201.0,14362.0
Ruben Bemelmans,30,467345.0,456818.0,10527.0
Lloyd Harris,22,466887.0,454174.0,12713.0
Inigo Cervantes,27,466811.0,413135.0,53676.0
Pablo Carreno Busta,33,466318.0,427008.0,39310.0
Pedro Cachin,29,465678.0,434615.0,31063.0
Flavio Cobolli,21,464897.0,458612.0,6285.0
Rajeev Ram,31,464032.0,258824.0,205208.0
Ivo Karlovic,39,463885.0,453214.0,10671.0
Jesper de Jong,24,463458.0,459584.0,3874.0
Aljaz Bedene,26,462272.0,432041.0,30231.0
Mischa Zverev,32,461150.0,317534.0,143616.0
Thiago Monteiro,23,460938.0,452632.0,8306.0
Radu Albot,34,458749.0,453480.0,5269.0
Bradley Klahn,29,457815.0,443098.0,14717.0
Ricardas Berankis,25,455974.0,410559.0,45415.0
Karen Khachanov,20,455237.0,444991.0,10246.0
Ricardas Berankis,32,455182.0,447331.0,7851.0
Luca Nardi,20,455096.0,450412.0,4684.0
Daniel Elahi Galan,29,453418.0,451683.0,1735.0
Corentin Moutet,20,452296.0,445525.0,6771.0
Lloyd Harris,28,452164.0,451874.0,290.0
Lukas Lacko,31,451213.0,441739.0,9474.0
Manuel Guinard,30,449291.0,24151.0,425140.0
Evgeny Donskoy,27,449050.0,435654.0,13396.0
Carlos Berlocq,34,448194.0,412192.0,36002.0
Hugo Gaston,23,448105.0,446233.0,1872.0
Gregoire Barrere,25,447488.0,417236.0,30252.0
Denis Istomin,30,444156.0,405400.0,38756.0
Liam Broady,29,443839.0,412562.0,31277.0
Thiago Agustin Tirante,24,443723.0,434611.0,9112.0
Mikhail Youzhny,33,442517.0,405766.0,36751.0
Denis Kudla,23,441965.0,431070.0,10895.0
Jan-Lennard Struff,32,441496.0,398906.0,42590.0
Liam Broady,28,440664.0,431626.0,9038.0
Maximilian Marterer,28,438252.0,435995.0,2257.0
Franko Skugor,32,438214.0,21090.0,417124.0
Nicolas Almagro,30,437670.0,388306.0,49364.0
Laslo Djere,23,436449.0,435154.0,1295.0
Henri Laaksonen,30,436405.0,435922.0,483.0
Peter Gojowczyk,33,435936.0,425896.0,10040.0
Diego Schwartzman,23,434832.0,372110.0,62722.0
Mikhail Kukushkin,29,433825.0,418887.0,14938.0
Dino Prizmic,20,433479.0,433479.0,0.0
Malek Jaziri,35,433028.0,367133.0,65895.0
Federico Agustin Gomez,29,432517.0,407107.0,25410.0
Tomas Machac,23,431964.0,430579.0,1385.0
Daniel Evans,27,429026.0,405918.0,23108.0
Horacio Zeballos,31,428442.0,336458.0,91984.0
Alex Michelsen,19,428267.0,425147.0,3120.0
Victor Estrella Burgos,36,427133.0,388180.0,38953.0
Zhizhen Zhang,29,427064.0,378404.0,48660.0
Janko Tipsarevic,35,426448.0,356442.0,70006.0
Lucas Pouille,21,426375.0,389486.0,36889.0
Matthew Ebden,32,425956.0,350058.0,75898.0
Nicolai Budkov Kjaer,19,424942.0,423590.0,1352.0
Dusan Lajovic,25,424816.0,374743.0,50073.0
Bernard Tomic,26,423895.0,420374.0,3521.0
Jiri Vesely,26,422654.0,420236.0,2418.0
Dominic Thiem,29,421122.0,421122.0,0.0
Daniel Evans,26,420312.0,390475.0,29837.0
Henrique Rocha,21,419557.0,412868.0,6689.0
Denis Kudla,24,417262.0,371613.0,45649.0
Malek Jaziri,31,416693.0,388154.0,28539.0
Hugo Grenier,28,415525.0,412174.0,3351.0
Dominic Stricker,20,415289.0,401783.0,13506.0
Dalibor Svrcina,23,415231.0,408641.0,6590.0
Daniel Evans,35,413338.0,402022.0,11316.0
Terence Atmane,22,411817.0,411817.0,0.0
Jerome Kym,22,411559.0,402695.0,8864.0
Bradley Klahn,28,411528.0,390324.0,21204.0
Peter Gojowczyk,28,411025.0,410401.0,624.0
Lucas Pouille,30,410439.0,383886.0,26553.0
Antoine Hoang,24,408756.0,384507.0,24249.0
Taro Daniel,26,408452.0,392915.0,15537.0
Harold Mayot,22,407916.0,396102.0,11814.0
Juncheng Shang,18,407479.0,397940.0,9539.0
Juncheng Shang,20,405135.0,386705.0,18430.0
Dustin Brown,31,404122.0,347312.0,56810.0
Ernests Gulbis,28,403034.0,403034.0,0.0
Aleksandar Kovacevic,25,402247.0,383543.0,18704.0
Thomas Fabbiano,28,401769.0,381464.0,20305.0
Viktor Troicki,32,400419.0,356714.0,43705.0
Jiri Vesely,30,398519.0,398035.0,484.0
Taylor Fritz,20,398061.0,380211.0,17850.0
Federico Delbonis,25,397575.0,360187.0,37388.0
Justin Engel,18,397079.0,369450.0,27629.0
Henri Laaksonen,27,396541.0,396541.0,0.0
Giulio Zeppieri,24,396277.0,396277.0,0.0
Jan-Lennard Struff,26,395972.0,370927.0,25045.0
Feliciano Lopez,41,395870.0,243348.0,152522.0
Federico Delbonis,27,394982.0,378265.0,16717.0
Paolo Lorenzi,38,393315.0,374217.0,19098.0
Hyeon Chung,23,391115.0,391115.0,0.0
Felipe Meligeni Alves,25,391036.0,385886.0,5150.0
Thiago Seyboth Wild,23,390031.0,373679.0,16352.0
Otto Virtanen,24,389206.0,384806.0,4400.0
James McCabe,22,389120.0,388075.0,1045.0
Lukas Klein,26,389019.0,377898.0,11121.0
Juan Manuel Cerundolo,22,388823.0,386314.0,2509.0
Mackenzie McDonald,24,388801.0,343893.0,44908.0
August Holmgren,27,388463.0,383332.0,5131.0
Sam Querrey,35,388353.0,344667.0,43686.0
Thiago Monteiro,31,387803.0,387803.0,0.0
Dudi Sela,31,387764.0,344437.0,43327.0
Dominik Koepfer,29,387174.0,375124.0,12050.0
Billy Harris,29,387154.0,369016.0,18138.0
Daniel Gimeno-Traver,30,385869.0,349476.0,36393.0
Ricardas Berankis,26,385845.0,359596.0,26249.0
Lukasz Kubot,34,385751.0,5202.0,380549.0
Mitchell Krueger,31,384344.0,370205.0,14139.0
Ryan Harrison,24,383948.0,360723.0,23225.0
Paolo Lorenzi,34,383936.0,351992.0,31944.0
Kamil Majchrzak,23,383792.0,380872.0,2920.0
Ernesto Escobedo,21,383229.0,369659.0,13570.0
Jarkko Nieminen,34,382821.0,353966.0,28855.0
Benjamin Bonzi,28,382713.0,373440.0,9273.0
Aslan Karatsev,31,381813.0,362389.0,19424.0
Aljaz Bedene,33,381705.0,355127.0,26578.0
Peter Polansky,30,381531.0,357551.0,23980.0
Nicolas Almagro,32,381355.0,362841.0,18514.0
Dustin Brown,32,381327.0,344360.0,36967.0
Martin Klizan,28,381271.0,360936.0,20335.0
Yosuke Watanuki,27,380597.0,377594.0,3003.0
Guido Andreozzi,28,380596.0,361609.0,18987.0
Sergiy Stakhovsky,30,380050.0,337453.0,42597.0
Zachary Svajda,23,379855.0,378810.0,1045.0
Vasek Pospisil,27,379326.0,324685.0,54641.0
Marius Copil,27,377973.0,365038.0,12935.0
Salvatore Caruso,27,377703.0,374237.0,3466.0
Prajnesh Gunneswaran,30,376683.0,375183.0,1500.0
Leonardo Mayer,29,375951.0,308291.0,67660.0
Robin Haase,36,375472.0,18313.0,357159.0
Bernard Tomic,27,374885.0,366309.0,8576.0
Roman Safiullin,25,374841.0,348280.0,26561.0
Thiago Seyboth Wild,25,374809.0,374809.0,0.0
Tomas Barrios Vera,28,374790.0,364087.0,10703.0
Stefan Kozlov,24,374046.0,373053.0,993.0
Ignacio Buse,21,373311.0,368731.0,4580.0
Nicolas Kicker,25,372933.0,362740.0,10193.0
Alexander Zverev,18,372891.0,355607.0,17284.0
Mikael Ymer,21,372804.0,368649.0,4155.0
Carlos Taberner,25,372424.0,359174.0,13250.0
Gregoire Barrere,30,371496.0,343890.0,27606.0
Gilles Simon,37,370820.0,359745.0,11075.0
Victor Estrella Burgos,37,369615.0,354188.0,15427.0
Shintaro Mochizuki,21,368856.0,366787.0,2069.0
Ernests Gulbis,31,367184.0,362554.0,4630.0
Yuki Bhambri,26,366528.0,349308.0,17220.0
Nicolas Moreno De Alboran,27,366489.0,357696.0,8793.0
Marsel Ilhan,28,365984.0,364723.0,1261.0
Franko Skugor,31,364811.0,31689.0,333122.0
Nuno Borges,25,364637.0,312606.0,52031.0
Ricardas Berankis,28,364518.0,362046.0,2472.0
Florian Mayer,35,364276.0,341670.0,22606.0
Taro Daniel,32,363306.0,363306.0,0.0
Roman Andres Burruchaga,23,362876.0,358621.0,4255.0
Zachary Svajda,22,362526.0,356107.0,6419.0
Marin Cilic,36,361759.0,347667.0,14092.0
Lukas Klein,27,358620.0,356756.0,1864.0
Jurgen Melzer,34,358460.0,271587.0,86873.0
Benjamin Becker,35,358293.0,346447.0,11846.0
Felipe Meligeni Alves,26,354723.0,343593.0,11130.0
Camilo Ugo Carabelli,25,352879.0,334614.0,18265.0
Christopher Eubanks,29,351743.0,350565.0,1178.0
Kei Nishikori,36,350428.0,350428.0,0.0
Cristian Garin,28,350213.0,349684.0,529.0
Jan-Lennard Struff,25,349053.0,311632.0,37421.0
Hady Habib,27,346851.0,342741.0,4110.0
Renzo Olivo,25,346400.0,327412.0,18988.0
Kyrian Jacquet,24,346304.0,329839.0,16465.0
Jordan Thompson,24,345832.0,330705.0,15127.0
Evgeny Donskoy,26,345491.0,334632.0,10859.0
Egor Gerasimov,27,345270.0,344164.0,1106.0
Hugo Grenier,26,344974.0,341638.0,3336.0
Thiago Monteiro,25,344922.0,333699.0,11223.0
Taro Daniel,24,343220.0,336924.0,6296.0
Janko Tipsarevic,32,341869.0,311279.0,30590.0
Thiago Agustin Tirante,23,341549.0,335991.0,5558.0
Casper Ruud,20,341226.0,336325.0,4901.0
Sam Groth,29,341207.0,248789.0,92418.0
Albert Ramos-Vinolas,36,340793.0,340793.0,0.0
Vit Kopriva,27,340671.0,336386.0,4285.0
Denis Kudla,31,340094.0,303098.0,36996.0
Carlos Taberner,28,339000.0,336196.0,2804.0
Joao Souza,27,338885.0,289545.0,49340.0
Jared Donaldson,20,336214.0,335854.0,360.0
Alejandro Tabilo,26,335032.0,331517.0,3515.0
Vasek Pospisil,29,335000.0,308955.0,26045.0
Jurij Rodionov,24,334710.0,331781.0,2929.0
Jozef Kovalik,32,333494.0,318936.0,14558.0
Giulio Zeppieri,23,332920.0,332920.0,0.0
Christopher Eubanks,26,332656.0,307616.0,25040.0
Ilya Ivashka,24,332011.0,324359.0,7652.0
Fernando Verdasco,39,331981.0,326906.0,5075.0
Gijs Brouwer,27,331881.0,324928.0,6953.0
Dennis Novak,25,330016.0,320475.0,9541.0
Guido Andreozzi,27,329564.0,308680.0,20884.0
Pablo Andujar,32,329150.0,309766.0,19384.0
Enzo Couacaud,28,328815.0,316791.0,12024.0
Radek Stepanek,37,328016.0,241037.0,86979.0
Emilio Nava,22,327940.0,327090.0,850.0
Yu Hsiou Hsu,24,327163.0,315672.0,11491.0
Sergiy Stakhovsky,32,326917.0,313022.0,13895.0
J.J. Wolf,26,326642.0,326642.0,0.0
Mikhail Kukushkin,37,326420.0,325443.0,977.0
Lorenzo Sonego,23,326057.0,323624.0,2433.0
Benoit Paire,34,325106.0,318357.0,6749.0
Radu Albot,35,324547.0,318249.0,6298.0
Norbert Gombos,32,324484.0,323219.0,1265.0
Yen-Hsun Lu,33,324140.0,304610.0,19530.0
Lukas Lacko,30,323589.0,322215.0,1374.0
Giulio Zeppieri,22,323192.0,311963.0,11229.0
Timofey Skatov,22,323090.0,321038.0,2052.0
Tomas Barrios Vera,26,322991.0,318730.0,4261.0
Cedrik-Marcel Stebe,29,322799.0,321245.0,1554.0
Zizou Bergs,24,322712.0,308039.0,14673.0
Facundo Diaz Acosta,23,322452.0,321667.0,785.0
Steve Darcis,35,322391.0,318968.0,3423.0
Jeremy Chardy,36,322211.0,221967.0,100244.0
Elias Ymer,27,321798.0,320888.0,910.0
Abdullah Shelbayh,20,320757.0,308165.0,12592.0
John Millman,28,320327.0,297602.0,22725.0
Vilius Gaubas,20,319909.0,319635.0,274.0
Santiago Giraldo,29,318884.0,311876.0,7008.0
Corentin Moutet,19,318726.0,317189.0,1537.0
James Duckworth,23,317916.0,299891.0,18025.0
Janko Tipsarevic,33,317902.0,301145.0,16757.0
Dominik Koepfer,28,317790.0,298650.0,19140.0
Ernests Gulbis,29,317146.0,317146.0,0.0
Brayden Schnur,24,317055.0,302792.0,14263.0
Bjorn Fratangelo,24,316252.0,312230.0,4022.0
Dudi Sela,30,315575.0,309376.0,6199.0
Harold Mayot,23,315498.0,293425.0,22073.0
Yannick Hanfmann,31,314872.0,308258.0,6614.0
Maximilian Marterer,27,313105.0,309664.0,3441.0
Guillermo Garcia-Lopez,36,310809.0,286541.0,24268.0
Rafael Nadal,37,310797.0,310797.0,0.0
Li Tu,29,310037.0,279802.0,30235.0
Dominic Stricker,22,310008.0,264522.0,45486.0
Hugo Dellien,29,309801.0,301365.0,8436.0
Juan Pablo Ficovich,28,309420.0,304721.0,4699.0
Tim Smyczek,27,308928.0,294387.0,14541.0
Titouan Droguet,24,308420.0,306039.0,2381.0
Pierre-Hugues Herbert,33,307984.0,296037.0,11947.0
Thiago Agustin Tirante,22,307959.0,299202.0,8757.0
Stefanos Tsitsipas,19,306652.0,302949.0,3703.0
Ilya Ivashka,25,306502.0,305478.0,1024.0
Ruben Bemelmans,27,306296.0,298027.0,8269.0
Damir Dzumhur,23,305548.0,290074.0,15474.0
Rafael Nadal,38,305379.0,301661.0,3718.0
Tristan Schoolkate,23,304508.0,269561.0,34947.0
Filip Krajinovic,23,304066.0,286600.0,17466.0
Marco Trungelliti,35,304005.0,298448.0,5557.0
Jordan Thompson,22,303995.0,278130.0,25865.0
Facundo Bagnis,26,303670.0,287121.0,16549.0
Rafael Jodar,19,303614.0,303614.0,0.0
Sergiy Stakhovsky,31,301426.0,288598.0,12828.0
Colton Smith,22,301132.0,285202.0,15930.0
Andrey Kuznetsov,24,300655.0,293973.0,6682.0
Elias Ymer,26,299881.0,291738.0,8143.0
Nikoloz Basilashvili,23,299864.0,296200.0,3664.0
Brian Baker,31,299727.0,212593.0,87134.0
Austin Krajicek,25,299476.0,242265.0,57211.0
Soonwoo Kwon,22,299033.0,286064.0,12969.0
Felix Auger-Aliassime,18,298857.0,290968.0,7889.0
Soonwoo Kwon,26,296693.0,296211.0,482.0
Tommy Haas,39,296381.0,261904.0,34477.0
Damir Dzumhur,32,295017.0,292448.0,2569.0
Ruben Bemelmans,29,294967.0,289066.0,5901.0
Jerzy Janowicz,27,294600.0,283923.0,10677.0
Tim Smyczek,31,294130.0,292360.0,1770.0
Yoshihito Nishioka,21,293618.0,289929.0,3689.0
Bjorn Fratangelo,23,293598.0,287848.0,5750.0
Hyeon Chung,19,292929.0,283209.0,9720.0
Filip Krajinovic,31,292926.0,292926.0,0.0
Ricardas Berankis,27,292296.0,287300.0,4996.0
Alejandro Davidovich Fokina,20,292268.0,291128.0,1140.0
Paul-Henri Mathieu,33,292030.0,287740.0,4290.0
Pablo Llamas Ruiz,23,291709.0,285021.0,6688.0
Marton Fucsovics,25,291436.0,284020.0,7416.0
James Ward,28,291303.0,283062.0,8241.0
Evgeny Donskoy,29,291156.0,283914.0,7242.0
Jan Choinski,28,291057.0,290019.0,1038.0
Shintaro Mochizuki,20,291005.0,282568.0,8437.0
Milos Raonic,32,290922.0,290922.0,0.0
Jozef Kovalik,27,290882.0,271992.0,18890.0
James Duckworth,31,290849.0,290064.0,785.0
Steve Darcis,31,288769.0,272363.0,16406.0
Arthur Cazaux,21,288697.0,285026.0,3671.0
Lukas Lacko,28,287485.0,280485.0,7000.0
Jurgen Zopp,30,287408.0,287069.0,339.0
Constant Lestienne,30,287314.0,272851.0,14463.0
Donald Young,29,287140.0,234359.0,52781.0
Marco Cecchinato,30,287034.0,281399.0,5635.0
Michael Mmoh,20,286688.0,283987.0,2701.0
Otto Virtanen,22,286245.0,280245.0,6000.0
Emilio Nava,23,286000.0,241977.0,44023.0
Benjamin Hassan,30,285783.0,278041.0,7742.0
Facundo Bagnis,33,283604.0,267582.0,16022.0
Roman Andres Burruchaga,22,282912.0,278834.0,4078.0
Jozef Kovalik,26,282468.0,277177.0,5291.0
Jacob Fearnley,23,281762.0,269205.0,12557.0
Henri Laaksonen,25,280186.0,280186.0,0.0
Nicolas Kicker,26,280041.0,274486.0,5555.0
Andrea Vavassori,27,279555.0,161658.0,117897.0
Mark Lajal,22,279261.0,277776.0,1485.0
Tomas Machac,22,279246.0,278774.0,472.0
Stefano Travaglia,28,279140.0,269963.0,9177.0
Elias Ymer,22,278637.0,265819.0,12818.0
John Millman,26,277864.0,267266.0,10598.0
Lukasz Kubot,33,277761.0,40327.0,237434.0
Jan Choinski,27,277130.0,274249.0,2881.0
Jason Kubler,25,275915.0,271778.0,4137.0
Mikhail Kukushkin,35,275664.0,274791.0,873.0
Dominic Thiem,31,275392.0,270952.0,4440.0
Tommy Robredo,35,274902.0,232308.0,42594.0
Marcos Giron,26,274758.0,263183.0,11575.0
Hugo Grenier,27,274432.0,272489.0,1943.0
Thanasi Kokkinakis,21,274391.0,244533.0,29858.0
Dominic Stricker,23,273745.0,263847.0,9898.0
Radu Albot,27,273685.0,259687.0,13998.0
Fabrice Martin,30,273355.0,9837.0,263518.0
Simone Bolelli,33,273093.0,182341.0,90752.0
Dalibor Svrcina,21,273086.0,264293.0,8793.0
Taro Daniel,23,272208.0,261605.0,10603.0
Thanasi Kokkinakis,22,271270.0,245585.0,25685.0
Mitchell Krueger,30,271255.0,252373.0,18882.0
Patrick Kypson,25,271236.0,269077.0,2159.0
Maximilian Marterer,24,270245.0,254740.0,15505.0
Gastao Elias,26,269720.0,250017.0,19703.0
Lloyd Harris,27,268271.0,265184.0,3087.0
Hyeon Chung,20,267005.0,237733.0,29272.0
Francesco Passaro,21,266640.0,253848.0,12792.0
Genaro Alberto Olivieri,25,266361.0,264834.0,1527.0
James Trotter,26,266249.0,260967.0,5282.0
Alexis Galarneau,26,266010.0,253820.0,12190.0
Liam Draxl,24,265786.0,236676.0,29110.0
Ryan Peniston,27,264393.0,253657.0,10736.0
Lleyton Hewitt,34,264279.0,212068.0,52211.0
Diego Schwartzman,32,263718.0,261218.0,2500.0
Alex Bolt,32,263330.0,262124.0,1206.0
Simone Bolelli,32,262512.0,214496.0,48016.0
Luca Van Assche,21,262373.0,262099.0,274.0
Beibit Zhukayev,25,261933.0,249814.0,12119.0
Nikola Mektic,29,261771.0,8585.0,253186.0
Marc Polmans,26,261635.0,234734.0,26901.0
Ryan Harrison,27,261439.0,166405.0,95034.0
Facundo Bagnis,27,261153.0,224746.0,36407.0
Tommy Paul,22,260555.0,255912.0,4643.0
Joao Fonseca,18,260372.0,253093.0,7279.0
Michael Berrer,35,260321.0,258638.0,1683.0
Norbert Gombos,27,259983.0,254740.0,5243.0
Sho Shimabukuro,26,259867.0,249878.0,9989.0
Brandon Holt,25,259771.0,257204.0,2567.0
Valentin Vacherot,26,258826.0,251280.0,7546.0
Florian Mayer,32,258511.0,226622.0,31889.0
Francesco Passaro,23,258282.0,246883.0,11399.0
Alejandro Falla,32,257046.0,252446.0,4600.0
Denis Istomin,33,257032.0,251725.0,5307.0
Yibing Wu,26,256993.0,254218.0,2775.0
Pierre-Hugues Herbert,32,256912.0,132461.0,124451.0
Bernabe Zapata Miralles,27,256635.0,245503.0,11132.0
Jurij Rodionov,26,256309.0,246919.0,9390.0
Yasutaka Uchiyama,27,256193.0,249443.0,6750.0
Facundo Diaz Acosta,25,254615.0,254615.0,0.0
Enzo Couacaud,27,253199.0,233056.0,20143.0
Aleksandar Vukic,26,252419.0,239420.0,12999.0
Laurent Lokoli,29,252203.0,250656.0,1547.0
Duje Ajdukovic,23,251741.0,249572.0,2169.0
Yasutaka Uchiyama,33,251472.0,250022.0,1450.0
Maxime Cressy,27,250019.0,249479.0,540.0
Stefano Travaglia,27,248824.0,238391.0,10433.0
Carlos Berlocq,32,248810.0,192871.0,55939.0
Dudi Sela,33,248572.0,240074.0,8498.0
Zdenek Kolar,26,247981.0,229939.0,18042.0
Mattia Bellucci,22,247837.0,241796.0,6041.0
Andreas Seppi,38,247367.0,244189.0,3178.0
Quentin Halys,20,247169.0,214923.0,32246.0
Nicolas Moreno De Alboran,26,246591.0,229900.0,16691.0
Hugo Grenier,29,246579.0,243581.0,2998.0
Gauthier Onclin,24,246554.0,244980.0,1574.0
Henri Squire,24,246405.0,246136.0,269.0
Pavel Kotov,24,245786.0,239733.0,6053.0
Mikhail Kukushkin,38,244881.0,242990.0,1891.0
Bernard Tomic,33,244793.0,231225.0,13568.0
Santiago Giraldo,30,244747.0,242497.0,2250.0
Lukas Lacko,29,244366.0,240526.0,3840.0
John-Patrick Smith,28,244134.0,147530.0,96604.0
Alex Bolt,26,243966.0,227511.0,16455.0
Li Tu,28,243930.0,235848.0,8082.0
Konstantin Kravchuk,32,243561.0,233163.0,10398.0
Milos Raonic,34,243119.0,243119.0,0.0
Sergiy Stakhovsky,33,243023.0,220401.0,22622.0
Timofey Skatov,23,242920.0,237580.0,5340.0
Jakub Mensik,18,242767.0,239579.0,3188.0
Ben Shelton,20,242715.0,221555.0,21160.0
Jack Pinnington Jones,22,242699.0,240499.0,2200.0
Stefano Napolitano,29,242645.0,239183.0,3462.0
Go Soeda,31,242620.0,240250.0,2370.0
Gregoire Barrere,28,242370.0,237149.0,5221.0
Gastao Elias,27,242234.0,229244.0,12990.0
Marco Trungelliti,34,242162.0,241257.0,905.0
Richard Gasquet,39,242046.0,240347.0,1699.0
Lucas Pouille,28,241691.0,235281.0,6410.0
Andrew Whittington,24,241596.0,155475.0,86121.0
Jan Choinski,29,241507.0,241233.0,274.0
Harold Mayot,21,240728.0,219626.0,21102.0
Yannick Maden,29,240562.0,235254.0,5308.0
Gabriel Diallo,22,239600.0,226318.0,13282.0
Alex Bolt,25,239249.0,213240.0,26009.0
Thomas Fabbiano,27,238921.0,230436.0,8485.0
Marc-Andrea Huesler,29,238865.0,220254.0,18611.0
Andy Murray,31,238610.0,238610.0,0.0
Renzo Olivo,24,238541.0,236126.0,2415.0
Manuel Guinard,27,238361.0,213428.0,24933.0
Marinko Matosevic,30,237837.0,224774.0,13063.0
Marco Trungelliti,28,237644.0,235357.0,2287.0
Francesco Passaro,22,236958.0,228019.0,8939.0
Bjorn Fratangelo,26,236281.0,235788.0,493.0
Reilly Opelka,27,236175.0,236175.0,0.0
Jay Clarke,27,236120.0,229407.0,6713.0
Filip Misolic,22,235661.0,233971.0,1690.0
Kimmer Coppejans,29,235602.0,233081.0,2521.0
Ryan Harrison,23,235582.0,208422.0,27160.0
Luca Vanni,30,235515.0,229245.0,6270.0
Steve Darcis,32,235178.0,232351.0,2827.0
Simone Bolelli,31,235140.0,138770.0,96370.0
Nikoloz Basilashvili,24,234927.0,234427.0,500.0
Pavel Kotov,27,234446.0,233256.0,1190.0
Tennys Sandgren,26,234368.0,227350.0,7018.0
Yuichi Sugita,28,234103.0,230393.0,3710.0
Yibing Wu,23,233881.0,232988.0,893.0
Rinky Hijikata,21,233276.0,211126.0,22150.0
Matteo Arnaldi,21,232629.0,222234.0,10395.0
Beibit Zhukayev,24,232556.0,225998.0,6558.0
Abdullah Shelbayh,21,232304.0,203305.0,28999.0
Jurij Rodionov,25,232238.0,222121.0,10117.0
Elias Ymer,19,232234.0,229229.0,3005.0
John-Patrick Smith,29,231905.0,145300.0,86605.0
Alexandr Dolgopolov,30,231436.0,231436.0,0.0
Andrej Martin,27,231227.0,199166.0,32061.0
Rogerio Dutra Silva,34,231064.0,224752.0,6312.0
Emilio Gomez,31,231038.0,228723.0,2315.0
Cameron Norrie,22,230563.0,226350.0,4213.0
Rodrigo Pacheco Mendez,20,230461.0,212623.0,17838.0
Benjamin Hassan,29,229446.0,199827.0,29619.0
Omar Jasika,28,229090.0,226516.0,2574.0
Noah Rubin,22,228373.0,223833.0,4540.0
Rogerio Dutra Silva,32,227922.0,210289.0,17633.0
Stephane Robert,37,227700.0,212454.0,15246.0
Christopher Eubanks,23,227631.0,220711.0,6920.0
Borna Gojo,27,227341.0,215053.0,12288.0
Gerald Melzer,27,225436.0,213047.0,12389.0
Alex Bolt,31,225359.0,205964.0,19395.0
Dennis Novak,29,225343.0,224264.0,1079.0
Juan Pablo Varillas,29,225310.0,221525.0,3785.0
James Duckworth,26,225279.0,223839.0,1440.0
Joao Sousa,34,225057.0,208393.0,16664.0
Blaz Kavcic,28,224852.0,217234.0,7618.0
Ugo Humbert,20,224235.0,213252.0,10983.0
Matthias Bachinger,31,223841.0,218692.0,5149.0
Ryan Peniston,28,223755.0,218433.0,5322.0
Michael Mmoh,24,223699.0,223699.0,0.0
Casper Ruud,19,223662.0,222116.0,1546.0
Radu Albot,26,223522.0,141350.0,82172.0
Flavio Cobolli,20,222869.0,211373.0,11496.0
Alexander Bublik,20,221826.0,217759.0,4067.0
Tim Smyczek,28,221718.0,220291.0,1427.0
Peter Polansky,29,221447.0,209177.0,12270.0
Juan Pablo Varillas,27,220701.0,218466.0,2235.0
Geoffrey Blancaneaux,24,219869.0,209644.0,10225.0
Rudolf Molleker,19,219526.0,210311.0,9215.0
Alexander Ritschard,28,219470.0,216236.0,3234.0
Thanasi Kokkinakis,23,219385.0,218475.0,910.0
Andrea Collarini,33,219098.0,210907.0,8191.0
Hugo Dellien,31,219049.0,214194.0,4855.0
Coleman Wong,20,218639.0,213539.0,5100.0
Illya Marchenko,28,218537.0,213200.0,5337.0
Carlos Berlocq,33,218274.0,201474.0,16800.0
Alexander Ritschard,30,218099.0,215985.0,2114.0
Sumit Nagal,28,217873.0,216829.0,1044.0
Johannus Monday,23,217551.0,195377.0,22174.0
Nicolas Jarry,27,217322.0,207942.0,9380.0
Aziz Dougaz,28,217230.0,213435.0,3795.0
Zachary Svajda,21,216949.0,216949.0,0.0
Zsombor Piros,24,216926.0,216657.0,269.0
Jason Kubler,32,216771.0,191282.0,25489.0
Gustavo Heide,22,216519.0,212730.0,3789.0
Martin Damm,22,216430.0,214458.0,1972.0
Quentin Halys,21,216160.0,196467.0,19693.0
Sho Shimabukuro,28,216036.0,213436.0,2600.0
Paul Jubb,25,215055.0,215055.0,0.0
Matthew Ebden,30,215049.0,193408.0,21641.0
Franco Agamenone,29,215041.0,208511.0,6530.0
Tatsuma Ito,27,214958.0,212098.0,2860.0
Emilio Gomez,32,214916.0,211909.0,3007.0
Steve Johnson,34,214616.0,203616.0,11000.0
Andrea Pellegrino,26,214598.0,149555.0,65043.0
Yoshihito Nishioka,22,214339.0,214339.0,0.0
Marc Polmans,27,214076.0,197218.0,16858.0
Evgeny Donskoy,25,213619.0,206823.0,6796.0
James Duckworth,24,213537.0,201084.0,12453.0
Yannick Maden,30,213395.0,211318.0,2077.0
Marc-Andrea Huesler,28,212401.0,185031.0,27370.0
Kyle Edmund,20,212325.0,204794.0,7531.0
Lukas Rosol,34,212270.0,210240.0,2030.0
Juan Manuel Cerundolo,21,212248.0,212248.0,0.0
Elliot Benchetrit,21,212205.0,189839.0,22366.0
Patrick Kypson,26,212185.0,211569.0,616.0
Alex de Minaur,18,212119.0,204674.0,7445.0
Lukas Neumayer,23,212074.0,208296.0,3778.0
Zhe Li,33,211945.0,188080.0,23865.0
Kenny De Schepper,28,211310.0,201162.0,10148.0
Zsombor Piros,26,211107.0,209843.0,1264.0
Dimitar Kuzmanov,30,211052.0,209129.0,1923.0
Maximilian Marterer,22,210999.0,207490.0,3509.0
Dennis Novikov,23,210985.0,190229.0,20756.0
Alessandro Giannessi,27,210972.0,190029.0,20943.0
Chris Rodesch,24,210743.0,208592.0,2151.0
Andrey Golubev,28,210688.0,176102.0,34586.0
Matthew Ebden,28,210626.0,181296.0,29330.0
Tomas Barrios Vera,27,210335.0,187836.0,22499.0
Alejandro Gonzalez,26,210179.0,200466.0,9713.0
Leandro Riedi,21,209792.0,199632.0,10160.0
Oliver Crawford,26,209593.0,209593.0,0.0
Kimmer Coppejans,31,208664.0,205354.0,3310.0
Stefano Travaglia,30,208516.0,190589.0,17927.0
Dmitry Popko,29,208301.0,203316.0,4985.0
Oscar Otte,26,208229.0,206240.0,1989.0
Yuichi Sugita,31,207430.0,206980.0,450.0
Igor Sijsling,28,206954.0,193329.0,13625.0
Facundo Bagnis,34,206916.0,203626.0,3290.0
Ramkumar Ramanathan,28,206150.0,127759.0,78391.0
Arthur Fery,23,205794.0,205633.0,161.0
Zizou Bergs,23,205292.0,203243.0,2049.0
Marco Chiudinelli,35,205033.0,186832.0,18201.0
Jo-Wilfried Tsonga,33,204901.0,203396.0,1505.0
Dennis Novak,26,204589.0,202965.0,1624.0
Sebastian Ofner,21,204511.0,201545.0,2966.0
Jay Clarke,21,204063.0,196089.0,7974.0
Denis Yevseyev,31,204062.0,197898.0,6164.0
Matteo Gigante,22,203804.0,202279.0,1525.0
Cedrik-Marcel Stebe,27,203560.0,201758.0,1802.0
Tim Smyczek,29,203049.0,201309.0,1740.0
Paul-Henri Mathieu,35,202806.0,180965.0,21841.0
Sam Groth,30,202684.0,108347.0,94337.0
Zhizhen Zhang,26,202595.0,199671.0,2924.0
Maximo Gonzalez,32,202546.0,141734.0,60812.0
Ramkumar Ramanathan,24,202002.0,192922.0,9080.0
Titouan Droguet,22,201561.0,198436.0,3125.0
Federico Cina,18,201126.0,200654.0,472.0
Chun-Hsin Tseng,22,201078.0,199307.0,1771.0
Tommy Haas,37,201072.0,183560.0,17512.0
Rei Sakamoto,19,201038.0,190358.0,10680.0
Calvin Hemery,23,200501.0,173297.0,27204.0
Thiago Monteiro,24,199702.0,190931.0,8771.0
Gijs Brouwer,26,199372.0,189803.0,9569.0
Elias Ymer,28,199065.0,199065.0,0.0
Egor Gerasimov,30,199013.0,199013.0,0.0
Giulio Zeppieri,21,198773.0,194503.0,4270.0
Adrian Menendez-Maceiras,32,198589.0,184957.0,13632.0
Oleksii Krutykh,23,198359.0,195022.0,3337.0
Daniel Gimeno-Traver,31,198038.0,192555.0,5483.0
Stephane Robert,38,198012.0,168163.0,29849.0
Victor Estrella Burgos,38,196843.0,183846.0,12997.0
Gianluca Mager,28,196257.0,181348.0,14909.0
Thiemo de Bakker,28,196178.0,184218.0,11960.0
Austin Krajicek,26,196150.0,153657.0,42493.0
Alejandro Moro Canas,24,194792.0,191424.0,3368.0
Geoffrey Blancaneaux,25,194595.0,187123.0,7472.0
Camilo Ugo Carabelli,23,194201.0,188942.0,5259.0
Dennis Novak,30,194175.0,192374.0,1801.0
Marcelo Arevalo,28,194082.0,93077.0,101005.0
Borna Gojo,24,193818.0,192966.0,852.0
Giovanni Mpetshi Perricard,20,193730.0,184615.0,9115.0
Vitaliy Sachko,28,193702.0,172170.0,21532.0
Jozef Kovalik,24,193519.0,193073.0,446.0
Lukas Klein,25,193516.0,192019.0,1497.0
Gregoire Barrere,24,193288.0,182574.0,10714.0
Federico Coria,33,193013.0,193013.0,0.0
Andreas Haider-Maurer,31,192931.0,170339.0,22592.0
Clement Tabur,25,192887.0,190445.0,2442.0
Jenson Brooksby,23,192502.0,192502.0,0.0
Marco Cecchinato,24,192494.0,171578.0,20916.0
Philipp Kohlschreiber,39,192490.0,190914.0,1576.0
Vit Kopriva,26,192440.0,185877.0,6563.0
Bjorn Fratangelo,25,192394.0,190414.0,1980.0
Luka Pavlovic,25,192330.0,187807.0,4523.0
Albert Montanes,36,192327.0,190376.0,1951.0
John-Patrick Smith,26,191786.0,174029.0,17757.0
Reilly Opelka,20,191741.0,177579.0,14162.0
Andrey Rublev,18,191601.0,157522.0,34079.0
Andrea Pellegrino,28,190961.0,182176.0,8785.0
Stefano Travaglia,25,190542.0,184590.0,5952.0
James Duckworth,27,190413.0,178696.0,11717.0
Jozef Kovalik,31,190388.0,188732.0,1656.0
Marco Cecchinato,25,189833.0,180092.0,9741.0
Frances Tiafoe,18,189774.0,182814.0,6960.0
Konstantin Kravchuk,31,189528.0,157438.0,32090.0
Zdenek Kolar,27,189528.0,162825.0,26703.0
Kyrian Jacquet,23,189521.0,189081.0,440.0
Emilio Nava,21,189459.0,188959.0,500.0
Learner Tien,19,189319.0,188800.0,519.0
Damir Dzumhur,31,188963.0,186706.0,2257.0
Luciano Darderi,21,188940.0,172798.0,16142.0
Dino Prizmic,19,188648.0,188648.0,0.0
Timofey Skatov,24,188431.0,183925.0,4506.0
George Loffhagen,24,188026.0,188026.0,0.0
Titouan Droguet,23,187944.0,172611.0,15333.0
Tomas Barrios Vera,25,187573.0,139494.0,48079.0
Vasek Pospisil,33,187489.0,172549.0,14940.0
Yuta Shimizu,26,187475.0,173248.0,14227.0
Vasek Pospisil,32,187268.0,179850.0,7418.0
Leandro Riedi,22,187230.0,181903.0,5327.0
Pedro Martinez,22,185898.0,174731.0,11167.0
Dimitar Kuzmanov,29,185799.0,184442.0,1357.0
Tung-Lin Wu,25,185783.0,184279.0,1504.0
Calvin Hemery,30,185776.0,184345.0,1431.0
Lloyd Harris,21,185691.0,176204.0,9487.0
Ernesto Escobedo,26,185649.0,183729.0,1920.0
Igor Sijsling,29,185596.0,183396.0,2200.0
Seongchan Hong,27,185595.0,183045.0,2550.0
Sho Shimabukuro,27,185556.0,182896.0,2660.0
Murphy Cassone,23,185385.0,182613.0,2772.0
Peter Polansky,31,185186.0,161000.0,24186.0
Tommy Paul,20,185013.0,174593.0,10420.0
Vincent Millot,31,184719.0,176878.0,7841.0
Felipe Meligeni Alves,27,183606.0,171501.0,12105.0
Mitchell Krueger,28,183371.0,179631.0,3740.0
Marcos Baghdatis,34,183077.0,183077.0,0.0
Stefan Kozlov,19,182956.0,173581.0,9375.0
Janko Tipsarevic,31,182799.0,132732.0,50067.0
Robin Haase,35,182765.0,61272.0,121493.0
Antoine Escoffier,32,182719.0,171098.0,11621.0
Francesco Maestrelli,23,182677.0,176134.0,6543.0
Adam Pavlasek,23,182240.0,182240.0,0.0
Ryan Seggerman,26,182025.0,23305.0,158720.0
Gerald Melzer,26,181637.0,174960.0,6677.0
Daniel Brands,29,181268.0,179978.0,1290.0
Blaz Rola,25,181228.0,172866.0,8362.0
Filip Misolic,23,181053.0,180077.0,976.0
Marc Polmans,20,180732.0,80431.0,100301.0
Jason Jung,30,180645.0,173729.0,6916.0
Marc Polmans,22,180520.0,162457.0,18063.0
Daniel Munoz de la Nava,34,180049.0,168915.0,11134.0
Raul Brancaccio,26,179860.0,177411.0,2449.0
Yannick Hanfmann,27,179851.0,172771.0,7080.0
Henri Laaksonen,26,179670.0,165629.0,14041.0
Sebastian Ofner,26,179383.0,177892.0,1491.0
Tristan Boyer,23,178525.0,138807.0,39718.0
Yoshihito Nishioka,20,178374.0,175764.0,2610.0
Viktor Troicki,33,178215.0,177205.0,1010.0
Darian King,25,177901.0,172397.0,5504.0
Maximo Gonzalez,35,177531.0,3647.0,173884.0
Filip Cristian Jianu,24,177527.0,173875.0,3652.0
Kimmer Coppejans,25,177490.0,169802.0,7688.0
Jesper de Jong,23,177075.0,172233.0,4842.0
Ze Zhang,29,176921.0,122381.0,54540.0
Luca Nardi,19,176589.0,163638.0,12951.0
Marco Trungelliti,26,176368.0,174995.0,1373.0
Rudolf Molleker,24,176025.0,171230.0,4795.0
Illya Marchenko,30,175920.0,172487.0,3433.0
Darwin Blanch,18,175912.0,175367.0,545.0
Jurij Rodionov,23,175890.0,171236.0,4654.0
Brandon Holt,24,175647.0,162607.0,13040.0
Franko Skugor,30,175546.0,54997.0,120549.0
Dmitry Tursunov,35,175377.0,174837.0,540.0
Adrian Andreev,22,175248.0,171709.0,3539.0
Blaz Kavcic,30,175023.0,166752.0,8271.0
Pablo Cuevas,36,174658.0,162770.0,11888.0
Lucas Pouille,29,174513.0,163671.0,10842.0
Jerome Kym,21,174411.0,156714.0,17697.0
Jared Donaldson,19,174138.0,172588.0,1550.0
Daniel Masur,28,174061.0,165771.0,8290.0
Elias Ymer,29,174025.0,172132.0,1893.0
Liam Broady,30,173757.0,159675.0,14082.0
Jozef Kovalik,30,173511.0,173006.0,505.0
Yasutaka Uchiyama,32,173165.0,169994.0,3171.0
Nikola Milojevic,27,173164.0,168443.0,4721.0
Quentin Halys,23,173150.0,133680.0,39470.0
Adam Pavlasek,22,173092.0,171483.0,1609.0
Paul Jubb,23,173090.0,173090.0,0.0
Orlando Luz,27,172841.0,7700.0,165141.0
Salvatore Caruso,30,172612.0,171030.0,1582.0
Maks Kasnikowski,21,172394.0,170194.0,2200.0
Gerald Melzer,28,171501.0,167453.0,4048.0
Quentin Halys,22,171049.0,163059.0,7990.0
John Millman,34,170748.0,159161.0,11587.0
Chun-Hsin Tseng,23,170358.0,167085.0,3273.0
Daniel Merida,21,170256.0,164029.0,6227.0
Noah Rubin,23,170018.0,158548.0,11470.0
Reilly Opelka,21,169958.0,159848.0,10110.0
James Ward,32,169559.0,158999.0,10560.0
Federico Arnaboldi,25,169501.0,168616.0,885.0
Alejandro Moro Canas,25,169472.0,166048.0,3424.0
Terence Atmane,21,169203.0,169203.0,0.0
Yu Hsiou Hsu,25,169135.0,159350.0,9785.0
Marius Copil,25,168891.0,154059.0,14832.0
Geoffrey Blancaneaux,27,168802.0,134693.0,34109.0
Prajnesh Gunneswaran,29,168741.0,158566.0,10175.0
Simone Bolelli,34,168678.0,96402.0,72276.0
Alibek Kachmazov,23,168540.0,166940.0,1600.0
Ernesto Escobedo,22,168071.0,167531.0,540.0
Tatsuma Ito,31,168005.0,167484.0,521.0
Nicolas Jarry,22,167694.0,159234.0,8460.0
Dmitry Tursunov,34,167666.0,154898.0,12768.0
Mitchell Krueger,25,167336.0,152583.0,14753.0
Nick Kyrgios,30,167233.0,148315.0,18918.0
Yuichi Sugita,27,166894.0,165717.0,1177.0
Camilo Ugo Carabelli,24,166829.0,161901.0,4928.0
Kaichi Uchida,29,166688.0,154782.0,11906.0
Ivan Gakhov,27,166578.0,164333.0,2245.0
Luke Saville,28,166455.0,12705.0,153750.0
Frederico Ferreira Silva,28,166324.0,161437.0,4887.0
Horacio Zeballos,30,166097.0,120811.0,45286.0
Maxime Janvier,28,165957.0,158601.0,7356.0
Emil Ruusuvuori,26,165924.0,146318.0,19606.0
Ramkumar Ramanathan,25,165687.0,145639.0,20048.0
Felipe Meligeni Alves,24,165467.0,122859.0,42608.0
Yosuke Watanuki,26,165230.0,164445.0,785.0
Go Soeda,35,164740.0,164020.0,720.0
Ugo Blanchet,25,164612.0,158969.0,5643.0
Oriol Roca Batalla,31,164313.0,148014.0,16299.0
Jason Jung,29,164219.0,159598.0,4621.0
Andrea Arnaboldi,28,164213.0,152810.0,11403.0
Di Wu,26,164055.0,141015.0,23040.0
Nikoloz Basilashvili,31,163909.0,163909.0,0.0
Liam Broady,24,163689.0,143260.0,20429.0
Matteo Gigante,21,163402.0,160160.0,3242.0
Stefano Napolitano,22,163389.0,152888.0,10501.0
Guy Den Ouden,23,162967.0,162367.0,600.0
Riccardo Bonadio,30,162375.0,156272.0,6103.0
Marco Trungelliti,29,162220.0,162220.0,0.0
Albert Ramos-Vinolas,37,162181.0,162181.0,0.0
Sascha Gueymard Wayenburg,22,161765.0,160446.0,1319.0
Jay Clarke,24,161691.0,150811.0,10880.0
Albert Montanes,35,161420.0,151193.0,10227.0
Federico Agustin Gomez,28,161236.0,137312.0,23924.0
Duje Ajdukovic,24,161124.0,160330.0,794.0
James McCabe,21,160636.0,147163.0,13473.0
Tobias Kamke,30,160600.0,157666.0,2934.0
Marco Cecchinato,23,160575.0,145162.0,15413.0
Daniil Medvedev,20,160555.0,150270.0,10285.0
Maximo Gonzalez,33,160499.0,95837.0,64662.0
Mirza Basic,28,159649.0,151177.0,8472.0
Jesper de Jong,22,159628.0,143737.0,15891.0
Eliot Spizzirri,23,159550.0,154020.0,5530.0
Renzo Olivo,30,159366.0,150182.0,9184.0
Jurgen Melzer,37,159365.0,102038.0,57327.0
Omar Jasika,27,159303.0,157188.0,2115.0
Marco Trungelliti,32,159057.0,158782.0,275.0
Damir Dzumhur,30,158585.0,154449.0,4136.0
Manuel Guinard,29,158350.0,71183.0,87167.0
Alessandro Giannessi,26,158211.0,148490.0,9721.0
Patrick Kypson,24,157979.0,156620.0,1359.0
Jozef Kovalik,33,157948.0,157660.0,288.0
Marco Trungelliti,27,157890.0,153809.0,4081.0
Carlos Berlocq,35,157815.0,148981.0,8834.0
Clement Chidekh,24,157678.0,143608.0,14070.0
Andrea Pellegrino,27,157352.0,133266.0,24086.0
Arthur Bouquier,25,157081.0,152741.0,4340.0
Roberto Carballes Baena,23,156599.0,149433.0,7166.0
Gijs Brouwer,28,156595.0,150847.0,5748.0
Henrique Rocha,20,156073.0,145274.0,10799.0
Pedro Sousa,31,156040.0,149895.0,6145.0
Thanasi Kokkinakis,29,155723.0,143435.0,12288.0
Fajing Sun,29,155554.0,145111.0,10443.0
Zhizhen Zhang,23,155348.0,148968.0,6380.0
Murkel Dellien,28,155149.0,144659.0,10490.0
Go Soeda,33,155146.0,150392.0,4754.0
Lukas Rosol,32,155127.0,150488.0,4639.0
Jaime Faria,21,154653.0,145016.0,9637.0
Facundo Bagnis,28,154503.0,145773.0,8730.0
Santiago Rodriguez Taverna,23,154486.0,147551.0,6935.0
Bjorn Fratangelo,29,154457.0,153377.0,1080.0
Juan Manuel Cerundolo,23,154367.0,152815.0,1552.0
Austin Krajicek,28,153954.0,11580.0,142374.0
Alexey Vatutin,27,153719.0,152546.0,1173.0
Skander Mansouri,29,153706.0,7998.0,145708.0
Facundo Mena,30,153587.0,144613.0,8974.0
Michael Berrer,36,153543.0,150509.0,3034.0
Oliver Tarvet,22,153280.0,153280.0,0.0
Alexander Ritschard,29,153238.0,149497.0,3741.0
Charles Broom,26,153182.0,125684.0,27498.0
Kyle Edmund,28,152948.0,152948.0,0.0
Denis Kudla,32,152794.0,149704.0,3090.0
Dane Sweeny,22,152550.0,133987.0,18563.0
Jiri Vesely,31,152534.0,151025.0,1509.0
Joris De Loore,30,152404.0,149440.0,2964.0
Antoine Escoffier,31,152326.0,143144.0,9182.0
Mark Lajal,21,151344.0,148462.0,2882.0
Altug Celikbilek,26,151341.0,141057.0,10284.0
Alessandro Giannessi,32,151277.0,148924.0,2353.0
Aleksandr Nedovyesov,28,151211.0,138644.0,12567.0
Di Wu,25,151187.0,135221.0,15966.0
Mariano Navone,22,151118.0,147657.0,3461.0
Vincent Millot,30,150956.0,137734.0,13222.0
Maxime Janvier,23,150956.0,147263.0,3693.0
Christian Harrison,24,150884.0,124996.0,25888.0
Franco Agamenone,30,150658.0,144619.0,6039.0
Adam Pavlasek,24,150654.0,148349.0,2305.0
Cristian Garin,22,150318.0,148427.0,1891.0
Stefano Travaglia,31,149970.0,141710.0,8260.0
Edas Butvilas,21,149695.0,145646.0,4049.0
Guido Andreozzi,33,149487.0,16667.0,132820.0
Ethan Quinn,20,149378.0,141535.0,7843.0
Thiago Monteiro,22,149336.0,143966.0,5370.0
Dane Sweeny,23,149158.0,132145.0,17013.0
Alvaro Guillen Meza,22,148842.0,143900.0,4942.0
Adolfo Daniel Vallejo,21,148801.0,144243.0,4558.0
Michael Mmoh,19,148600.0,147330.0,1270.0
Henry Searle,19,148542.0,136953.0,11589.0
Steven Diez,31,148130.0,32084.0,116046.0
Alexei Popyrin,19,148075.0,147265.0,810.0
Benoit Paire,35,148042.0,144336.0,3706.0
Santiago Rodriguez Taverna,26,147994.0,130441.0,17553.0
Adrian Menendez-Maceiras,30,147984.0,127869.0,20115.0
Kenny De Schepper,29,147832.0,137645.0,10187.0
Franko Skugor,29,147729.0,124628.0,23101.0
Daniel Elahi Galan,23,147504.0,145674.0,1830.0
Yannick Hanfmann,26,147429.0,144674.0,2755.0
Marcelo Arevalo,29,147404.0,50047.0,97357.0
Jay Clarke,20,147239.0,137311.0,9928.0
Yasutaka Uchiyama,25,146986.0,92036.0,54950.0
Ze Zhang,25,146968.0,130274.0,16694.0
Marco Trungelliti,33,146916.0,142475.0,4441.0
Norbert Gombos,28,146867.0,144552.0,2315.0
Mitchell Krueger,24,146865.0,139105.0,7760.0
Thiemo de Bakker,27,146691.0,139122.0,7569.0
Alastair Gray,24,146658.0,134818.0,11840.0
Attila Balazs,31,146653.0,145025.0,1628.0
Kamil Majchrzak,28,146492.0,145003.0,1489.0
Yuki Bhambri,25,146265.0,140913.0,5352.0
Andrea Collarini,31,146065.0,137564.0,8501.0
Alexander Shevchenko,22,145666.0,140531.0,5135.0
Ruben Bemelmans,31,145446.0,133552.0,11894.0
Marius Copil,26,144678.0,139268.0,5410.0
Ernesto Escobedo,20,144352.0,144172.0,180.0
Denis Kudla,25,144223.0,130621.0,13602.0
Facundo Mena,33,143830.0,128249.0,15581.0
Timofey Skatov,21,143822.0,142106.0,1716.0
Alex Bolt,30,143710.0,110716.0,32994.0
Daniel Rincon,22,143326.0,131955.0,11371.0
Filip Misolic,21,143279.0,142688.0,591.0
Daniel Rincon,21,143170.0,120342.0,22828.0
Pablo Carreno Busta,32,143059.0,143059.0,0.0
Constant Lestienne,33,142857.0,142567.0,290.0
Darian King,27,142614.0,130264.0,12350.0
Francesco Maestrelli,21,142162.0,133947.0,8215.0
Guido Pella,25,142094.0,135533.0,6561.0
Zsombor Piros,25,142070.0,141596.0,474.0
Gastao Elias,32,142032.0,139560.0,2472.0
Jan Satral,26,141874.0,136062.0,5812.0
Aziz Dougaz,27,141786.0,137487.0,4299.0
Michael Mmoh,27,141689.0,139839.0,1850.0
Ethan Quinn,19,141624.0,123030.0,18594.0
Bjorn Fratangelo,22,141565.0,130688.0,10877.0
Jack Sock,31,141462.0,59960.0,81502.0
Laslo Djere,22,141448.0,139601.0,1847.0
Thiago Agustin Tirante,21,141289.0,134716.0,6573.0
John-Patrick Smith,30,141168.0,69131.0,72037.0
Alexis Galarneau,24,141143.0,129955.0,11188.0
Facundo Bagnis,35,141075.0,140785.0,290.0
Li Tu,27,141035.0,125037.0,15998.0
Martin Landaluce,18,140951.0,140951.0,0.0
Yuki Bhambri,30,140755.0,109551.0,31204.0
Santiago Giraldo,31,140477.0,138931.0,1546.0
Adrian Menendez-Maceiras,33,140269.0,133294.0,6975.0
Blaz Rola,29,140037.0,136437.0,3600.0
Nicolas Barrientos,38,139938.0,3660.0,136278.0
Brayden Schnur,27,139877.0,129833.0,10044.0
Oscar Otte,25,139785.0,133409.0,6376.0
Mohamed Safwat,28,139677.0,134493.0,5184.0
Salvatore Caruso,26,139675.0,133731.0,5944.0
Akira Santillan,20,139498.0,133498.0,6000.0
Mitchell Krueger,23,139363.0,130818.0,8545.0
Vit Kopriva,25,139279.0,132496.0,6783.0
Andrey Rublev,19,139261.0,131887.0,7374.0
Gastao Elias,28,138959.0,133736.0,5223.0
Joris De Loore,31,138944.0,138139.0,805.0
Michael Venus,28,138817.0,17235.0,121582.0
Jozef Kovalik,25,138556.0,132279.0,6277.0
Alexander Bublik,21,138300.0,131288.0,7012.0
Alexander Kudryavtsev,31,138232.0,117597.0,20635.0
Mathias Bourgue,22,138217.0,129685.0,8532.0
Matteo Martineau,25,137999.0,128703.0,9296.0
Mikhail Kukushkin,35,137204.0,134424.0,2780.0
Dustin Brown,35,137108.0,119135.0,17973.0
Tristan Lamasine,23,136952.0,103137.0,33815.0
Lukas Lacko,32,136525.0,136525.0,0.0
Facundo Bagnis,29,136336.0,125179.0,11157.0
Maximilian Marterer,30,135922.0,135922.0,0.0
Yannick Hanfmann,28,135921.0,135741.0,180.0
Zsombor Piros,23,135790.0,135493.0,297.0
Gauthier Onclin,22,135619.0,133144.0,2475.0
Blaz Kavcic,31,135339.0,133084.0,2255.0
Teymuraz Gabashvili,32,135174.0,128665.0,6509.0
Matthew Barton,25,135150.0,131850.0,3300.0
Dustin Brown,34,135086.0,120014.0,15072.0
Nicolas Mejia,25,135086.0,123136.0,11950.0
Norbert Gombos,29,135069.0,134716.0,353.0
Murkel Dellien,27,135058.0,122960.0,12098.0
Guido Andreozzi,32,134962.0,67724.0,67238.0
Marc Polmans,21,134879.0,116764.0,18115.0
Stefano Napolitano,30,134681.0,131221.0,3460.0
Sebastian Ofner,23,134660.0,124303.0,10357.0
Brydan Klein,27,134543.0,105222.0,29321.0
Pablo Llamas Ruiz,21,134201.0,131638.0,2563.0
Riccardo Bonadio,29,134200.0,131400.0,2800.0
Yi Zhou,19,134055.0,103393.0,30662.0
Alex Bolt,24,133947.0,81030.0,52917.0
Pol Martin Tiffon,26,133413.0,132866.0,547.0
Elias Ymer,23,133368.0,126727.0,6641.0
Andreas Haider-Maurer,30,133054.0,117807.0,15247.0
Nick Hardt,24,132500.0,129685.0,2815.0
Stefan Dostanic,24,132447.0,131132.0,1315.0
Matteo Martineau,26,132362.0,123510.0,8852.0
Miomir Kecmanovic,19,132001.0,128231.0,3770.0
Donald Young,30,131811.0,123156.0,8655.0
Luke Saville,21,131443.0,119124.0,12319.0
Stephane Robert,35,131272.0,125974.0,5298.0
Taro Daniel,22,131255.0,130284.0,971.0
Attila Balazs,34,131233.0,131233.0,0.0
Facundo Bagnis,25,131179.0,123072.0,8107.0
Dennis Novikov,24,131153.0,121563.0,9590.0
Elias Ymer,21,130896.0,123167.0,7729.0
Francisco Comesana,23,130864.0,128448.0,2416.0
Benjamin Bonzi,21,130862.0,122529.0,8333.0
Guido Andreozzi,25,130737.0,121878.0,8859.0
Ruben Bemelmans,28,130360.0,125381.0,4979.0
Yu Hsiou Hsu,26,130286.0,107551.0,22735.0
Darian King,26,130089.0,118132.0,11957.0
Henri Squire,25,130032.0,129200.0,832.0
Valentin Royer,23,129952.0,128395.0,1557.0
Stefano Travaglia,34,129886.0,121993.0,7893.0
Adrian Menendez-Maceiras,34,129885.0,124854.0,5031.0
Alexandre Muller,25,129759.0,126696.0,3063.0
Alessandro Giannessi,28,129444.0,123543.0,5901.0
Dmitry Popko,26,129264.0,124869.0,4395.0
Enzo Couacaud,29,128856.0,124425.0,4431.0
Oliver Crawford,25,128808.0,113816.0,14992.0
Viktor Durasovic,28,128808.0,123108.0,5700.0
Roberto Carballes Baena,24,128748.0,123833.0,4915.0
Lucas Miedler,26,128724.0,26021.0,102703.0
Mats Moraing,30,128696.0,126775.0,1921.0
Federico Delbonis,33,128591.0,126926.0,1665.0
Henri Laaksonen,24,128482.0,121563.0,6919.0
Juan Pablo Ficovich,26,128474.0,123267.0,5207.0
Nicolas Kicker,30,128317.0,127653.0,664.0
Noah Rubin,20,127854.0,119924.0,7930.0
Tallon Griekspoor,23,127782.0,125552.0,2230.0
Liam Broady,21,127553.0,115703.0,11850.0
John-Patrick Smith,27,127552.0,78413.0,49139.0
Kaichi Uchida,28,127540.0,111396.0,16144.0
Enzo Couacaud,24,127530.0,110267.0,17263.0
Matthias Bachinger,28,127508.0,127081.0,427.0
Seongchan Hong,26,127274.0,122371.0,4903.0
Christian Harrison,28,127253.0,119730.0,7523.0
Ze Zhang,28,127120.0,83368.0,43752.0
Steven Diez,28,126864.0,121254.0,5610.0
Tatsuma Ito,29,126793.0,124423.0,2370.0
Juan Ignacio Londero,29,126438.0,123953.0,2485.0
Antoine Bellier,27,126433.0,121864.0,4569.0
Norbert Gombos,33,126335.0,126335.0,0.0
Kenny De Schepper,30,126330.0,116303.0,10027.0
Alessandro Giannessi,33,126297.0,118188.0,8109.0
Dalibor Svrcina,22,125737.0,121339.0,4398.0
Rio Noguchi,24,125424.0,113568.0,11856.0
Arthur Gea,20,125370.0,113811.0,11559.0
Alibek Kachmazov,22,125293.0,121314.0,3979.0
Mardy Fish,34,125280.0,110245.0,15035.0
Hiroki Moriya,25,125238.0,121590.0,3648.0
Mirza Basic,26,124991.0,121670.0,3321.0
Nicholas David Ionel,21,124973.0,120058.0,4915.0
Calvin Hemery,29,124844.0,118792.0,6052.0
Elias Ymer,20,124591.0,105991.0,18600.0
Aleksandar Kovacevic,24,124302.0,117322.0,6980.0
Rio Noguchi,27,124292.0,107145.0,17147.0
Nino Serdarusic,26,124250.0,119488.0,4762.0
Egor Gerasimov,31,124237.0,118983.0,5254.0
Arthur De Greef,25,124056.0,121330.0,2726.0
Federico Gaio,31,123910.0,117907.0,6003.0
Mathias Bourgue,23,123536.0,116165.0,7371.0
Tommy Robredo,36,123206.0,116164.0,7042.0
Mirza Basic,25,123093.0,120475.0,2618.0
Michael Mmoh,21,122835.0,120605.0,2230.0
Hugo Nys,28,122549.0,22969.0,99580.0
Martin Damm,21,122061.0,118558.0,3503.0
Philipp Petzschner,31,121912.0,15026.0,106886.0
Joao Domingues,26,121879.0,117969.0,3910.0
Andrea Pellegrino,25,121622.0,116874.0,4748.0
Matthias Bachinger,32,121590.0,120053.0,1537.0
Nishesh Basavareddy,19,121460.0,119085.0,2375.0
Yi Zhou,20,121408.0,114448.0,6960.0
Ze Zhang,26,121310.0,87530.0,33780.0
Renzo Olivo,31,121204.0,110670.0,10534.0
Juan Pablo Ficovich,25,121101.0,115493.0,5608.0
Brandon Holt,26,120890.0,119315.0,1575.0
Facundo Arguello,23,120866.0,110841.0,10025.0
Sumit Nagal,26,120713.0,116398.0,4315.0
Moez Echargui,32,120638.0,119745.0,893.0
Egor Gerasimov,26,120577.0,120577.0,0.0
Federico Gaio,26,120126.0,108001.0,12125.0
Vincent Millot,29,120121.0,117854.0,2267.0
Evan King,26,120085.0,90244.0,29841.0
Alexander Erler,25,119973.0,12837.0,107136.0
Jenson Brooksby,19,119855.0,119237.0,618.0
Mats Moraing,27,119713.0,118115.0,1598.0
Santiago Giraldo,32,119638.0,118838.0,800.0
Marton Fucsovics,24,119592.0,117220.0,2372.0
Arthur Fery,22,119216.0,99736.0,19480.0
Marsel Ilhan,29,119216.0,118946.0,270.0
Tung-Lin Wu,24,118730.0,111104.0,7626.0
Tobias Kamke,29,118703.0,110665.0,8038.0
Julien Benneteau,34,118644.0,74679.0,43965.0
Yuki Bhambri,23,118565.0,110685.0,7880.0
Gianluca Mager,25,118485.0,114004.0,4481.0
Kasidit Samrej,24,118356.0,115705.0,2651.0
Ramkumar Ramanathan,23,118224.0,111048.0,7176.0
Andrea Arnaboldi,32,118206.0,115250.0,2956.0
Radek Stepanek,39,118181.0,94064.0,24117.0
Pierre-Hugues Herbert,31,117912.0,65910.0,52002.0
Jakub Paul,26,117868.0,42932.0,74936.0
Antoine Escoffier,33,117269.0,112144.0,5125.0
Santiago Rodriguez Taverna,24,116882.0,97963.0,18919.0
Christopher Eubanks,21,116815.0,97890.0,18925.0
Jason Kubler,26,116720.0,116720.0,0.0
Dalibor Svrcina,20,116519.0,110844.0,5675.0
Frances Tiafoe,17,116492.0,114407.0,2085.0
Guido Andreozzi,26,116482.0,100542.0,15940.0
Constant Lestienne,26,116202.0,106591.0,9611.0
Alexey Vatutin,26,116137.0,114321.0,1816.0
Thomaz Bellucci,31,116126.0,110261.0,5865.0
Ze Zhang,27,116120.0,91205.0,24915.0
Maximilian Neuchrist,32,116059.0,103063.0,12996.0
Vilius Gaubas,20,116028.0,115598.0,430.0
Michael Mmoh,26,115959.0,114154.0,1805.0
Thomas Fabbiano,33,115952.0,114459.0,1493.0
Tim Puetz,31,115849.0,18439.0,97410.0
Francesco Maestrelli,22,115320.0,107808.0,7512.0
Antoine Bellier,26,115187.0,110874.0,4313.0
Kevin King,27,115013.0,104663.0,10350.0
Arthur Fery,21,114733.0,113508.0,1225.0
Cem Ilkel,28,114663.0,113561.0,1102.0
Pedro Martinez,21,114487.0,100591.0,13896.0
Joao Lucas Reis Da Silva,25,114483.0,106649.0,7834.0
Stefan Kozlov,18,114452.0,104851.0,9601.0
Henry Searle,18,114411.0,103686.0,10725.0
Sumit Nagal,22,114409.0,113009.0,1400.0
Filip Horansky,29,114380.0,114380.0,0.0
Mate Pavic,22,114349.0,12084.0,102265.0
Alex Bolt,29,114200.0,102266.0,11934.0
Rogerio Dutra Silva,35,114068.0,79651.0,34417.0
Yosuke Watanuki,21,114062.0,112062.0,2000.0
Vitaliy Sachko,26,114013.0,103952.0,10061.0
Peter Polansky,28,113741.0,99391.0,14350.0
Mischa Zverev,28,113674.0,99071.0,14603.0
Billy Harris,28,113517.0,107699.0,5818.0
Frederik Nielsen,35,113268.0,5606.0,107662.0
Christopher Eubanks,22,113254.0,98589.0,14665.0
Zdenek Kolar,22,113238.0,104313.0,8925.0
Matheus Pucinelli De Almeida,21,113187.0,107576.0,5611.0
Reilly Opelka,19,112870.0,106786.0,6084.0
Saketh Myneni,29,112722.0,104322.0,8400.0
Dan Added,24,112673.0,69010.0,43663.0
Andres Martin,24,112218.0,104772.0,7446.0
Yunchaokete Bu,21,112176.0,104721.0,7455.0
Cedrik-Marcel Stebe,32,112011.0,111068.0,943.0
Nicola Kuhn,22,111936.0,110985.0,951.0
Sebastian Ofner,22,111824.0,109754.0,2070.0
Filippo Baldi,23,111699.0,103450.0,8249.0
Evan King,25,111574.0,96925.0,14649.0
Alejandro Gonzalez,27,111398.0,101820.0,9578.0
Juan Ignacio Londero,25,111383.0,106141.0,5242.0
Konstantin Kravchuk,30,111359.0,99063.0,12296.0
Jason Kubler,31,111295.0,92130.0,19165.0
Stefano Travaglia,33,111083.0,106859.0,4224.0
Benjamin Bonzi,22,110861.0,89701.0,21160.0
Brydan Klein,25,110763.0,102219.0,8544.0
Michael Zheng,21,110650.0,106910.0,3740.0
Pedro Sousa,29,110548.0,109828.0,720.0
Alexis Galarneau,25,110530.0,101827.0,8703.0
Gastao Elias,25,110403.0,101836.0,8567.0
Tommy Robredo,34,110242.0,100835.0,9407.0
Pablo Andujar,30,110155.0,86964.0,23191.0
Hiroki Moriya,29,110127.0,104157.0,5970.0
Max Purcell,21,109956.0,64062.0,45894.0
Constant Lestienne,27,109550.0,107970.0,1580.0
Hugo Nys,27,109138.0,5625.0,103513.0
Aziz Dougaz,26,109136.0,103390.0,5746.0
James Ward,29,109072.0,102078.0,6994.0
Lucas Pouille,31,108661.0,106962.0,1699.0
Ernesto Escobedo,23,108414.0,106974.0,1440.0
Jason Jung,33,108078.0,107538.0,540.0
Garrett Johns,25,107826.0,101991.0,5835.0
Pedro Sousa,30,107758.0,101177.0,6581.0
Learner Tien,18,107709.0,106469.0,1240.0
Luca Vanni,33,107666.0,103661.0,4005.0
Kimmer Coppejans,21,107661.0,104751.0,2910.0
Marco Chiudinelli,36,107358.0,92614.0,14744.0
Santiago Rodriguez Taverna,25,107192.0,94022.0,13170.0
Lukas Rosol,37,106975.0,100578.0,6397.0
Andrea Arnaboldi,28,106726.0,89981.0,16745.0
Viktor Galovic,29,106589.0,105451.0,1138.0
Nikola Milojevic,23,106551.0,99285.0,7266.0
Noah Rubin,21,106499.0,105479.0,1020.0
Andrea Collarini,30,106252.0,96087.0,10165.0
Hugo Dellien,25,106130.0,96763.0,9367.0
Gregoire Barrere,22,106130.0,87634.0,18496.0
Yibing Wu,19,106040.0,104910.0,1130.0
Nicola Kuhn,19,106027.0,105081.0,946.0
Pedro Sousa,34,105742.0,104769.0,973.0
Gustavo Heide,23,105611.0,100821.0,4790.0
Gregoire Barrere,31,105529.0,93745.0,11784.0
Lukas Klein,24,105477.0,103616.0,1861.0
Nicolas Kicker,24,104654.0,97361.0,7293.0
Go Soeda,32,104599.0,100907.0,3692.0
Alessandro Giannessi,29,104192.0,102287.0,1905.0
Ernesto Escobedo,27,104117.0,101250.0,2867.0
Jonathan Eysseric,27,104093.0,38566.0,65527.0
Inigo Cervantes,26,104036.0,96929.0,7107.0
Stefano Napolitano,23,103954.0,102489.0,1465.0
Tobias Kamke,31,103874.0,102890.0,984.0
Luca Vanni,32,103723.0,100525.0,3198.0
Tatsuma Ito,28,103710.0,101220.0,2490.0
George Loffhagen,22,103390.0,103210.0,180.0
Nikola Milojevic,24,103377.0,101379.0,1998.0
Michael Mmoh,18,103218.0,103038.0,180.0
Zdenek Kolar,29,103177.0,84953.0,18224.0
Viktor Galovic,28,103084.0,101963.0,1121.0
Ricardas Berankis,33,103003.0,103003.0,0.0
Jerzy Janowicz,26,102997.0,94252.0,8745.0
Diego Dedura,17,102964.0,102643.0,321.0
Tobias Kamke,33,102852.0,102503.0,349.0
Uladzimir Ignatik,27,102543.0,96982.0,5561.0
Alexander Blockx,19,102542.0,100481.0,2061.0
Mackenzie McDonald,22,102381.0,92706.0,9675.0
Peter Gojowczyk,26,102258.0,92488.0,9770.0
Guilherme Clezar,23,102018.0,90813.0,11205.0
Vitaliy Sachko,27,102015.0,89034.0,12981.0
Kyle Edmund,27,101990.0,101990.0,0.0
Kenny De Schepper,31,101851.0,97218.0,4633.0
Jurgen Melzer,35,101736.0,67594.0,34142.0
Luke Saville,22,101676.0,82105.0,19571.0
Gonzalo Oliveira,23,101661.0,78219.0,23442.0
Duckhee Lee,20,101639.0,100469.0,1170.0
Nick Hardt,23,101395.0,94267.0,7128.0
Vaclav Safranek,23,101160.0,96090.0,5070.0
Norbert Gombos,25,101141.0,94132.0,7009.0
Patrick Zahraj,26,101133.0,85204.0,15929.0
Matwe Middelkoop,33,101104.0,3144.0,97960.0
Daniel Rincon,20,101001.0,83661.0,17340.0
Emilio Gomez,28,100991.0,97605.0,3386.0
Go Soeda,34,100918.0,97588.0,3330.0
Max Purcell,20,100884.0,70915.0,29969.0
Juan Pablo Ficovich,27,100821.0,95082.0,5739.0
Dane Sweeny,24,100536.0,94646.0,5890.0
Zhe Li,32,100241.0,72991.0,27250.0
Duckhee Lee,19,100154.0,96964.0,3190.0
Adam Walton,24,100139.0,83896.0,16243.0
Dominik Koepfer,31,100021.0,100021.0,0.0
Alex Barrena,23,99957.0,98533.0,1424.0
Jan Satral,27,99936.0,95111.0,4825.0
Federico Gaio,27,99920.0,97926.0,1994.0
Steven Diez,25,99908.0,97020.0,2888.0
Dmitry Popko,28,99824.0,92516.0,7308.0
Luke Saville,29,99554.0,53607.0,45947.0
Yuta Shimizu,25,99550.0,84181.0,15369.0
Gian Marco Moroni,24,99478.0,98125.0,1353.0
Uladzimir Ignatik,28,99476.0,95213.0,4263.0
Jurgen Melzer,36,99453.0,80169.0,19284.0
Luka Mikrut,21,99441.0,89374.0,10067.0
Andrey Kuznetsov,31,99396.0,98198.0,1198.0
Rudolf Molleker,18,99157.0,95737.0,3420.0
Brayden Schnur,23,99109.0,94303.0,4806.0
Joao Souza,28,98986.0,84751.0,14235.0
Antoine Hoang,23,98960.0,86982.0,11978.0
Yuta Shimizu,24,98893.0,89230.0,9663.0
Enrique Lopez Perez,28,98755.0,89347.0,9408.0
Tommy Paul,19,98720.0,81077.0,17643.0
Mackenzie McDonald,21,98538.0,82188.0,16350.0
Joel Schwaerzler,19,98381.0,75536.0,22845.0
Ricardo Ojeda Lara,25,98228.0,95729.0,2499.0
Radu Albot,36,98161.0,95780.0,2381.0
Alexander Kudryavtsev,30,98111.0,87169.0,10942.0
Peter Gojowczyk,27,98089.0,96698.0,1391.0
Luca Vanni,31,98067.0,94448.0,3619.0
Daniel Brands,30,97964.0,97964.0,0.0
Orlando Luz,26,97878.0,25110.0,72768.0
Gerald Melzer,25,97799.0,94784.0,3015.0
Tyler Zink,24,97794.0,88469.0,9325.0
Aleksandr Nedovyesov,29,97772.0,89159.0,8613.0
Mohamed Safwat,27,97399.0,93974.0,3425.0
Ryan Peniston,30,97376.0,94699.0,2677.0
Hamish Stewart,26,97249.0,87122.0,10127.0
Kevin Krawietz,26,97234.0,34715.0,62519.0
Bradley Klahn,27,97207.0,79247.0,17960.0
Mats Moraing,26,97014.0,90784.0,6230.0
Thomas Fabbiano,26,97004.0,91482.0,5522.0
Stefano Napolitano,24,96964.0,96791.0,173.0
Andrea Arnaboldi,34,96588.0,95441.0,1147.0
Jurgen Zopp,27,96478.0,88683.0,7795.0
Tim Smyczek,32,96449.0,86414.0,10035.0
Mitchell Krueger,29,96441.0,85345.0,11096.0
Dominik Koepfer,24,96304.0,94394.0,1910.0
Yasutaka Uchiyama,26,96222.0,68691.0,27531.0
Kamil Majchrzak,22,96220.0,92501.0,3719.0
Guillermo Duran,29,96166.0,4472.0,91694.0
Zhe Li,30,95701.0,78204.0,17497.0
Javier Barranco Cosano,26,95640.0,89201.0,6439.0
Andrej Martin,29,95639.0,83769.0,11870.0
Matej Dodig,20,95522.0,86571.0,8951.0
Beibit Zhukayev,23,95516.0,94792.0,724.0
Andrew Harris,25,95312.0,87642.0,7670.0
Andrej Martin,33,95255.0,81718.0,13537.0
Mohamed Safwat,29,95127.0,91140.0,3987.0
Dan Added,26,95119.0,79973.0,15146.0
Ryan Seggerman,25,95041.0,25991.0,69050.0
William Blumberg,24,94952.0,9010.0,85942.0
Albano Olivetti,25,94929.0,70082.0,24847.0
Martin Damm,20,94622.0,79175.0,15447.0
Pablo Llamas Ruiz,22,94602.0,93856.0,746.0
Oscar Otte,24,94558.0,86914.0,7644.0
Grega Zemlja,30,94453.0,93273.0,1180.0
Matteo Donati,20,94279.0,84599.0,9680.0
Tatsuma Ito,30,93951.0,91341.0,2610.0
Andre Begemann,33,93938.0,3650.0,90288.0
Yosuke Watanuki,24,93725.0,92579.0,1146.0
Enrique Lopez Perez,27,93636.0,78007.0,15629.0
Raphael Collignon,22,93610.0,90235.0,3375.0
Antoine Escoffier,30,93556.0,90502.0,3054.0
Dane Sweeny,21,93497.0,61451.0,32046.0
Maxime Janvier,22,93420.0,90619.0,2801.0
Jelle Sels,28,93317.0,89368.0,3949.0
Andrej Martin,30,93151.0,90209.0,2942.0
Brydan Klein,26,93065.0,77087.0,15978.0
Li Tu,26,92885.0,63333.0,29552.0
Andres Molteni,28,92802.0,3280.0,89522.0
Tristan Schoolkate,22,92548.0,76280.0,16268.0
Gleb Sakharov,29,92446.0,90153.0,2293.0
Michael Geerts,28,92367.0,78072.0,14295.0
Roberto Carballes Baena,22,92271.0,85713.0,6558.0
Geoffrey Blancaneaux,26,92080.0,75160.0,16920.0
Nicolas Barrientos,35,92041.0,15649.0,76392.0
Dennis Novikov,22,92013.0,73351.0,18662.0
Hiroki Moriya,26,91945.0,89519.0,2426.0
Maximo Gonzalez,34,91913.0,65665.0,26248.0
Vaclav Safranek,24,91905.0,89975.0,1930.0
Tallon Griekspoor,22,91901.0,90835.0,1066.0
Altug Celikbilek,27,91594.0,90230.0,1364.0
Fernando Verdasco,40,91525.0,91080.0,445.0
Geoffrey Blancaneaux,19,91466.0,86426.0,5040.0
Paul Jubb,26,91453.0,91163.0,290.0
Evan Furness,24,91166.0,88421.0,2745.0
Pedja Krstin,25,91164.0,88404.0,2760.0
Michail Pervolarakis,26,91129.0,71924.0,19205.0
Andrea Collarini,32,90947.0,83145.0,7802.0
Philip Sekulic,20,90924.0,90924.0,0.0
Khumoyun Sultanov,27,90899.0,87310.0,3589.0
Benjamin Hassan,28,90879.0,88695.0,2184.0
Guilherme Clezar,22,90850.0,84680.0,6170.0
Marcelo Arevalo,26,90522.0,65189.0,25333.0
Mikael Torpegaard,25,90394.0,90394.0,0.0
Cristian Garin,21,90297.0,87774.0,2523.0
Marcelo Arevalo,27,90186.0,67250.0,22936.0
Joris De Loore,24,90142.0,85841.0,4301.0
Robin Bertrand,22,90016.0,83009.0,7007.0
Raul Brancaccio,25,89985.0,84873.0,5112.0
Juncheng Shang,17,89851.0,89131.0,720.0
Gleb Sakharov,30,89709.0,85505.0,4204.0
Neil Oberleitner,26,89644.0,37067.0,52577.0
Michal Przysiezny,31,89475.0,84875.0,4600.0
Filip Peliwo,24,89207.0,83731.0,5476.0
Duje Ajdukovic,21,89182.0,87520.0,1662.0
Jordi Samper-Montana,26,89182.0,87719.0,1463.0
Nikola Milojevic,22,88866.0,80362.0,8504.0
Ilya Ivashka,22,88812.0,84605.0,4207.0
Federico Gaio,30,88699.0,84732.0,3967.0
Daniel Elahi Galan,22,88648.0,88327.0,321.0
Zdenek Kolar,23,88623.0,79789.0,8834.0
Dino Prizmic,18,88610.0,88514.0,96.0
Luke Saville,25,88608.0,39925.0,48683.0
Tung-Lin Wu,26,88496.0,84336.0,4160.0
Jules Marie,33,88490.0,87413.0,1077.0
Feliciano Lopez,42,88453.0,85730.0,2723.0
Mathys Erhard,24,88313.0,85069.0,3244.0
Dragos Nicolae Madaras,26,88228.0,80432.0,7796.0
Matteo Berrettini,21,88025.0,84668.0,3357.0
Pedja Krstin,24,88007.0,84961.0,3046.0
Nino Serdarusic,27,88005.0,62873.0,25132.0
Roberto Quiroz,26,87966.0,72762.0,15204.0
Stefan Kozlov,20,87958.0,84779.0,3179.0
Luca Vanni,34,87875.0,87605.0,270.0
Omar Jasika,19,87829.0,59831.0,27998.0
Manuel Guinard,28,87802.0,64170.0,23632.0
Lorenzo Giustino,31,87614.0,85846.0,1768.0
Bradley Mousley,21,87597.0,35527.0,52070.0
Stefanos Sakellaridis,19,87490.0,77066.0,10424.0
Tennys Sandgren,32,87484.0,84050.0,3434.0
Hugo Nys,26,87468.0,9957.0,77511.0
Daniel Munoz de la Nava,33,87466.0,82264.0,5202.0
Jay Clarke,26,87392.0,68641.0,18751.0
Lukas Neumayer,22,87106.0,84247.0,2859.0
Kacper Zuk,23,87013.0,83347.0,3666.0
Alex Molcan,27,86943.0,86943.0,0.0
Aldin Setkic,30,86894.0,80952.0,5942.0
JC Aragone,23,86656.0,76792.0,9864.0
Akira Santillan,22,86600.0,79960.0,6640.0
Carlos Taberner,21,86445.0,86125.0,320.0
Nerman Fatic,30,86377.0,84250.0,2127.0
Tiago Pereira,21,86309.0,65833.0,20476.0
Marc Polmans,25,86263.0,66389.0,19874.0
Hiroki Moriya,28,86163.0,80845.0,5318.0
Hans Podlipnik-Castillo,28,86071.0,33640.0,52431.0
Juan Carlos Prado Angelo,20,86049.0,79936.0,6113.0
Adrian Menendez-Maceiras,31,86042.0,79362.0,6680.0
Austin Krajicek,27,86020.0,52680.0,33340.0
Lorenzo Giustino,28,85753.0,83577.0,2176.0
Hiroki Moriya,32,85697.0,84177.0,1520.0
Lorenzo Giustino,32,85626.0,82538.0,3088.0
Filip Horansky,26,85603.0,84905.0,698.0
Oriol Roca Batalla,30,85479.0,64102.0,21377.0
Yasutaka Uchiyama,31,85314.0,72681.0,12633.0
Aleksandr Nedovyesov,32,85247.0,74512.0,10735.0
Daniel Gimeno-Traver,33,85211.0,82804.0,2407.0
Learner Tien,17,85206.0,84225.0,981.0
Nerman Fatic,29,85175.0,81488.0,3687.0
Fajing Sun,28,85099.0,58528.0,26571.0
Mate Valkusz,26,85006.0,85006.0,0.0
Francesco Maestrelli,20,84857.0,81300.0,3557.0
Patrick Maloney,25,84836.0,79182.0,5654.0
Soonwoo Kwon,21,84782.0,84440.0,342.0
Gonzalo Bueno,21,84669.0,82261.0,2408.0
Yibing Wu,25,84595.0,84595.0,0.0
Gijs Brouwer,29,84418.0,84418.0,0.0
Illya Marchenko,37,84051.0,81025.0,3026.0
Mark Lajal,20,83944.0,82390.0,1554.0
Enrique Lopez Perez,25,83851.0,74648.0,9203.0
Amir Weintraub,30,83836.0,79390.0,4446.0
Alexander Sarkissian,26,83822.0,80722.0,3100.0
Denis Yevseyev,30,83816.0,78341.0,5475.0
Andre Ghem,33,83770.0,75998.0,7772.0
Roberto Quiroz,27,83717.0,76471.0,7246.0
Marton Fucsovics,23,83568.0,81562.0,2006.0
Lukas Rosol,33,83482.0,77884.0,5598.0
Fabrice Martin,29,83469.0,18986.0,64483.0
Paul Jubb,20,83159.0,75030.0,8129.0
Alexandre Muller,22,83139.0,79361.0,3778.0
Salvatore Caruso,25,83073.0,75793.0,7280.0
Christoph Negritu,31,83063.0,53292.0,29771.0
Lorenzo Giustino,27,83029.0,78778.0,4251.0
Joao Souza,29,82726.0,71628.0,11098.0
Stefano Napolitano,28,82522.0,81205.0,1317.0
Laslo Djere,21,82517.0,80697.0,1820.0
Rudolf Molleker,23,82421.0,74687.0,7734.0
Duckhee Lee,18,82261.0,80131.0,2130.0
Marko Topo,22,82222.0,79673.0,2549.0
Federico Gaio,25,82179.0,74908.0,7271.0
James Ward,31,82002.0,80673.0,1329.0
Dennis Novikov,25,81998.0,77928.0,4070.0
Genaro Alberto Olivieri,27,81860.0,78114.0,3746.0
Blake Ellis,26,81852.0,65703.0,16149.0
Remy Bertola,27,81834.0,79474.0,2360.0
Federico Gaio,24,81829.0,76508.0,5321.0
Tobias Kamke,32,81783.0,78143.0,3640.0
Ramkumar Ramanathan,30,81754.0,54921.0,26833.0
Lucas Miedler,23,81711.0,72925.0,8786.0
Tristan Lamasine,22,81558.0,60588.0,20970.0
Tennys Sandgren,31,81477.0,77517.0,3960.0
Mirza Basic,31,81377.0,76881.0,4496.0
Nicolas Moreno De Alboran,28,81356.0,80776.0,580.0
Collin Altamirano,23,81341.0,78499.0,2842.0
Liam Broady,23,81264.0,78968.0,2296.0
Clement Tabur,24,81184.0,78463.0,2721.0
Federico Coria,27,81087.0,79349.0,1738.0
Gianluigi Quinzi,21,81033.0,80601.0,432.0
Di Wu,24,81006.0,69022.0,11984.0
Elliot Benchetrit,20,80811.0,74309.0,6502.0
Farrukh Dustov,29,80699.0,75915.0,4784.0
Adrian Andreev,23,80675.0,78404.0,2271.0
Tommy Robredo,37,80668.0,80011.0,657.0
Abdullah Shelbayh,22,80450.0,77625.0,2825.0
Cem Ilkel,24,80140.0,73846.0,6294.0
Thiago Seyboth Wild,22,80102.0,76883.0,3219.0
Illya Marchenko,35,80035.0,75994.0,4041.0
Henri Laaksonen,31,79936.0,79936.0,0.0
Luca Van Assche,18,79772.0,66064.0,13708.0
Andrea Collarini,26,79699.0,76658.0,3041.0
Philip Sekulic,21,79356.0,79081.0,275.0
Nino Serdarusic,22,79352.0,75406.0,3946.0
Tommy Paul,21,79265.0,73715.0,5550.0
Cem Ilkel,27,79203.0,79203.0,0.0
James McCabe,20,79202.0,74298.0,4904.0
Mate Valkusz,25,79091.0,78772.0,319.0
Dennis Novak,23,78871.0,65436.0,13435.0
Franco Agamenone,31,78835.0,73552.0,5283.0
Facundo Diaz Acosta,22,78809.0,69548.0,9261.0
Liam Broady,22,78760.0,72026.0,6734.0
Hiroki Moriya,27,78654.0,75274.0,3380.0
Andrea Arnaboldi,31,78630.0,75692.0,2938.0
Vitaliy Sachko,25,78620.0,71128.0,7492.0
Norbert Gombos,26,78593.0,77812.0,781.0
Somdev Devvarman,30,78188.0,70044.0,8144.0
Carlos Berlocq,36,77880.0,76583.0,1297.0
Denis Yevseyev,32,77872.0,70042.0,7830.0
Ramkumar Ramanathan,22,77858.0,68998.0,8860.0
Aslan Karatsev,22,77840.0,69406.0,8434.0
Blaz Rola,28,77821.0,74503.0,3318.0
Edoardo Lavagno,25,77685.0,75139.0,2546.0
Bradley Mousley,22,77579.0,53844.0,23735.0
Christian Harrison,23,77383.0,64133.0,13250.0
Gonzalo Oliveira,29,77379.0,70143.0,7236.0
Yibing Wu,18,77288.0,59204.0,18084.0
Michael Geerts,30,77007.0,61050.0,15957.0
Gonzalo Oliveira,24,76980.0,45174.0,31806.0
Duje Ajdukovic,22,76883.0,76414.0,469.0
Jan Mertl,33,76577.0,69687.0,6890.0
Blake Mott,21,76535.0,75995.0,540.0
Oriol Roca Batalla,32,76523.0,55966.0,20557.0
Ivan Gakhov,29,76519.0,72071.0,4448.0
Aidan Mayo,21,76473.0,75998.0,475.0
Saba Purtseladze,24,76471.0,71985.0,4486.0
Yannick Maden,28,76418.0,75757.0,661.0
Danilo Petrovic,26,76395.0,69121.0,7274.0
Jordan Thompson,21,76379.0,69986.0,6393.0
Darian King,24,76294.0,70673.0,5621.0
Calvin Hemery,22,76219.0,71881.0,4338.0
Andrej Martin,28,76125.0,71695.0,4430.0
Christian Lindell,24,76118.0,71463.0,4655.0
Evgeny Karlovskiy,25,76077.0,70263.0,5814.0
Daniel Masur,23,76069.0,74414.0,1655.0
Quentin Halys,19,75856.0,68099.0,7757.0
James McGee,30,75668.0,69543.0,6125.0
Di Wu,27,75667.0,55967.0,19700.0
Juan Pablo Varillas,30,75547.0,75547.0,0.0
Dimitar Kuzmanov,32,75402.0,74794.0,608.0
Christopher O'Connell,25,75370.0,72920.0,2450.0
Petros Tsitsipas,25,75339.0,11307.0,64032.0
Daniel Michalski,23,75187.0,74055.0,1132.0
Lorenzo Giustino,34,75184.0,74737.0,447.0
Marco Chiudinelli,34,75163.0,67026.0,8137.0
Evgeny Karlovskiy,24,75151.0,63541.0,11610.0
Marcelo Demoliner,26,75134.0,11910.0,63224.0
Laurent Lokoli,28,75125.0,74585.0,540.0
JC Aragone,24,74998.0,60955.0,14043.0
Antoine Hoang,27,74864.0,69485.0,5379.0
Eliot Spizzirri,22,74722.0,59103.0,15619.0
Andrey Golubev,29,74631.0,62548.0,12083.0
Nikola Mektic,28,74532.0,32734.0,41798.0
Daniel Evans,28,74510.0,73703.0,807.0
Yannick Mertens,29,74505.0,69657.0,4848.0
Ryan Peniston,29,74492.0,70819.0,3673.0
Daniel Masur,30,74492.0,52254.0,22238.0
Filip Krajinovic,24,74435.0,74259.0,176.0
Adrian Ungur,31,74406.0,70631.0,3775.0
Aidan Mayo,20,74267.0,74177.0,90.0
Yosuke Watanuki,20,74235.0,71541.0,2694.0
Evgeny Donskoy,33,74143.0,71884.0,2259.0
Dudi Sela,34,74049.0,71667.0,2382.0
Jan Hernych,36,74002.0,72785.0,1217.0
Nicolas Kicker,32,73851.0,72316.0,1535.0
Marco Cecchinato,33,73760.0,72402.0,1358.0
Attila Balazs,30,73500.0,66188.0,7312.0
Alibek Kachmazov,21,73474.0,70479.0,2995.0
Steven Diez,26,73408.0,68886.0,4522.0
Roberto Quiroz,25,73333.0,65016.0,8317.0
Mikael Ymer,19,73307.0,60150.0,13157.0
Aslan Karatsev,23,73234.0,70168.0,3066.0
Ivan Gakhov,28,73233.0,71872.0,1361.0
Genaro Alberto Olivieri,24,73169.0,68513.0,4656.0
Guilherme Clezar,25,73153.0,70267.0,2886.0
Bradley Klahn,32,73068.0,67993.0,5075.0
Alejandro Falla,33,73044.0,67292.0,5752.0
Alexander Ward,27,72945.0,72495.0,450.0
Alvaro Guillen Meza,21,72930.0,68206.0,4724.0
Mikhail Elgin,36,72886.0,6270.0,66616.0
Federico Bondioli,20,72878.0,40080.0,32798.0
Jelle Sels,27,72843.0,66841.0,6002.0
Daniel Brands,31,72822.0,72023.0,799.0
Matias Soto,25,72804.0,43806.0,28998.0
Jay Clarke,19,72782.0,52457.0,20325.0
Omar Jasika,20,72755.0,70175.0,2580.0
Frank Dancevic,32,72613.0,70775.0,1838.0
Javier Barranco Cosano,27,72481.0,68684.0,3797.0
Egor Gerasimov,25,72256.0,71296.0,960.0
Genaro Alberto Olivieri,26,72229.0,66662.0,5567.0
Malek Jaziri,38,72145.0,61139.0,11006.0
Germain Gigounon,26,72114.0,67964.0,4150.0
Liam Broady,25,72049.0,59917.0,12132.0
Matias Soto,26,71995.0,48972.0,23023.0
Nerman Fatic,31,71987.0,68640.0,3347.0
Marcus Willis,26,71973.0,71491.0,482.0
Jurij Rodionov,20,71813.0,68601.0,3212.0
Liam Draxl,23,71649.0,46509.0,25140.0
Lucas Miedler,22,71424.0,58492.0,12932.0
Raphael Collignon,21,71386.0,70636.0,750.0
Matteo Donati,21,71372.0,65353.0,6019.0
Roman Andres Burruchaga,21,71350.0,62270.0,9080.0
Nicolas Mejia,24,71163.0,63298.0,7865.0
Tomislav Brkic,28,71117.0,57783.0,13334.0
Nicolas Moreno De Alboran,25,71074.0,70779.0,295.0
Corentin Moutet,18,70808.0,58270.0,12538.0
Maxime Cressy,22,70619.0,50661.0,19958.0
Daniel Brands,32,70590.0,70330.0,260.0
David Guez,33,70509.0,66576.0,3933.0
Mitchell Krueger,22,70445.0,57340.0,13105.0
Lleyton Hewitt,35,70428.0,45955.0,24473.0
James Trotter,25,70405.0,53821.0,16584.0
Max Houkes,25,70338.0,66163.0,4175.0
Alex Molcan,28,70290.0,70290.0,0.0
Jie Cui,27,70245.0,59150.0,11095.0
Cristian Rodriguez,32,70182.0,8662.0,61520.0
Tristan Lamasine,26,69934.0,39866.0,30068.0
Charles Broom,25,69931.0,57639.0,12292.0
Alexandre Sidorenko,28,69915.0,60429.0,9486.0
Kimmer Coppejans,30,69802.0,69802.0,0.0
Frederico Ferreira Silva,27,69794.0,68806.0,988.0
Jason Jung,34,69740.0,66680.0,3060.0
Joel Schwaerzler,18,69733.0,62691.0,7042.0
Borna Gojo,26,69643.0,69643.0,0.0
Valentin Vacherot,25,69441.0,67872.0,1569.0
Lautaro Midon,21,69410.0,62962.0,6448.0
Carlos Taberner,27,69175.0,66232.0,2943.0
Govind Nanda,21,69168.0,55033.0,14135.0
Andrew Whittington,23,69150.0,55741.0,13409.0
Guido Andreozzi,24,69117.0,60033.0,9084.0
Jason Jung,27,69040.0,59305.0,9735.0
Roberto Marcora,30,68941.0,68165.0,776.0
Lorenzo Giustino,26,68886.0,65078.0,3808.0
Denys Molchanov,29,68885.0,32578.0,36307.0
Daniel Dutra da Silva,37,68731.0,56739.0,11992.0
Manuel Guinard,24,68703.0,53984.0,14719.0
Frank Dancevic,31,68659.0,63254.0,5405.0
Pedja Krstin,22,68609.0,65864.0,2745.0
Marc Polmans,28,68455.0,48148.0,20307.0
Thomaz Bellucci,32,68338.0,33838.0,34500.0
Soonwoo Kwon,20,68090.0,61910.0,6180.0
Andrej Martin,26,68059.0,53024.0,15035.0
Joao Menezes,23,68037.0,65427.0,2610.0
Charles Broom,27,68001.0,44546.0,23455.0
Denys Molchanov,31,67996.0,2850.0,65146.0
Geoffrey Blancaneaux,21,67994.0,49275.0,18719.0
James Ward,30,67987.0,67537.0,450.0
Andreas Beck,29,67939.0,62403.0,5536.0
Attila Balazs,29,67933.0,57080.0,10853.0
Thai-Son Kwiatkowski,22,67906.0,63937.0,3969.0
Michael Geerts,27,67794.0,56570.0,11224.0
Thai-Son Kwiatkowski,24,67722.0,53622.0,14100.0
Alexey Vatutin,25,67638.0,65352.0,2286.0
Renzo Olivo,23,67614.0,60115.0,7499.0
Martin Landaluce,17,67543.0,51175.0,16368.0
Matteo Donati,22,67517.0,60807.0,6710.0
Frederico Ferreira Silva,30,67511.0,65743.0,1768.0
Gleb Sakharov,31,67113.0,65065.0,2048.0
August Holmgren,26,67071.0,60027.0,7044.0
Gonzalo Oliveira,22,67043.0,54166.0,12877.0
Lorenzo Giustino,25,67024.0,64923.0,2101.0
Yannick Mertens,28,66975.0,61959.0,5016.0
Andrew Harris,28,66889.0,42007.0,24882.0
Mario Vilella Martinez,24,66810.0,64696.0,2114.0
Benjamin Lock,30,66713.0,54152.0,12561.0
Axel Michon,26,66648.0,60987.0,5661.0
Marius Copil,32,66637.0,63873.0,2764.0
Brayden Schnur,22,66612.0,62344.0,4268.0
Alejandro Gonzalez,28,66579.0,63239.0,3340.0
Liam Caruana,20,66556.0,65511.0,1045.0
Cem Ilkel,23,66555.0,59315.0,7240.0
Omar Jasika,26,66419.0,62633.0,3786.0
Calvin Hemery,21,66414.0,54239.0,12175.0
Ethan Quinn,18,66366.0,46714.0,19652.0
Cem Ilkel,22,66339.0,60979.0,5360.0
Ruben Ramirez Hidalgo,38,66128.0,60965.0,5163.0
Felix Auger-Aliassime,17,66108.0,64377.0,1731.0
Matheus Pucinelli De Almeida,22,66096.0,59619.0,6477.0
Tommy Paul,18,66027.0,57319.0,8708.0
Yan Bai,26,65904.0,53328.0,12576.0
Aldin Setkic,29,65882.0,61817.0,4065.0
Ilya Ivashka,23,65878.0,62856.0,3022.0
Kimmer Coppejans,22,65786.0,60064.0,5722.0
Nick Chappell,31,65757.0,57651.0,8106.0
Filip Cristian Jianu,23,65458.0,60622.0,4836.0
Alexander Ward,26,65448.0,57208.0,8240.0
Gauthier Onclin,23,65438.0,65438.0,0.0
Karen Khachanov,19,65277.0,61562.0,3715.0
Tristan Lamasine,24,65254.0,46038.0,19216.0
Zachary Svajda,20,65161.0,63381.0,1780.0
Ramkumar Ramanathan,29,65156.0,27020.0,38136.0
Alexandre Muller,20,65126.0,61832.0,3294.0
Gonzalo Villanueva,30,65113.0,44798.0,20315.0
Leandro Riedi,20,65012.0,50432.0,14580.0
Sergio Gutierrez-Ferrol,29,64909.0,60613.0,4296.0
Trey Hilderbrand,25,64898.0,12534.0,52364.0
Christopher O'Connell,23,64864.0,63109.0,1755.0
Daniil Glinka,25,64761.0,64761.0,0.0
Luciano Darderi,20,64747.0,52031.0,12716.0
Julian Lenz,26,64670.0,50227.0,14443.0
Samuel Vincent Ruggeri,22,64533.0,59571.0,4962.0
Ivan Nedelko,32,64528.0,61921.0,2607.0
Gilles Arnaud Bailly,20,64524.0,64157.0,367.0
Frank Dancevic,33,64489.0,57529.0,6960.0
Rodrigo Pacheco Mendez,19,64461.0,58926.0,5535.0
Skander Mansouri,28,64402.0,42094.0,22308.0
Matteo Viola,32,64400.0,62670.0,1730.0
Toby Samuel,21,64394.0,44235.0,20159.0
Ilia Simakin,22,64319.0,56362.0,7957.0
Sekou Bangoura,25,64235.0,50350.0,13885.0
Bernard Tomic,32,64220.0,63030.0,1190.0
Filippo Baldi,22,64211.0,58291.0,5920.0
Jonathan Eysseric,26,64154.0,38800.0,25354.0
Ugo Blanchet,24,64046.0,57866.0,6180.0
Hynek Barton,21,64008.0,54536.0,9472.0
Blaz Rola,27,64007.0,57885.0,6122.0
Blake Ellis,25,63843.0,31932.0,31911.0
Riccardo Bellotti,26,63787.0,61153.0,2634.0
Peter Gojowczyk,34,63752.0,63752.0,0.0
Joao Domingues,25,63748.0,60435.0,3313.0
Enrique Lopez Perez,26,63747.0,57889.0,5858.0
Dmitry Popko,21,63740.0,58513.0,5227.0
Zachary Svajda,17,63721.0,62662.0,1059.0
Elmer Moller,21,63715.0,62875.0,840.0
Mae Malige,19,63704.0,62075.0,1629.0
Kaichi Uchida,31,63539.0,49476.0,14063.0
Kevin Anderson,37,63535.0,61780.0,1755.0
Kaichi Uchida,25,63484.0,62324.0,1160.0
Miljan Zekic,29,63470.0,61589.0,1881.0
Nicolas Kicker,31,63465.0,57598.0,5867.0
Matteo Donati,23,63416.0,60743.0,2673.0
Arthur Fils,18,63347.0,59443.0,3904.0
Kimmer Coppejans,23,63345.0,58957.0,4388.0
Andres Andrade,27,63341.0,57724.0,5617.0
Rubin Statham,36,63284.0,35590.0,27694.0
Nicolas Arseneault,18,63225.0,50114.0,13111.0
Andre Ghem,34,63209.0,54147.0,9062.0
Nikoloz Basilashvili,32,63183.0,63183.0,0.0
Adrian Ungur,30,63171.0,43147.0,20024.0
Tsung-Hua Yang,27,63158.0,45398.0,17760.0
Hugo Gaston,19,63139.0,54213.0,8926.0
Tristan Schoolkate,21,63037.0,39919.0,23118.0
Michael Geerts,29,63023.0,49994.0,13029.0
Evgeny Karlovskiy,28,62911.0,57376.0,5535.0
Roberto Marcora,33,62903.0,62903.0,0.0
Maxime Hamou,20,62882.0,61755.0,1127.0
Daniel Michalski,25,62743.0,61045.0,1698.0
Adolfo Daniel Vallejo,20,62689.0,58936.0,3753.0
Mikael Ymer,20,62647.0,59303.0,3344.0
Rio Noguchi,23,62551.0,57668.0,4883.0
Mili Poljicak,21,62292.0,49130.0,13162.0
Thiago Seyboth Wild,19,62204.0,55944.0,6260.0
Rogerio Dutra Silva,31,62149.0,55777.0,6372.0
David Guez,34,62137.0,45721.0,16416.0
Egor Gerasimov,32,62121.0,59420.0,2701.0
Ti Chen,32,62120.0,48331.0,13789.0
Jonas Forejtek,21,62087.0,58937.0,3150.0
Michael Vrbensky,26,61962.0,27910.0,34052.0
Pedro Cachin,24,61900.0,57240.0,4660.0
Dmitry Popko,20,61864.0,56320.0,5544.0
Maks Kasnikowski,22,61855.0,61758.0,97.0
Marat Sharipov,23,61762.0,54539.0,7223.0
Edward Winter,20,61738.0,40713.0,21025.0
Alastair Gray,27,61735.0,60322.0,1413.0
Sekou Bangoura,26,61724.0,50346.0,11378.0
Daniel Dutra da Silva,34,61652.0,53827.0,7825.0
Johannus Monday,21,61596.0,37580.0,24016.0
Sergey Betov,28,61575.0,5373.0,56202.0
Carlos Taberner,26,61494.0,55726.0,5768.0
Gerald Melzer,32,61465.0,60925.0,540.0
Steven Diez,32,61463.0,54983.0,6480.0
Max Hans Rehberg,21,61393.0,61393.0,0.0
Juan Pablo Varillas,24,61368.0,56881.0,4487.0
Yasutaka Uchiyama,30,61346.0,58643.0,2703.0
Saketh Myneni,28,61338.0,47845.0,13493.0
Jurgen Zopp,28,61330.0,58383.0,2947.0
James McGee,29,61324.0,60340.0,984.0
Yan Bai,30,61315.0,56723.0,4592.0
JC Aragone,22,61292.0,59260.0,2032.0
Evan King,27,61209.0,23820.0,37389.0
Matthias Bachinger,29,61180.0,60314.0,866.0
Yan Bai,35,60976.0,59326.0,1650.0
Tim Puetz,28,60956.0,55315.0,5641.0
Tristan Boyer,22,60912.0,59828.0,1084.0
Thiemo de Bakker,30,60878.0,55033.0,5845.0
Calvin Hemery,28,60871.0,56638.0,4233.0
Dennis Novak,31,60848.0,59828.0,1020.0
Akira Santillan,19,60787.0,49173.0,11614.0
Benjamin Becker,36,60768.0,60768.0,0.0
Matteo Martineau,24,60722.0,52171.0,8551.0
Miljan Zekic,35,60711.0,58320.0,2391.0
Pedro Boscardin Dias,22,60684.0,50423.0,10261.0
Mirza Basic,24,60661.0,58735.0,1926.0
Alexander Sarkissian,27,60556.0,58041.0,2515.0
Alexander Bublik,19,60548.0,55525.0,5023.0
Henri Squire,23,60527.0,56329.0,4198.0
Marco Cecchinato,32,60475.0,59136.0,1339.0
Tallon Griekspoor,21,60443.0,51532.0,8911.0
Daniel Masur,31,60441.0,47842.0,12599.0
Mateus Alves,23,60414.0,44896.0,15518.0
Stefanos Sakellaridis,21,60397.0,52548.0,7849.0
Ramkumar Ramanathan,21,60272.0,54378.0,5894.0
Denis Shapovalov,17,60232.0,52805.0,7427.0
Enzo Couacaud,20,59905.0,51833.0,8072.0
Maxime Janvier,26,59904.0,57290.0,2614.0
Salvatore Caruso,24,59889.0,56548.0,3341.0
Jason Jung,28,59867.0,55527.0,4340.0
Carlos Sanchez Jover,25,59861.0,56701.0,3160.0
Cedrik-Marcel Stebe,28,59852.0,59852.0,0.0
Carlo Alberto Caniato,20,59841.0,33017.0,26824.0
Jimmy Wang,30,59827.0,58753.0,1074.0
Ignacio Buse,20,59827.0,56652.0,3175.0
Hans Podlipnik-Castillo,27,59817.0,39676.0,20141.0
Gerard Granollers,30,59790.0,5564.0,54226.0
Fajing Sun,27,59692.0,30293.0,29399.0
Federico Arnaboldi,24,59666.0,57733.0,1933.0
Yuki Bhambri,24,59570.0,56660.0,2910.0
Nicola Kuhn,18,59543.0,53518.0,6025.0
Daniel Masur,24,59511.0,54890.0,4621.0
Nikolas Sanchez Izquierdo,26,59506.0,52319.0,7187.0
Albano Olivetti,31,59494.0,1745.0,57749.0
Gonzalo Oliveira,28,59432.0,54071.0,5361.0
Tennys Sandgren,25,59398.0,54453.0,4945.0
Clement Chidekh,23,59389.0,53369.0,6020.0
Maxime Janvier,27,59357.0,58998.0,359.0
Mathias Bourgue,21,59315.0,57699.0,1616.0
Giles Hussey,28,59299.0,55038.0,4261.0
Henrique Rocha,19,59151.0,48232.0,10919.0
Mathias Bourgue,25,59001.0,52560.0,6441.0
Viktor Durasovic,26,58955.0,46510.0,12445.0
Alex Bolt,22,58907.0,36262.0,22645.0
Akira Santillan,21,58897.0,50491.0,8406.0
Daniel Altmaier,19,58780.0,53118.0,5662.0
Ti Chen,34,58678.0,47591.0,11087.0
Kyrian Jacquet,22,58655.0,54392.0,4263.0
Tom Paris,23,58607.0,55137.0,3470.0
Mathias Bourgue,24,58553.0,57464.0,1089.0
Arthur De Greef,24,58549.0,56037.0,2512.0
Uladzimir Ignatik,26,58543.0,52907.0,5636.0
Joao Domingues,24,58367.0,55788.0,2579.0
Sascha Gueymard Wayenburg,20,58319.0,45533.0,12786.0
Lukas Neumayer,21,58277.0,56568.0,1709.0
Aleksandr Nedovyesov,30,58187.0,50868.0,7319.0
Yi Zhou,18,58169.0,48582.0,9587.0
Chase Buchanan,24,58110.0,47074.0,11036.0
Louis Wessels,25,58088.0,54322.0,3766.0
Matteo Viola,28,58040.0,51421.0,6619.0
Sebastian Korda,19,57965.0,55552.0,2413.0
Arthur De Greef,26,57923.0,56468.0,1455.0
Lukas Lacko,35,57857.0,57857.0,0.0
Arthur Fery,20,57794.0,40407.0,17387.0
Dennis Novak,24,57737.0,55826.0,1911.0
Daniel Nguyen,26,57636.0,46521.0,11115.0
Corentin Denolly,28,57624.0,48432.0,9192.0
Shintaro Mochizuki,19,57602.0,55087.0,2515.0
Zdenek Kolar,21,57528.0,44937.0,12591.0
Max Hans Rehberg,22,57527.0,34148.0,23379.0
Ti Chen,33,57439.0,44272.0,13167.0
Mohamed Safwat,26,57406.0,52547.0,4859.0
Justin Boulais,24,57406.0,41614.0,15792.0
Norbert Gombos,35,57325.0,56880.0,445.0
James McGee,28,57253.0,57253.0,0.0
Kacper Zuk,24,57218.0,52494.0,4724.0
Gianluca Mager,29,57218.0,56311.0,907.0
Nikolas Sanchez Izquierdo,25,57179.0,52016.0,5163.0
Trevor Svajda,19,56960.0,56030.0,930.0
Hamad Medjedovic,19,56932.0,52457.0,4475.0
Alfredo Perez,28,56927.0,45495.0,11432.0
Rigele Te,27,56868.0,35063.0,21805.0
Patrick Kypson,18,56833.0,55897.0,936.0
Alex Hernandez,26,56812.0,50071.0,6741.0
Facundo Mena,32,56763.0,47455.0,9308.0
Filip Horansky,25,56690.0,54730.0,1960.0
Jacopo Berrettini,27,56669.0,43842.0,12827.0
Nicolas Alvarez Varona,21,56599.0,51073.0,5526.0
Pere Riba,28,56542.0,49854.0,6688.0
Maxime Hamou,22,56484.0,55065.0,1419.0
Alexis Galarneau,23,56473.0,53000.0,3473.0
Evgeny Donskoy,32,56257.0,51424.0,4833.0
Bradley Klahn,33,56222.0,54760.0,1462.0
Alejandro Davidovich Fokina,19,56180.0,54950.0,1230.0
Philip Bester,27,56068.0,43186.0,12882.0
Marc-Andrea Huesler,23,56050.0,38318.0,17732.0
Vasek Pospisil,34,56015.0,47045.0,8970.0
Gonzalo Bueno,20,55980.0,51166.0,4814.0
Niels Desein,28,55970.0,52595.0,3375.0
Gianluigi Quinzi,22,55962.0,54849.0,1113.0
Matej Dodig,19,55958.0,52921.0,3037.0
Matthew Ebden,29,55952.0,52639.0,3313.0
Dimitar Kuzmanov,31,55908.0,55908.0,0.0
Max Purcell,19,55901.0,39722.0,16179.0
Zdenek Kolar,28,55886.0,49467.0,6419.0
Laurent Lokoli,23,55878.0,53548.0,2330.0
Bruno Kuzuhara,18,55628.0,53483.0,2145.0
Mateus Alves,24,55584.0,41412.0,14172.0
Marek Gengel,30,55534.0,51010.0,4524.0
Luke Saville,30,55532.0,19947.0,35585.0
Matheus Pucinelli De Almeida,24,55435.0,50932.0,4503.0
Nicolas Mejia,23,55399.0,49552.0,5847.0
Maxime Authom,28,55377.0,51335.0,4042.0
Aleksandr Nedovyesov,31,55364.0,50181.0,5183.0
Gustavo Heide,21,55264.0,44315.0,10949.0
Alexander Ritschard,31,55258.0,55258.0,0.0
Emil Ruusuvuori,20,55173.0,50459.0,4714.0
Jelle Sels,30,55170.0,50318.0,4852.0
Bernabe Zapata Miralles,22,55079.0,53785.0,1294.0
Mariano Kestelboim,29,55055.0,30344.0,24711.0
Gonzalo Lama,29,55029.0,52081.0,2948.0
Facundo Arguello,24,54987.0,41560.0,13427.0
Petr Bar Biryukov,23,54981.0,45899.0,9082.0
Prajnesh Gunneswaran,33,54922.0,54742.0,180.0
Di Wu,28,54910.0,47580.0,7330.0
Gianluca Mager,30,54909.0,54634.0,275.0
Laslo Djere,20,54868.0,49207.0,5661.0
Mats Rosenkranz,27,54855.0,48432.0,6423.0
Andrea Arnaboldi,29,54846.0,52455.0,2391.0
Enrico Dalla Valle,26,54836.0,51533.0,3303.0
Illya Marchenko,36,54831.0,54559.0,272.0
Mateus Alves,22,54778.0,38340.0,16438.0
Moise Kouame,16,54736.0,44167.0,10569.0
Inigo Cervantes,28,54711.0,46407.0,8304.0
Mikhail Elgin,35,54697.0,8445.0,46252.0
Joao Lucas Reis Da Silva,23,54680.0,42030.0,12650.0
Chun-Hsin Tseng,18,54614.0,52377.0,2237.0
Moerani Bouzige,26,54605.0,51863.0,2742.0
Thai-Son Kwiatkowski,23,54593.0,50508.0,4085.0
Milos Karol,23,54577.0,31682.0,22895.0
Frederik Nielsen,33,54543.0,14930.0,39613.0
David Pichler,29,54444.0,7218.0,47226.0
Marcos Giron,24,54425.0,49815.0,4610.0
Guillermo Duran,27,54402.0,1755.0,52647.0
Michael Russell,37,54381.0,36239.0,18142.0
Harold Mayot,20,54298.0,50550.0,3748.0
Jaume Munar,20,54252.0,43724.0,10528.0
Kimmer Coppejans,28,54184.0,51777.0,2407.0
Alexandre Muller,21,54132.0,43527.0,10605.0
Gabriel Debru,18,54125.0,49590.0,4535.0
Jack Pinnington Jones,21,54065.0,42848.0,11217.0
Dan  Martin,26,54054.0,48400.0,5654.0
Nicolas Kicker,33,53984.0,50875.0,3109.0
Dan Added,25,53928.0,21808.0,32120.0
Blaz Rola,26,53773.0,47887.0,5886.0
Federico Gaio,32,53717.0,51843.0,1874.0
Eduardo Struvay,26,53689.0,47747.0,5942.0
Maxime Janvier,21,53664.0,51004.0,2660.0
Denys Molchanov,28,53623.0,35492.0,18131.0
Arthur De Greef,27,53603.0,53252.0,351.0
Adam Pavlasek,21,53595.0,50227.0,3368.0
Benjamin Lock,31,53565.0,31405.0,22160.0
Aidan McHugh,22,53499.0,47134.0,6365.0
Joris De Loore,23,53466.0,48991.0,4475.0
Yan Bai,27,53338.0,42164.0,11174.0
Christian Harrison,22,53300.0,53300.0,0.0
Ulises Blanch,24,53256.0,52756.0,500.0
Pablo Cuevas,37,53240.0,52462.0,778.0
Renzo Olivo,26,53132.0,48896.0,4236.0
David Jorda Sanchis,30,53099.0,48444.0,4655.0
Facundo Arguello,27,53074.0,47558.0,5516.0
Matthew Dellavedova,25,53040.0,52943.0,97.0
Darwin Blanch,17,53017.0,52927.0,90.0
Benjamin Bonzi,23,52814.0,24054.0,28760.0
Prajnesh Gunneswaran,28,52739.0,49729.0,3010.0
Mika Brunold,21,52733.0,52733.0,0.0
James Story,24,52654.0,45923.0,6731.0
Illya Marchenko,32,52587.0,47439.0,5148.0
Zhizhen Zhang,21,52579.0,42285.0,10294.0
Andrew Paulson,22,52570.0,30511.0,22059.0
Remy Bertola,26,52565.0,40522.0,12043.0
J.J. Wolf,21,52555.0,52555.0,0.0
Filip Peliwo,23,52542.0,46508.0,6034.0
Victor Hanescu,34,52414.0,51013.0,1401.0
James Watt,25,52301.0,14095.0,38206.0
Nils Langer,25,52256.0,45823.0,6433.0
Henry Bernet,18,52254.0,49180.0,3074.0
Constant Lestienne,24,52233.0,49964.0,2269.0
Guilherme Clezar,24,52222.0,46734.0,5488.0
Viktor Durasovic,25,52195.0,41737.0,10458.0
Gastao Elias,33,52145.0,50424.0,1721.0
Murkel Dellien,26,52101.0,40688.0,11413.0
Daniel Masur,25,52044.0,38129.0,13915.0
Thai-Son Kwiatkowski,28,52028.0,44224.0,7804.0
N.Sriram Balaji,28,52026.0,6315.0,45711.0
Francisco Comesana,22,51910.0,47548.0,4362.0
Marko Tepavac,22,51880.0,48352.0,3528.0
Juan Bautista Torres,20,51842.0,47050.0,4792.0
Luke Saville,23,51716.0,25195.0,26521.0
Taylor Fritz,18,51625.0,42925.0,8700.0
Jules Marie,32,51519.0,50614.0,905.0
Javier Barranco Cosano,24,51477.0,49343.0,2134.0
Mikhail Elgin,34,51468.0,14056.0,37412.0
Viktor Galovic,27,51436.0,47714.0,3722.0
Maverick Banes,26,51394.0,44898.0,6496.0
Gonzalo Escobar,30,51271.0,22069.0,29202.0
Tom Gentzsch,22,51051.0,50005.0,1046.0
Andre Ilagan,25,51046.0,45384.0,5662.0
Mitchell Krueger,21,50982.0,43146.0,7836.0
Rio Noguchi,26,50892.0,43857.0,7035.0
Alejandro Gonzalez,29,50734.0,46544.0,4190.0
Raul Brancaccio,27,50660.0,48336.0,2324.0
Mathias Bourgue,29,50584.0,45744.0,4840.0
Mattia Bellucci,21,50542.0,46942.0,3600.0
Renzo Olivo,32,50528.0,39085.0,11443.0
Stefan Kozlov,27,50492.0,49162.0,1330.0
Juan Carlos Aguilar,27,50491.0,41956.0,8535.0
Federico Coria,25,50440.0,43901.0,6539.0
Dennis Novak,22,50426.0,47636.0,2790.0
Miljan Zekic,34,50388.0,47082.0,3306.0
Gianluca Cadenasso,21,50081.0,37954.0,12127.0
Matheus Pucinelli De Almeida,23,50059.0,45166.0,4893.0
Robin Bertrand,21,50034.0,44723.0,5311.0
Yasutaka Uchiyama,23,50002.0,43299.0,6703.0
Gabriel Debru,19,49997.0,41692.0,8305.0
Oliver Crawford,24,49993.0,48229.0,1764.0
Pol Martin Tiffon,25,49970.0,49150.0,820.0
Henry Patten,26,49969.0,10153.0,39816.0
Stefano Napolitano,21,49923.0,43114.0,6809.0
Jie Cui,26,49859.0,39979.0,9880.0
Jie Cui,25,49847.0,34634.0,15213.0
Ante Pavic,29,49811.0,34281.0,15530.0
James McCabe,19,49801.0,35982.0,13819.0
Marco Trungelliti,25,49766.0,45023.0,4743.0
Gianluigi Quinzi,23,49726.0,49726.0,0.0
Jason Jung,26,49670.0,46536.0,3134.0
Constant Lestienne,25,49651.0,35767.0,13884.0
Eliakim Coulibaly,23,49611.0,45192.0,4419.0
Juan Bautista Torres,23,49611.0,45988.0,3623.0
Pedro Cachin,23,49577.0,45689.0,3888.0
Nino Serdarusic,23,49553.0,45499.0,4054.0
Saketh Myneni,32,49526.0,37941.0,11585.0
Sandro Kopp,25,49470.0,44205.0,5265.0
Tsung-Hua Yang,28,49320.0,30795.0,18525.0
Alessandro Giannessi,34,49277.0,45469.0,3808.0
Sumit Nagal,25,49254.0,47622.0,1632.0
Otto Virtanen,21,49197.0,44255.0,4942.0
Enzo Couacaud,30,49160.0,43924.0,5236.0
Sascha Gueymard Wayenburg,19,49084.0,35361.0,13723.0
Ricardo Ojeda Lara,24,49066.0,47369.0,1697.0
Daniel Brands,28,49021.0,47049.0,1972.0
Aziz Dougaz,25,48942.0,45248.0,3694.0
Andrej Martin,36,48834.0,44921.0,3913.0
Yasutaka Uchiyama,24,48834.0,37286.0,11548.0
Amir Weintraub,29,48798.0,40189.0,8609.0
Dominik Palan,23,48785.0,47800.0,985.0
Marcus Willis,27,48775.0,28389.0,20386.0
Maximilian Marterer,21,48766.0,44780.0,3986.0
Skander Mansouri,27,48746.0,36315.0,12431.0
Filippo Romano,20,48654.0,17803.0,30851.0
Clement Tabur,23,48642.0,44965.0,3677.0
Gian Marco Moroni,21,48596.0,46451.0,2145.0
Jan Choinski,22,48543.0,47580.0,963.0
Thiemo de Bakker,31,48501.0,42441.0,6060.0
Ernesto Escobedo,28,48495.0,48225.0,270.0
Pere Riba,27,48472.0,43379.0,5093.0
Alex Rybakov,28,48450.0,45283.0,3167.0
Petr Nouza,25,48428.0,10205.0,38223.0
Oliver Crawford,23,48371.0,48191.0,180.0
Yu Hsiou Hsu,23,48359.0,35157.0,13202.0
Bruno Kuzuhara,20,48320.0,45300.0,3020.0
Harry Wendelken,24,48077.0,38330.0,9747.0
Orlando Luz,25,48059.0,23680.0,24379.0
Jesse Huta Galung,30,48031.0,34840.0,13191.0
Alexey Vatutin,33,47938.0,46016.0,1922.0
Daniel Evans,25,47905.0,47053.0,852.0
Blaz Kavcic,29,47858.0,46069.0,1789.0
Roberto Cid Subervi,26,47784.0,44490.0,3294.0
Aldin Setkic,28,47781.0,44212.0,3569.0
Matthias Bachinger,30,47721.0,45706.0,2015.0
Jurgen Zopp,29,47710.0,47300.0,410.0
Kamil Majchrzak,21,47704.0,43970.0,3734.0
Colin Sinclair,29,47522.0,32268.0,15254.0
Yun seong Chung,25,47499.0,30175.0,17324.0
Yusuke Takahashi,20,47472.0,42146.0,5326.0
Roman Safiullin,21,47460.0,41275.0,6185.0
Mathys Erhard,22,47455.0,46090.0,1365.0
Miljan Zekic,28,47438.0,45263.0,2175.0
Salvatore Caruso,31,47420.0,43563.0,3857.0
Blaz Kavcic,32,47374.0,46294.0,1080.0
Federico Gaio,23,47313.0,39437.0,7876.0
Kaichi Uchida,30,47292.0,31788.0,15504.0
Charles Broom,24,47290.0,37752.0,9538.0
Leo Borg,20,47266.0,42001.0,5265.0
Frederik Nielsen,32,47249.0,14883.0,32366.0
Pedja Krstin,23,47217.0,44582.0,2635.0
Giovanni Lapentti,32,47206.0,42715.0,4491.0
Alejandro Moro Canas,23,47171.0,45065.0,2106.0
Riccardo Bonadio,31,47170.0,46992.0,178.0
Maxime Janvier,20,47164.0,42672.0,4492.0
Jozef Kovalik,23,47150.0,43767.0,3383.0
Nicolas Kicker,23,47135.0,41520.0,5615.0
Sumit Nagal,21,47120.0,45149.0,1971.0
Oleg Prihodko,28,47026.0,40463.0,6563.0
Eduardo Ribeiro,25,46916.0,38202.0,8714.0
Calvin Hemery,20,46912.0,45830.0,1082.0
Tsung-Hua Yang,24,46861.0,37167.0,9694.0
Miomir Kecmanovic,18,46861.0,44481.0,2380.0
Giovanni Fonio,25,46859.0,41347.0,5512.0
Luke Saville,24,46755.0,15600.0,31155.0
Geoffrey Blancaneaux,20,46747.0,31373.0,15374.0
Akira Santillan,25,46735.0,38323.0,8412.0
Ernests Gulbis,34,46727.0,46727.0,0.0
Duckhee Lee,21,46695.0,45425.0,1270.0
Franko Skugor,28,46658.0,33031.0,13627.0
Facundo Mena,31,46590.0,44295.0,2295.0
Franco Roncadelli,25,46585.0,37152.0,9433.0
Nicolas Mejia,22,46551.0,35501.0,11050.0
Beibit Zhukayev,22,46483.0,38582.0,7901.0
Edward Corrie,28,46477.0,45217.0,1260.0
Tim van Rijthoven,26,46428.0,46428.0,0.0
Pedro Sakamoto,31,46423.0,38118.0,8305.0
Sho Shimabukuro,25,46385.0,43200.0,3185.0
Nicholas David Ionel,20,46380.0,42647.0,3733.0
Rubin Statham,30,46380.0,35078.0,11302.0
Keegan Smith,24,46361.0,21615.0,24746.0
Mukund Sasikumar,26,46353.0,42841.0,3512.0
Tobias Kamke,36,46339.0,42506.0,3833.0
Alexander Donski,27,46314.0,14475.0,31839.0
Kilian Feldbausch,20,46307.0,41253.0,5054.0
Alexander Sarkissian,25,46302.0,43994.0,2308.0
Martin Damm,19,46264.0,42994.0,3270.0
Evan Hoyt,24,46140.0,30588.0,15552.0
Christian Langmo,29,46086.0,43078.0,3008.0
Benjamin Mitchell,23,46031.0,37414.0,8617.0
Nicolas Jarry,21,45956.0,37836.0,8120.0
Alexey Vatutin,32,45910.0,40920.0,4990.0
Francesco Forti,24,45888.0,34327.0,11561.0
Tsung-Hao Huang,26,45888.0,25783.0,20105.0
Nicola Kuhn,17,45878.0,45447.0,431.0
Gastao Elias,34,45843.0,45397.0,446.0
Nicolas Jarry,20,45803.0,41741.0,4062.0
Nikolas Sanchez Izquierdo,24,45797.0,41459.0,4338.0
Corentin Denolly,22,45753.0,39775.0,5978.0
Philip Bester,28,45722.0,27187.0,18535.0
Filippo Volandri,35,45638.0,45638.0,0.0
Vincent Millot,32,45621.0,43529.0,2092.0
Felix Gill,20,45606.0,30969.0,14637.0
Nicolas Alvarez Varona,24,45587.0,41292.0,4295.0
Maxim Mrva,18,45485.0,43520.0,1965.0
Maxime Janvier,29,45430.0,41820.0,3610.0
Daniel Altmaier,21,45372.0,37330.0,8042.0
Uladzimir Ignatik,25,45352.0,40134.0,5218.0
Jeremy Jahn,27,45350.0,43210.0,2140.0
Nicolas Barrientos,28,45341.0,29926.0,15415.0
Rodrigo Pacheco Mendez,18,45302.0,40216.0,5086.0
Andrew Whittington,25,45272.0,28474.0,16798.0
Khumoyun Sultanov,26,45268.0,41163.0,4105.0
Michael Zheng,19,45243.0,44721.0,522.0
Florent Bax,26,45198.0,41862.0,3336.0
Petr Brunclik,19,45191.0,44297.0,894.0
Marc-Andrea Huesler,22,45177.0,23393.0,21784.0
Tung-Lin Wu,27,45173.0,42719.0,2454.0
Oleksii Krutykh,22,45047.0,38082.0,6965.0
Hiroki Moriya,33,45035.0,39475.0,5560.0
Franco Agamenone,32,44998.0,36660.0,8338.0
Yannik Reuter,25,44930.0,43339.0,1591.0
Emilio Gomez,25,44916.0,39097.0,5819.0
Gastao Elias,35,44873.0,41654.0,3219.0
Pavle Marinkov,19,44867.0,41412.0,3455.0
Adam Pavlasek,25,44779.0,41228.0,3551.0
Gianmarco Ferrari,23,44758.0,30027.0,14731.0
Roman Safiullin,22,44746.0,39488.0,5258.0
Alejandro Tabilo,22,44709.0,40500.0,4209.0
Bruno Kuzuhara,19,44676.0,43591.0,1085.0
Andrea Collarini,25,44649.0,40233.0,4416.0
Edward Winter,21,44648.0,42564.0,2084.0
Jacopo Berrettini,25,44637.0,35948.0,8689.0
Orlando Luz,21,44515.0,27851.0,16664.0
Arjun Kadhe,29,44467.0,5642.0,38825.0
Billy Harris,27,44447.0,39136.0,5311.0
Omar Jasika,18,44433.0,31851.0,12582.0
Moez Echargui,30,44382.0,39381.0,5001.0
Vadym Ursu,27,44368.0,39996.0,4372.0
Aldin Setkic,31,44355.0,40295.0,4060.0
Hernan Casanova,28,44334.0,36023.0,8311.0
Joao Domingues,29,44282.0,41509.0,2773.0
Saketh Myneni,31,44278.0,33038.0,11240.0
Jack Draper,18,44247.0,35484.0,8763.0
Cannon Kingsley,22,44206.0,39503.0,4703.0
Daniel Nguyen,25,44159.0,39183.0,4976.0
Masamichi Imamura,27,44136.0,30902.0,13234.0
Pedro Martinez,20,44133.0,33797.0,10336.0
Oliver Bonding,18,44040.0,42400.0,1640.0
Gian Marco Moroni,20,43952.0,41679.0,2273.0
Mili Poljicak,20,43907.0,40055.0,3852.0
Laurynas Grigelis,26,43876.0,36261.0,7615.0
Giovanni Fonio,26,43776.0,41520.0,2256.0
Alex Rybakov,25,43717.0,40999.0,2718.0
Tim Puetz,30,43622.0,20254.0,23368.0
Miguel Damas,26,43596.0,42839.0,757.0
Lamine Ouahab,31,43529.0,38842.0,4687.0
Marko Topo,20,43520.0,37343.0,6177.0
Dan Added,23,43496.0,27545.0,15951.0
Lorenzo Carboni,19,43488.0,34389.0,9099.0
Akira Santillan,28,43375.0,35250.0,8125.0
Daniel Dutra da Silva,36,43358.0,31854.0,11504.0
Joao Menezes,26,43341.0,43341.0,0.0
Laurent Lokoli,30,43334.0,42453.0,881.0
Jordi Samper-Montana,25,43298.0,40752.0,2546.0
Jose Hernandez-Fernandez,25,43291.0,38814.0,4477.0
Jakub Paul,25,43287.0,23573.0,19714.0
Max Wiskandt,23,43164.0,40070.0,3094.0
Roberto Ortega-Olmedo,27,43163.0,38325.0,4838.0
Matt Reid,26,43138.0,16077.0,27061.0
Inaki Montes-De La Torre,23,43129.0,31030.0,12099.0
Zhizhen Zhang,22,43092.0,30317.0,12775.0
Mees Rottgering,18,42992.0,42614.0,378.0
Daniel Masur,29,42947.0,30920.0,12027.0
Kris Van Wyk,28,42945.0,37518.0,5427.0
Ryan Shane,21,42897.0,42252.0,645.0
Bernabe Zapata Miralles,28,42863.0,42073.0,790.0
Pedro Sousa,28,42854.0,39821.0,3033.0
Jurij Rodionov,19,42854.0,39585.0,3269.0
Hernan Casanova,29,42807.0,34954.0,7853.0
Yuichi Sugita,34,42744.0,42564.0,180.0
Gonzalo Villanueva,27,42711.0,36541.0,6170.0
Teymuraz Gabashvili,34,42655.0,31444.0,11211.0
Michael Vrbensky,25,42644.0,31451.0,11193.0
Sandro Ehrat,28,42599.0,33463.0,9136.0
Gabriele Piraino,22,42576.0,42522.0,54.0
Oriol Roca Batalla,23,42560.0,36374.0,6186.0
Arthur Weber,31,42558.0,38902.0,3656.0
Ergi Kirkin,25,42512.0,37600.0,4912.0
Hady Habib,26,42503.0,35957.0,6546.0
Omni Kumar,22,42501.0,41949.0,552.0
Edan Leshem,20,42483.0,38021.0,4462.0
Xin Gao,25,42479.0,12754.0,29725.0
Felix Gill,22,42451.0,42451.0,0.0
Filip Krajinovic,32,42415.0,42415.0,0.0
Carlos Gimeno Valero,21,42400.0,42400.0,0.0
Yuta Shimizu,23,42398.0,32114.0,10284.0
Aidan Mayo,22,42363.0,41203.0,1160.0
Lukas Pokorny,23,42263.0,24437.0,17826.0
Niki Kaliyanda Poonacha,29,42223.0,7099.0,35124.0
Adrian Andreev,24,42176.0,41058.0,1118.0
Ivan Gakhov,22,42143.0,27251.0,14892.0
Marinko Matosevic,31,42108.0,40808.0,1300.0
Gerard Granollers,29,42063.0,8338.0,33725.0
N.Sriram Balaji,27,42037.0,21945.0,20092.0
Danilo Petrovic,25,41846.0,36344.0,5502.0
Dmitry Popko,23,41774.0,39190.0,2584.0
Vishnu Vardhan,30,41748.0,15997.0,25751.0
Aryan Shah,20,41684.0,35472.0,6212.0
Fajing Sun,23,41662.0,28145.0,13517.0
Tomislav Brkic,27,41579.0,34538.0,7041.0
Carlos Taberner,20,41577.0,36784.0,4793.0
George Loffhagen,23,41571.0,41571.0,0.0
Alex Hernandez,23,41543.0,37416.0,4127.0
Danilo Petrovic,27,41523.0,39265.0,2258.0
Petr Michnev,28,41501.0,37493.0,4008.0
Egor Gerasimov,24,41489.0,39499.0,1990.0
Roberto Marcora,26,41406.0,40348.0,1058.0
Rigele Te,28,41389.0,31367.0,10022.0
Eric Quigley,27,41341.0,22712.0,18629.0
Daniel Gimeno-Traver,34,41291.0,39420.0,1871.0
Lucas Poullain,28,41245.0,40090.0,1155.0
Kimmer Coppejans,24,41243.0,36775.0,4468.0
Christian Harrison,29,41235.0,18943.0,22292.0
Andrew Paulson,24,41218.0,20920.0,20298.0
Edas Butvilas,20,41208.0,39053.0,2155.0
Nikola Milojevic,21,41191.0,37369.0,3822.0
Cezar Cretu,23,41188.0,31488.0,9700.0
Ugo Blanchet,23,41143.0,32271.0,8872.0
Ante Pavic,30,41135.0,14299.0,26836.0
Facundo Arguello,26,41130.0,37360.0,3770.0
Matt Reid,25,41053.0,23117.0,17936.0
Kevin King,26,40963.0,34941.0,6022.0
Lorenzo Sonego,21,40950.0,38237.0,2713.0
Henri Squire,22,40923.0,38125.0,2798.0
Rigele Te,26,40914.0,35693.0,5221.0
Facundo Mena,27,40894.0,32469.0,8425.0
Ergi Kirkin,24,40832.0,33658.0,7174.0
Blake Ellis,20,40824.0,17745.0,23079.0
Sebastian Fanselow,33,40803.0,38110.0,2693.0
Marek Gengel,28,40762.0,32866.0,7896.0
Zhe Li,37,40727.0,23980.0,16747.0
Nicolas Meister,27,40705.0,22395.0,18310.0
Yan Bai,36,40699.0,40289.0,410.0
David Perez Sanz,22,40679.0,31406.0,9273.0
Lloyd Harris,20,40651.0,38895.0,1756.0
Andrea Picchione,26,40641.0,36623.0,4018.0
Gonzalo Lama,23,40608.0,36585.0,4023.0
Nick Hardt,25,40597.0,40242.0,355.0
Alvin Nicholas Tudorica,23,40577.0,37351.0,3226.0
Lukas Neumayer,20,40504.0,36044.0,4460.0
Evan Furness,25,40456.0,38550.0,1906.0
Laurent Lokoli,21,40441.0,38428.0,2013.0
Sean Cuenin,18,40411.0,40315.0,96.0
Sergey Fomin,24,40391.0,34164.0,6227.0
Marc Polmans,19,40364.0,33514.0,6850.0
Fabrizio Andaloro,24,40363.0,38227.0,2136.0
Agustin Velotti,24,40287.0,36899.0,3388.0
Bernard Tomic,31,40263.0,38646.0,1617.0
Botic van de Zandschulp,24,40248.0,36629.0,3619.0
Sebastian Korda,18,40247.0,38332.0,1915.0
Francisco Cerundolo,21,40212.0,37729.0,2483.0
Tsung-Hua Yang,26,40189.0,27297.0,12892.0
Henri Laaksonen,23,40184.0,31243.0,8941.0
JiSung Nam,29,40175.0,24475.0,15700.0
Enrico Dalla Valle,27,40168.0,37011.0,3157.0
Aleksandar Vukic,23,40168.0,37601.0,2567.0
Laurynas Grigelis,27,40148.0,30981.0,9167.0
Vishnu Vardhan,31,40091.0,2705.0,37386.0
Denis Yevseyev,29,40079.0,30045.0,10034.0
Andres Molteni,27,40076.0,15099.0,24977.0
Sander Gille,27,40052.0,1093.0,38959.0
Edan Leshem,25,40041.0,33650.0,6391.0
Neil Oberleitner,24,39977.0,21908.0,18069.0
Guido Ivan Justo,28,39930.0,34929.0,5001.0
Maximilian Neuchrist,27,39896.0,35569.0,4327.0
Jonathan Eysseric,25,39866.0,33932.0,5934.0
Marvin Moeller,24,39866.0,35290.0,4576.0
Clement Tabur,22,39843.0,36737.0,3106.0
Juan Bautista Torres,22,39825.0,37210.0,2615.0
Scott Griekspoor,27,39706.0,38806.0,900.0
Filip Cristian Jianu,22,39694.0,36511.0,3183.0
Hubert Hurkacz,20,39676.0,34427.0,5249.0
Jurgen Zopp,31,39619.0,37876.0,1743.0
Joao Souza,30,39613.0,36478.0,3135.0
Frederico Ferreira Silva,21,39594.0,33976.0,5618.0
Michael Vrbensky,23,39584.0,31902.0,7682.0
Benjamin Mitchell,24,39562.0,36872.0,2690.0
Alexander Weis,26,39522.0,33678.0,5844.0
Bernabe Zapata Miralles,21,39467.0,36198.0,3269.0
Govind Nanda,24,39464.0,34543.0,4921.0
Maximus Jones,21,39453.0,37020.0,2433.0
Alexey Vatutin,30,39453.0,36838.0,2615.0
Yannik Reuter,26,39390.0,37976.0,1414.0
Philip Sekulic,19,39383.0,38428.0,955.0
Rudolf Molleker,25,39334.0,37110.0,2224.0
Karl Friberg,24,39325.0,35675.0,3650.0
Adrian Andreev,21,39314.0,37341.0,1973.0
Zsombor Piros,19,39309.0,38837.0,472.0
Zhe Li,31,39229.0,31347.0,7882.0
Kevin Krawietz,25,39228.0,10120.0,29108.0
Matteo Viola,31,39181.0,38199.0,982.0
Frederico Ferreira Silva,24,39155.0,38443.0,712.0
Corentin Denolly,21,39143.0,29024.0,10119.0
Gonzalo Villanueva,28,39137.0,30001.0,9136.0
Lorenzo Giustino,33,38992.0,38289.0,703.0
Marko Topo,21,38982.0,36347.0,2635.0
Roberto Cid Subervi,25,38955.0,36834.0,2121.0
Daniel Milavsky,24,38897.0,27963.0,10934.0
Ryuki Matsuda,26,38892.0,24770.0,14122.0
Lorenzo Sonego,22,38880.0,34932.0,3948.0
Karue Sell,31,38836.0,38051.0,785.0
Mario Vilella Martinez,23,38834.0,34398.0,4436.0
Ivan Gakhov,21,38830.0,30366.0,8464.0
Alexander Weis,27,38828.0,33496.0,5332.0
Thomas Fancutt,29,38807.0,9491.0,29316.0
Johan Tatlot,22,38805.0,37213.0,1592.0
Marek Jaloviec,23,38802.0,36713.0,2089.0
Dayne Kelly,27,38789.0,34247.0,4542.0
Thai-Son Kwiatkowski,29,38775.0,34039.0,4736.0
Kai Wehnelt,28,38762.0,17179.0,21583.0
Mikalai Haliak,25,38746.0,33191.0,5555.0
Jaume Munar,18,38732.0,34515.0,4217.0
Alexandar Lazarov,26,38724.0,37078.0,1646.0
Frederico Ferreira Silva,23,38719.0,38719.0,0.0
Antoine Ghibaudo,20,38664.0,37772.0,892.0
Timo Stodder,27,38662.0,33586.0,5076.0
Roberto Ortega-Olmedo,28,38651.0,34740.0,3911.0
Sandro Kopp,24,38648.0,33575.0,5073.0
Arthur Reymond,26,38643.0,17227.0,21416.0
Enrico Dalla Valle,25,38640.0,36244.0,2396.0
Oriol Roca Batalla,25,38639.0,33999.0,4640.0
Jose Hernandez-Fernandez,27,38614.0,33725.0,4889.0
Joao Lucas Reis Da Silva,24,38608.0,31663.0,6945.0
Pedro Boscardin Dias,20,38592.0,23683.0,14909.0
Raymond Sarmiento,25,38527.0,36977.0,1550.0
Nick Hardt,22,38510.0,34511.0,3999.0
Justin Engel,17,38506.0,37054.0,1452.0
Yannick Mertens,30,38495.0,34027.0,4468.0
Andrej Nedic,21,38491.0,34754.0,3737.0
Maxime Teixeira,26,38431.0,25818.0,12613.0
Marcos Giron,25,38425.0,36385.0,2040.0
Guilherme Clezar,26,38409.0,36076.0,2333.0
Pedro Araujo,23,38359.0,29233.0,9126.0
Remy Bertola,25,38358.0,32846.0,5512.0
Tristan Lamasine,31,38327.0,31428.0,6899.0
Maverick Banes,27,38306.0,35153.0,3153.0
Carlos Sanchez Jover,24,38296.0,32488.0,5808.0
Valentin Royer,22,38272.0,37008.0,1264.0
Karue Sell,32,38258.0,38258.0,0.0
Ruben Bemelmans,34,38222.0,28669.0,9553.0
David Jorda Sanchis,29,38123.0,32434.0,5689.0
Luca Potenza,25,38118.0,32819.0,5299.0
Kaichi Uchida,24,38086.0,34867.0,3219.0
JiSung Nam,31,38070.0,10076.0,27994.0
Toby Kodat,21,38022.0,34381.0,3641.0
Elmar Ejupovic,30,37933.0,35242.0,2691.0
Kyle Edmund,29,37903.0,27083.0,10820.0
Max Houkes,23,37901.0,34099.0,3802.0
Axel Michon,25,37868.0,28677.0,9191.0
Oriol Roca Batalla,29,37848.0,27857.0,9991.0
Andrea Collarini,27,37844.0,36110.0,1734.0
Arjun Kadhe,24,37804.0,22488.0,15316.0
Jelle Sels,29,37729.0,33610.0,4119.0
Jonathan Eysseric,32,37700.0,2473.0,35227.0
Omar Jasika,25,37694.0,33765.0,3929.0
Jan Mertl,34,37667.0,35264.0,2403.0
Lucas Catarina,22,37617.0,35727.0,1890.0
Gerard Campana Lee,20,37614.0,37239.0,375.0
Michael Linzer,27,37587.0,34470.0,3117.0
Harry Wendelken,22,37555.0,33626.0,3929.0
Ante Pavic,27,37517.0,32288.0,5229.0
Leo Borg,22,37509.0,35103.0,2406.0
Toby Samuel,23,37500.0,37133.0,367.0
James Duckworth,25,37490.0,37490.0,0.0
Lilian Marmousez,23,37469.0,35914.0,1555.0
Darian King,23,37450.0,32418.0,5032.0
Andrea Picchione,27,37412.0,33528.0,3884.0
Daniel Masur,22,37395.0,28616.0,8779.0
Sumit Nagal,20,37376.0,34546.0,2830.0
Jaime Faria,20,37344.0,25350.0,11994.0
Mate Delic,22,37341.0,35047.0,2294.0
Andrew Whittington,22,37290.0,10062.0,27228.0
Maximilian Marterer,20,37267.0,32955.0,4312.0
Nils Langer,26,37261.0,34745.0,2516.0
Steven Diez,33,37227.0,36978.0,249.0
Kokoro Isomura,22,37204.0,25822.0,11382.0
Andrea Pellegrino,22,37197.0,21716.0,15481.0
Jan Satral,25,37179.0,28450.0,8729.0
Lui Maxted,22,37166.0,18095.0,19071.0
Alejandro Moro Canas,22,37130.0,34915.0,2215.0
Marek Michalicka,30,37120.0,28457.0,8663.0
Raul Brancaccio,28,37116.0,33880.0,3236.0
Titouan Droguet,21,37084.0,30453.0,6631.0
Kevin King,28,37065.0,34585.0,2480.0
Markus Eriksson,30,37006.0,27422.0,9584.0
Ryan Nijboer,26,37000.0,34059.0,2941.0
Daniel Cukierman,27,36997.0,26013.0,10984.0
Arthur Gea,18,36980.0,35144.0,1836.0
Anton Matusevich,23,36964.0,35020.0,1944.0
Kalin Ivanovski,19,36960.0,34371.0,2589.0
Blaz Rola,33,36957.0,16632.0,20325.0
Max Hans Rehberg,19,36916.0,34752.0,2164.0
Bernard Tomic,30,36907.0,35731.0,1176.0
Blake Ellis,24,36887.0,25037.0,11850.0
Jared Donaldson,23,36755.0,36755.0,0.0
Stefan Kozlov,17,36750.0,32155.0,4595.0
Sekou Bangoura,28,36701.0,27227.0,9474.0
Luka Mikrut,20,36698.0,33491.0,3207.0
Dimitar Kuzmanov,25,36698.0,32981.0,3717.0
Edward Winter,18,36697.0,33007.0,3690.0
Uladzimir Ignatik,29,36694.0,34642.0,2052.0
Matwe Middelkoop,32,36679.0,3033.0,33646.0
Tomas Lipovsek Puches,23,36651.0,29825.0,6826.0
Roman Andres Burruchaga,20,36637.0,27477.0,9160.0
Kei Nishikori,33,36620.0,36620.0,0.0
Gabriel Diallo,21,36585.0,36225.0,360.0
Stuart Parker,25,36577.0,34101.0,2476.0
Karim-Mohamed Maamoun,26,36572.0,33382.0,3190.0
Joris De Loore,25,36567.0,27414.0,9153.0
Jacopo Berrettini,26,36555.0,36189.0,366.0
Gonzalo Villanueva,29,36545.0,25755.0,10790.0
Tung-Lin Wu,21,36541.0,33377.0,3164.0
Akira Santillan,26,36537.0,25591.0,10946.0
Hernan Casanova,31,36526.0,29308.0,7218.0
Franco Roncadelli,24,36525.0,26858.0,9667.0
Adria Soriano Barrera,26,36513.0,29742.0,6771.0
Lucas Catarina,26,36507.0,36185.0,322.0
Ruben Ramirez Hidalgo,39,36503.0,32325.0,4178.0
Shuichi Sekiguchi,28,36502.0,34728.0,1774.0
Nikola Mektic,27,36487.0,26420.0,10067.0
Hugo Grenier,23,36469.0,33977.0,2492.0
Oriol Roca Batalla,22,36458.0,27001.0,9457.0
Frank Dancevic,34,36421.0,34491.0,1930.0
Marek Gengel,27,36416.0,26015.0,10401.0
Alessandro Bega,27,36416.0,32619.0,3797.0
Karan Singh,22,36412.0,29910.0,6502.0
Lucas Catarina,23,36366.0,35285.0,1081.0
Fajing Sun,21,36356.0,27257.0,9099.0
Cruz Hewitt,17,36262.0,33279.0,2983.0
Harry Bourchier,23,36252.0,30708.0,5544.0
Corentin Denolly,27,36250.0,28247.0,8003.0
Mohamed Safwat,32,36246.0,33927.0,2319.0
Liam Draxl,22,36221.0,33174.0,3047.0
Nicolas Barrientos,29,36188.0,23521.0,12667.0
Mohamed Safwat,25,36169.0,31905.0,4264.0
Louis Wessels,24,36157.0,34702.0,1455.0
Tennys Sandgren,24,36154.0,27370.0,8784.0
Hazem Naw,24,36101.0,33626.0,2475.0
Denis Yevseyev,25,36040.0,30157.0,5883.0
Jarmere Jenkins,25,36017.0,33589.0,2428.0
Liam Broady,31,35957.0,34222.0,1735.0
Juan Pablo Ficovich,22,35929.0,33465.0,2464.0
Sergio Gutierrez-Ferrol,30,35910.0,35002.0,908.0
JiSung Nam,30,35902.0,11887.0,24015.0
Daniel Cox,33,35851.0,35851.0,0.0
David Jorda Sanchis,31,35798.0,34824.0,974.0
Philip Henning,25,35788.0,31470.0,4318.0
Filip Pieczonka,21,35757.0,8945.0,26812.0
Evan Zhu,25,35756.0,30630.0,5126.0
Eduardo Struvay,25,35756.0,24701.0,11055.0
Filippo Volandri,34,35745.0,35745.0,0.0
Ante Pavic,26,35718.0,32026.0,3692.0
Max Alcala Gurri,23,35683.0,33532.0,2151.0
Andrea Vavassori,24,35675.0,16943.0,18732.0
Robert Strombachs,24,35651.0,30654.0,4997.0
Alex Martinez,24,35637.0,29699.0,5938.0
Joao Monteiro,25,35604.0,32375.0,3229.0
Luca Castelnuovo,28,35592.0,27504.0,8088.0
Sanhui Shin,28,35587.0,32529.0,3058.0
Javier Barranco Cosano,20,35564.0,28455.0,7109.0
Pedro Sakamoto,26,35560.0,28584.0,6976.0
Ante Pavic,28,35541.0,30132.0,5409.0
Alberto Barroso Campos,27,35531.0,24631.0,10900.0
Martin Klizan,35,35505.0,35071.0,434.0
Lucas Poullain,30,35502.0,34429.0,1073.0
Roberto Ortega-Olmedo,26,35455.0,26190.0,9265.0
Mate Valkusz,24,35421.0,35061.0,360.0
Matteo Viola,30,35416.0,30264.0,5152.0
Ryan Nijboer,25,35406.0,24998.0,10408.0
Hyeon Chung,29,35403.0,35403.0,0.0
Renta Tokuda,27,35385.0,34758.0,627.0
Fred Gil,33,35377.0,25894.0,9483.0
Alexander Sarkissian,28,35370.0,34740.0,630.0
Bernabe Zapata Miralles,20,35363.0,32460.0,2903.0
Nerman Fatic,28,35359.0,34393.0,966.0
Maverick Banes,25,35329.0,29951.0,5378.0
Rigele Te,21,35326.0,26812.0,8514.0
Guy Den Ouden,22,35321.0,35046.0,275.0
August Holmgren,25,35317.0,29303.0,6014.0
Go Soeda,38,35295.0,34584.0,711.0
Nathan Pasha,26,35286.0,1290.0,33996.0
Andrew Fenty,25,35273.0,25143.0,10130.0
Pedro Cachin,20,35117.0,30004.0,5113.0
Casper Ruud,18,35064.0,32031.0,3033.0
Luciano Emanuel Ambrogi,22,35031.0,29634.0,5397.0
Alberto Barroso Campos,29,35027.0,21502.0,13525.0
Aleksandre Metreveli,29,35025.0,25495.0,9530.0
Martin Cuevas,26,35022.0,23163.0,11859.0
Frederico Ferreira Silva,29,34994.0,33165.0,1829.0
Karim-Mohamed Maamoun,27,34993.0,34313.0,680.0
Milos Karol,22,34947.0,19917.0,15030.0
Samuel Vincent Ruggeri,21,34928.0,26188.0,8740.0
Gonzalo Lama,30,34919.0,33516.0,1403.0
Cristian Garin,20,34917.0,32519.0,2398.0
Fabian Marozsan,23,34901.0,32476.0,2425.0
Marcelo Zormann,27,34894.0,5726.0,29168.0
Hugo Dellien,24,34864.0,29470.0,5394.0
Alessandro Bega,26,34850.0,31130.0,3720.0
Mikael Ymer,27,34830.0,34830.0,0.0
Lloyd Glasspool,26,34819.0,17267.0,17552.0
Giovanni Oradini,27,34797.0,27677.0,7120.0
Teymuraz Gabashvili,33,34736.0,29405.0,5331.0
Timo Stodder,26,34735.0,28525.0,6210.0
Cem Ilkel,21,34733.0,30203.0,4530.0
Johannes Ingildsen,28,34698.0,5235.0,29463.0
Mili Poljicak,19,34677.0,31309.0,3368.0
Denis Yevseyev,26,34661.0,27583.0,7078.0
Marko Topo,19,34642.0,33669.0,973.0
Federico Agustin Gomez,27,34633.0,21210.0,13423.0
Aoran Wang,28,34632.0,16390.0,18242.0
Dominik Koepfer,23,34630.0,30235.0,4395.0
Nino Serdarusic,21,34600.0,27023.0,7577.0
Grega Zemlja,29,34593.0,31037.0,3556.0
Jake Delaney,28,34590.0,24341.0,10249.0
Antoine Cornut-Chauvinc,19,34548.0,30920.0,3628.0
Lukas Rosol,38,34484.0,33112.0,1372.0
Aslan Karatsev,32,34482.0,34482.0,0.0
Antal Van Der Duim,29,34475.0,26497.0,7978.0
Benjamin Lock,29,34464.0,22372.0,12092.0
Ricardas Berankis,34,34445.0,32665.0,1780.0
Lloyd Glasspool,23,34410.0,23085.0,11325.0
Gianmarco Ferrari,22,34394.0,30112.0,4282.0
Matteo Martineau,20,34371.0,30274.0,4097.0
Pedro Sakamoto,32,34333.0,32410.0,1923.0
Runhao Hua,23,34325.0,13824.0,20501.0
Rui Machado,31,34313.0,32235.0,2078.0
Ryan Peniston,24,34307.0,32042.0,2265.0
Gianluca Mager,23,34279.0,31850.0,2429.0
Daniel Dutra da Silva,35,34259.0,23337.0,10922.0
Caio Zampieri,30,34229.0,24321.0,9908.0
Maxime Chazal,23,34188.0,31932.0,2256.0
Alexander Binda,24,34179.0,27272.0,6907.0
Nicholas David Ionel,22,34172.0,33104.0,1068.0
Cezar Cretu,24,34149.0,28951.0,5198.0
Mathys Erhard,23,34147.0,33253.0,894.0
Alvaro Lopez San Martin,26,34120.0,28873.0,5247.0
Julian Ocleppo,22,34108.0,25654.0,8454.0
Denys Molchanov,30,34096.0,8598.0,25498.0
Benjamin Balleret,32,34072.0,22401.0,11671.0
Michal Konecny,27,34013.0,29710.0,4303.0
Eero Vasa,28,33992.0,24786.0,9206.0
Ivan Gakhov,26,33977.0,30618.0,3359.0
Harri Heliovaara,29,33947.0,20284.0,13663.0
Masamichi Imamura,26,33946.0,26269.0,7677.0
Mukund Sasikumar,27,33881.0,33695.0,186.0
Mathias Bourgue,28,33878.0,33594.0,284.0
Maximilian Neuchrist,31,33875.0,22608.0,11267.0
Valentin Vacherot,24,33848.0,31067.0,2781.0
Max Hans Rehberg,20,33818.0,29078.0,4740.0
Lucas Gomez,23,33785.0,28996.0,4789.0
Eduardo Ribeiro,27,33753.0,24950.0,8803.0
Daniel Gimeno-Traver,32,33743.0,32878.0,865.0
Salvatore Caruso,23,33734.0,27961.0,5773.0
Facundo Arguello,25,33731.0,25619.0,8112.0
Sebastian Fanselow,31,33621.0,30269.0,3352.0
Dan Added,20,33620.0,22027.0,11593.0
Jan Choinski,23,33585.0,32800.0,785.0
Martin Krumich,23,33581.0,33141.0,440.0
Albano Olivetti,26,33536.0,17881.0,15655.0
Gregoire Barrere,23,33526.0,22775.0,10751.0
Nikolas Sanchez Izquierdo,23,33525.0,32152.0,1373.0
Oriol Roca Batalla,26,33500.0,25167.0,8333.0
Vladyslav Orlov,30,33476.0,21704.0,11772.0
Gianni Mina,23,33462.0,26156.0,7306.0
Stuart Parker,27,33449.0,32050.0,1399.0
Arthur Gea,19,33440.0,29681.0,3759.0
Mukund Sasikumar,22,33409.0,31547.0,1862.0
Arthur Rinderknech,24,33384.0,22880.0,10504.0
Stefanos Sakellaridis,20,33329.0,30371.0,2958.0
Gregoire Jacq,26,33324.0,15976.0,17348.0
Jonas Forejtek,24,33322.0,24559.0,8763.0
Gianluca Mager,31,33304.0,33304.0,0.0
Skander Mansouri,24,33283.0,24086.0,9197.0
Stefanos Tsitsipas,18,33270.0,28959.0,4311.0
Tomislav Brkic,25,33243.0,29466.0,3777.0
Joao Monteiro,23,33218.0,30401.0,2817.0
Yuya Kibi,30,33203.0,30199.0,3004.0
Farrukh Dustov,30,33183.0,31342.0,1841.0
Yunchaokete Bu,20,33174.0,28141.0,5033.0
Daniel Nguyen,27,33165.0,29676.0,3489.0
Oleksandr Ovcharenko,24,33153.0,24868.0,8285.0
Christian Lindell,25,33147.0,29515.0,3632.0
Raul Brancaccio,21,33078.0,27671.0,5407.0
Alexander Blockx,18,32984.0,32278.0,706.0
Vladyslav Orlov,28,32954.0,22833.0,10121.0
Robert Strombachs,26,32944.0,28819.0,4125.0
Jacopo Vasami,18,32935.0,26145.0,6790.0
Gianluca Naso,28,32912.0,28407.0,4505.0
Daniel Merida,20,32903.0,32029.0,874.0
Mats Moraing,25,32893.0,29684.0,3209.0
Nathaniel Lammons,25,32861.0,780.0,32081.0
Juan Carlos Prado Angelo,19,32860.0,31844.0,1016.0
Marek Gengel,29,32851.0,28847.0,4004.0
Cedrik-Marcel Stebe,26,32846.0,29654.0,3192.0
Arthur De Greef,23,32838.0,32111.0,727.0
Neil Oberleitner,25,32833.0,22251.0,10582.0
Andrea Basso,26,32808.0,31227.0,1581.0
Ergi Kirkin,26,32792.0,29338.0,3454.0
Agustin Velotti,25,32744.0,29228.0,3516.0
Paulo Andre Saraiva Dos Santos,25,32734.0,21160.0,11574.0
Giovanni Oradini,26,32726.0,24532.0,8194.0
Edward Corrie,29,32714.0,29512.0,3202.0
Kaylan Bigun,18,32700.0,32700.0,0.0
Cedrik-Marcel Stebe,35,32697.0,32643.0,54.0
Maks Kasnikowski,20,32676.0,29221.0,3455.0
Alex Kuznetsov,28,32657.0,31077.0,1580.0
Andre Ghem,35,32647.0,29373.0,3274.0
Jose Hernandez-Fernandez,26,32623.0,25719.0,6904.0
Taha Baadi,24,32616.0,28022.0,4594.0
Jaroslav Pospisil,34,32601.0,29234.0,3367.0
Luke Bambridge,22,32578.0,11624.0,20954.0
Connor Smith,25,32574.0,27193.0,5381.0
Alexander Kudryavtsev,32,32557.0,23756.0,8801.0
Edward Winter,19,32546.0,27906.0,4640.0
Jack Kennedy,17,32516.0,31860.0,656.0
Christoph Negritu,30,32496.0,17526.0,14970.0
Pedro Sakamoto,30,32495.0,25976.0,6519.0
Quinn Vandecasteele,21,32467.0,31855.0,612.0
Murkel Dellien,25,32440.0,25084.0,7356.0
Jerome Kym,19,32342.0,21633.0,10709.0
Olle Wallin,24,32340.0,29400.0,2940.0
Pedro Cachin,22,32325.0,26712.0,5613.0
Francesco Forti,23,32286.0,21132.0,11154.0
Denis Istomin,36,32263.0,28113.0,4150.0
Clement Chidekh,22,32258.0,30042.0,2216.0
Dragos Nicolae Madaras,25,32249.0,29891.0,2358.0
Alen Avidzba,19,32212.0,31227.0,985.0
Vadym Ursu,28,32208.0,27660.0,4548.0
Aidan McHugh,23,32198.0,27644.0,4554.0
Nicolas Alvarez Varona,23,32173.0,30415.0,1758.0
Martin Redlicki,23,32172.0,18455.0,13717.0
Nam Hoang Ly,25,32168.0,30381.0,1787.0
Jose Hernandez-Fernandez,28,32163.0,29043.0,3120.0
Michael Zheng,20,32146.0,31221.0,925.0
Hady Habib,25,32143.0,29817.0,2326.0
Konstantin Kravchuk,34,32115.0,24433.0,7682.0
Egor Gerasimov,23,32111.0,27372.0,4739.0
Andrey Chepelev,25,32103.0,25749.0,6354.0
Igor Sijsling,30,32098.0,29494.0,2604.0
Aslan Karatsev,26,32090.0,29057.0,3033.0
Ivan Nedelko,33,32072.0,29835.0,2237.0
Guido Andreozzi,31,32070.0,16145.0,15925.0
Andrea Pellegrino,20,32053.0,25368.0,6685.0
Javier Barranco Cosano,21,32032.0,25372.0,6660.0
Sadio Doumbia,29,32030.0,20149.0,11881.0
Ilia Simakin,21,32005.0,24059.0,7946.0
Pierluigi Basile,18,31951.0,29297.0,2654.0
Calvin Hemery,24,31929.0,30909.0,1020.0
Maximilian Neuchrist,34,31919.0,25343.0,6576.0
David Pichler,28,31916.0,12579.0,19337.0
Flavio Cipolla,32,31885.0,16621.0,15264.0
Leo Borg,21,31884.0,27649.0,4235.0
Naoki Nakagawa,27,31877.0,30160.0,1717.0
Alexey Vatutin,24,31869.0,29352.0,2517.0
Maxime Chazal,31,31864.0,28966.0,2898.0
Lucas Gomez,21,31852.0,29896.0,1956.0
Jelle Sels,23,31841.0,28414.0,3427.0
Andrew Paulson,21,31840.0,21423.0,10417.0
Cooper Williams,20,31833.0,8868.0,22965.0
Viktor Durasovic,27,31826.0,25813.0,6013.0
Sam Barry,24,31808.0,28097.0,3711.0
Filip Peliwo,25,31789.0,30699.0,1090.0
Tristan Lamasine,30,31777.0,27469.0,4308.0
Edward Corrie,27,31762.0,22832.0,8930.0
Johan Nikles,25,31752.0,27891.0,3861.0
Lloyd Glasspool,25,31676.0,30965.0,711.0
Zdenek Kolar,20,31667.0,24893.0,6774.0
Tao Mu,23,31665.0,29413.0,2252.0
Roberto Quiroz,30,31637.0,25491.0,6146.0
Hayato Matsuoka,20,31637.0,29938.0,1699.0
Ruben Ramirez Hidalgo,37,31611.0,29721.0,1890.0
Carlos Boluda-Purkiss,25,31601.0,26852.0,4749.0
Zhe Li,29,31571.0,22990.0,8581.0
Shintaro Imai,26,31528.0,25540.0,5988.0
Carlos Taberner,22,31505.0,31012.0,493.0
Samir Banerjee,22,31499.0,29330.0,2169.0
Alexey Zakharov,24,31477.0,31002.0,475.0
Nicolas Alvarez,23,31470.0,26651.0,4819.0
Roberto Marcora,34,31465.0,30585.0,880.0
Kaito Uesugi,29,31447.0,4443.0,27004.0
Jakub Nicod,20,31437.0,28004.0,3433.0
Mikael Ymer,18,31405.0,14612.0,16793.0
Yanki Erel,23,31380.0,29352.0,2028.0
Karim-Mohamed Maamoun,28,31377.0,28813.0,2564.0
Renzo Olivo,33,31323.0,27292.0,4031.0
Rafael Matos,23,31317.0,18808.0,12509.0
David Guez,35,31294.0,25542.0,5752.0
Matteo Gigante,20,31287.0,27391.0,3896.0
Giovanni Fonio,27,31264.0,29960.0,1304.0
Grega Zemlja,31,31239.0,30789.0,450.0
Gerardo Lopez Villasenor,24,31206.0,27620.0,3586.0
Toby Kodat,20,31145.0,28984.0,2161.0
Alexandar Lazarov,25,31140.0,27214.0,3926.0
Alex Marti Pujolras,25,31125.0,28282.0,2843.0
Jay Clarke,25,31120.0,23670.0,7450.0
Gabriel Debru,17,31115.0,29219.0,1896.0
Hiroki Moriya,34,31048.0,28798.0,2250.0
Artem Dubrivnyy,20,31047.0,26969.0,4078.0
Javier Marti,25,31017.0,29264.0,1753.0
Daniel Cukierman,28,31014.0,17331.0,13683.0
Pol Martin Tiffon,24,30987.0,29861.0,1126.0
Marsel Ilhan,30,30958.0,30904.0,54.0
Matthew Dellavedova,24,30943.0,30511.0,432.0
Oleksandr Ovcharenko,23,30914.0,25978.0,4936.0
Tiago Pereira,20,30895.0,17930.0,12965.0
Steven Diez,27,30889.0,28154.0,2735.0
JiSung Nam,32,30878.0,11242.0,19636.0
Alvaro Guillen Meza,20,30874.0,26603.0,4271.0
Ivan Nedelko,31,30873.0,29043.0,1830.0
Oleg Prihodko,25,30871.0,17039.0,13832.0
Daniel Munoz de la Nava,35,30851.0,29728.0,1123.0
Carlos Sanchez Jover,23,30811.0,27326.0,3485.0
Tomislav Brkic,29,30795.0,9952.0,20843.0
Kiranpal Pannu,27,30784.0,28331.0,2453.0
Gianluca Mager,24,30747.0,29858.0,889.0
Ajeet Rai,24,30738.0,20448.0,10290.0
Murphy Cassone,20,30710.0,30550.0,160.0
Stefan Kozlov,25,30706.0,30706.0,0.0
Jaume Munar,19,30699.0,27969.0,2730.0
Buvaysar Gadamauri,25,30697.0,24926.0,5771.0
S D Prajwal Dev,29,30678.0,18282.0,12396.0
Rudolf Molleker,22,30652.0,29313.0,1339.0
Valerio Aboian,22,30619.0,22239.0,8380.0
Yaraslav Shyla,22,30596.0,22482.0,8114.0
Carlos Lopez Montagud,25,30525.0,27153.0,3372.0
Julian Ocleppo,26,30522.0,23144.0,7378.0
Mohamed Safwat,33,30520.0,27700.0,2820.0
Yan Bai,34,30504.0,28858.0,1646.0
Mariano Navone,21,30492.0,26925.0,3567.0
Eric Vanshelboim,24,30463.0,24818.0,5645.0
Peter Torebko,31,30460.0,27361.0,3099.0
Benjamin Lock,25,30422.0,17696.0,12726.0
Alan Magadan,24,30421.0,23906.0,6515.0
Sanam Singh,27,30404.0,21083.0,9321.0
Zhizhen Zhang,19,30399.0,23314.0,7085.0
Yannick Mertens,31,30367.0,24534.0,5833.0
Arthur Cazaux,20,30352.0,30128.0,224.0
Rayane Roumane,19,30346.0,29896.0,450.0
Daniel Michalski,22,30266.0,27991.0,2275.0
Jason Kubler,22,30252.0,29719.0,533.0
Mate Valkusz,20,30225.0,30171.0,54.0
Alessandro Giannessi,25,30221.0,21864.0,8357.0
Markus Eriksson,28,30163.0,24838.0,5325.0
Filip Cristian Jianu,21,30143.0,27598.0,2545.0
Lorenzo Joaquin Rodriguez,26,30130.0,24572.0,5558.0
Jordi Samper-Montana,27,30078.0,28846.0,1232.0
Nikola Milojevic,28,30050.0,29404.0,646.0
Filip Peliwo,29,30025.0,27202.0,2823.0
Mika Brunold,19,30008.0,21826.0,8182.0
Kevin Krawietz,24,30000.0,15471.0,14529.0
Yusuke Takahashi,28,29940.0,29026.0,914.0
Andrey Chepelev,24,29938.0,25651.0,4287.0
Daniel Rincon,19,29924.0,27493.0,2431.0
Matias Soto,24,29913.0,12353.0,17560.0
Michael Linzer,28,29899.0,27876.0,2023.0
Vit Kopriva,22,29878.0,23778.0,6100.0
Lorenzo Rottoli,21,29861.0,22158.0,7703.0
Evan King,24,29847.0,21605.0,8242.0
Ricardas Berankis,35,29838.0,29146.0,692.0
Alex Rybakov,26,29814.0,23809.0,6005.0
Benjamin Hassan,27,29801.0,24908.0,4893.0
Pavle Marinkov,18,29753.0,29068.0,685.0
Daniel Elahi Galan,21,29729.0,23693.0,6036.0
Orlando Luz,24,29723.0,13798.0,15925.0
Alexander Weis,25,29720.0,24679.0,5041.0
Altug Celikbilek,23,29714.0,26482.0,3232.0
Mika Brunold,20,29700.0,28782.0,918.0
Stuart Parker,28,29699.0,26926.0,2773.0
Hanwen Li,21,29698.0,27109.0,2589.0
Terence Atmane,20,29693.0,29639.0,54.0
Damien Wenger,23,29689.0,21751.0,7938.0
Kasidit Samrej,23,29651.0,27214.0,2437.0
Pedja Krstin,21,29645.0,27845.0,1800.0
David Guez,36,29626.0,23875.0,5751.0
Max Houkes,24,29592.0,27627.0,1965.0
Cameron Norrie,21,29575.0,26745.0,2830.0
Arjun Kadhe,25,29561.0,16416.0,13145.0
Blake Mott,20,29532.0,28382.0,1150.0
Roberto Quiroz,24,29528.0,22495.0,7033.0
Aidan McHugh,25,29520.0,26877.0,2643.0
Martin Redlicki,24,29479.0,19543.0,9936.0
Stefan Kozlov,26,29460.0,28360.0,1100.0
Eric Vanshelboim,22,29430.0,22218.0,7212.0
Pol Martin Tiffon,23,29349.0,27784.0,1565.0
Niels Desein,29,29343.0,26552.0,2791.0
Tristan McCormick,26,29318.0,25936.0,3382.0
Alexandre Sidorenko,27,29315.0,22063.0,7252.0
Illya Marchenko,31,29293.0,29293.0,0.0
Joao Eduardo Schiessl,21,29285.0,24684.0,4601.0
Chris Rodesch,23,29262.0,26655.0,2607.0
Marat Sharipov,22,29212.0,25051.0,4161.0
Max Schoenhaus,18,29209.0,20502.0,8707.0
Kaichi Uchida,23,29193.0,24032.0,5161.0
Jared Hiltzik,23,29189.0,26668.0,2521.0
Yusuke Takahashi,21,29176.0,26972.0,2204.0
Daniel Cukierman,29,29168.0,12830.0,16338.0
Joao Pedro Sorgi,24,29166.0,25663.0,3503.0
Miljan Zekic,30,29150.0,26743.0,2407.0
Mikael Torpegaard,28,29126.0,25646.0,3480.0
Jeremy Jahn,26,29124.0,27759.0,1365.0
Eliakim Coulibaly,22,29100.0,28115.0,985.0
Julian Reister,29,29085.0,29085.0,0.0
Alex Barrena,21,29067.0,25859.0,3208.0
Dayne Kelly,28,28998.0,27686.0,1312.0
Bogdan Bobrov,26,28954.0,23298.0,5656.0
Michele Ribecai,22,28930.0,26514.0,2416.0
Hernan Casanova,25,28928.0,23630.0,5298.0
Roberto Ortega-Olmedo,25,28924.0,25732.0,3192.0
Marko Tepavac,23,28922.0,27755.0,1167.0
Evgenii Tiurnev,21,28904.0,24150.0,4754.0
Sascha Gueymard Wayenburg,21,28903.0,22328.0,6575.0
Jonas Forejtek,23,28880.0,24549.0,4331.0
Gerard Granollers,26,28879.0,18646.0,10233.0
Boy Westerhof,30,28868.0,25061.0,3807.0
Stuart Parker,26,28864.0,25710.0,3154.0
Vladyslav Manafov,24,28850.0,17432.0,11418.0
Marius Copil,33,28832.0,26261.0,2571.0
Ulises Blanch,20,28795.0,25865.0,2930.0
Gonzalo Escobar,29,28698.0,13707.0,14991.0
Danilo Petrovic,24,28689.0,20928.0,7761.0
Renzo Olivo,27,28685.0,25030.0,3655.0
Matteo Donati,24,28682.0,28155.0,527.0
Federico Arnaboldi,23,28679.0,17234.0,11445.0
Markus Eriksson,29,28606.0,16935.0,11671.0
Manas Dhamne,18,28606.0,27539.0,1067.0
Marek Michalicka,29,28605.0,24802.0,3803.0
Diego Hidalgo,26,28585.0,21028.0,7557.0
Laurent Lokoli,22,28546.0,27750.0,796.0
Jonathan Eysseric,29,28504.0,8727.0,19777.0
Juan Bautista Torres,21,28499.0,25399.0,3100.0
Andrea Vavassori,23,28497.0,3600.0,24897.0
Evan Zhu,24,28491.0,25119.0,3372.0
Hiroki Moriya,35,28471.0,27316.0,1155.0
Jose Hernandez-Fernandez,29,28444.0,24843.0,3601.0
Gianluca Cadenasso,20,28440.0,19990.0,8450.0
Raphael Collignon,20,28409.0,27398.0,1011.0
Juan Ignacio Londero,23,28391.0,24404.0,3987.0
Mario Vilella Martinez,22,28343.0,21979.0,6364.0
Giovanni Lapentti,33,28302.0,23471.0,4831.0
Takuto Niki,28,28297.0,25557.0,2740.0
Giovanni Oradini,25,28272.0,24577.0,3695.0
Lucas Gerch,28,28261.0,25839.0,2422.0
Pavel Kotov,21,28201.0,24149.0,4052.0
Gregoire Jacq,25,28198.0,14314.0,13884.0
Noah Rubin,19,28198.0,28036.0,162.0
Hernan Casanova,23,28176.0,23119.0,5057.0
Linang Xiao,24,28172.0,26406.0,1766.0
Yecong He,25,28147.0,24705.0,3442.0
Alex Kuznetsov,29,28147.0,26697.0,1450.0
Carlos Lopez Montagud,22,28143.0,23501.0,4642.0
Matija Pecotic,26,28138.0,25274.0,2864.0
Peter Heller,26,28131.0,24206.0,3925.0
Jeremy Jin,19,28112.0,27186.0,926.0
Jake Delaney,27,28097.0,18778.0,9319.0
Michael Vrbensky,23,28070.0,22579.0,5491.0
Christian Lindell,26,28057.0,24156.0,3901.0
Paul Jubb,24,28043.0,28043.0,0.0
Dennis Novikov,26,28025.0,13340.0,14685.0
Oleksandr Ovcharenko,21,28025.0,22904.0,5121.0
Karl Poling,26,28021.0,20651.0,7370.0
Tibo Colson,25,28015.0,22445.0,5570.0
Frederico Ferreira Silva,20,28004.0,22742.0,5262.0
Antoine Ghibaudo,18,28000.0,27196.0,804.0
Mathias Bourgue,30,28000.0,26033.0,1967.0
Robin Bertrand,20,27987.0,23410.0,4577.0
Mats Rosenkranz,24,27973.0,25261.0,2712.0
Luca Margaroli,25,27934.0,6121.0,21813.0
Marcello Serafini,21,27908.0,23177.0,4731.0
Brydan Klein,29,27900.0,21515.0,6385.0
Antoine Hoang,22,27880.0,21156.0,6724.0
Luciano Emanuel Ambrogi,21,27871.0,24303.0,3568.0
Yshai Oliel,22,27862.0,23544.0,4318.0
Gregoire Barrere,21,27834.0,24868.0,2966.0
Frederico Ferreira Silva,22,27826.0,24474.0,3352.0
Hikaru Shiraishi,25,27822.0,24810.0,3012.0
Yannick Jankovits,29,27818.0,22416.0,5402.0
Tristan Lamasine,25,27816.0,16905.0,10911.0
Constant Lestienne,23,27810.0,25522.0,2288.0
Anton Matusevich,21,27798.0,25103.0,2695.0
Matija Pecotic,34,27776.0,27680.0,96.0
Valerio Aboian,21,27774.0,21129.0,6645.0
Arjun Kadhe,28,27765.0,13744.0,14021.0
Lucas Miedler,19,27759.0,22131.0,5628.0
Leo Borg,19,27737.0,23356.0,4381.0
Gonzalo Bueno,19,27714.0,23779.0,3935.0
Alafia Ayeni,26,27705.0,18668.0,9037.0
Antoine Hoang,28,27695.0,18350.0,9345.0
Guy Den Ouden,21,27681.0,25777.0,1904.0
Joshua Milton,26,27669.0,26221.0,1448.0
Aziz Ouakaa,26,27656.0,18151.0,9505.0
Rubin Statham,37,27651.0,6803.0,20848.0
Raul Brancaccio,22,27648.0,20912.0,6736.0
Dali Blanch,22,27637.0,23931.0,3706.0
Sidane Pontjodikromo,23,27631.0,20817.0,6814.0
Jacob Fearnley,22,27630.0,7665.0,19965.0
Joris De Loore,29,27624.0,23872.0,3752.0
Andres Martin,22,27574.0,23153.0,4421.0
Mariano Kestelboim,28,27504.0,15034.0,12470.0
Calum Puttergill,30,27501.0,7663.0,19838.0
Sadio Doumbia,26,27493.0,22290.0,5203.0
Hayden Jones,18,27486.0,26101.0,1385.0
Hernan Casanova,24,27463.0,22829.0,4634.0
Artem Smirnov,27,27460.0,25127.0,2333.0
Gavin Van Peperzeel,23,27458.0,22878.0,4580.0
Alberto Barroso Campos,26,27453.0,20776.0,6677.0
Joshua Sheehy,28,27407.0,12750.0,14657.0
Riccardo Bellotti,24,27390.0,24883.0,2507.0
Joao Fonseca,17,27364.0,21959.0,5405.0
Liang-Chi Huang,23,27350.0,22082.0,5268.0
Jakub Paul,24,27346.0,18068.0,9278.0
Nicolas Mejia,19,27344.0,21876.0,5468.0
Eric Quigley,26,27310.0,22275.0,5035.0
Soonwoo Kwon,19,27301.0,23221.0,4080.0
Cannon Kingsley,24,27298.0,24702.0,2596.0
Alibek Kachmazov,20,27288.0,21119.0,6169.0
Javier Barranco Cosano,25,27284.0,23700.0,3584.0
Arklon Huertas Del Pino Cordova,29,27225.0,13695.0,13530.0
Kris Van Wyk,27,27224.0,20890.0,6334.0
Nick Chappell,30,27197.0,24173.0,3024.0
Shuichi Sekiguchi,25,27191.0,23901.0,3290.0
Laurynas Grigelis,24,27185.0,18411.0,8774.0
Sandro Kopp,23,27175.0,23006.0,4169.0
Andrea Pellegrino,21,27171.0,16823.0,10348.0
Evgeny Karlovskiy,23,27169.0,22293.0,4876.0
Miguel Tobon,19,27137.0,23040.0,4097.0
Christopher O'Connell,22,27116.0,26262.0,854.0
Vaclav Safranek,25,27111.0,24153.0,2958.0
Etienne Donnet,24,27100.0,23229.0,3871.0
Julien Cagnina,23,27098.0,26516.0,582.0
Sebastian Gima,23,27095.0,24886.0,2209.0
Lukas Klein,21,27079.0,24464.0,2615.0
Alex Marti Pujolras,26,27047.0,23367.0,3680.0
Sekou Bangoura,24,27042.0,17843.0,9199.0
Juan Ignacio Londero,22,27042.0,23537.0,3505.0
Juan Ignacio Londero,24,27041.0,17208.0,9833.0
Igor Marcondes,28,27025.0,21257.0,5768.0
Cem Ilkel,20,27007.0,22401.0,4606.0
Jordi Samper-Montana,28,26964.0,25852.0,1112.0
Germain Gigounon,27,26947.0,24826.0,2121.0
Aidan McHugh,24,26944.0,21587.0,5357.0
Bastian Trinker,25,26932.0,26597.0,335.0
Duarte Vale,25,26927.0,21121.0,5806.0
Ben Jones,27,26922.0,12169.0,14753.0
Mukund Sasikumar,25,26916.0,23217.0,3699.0
Luka Pavlovic,24,26880.0,24863.0,2017.0
Sadio Doumbia,27,26856.0,22184.0,4672.0
Alex Marti Pujolras,24,26800.0,26155.0,645.0
Yuya Kibi,31,26796.0,22106.0,4690.0
Henry Bernet,17,26792.0,15103.0,11689.0
Maxime Authom,29,26790.0,20571.0,6219.0
Lucas Miedler,21,26774.0,18066.0,8708.0
Maxim Zhukov,20,26768.0,23826.0,2942.0
Murphy Cassone,22,26760.0,26580.0,180.0
Christopher Rungkat,27,26756.0,4818.0,21938.0
Filip Peliwo,31,26746.0,24397.0,2349.0
Sanjar Fayziev,23,26736.0,21740.0,4996.0
Edan Leshem,21,26687.0,24204.0,2483.0
Pedro Araujo,22,26677.0,21004.0,5673.0
Philip Sekulic,22,26664.0,26084.0,580.0
Mert Alkaya,25,26616.0,23086.0,3530.0
Saba Purtseladze,22,26612.0,23508.0,3104.0
Federico Coria,26,26610.0,24996.0,1614.0
Yen-Hsun Lu,35,26594.0,26594.0,0.0
Khumoyun Sultanov,21,26589.0,21901.0,4688.0
Ye Cong Mo,23,26589.0,21637.0,4952.0
Roberto Cid Subervi,32,26585.0,25860.0,725.0
Hernan Casanova,30,26572.0,21685.0,4887.0
Niki Kaliyanda Poonacha,28,26516.0,9477.0,17039.0
Sebastian Fanselow,30,26511.0,22776.0,3735.0
Yannick Jankovits,30,26504.0,19843.0,6661.0
Juan Manuel La Serna,21,26496.0,24355.0,2141.0
Jeremy Jahn,29,26495.0,24463.0,2032.0
David Vega Hernandez,24,26471.0,5547.0,20924.0
Tsung-Hua Yang,25,26468.0,12000.0,14468.0
Tim van Rijthoven,22,26464.0,24699.0,1765.0
Nam Hoang Ly,26,26459.0,24875.0,1584.0
Filip Horansky,24,26424.0,23635.0,2789.0
Francisco Rocha,26,26407.0,17241.0,9166.0
Sebastian Fanselow,25,26376.0,23081.0,3295.0
Dimitris Sakellaridis,19,26375.0,14897.0,11478.0
Florian Broska,27,26362.0,25630.0,732.0
Gustavo Heide,20,26327.0,24117.0,2210.0
Blake Ellis,19,26312.0,22171.0,4141.0
Lucas Gerch,29,26306.0,24663.0,1643.0
Damien Wenger,22,26306.0,19511.0,6795.0
Benoit Paire,36,26283.0,24928.0,1355.0
Giles Hussey,26,26275.0,20291.0,5984.0
Kenny De Schepper,32,26267.0,24753.0,1514.0
Jacob Grills,24,26266.0,22134.0,4132.0
Khumoyun Sultanov,25,26240.0,21485.0,4755.0
Peter Heller,27,26240.0,21186.0,5054.0
Juan Pablo Paz,28,26230.0,16301.0,9929.0
Dominik Kellovsky,29,26228.0,18311.0,7917.0
Filip Peliwo,28,26222.0,23828.0,2394.0
Daniel Michalski,24,26199.0,25289.0,910.0
Lorenzo Giustino,24,26178.0,25087.0,1091.0
Keegan Smith,27,26166.0,22734.0,3432.0
Anil Yuksel,27,26166.0,21522.0,4644.0
Gavin Van Peperzeel,24,26145.0,20161.0,5984.0
Pablo Vivero Gonzalez,24,26143.0,21531.0,4612.0
Evgeny Karlovskiy,30,26139.0,20319.0,5820.0
Marin Cilic,35,26138.0,26138.0,0.0
Antoine Escoffier,27,26132.0,22353.0,3779.0
Adrien Bossel,28,26121.0,19837.0,6284.0
Shuichi Sekiguchi,26,26064.0,21446.0,4618.0
Maxime Chazal,30,26035.0,24409.0,1626.0
Gonzalo Lama,22,26000.0,23804.0,2196.0
Juan Pablo Paz,22,25986.0,19724.0,6262.0
Deiton Baughman,19,25979.0,14759.0,11220.0
Gauthier Onclin,21,25967.0,24926.0,1041.0
Dhakshineswar Suresh,25,25955.0,18749.0,7206.0
Christopher Heyman,24,25953.0,23648.0,2305.0
Vilius Gaubas,18,25947.0,24232.0,1715.0
Vaclav Safranek,22,25930.0,21972.0,3958.0
Alvaro Lopez San Martin,25,25930.0,21293.0,4637.0
Antoine Bellier,28,25930.0,20035.0,5895.0
Sekou Bangoura,27,25882.0,19776.0,6106.0
Gilbert Klier Junior,23,25869.0,22758.0,3111.0
Dane Propoggia,25,25869.0,21903.0,3966.0
Ignacio Monzon,25,25869.0,17588.0,8281.0
Egor Agafonov,23,25864.0,19953.0,5911.0
Tadeas Paroulek,25,25834.0,21892.0,3942.0
Nicola Kuhn,24,25832.0,23859.0,1973.0
Kevin King,24,25822.0,19896.0,5926.0
Ray Ho,23,25813.0,9396.0,16417.0
Stefano Napolitano,20,25793.0,15250.0,10543.0
Petr Nesterov,21,25791.0,18595.0,7196.0
Gonzalo Villanueva,24,25774.0,22889.0,2885.0
Oscar Otte,31,25772.0,25772.0,0.0
Martin Cuevas,25,25764.0,21462.0,4302.0
Federico Coria,24,25735.0,21067.0,4668.0
Oscar Jose Gutierrez,26,25733.0,22218.0,3515.0
Jan Choinski,26,25726.0,24466.0,1260.0
Nikolay Vylegzhanin,25,25712.0,25025.0,687.0
Andrea Vavassori,22,25692.0,13151.0,12541.0
Christian Langmo,27,25681.0,23737.0,1944.0
Damien Wenger,24,25659.0,17709.0,7950.0
Dzmitry Zhyrmont,27,25649.0,22742.0,2907.0
Marc Giner,26,25628.0,20938.0,4690.0
Altug Celikbilek,21,25627.0,16539.0,9088.0
Alexey Vatutin,31,25620.0,24044.0,1576.0
Takuto Niki,30,25595.0,19414.0,6181.0
Borna Gojo,21,25569.0,25119.0,450.0
Gonzalo Escobar,26,25560.0,22019.0,3541.0
Ivan Marrero Curbelo,27,25553.0,16731.0,8822.0
Felix Gill,23,25547.0,25547.0,0.0
Vladyslav Manafov,25,25528.0,12934.0,12594.0
Max Alcala Gurri,22,25514.0,22966.0,2548.0
Harry Bourchier,21,25512.0,19726.0,5786.0
Maxime Chazal,26,25498.0,22895.0,2603.0
Xin Gao,22,25488.0,16381.0,9107.0
Joao Lucas Reis Da Silva,22,25481.0,21091.0,4390.0
Oleg Prihodko,27,25467.0,24719.0,748.0
Michael Agwi,21,25457.0,18142.0,7315.0
Christian Lindell,28,25441.0,23370.0,2071.0
Marinko Matosevic,32,25438.0,24958.0,480.0
Gilles Arnaud Bailly,18,25436.0,25126.0,310.0
Bruno Kuzuhara,21,25431.0,22206.0,3225.0
Lukas Pokorny,22,25427.0,18514.0,6913.0
Maverick Banes,24,25420.0,19246.0,6174.0
Sadio Doumbia,28,25416.0,20207.0,5209.0
Connor Smith,26,25413.0,19207.0,6206.0
Duarte Vale,24,25392.0,19263.0,6129.0
Joshua Charlton,26,25392.0,11833.0,13559.0
Elliot Benchetrit,25,25383.0,21769.0,3614.0
Cezar Cretu,22,25379.0,24217.0,1162.0
Matthew Barton,26,25377.0,14805.0,10572.0
Tim van Rijthoven,19,25376.0,21477.0,3899.0
Yan Bai,28,25371.0,19726.0,5645.0
Johannus Monday,22,25368.0,21156.0,4212.0
Giles Hussey,27,25368.0,23286.0,2082.0
Jeroen Vanneste,25,25355.0,20886.0,4469.0
Elliot Benchetrit,24,25353.0,21500.0,3853.0
Rei Sakamoto,18,25331.0,20194.0,5137.0
Blake Mott,28,25330.0,23250.0,2080.0
Benjamin Lock,26,25320.0,16572.0,8748.0
Stephane Robert,39,25308.0,23349.0,1959.0
Dzmitry Zhyrmont,28,25281.0,22039.0,3242.0
Alfredo Perez,26,25256.0,13020.0,12236.0
Lucas Poullain,29,25252.0,22892.0,2360.0
Christian Harrison,25,25247.0,24434.0,813.0
Andres Artunedo Martinavarro,25,25232.0,19415.0,5817.0
Vladyslav Orlov,27,25229.0,20652.0,4577.0
Gabriel Decamps,23,25226.0,23246.0,1980.0
Louis Wessels,26,25218.0,20787.0,4431.0
Tomas Martin Etcheverry,20,25213.0,21854.0,3359.0
Bogdan Bobrov,27,25181.0,20335.0,4846.0
Fabien Reboul,23,25180.0,21502.0,3678.0
Chun-Hsin Tseng,17,25178.0,24812.0,366.0
Andres Martin,23,25177.0,21272.0,3905.0
Yannick Maden,27,25177.0,24915.0,262.0
Ugo Humbert,19,25168.0,22330.0,2838.0
Aoran Wang,26,25119.0,7096.0,18023.0
Johan Tatlot,23,25117.0,24634.0,483.0
Andrei Vasilevski,25,25077.0,4941.0,20136.0
Patrick Zahraj,25,25074.0,18142.0,6932.0
Mats Rosenkranz,25,25063.0,23090.0,1973.0
Erik Crepaldi,25,25061.0,19586.0,5475.0
Filippo Baldi,26,25052.0,23697.0,1355.0
Arthur Rinderknech,23,25044.0,17307.0,7737.0
Saba Purtseladze,23,25039.0,22252.0,2787.0
Valentin Royer,21,25034.0,23694.0,1340.0
Marat Sharipov,21,25022.0,22417.0,2605.0
Gonzalo Oliveira,27,25020.0,19297.0,5723.0
Filip Peliwo,21,25005.0,22746.0,2259.0
Amir Omarkhanov,18,24993.0,19796.0,5197.0
Erik Arutiunian,21,24990.0,21337.0,3653.0
Ivan Nedelko,30,24984.0,23279.0,1705.0
Kyle Seelig,25,24970.0,20166.0,4804.0
Igor Sijsling,32,24961.0,22805.0,2156.0
Luis Carlos Alvarez,21,24959.0,23361.0,1598.0
Emilio Gomez,27,24951.0,22191.0,2760.0
Gabriele Piraino,20,24943.0,20409.0,4534.0
Liam Draxl,21,24934.0,15080.0,9854.0
Baptiste Crepatte,24,24910.0,21841.0,3069.0
Jan Choinski,21,24877.0,23654.0,1223.0
Maxime Chazal,32,24865.0,20978.0,3887.0
Enrico Dalla Valle,21,24859.0,21394.0,3465.0
Michael Redlicki,26,24845.0,23245.0,1600.0
Moez Echargui,31,24837.0,21509.0,3328.0
Dimitar Kutrovsky,28,24819.0,19056.0,5763.0
Derek Pham,19,24798.0,24456.0,342.0
Dimitar Kuzmanov,24,24797.0,20248.0,4549.0
Tim Handel,27,24784.0,23669.0,1115.0
Dzmitry Zhyrmont,26,24777.0,22308.0,2469.0
Cyril Vandermeersch,26,24774.0,21452.0,3322.0
Eric Vanshelboim,23,24764.0,19237.0,5527.0
Dragos Dima,26,24763.0,23347.0,1416.0
Fernando Romboli,26,24761.0,16944.0,7817.0
Ryuki Matsuda,25,24757.0,16365.0,8392.0
Alexander Ward,28,24746.0,24586.0,160.0
N.Sriram Balaji,26,24741.0,16709.0,8032.0
Gerard Campana Lee,21,24729.0,23261.0,1468.0
Marvin Moeller,25,24728.0,23771.0,957.0
Ruan Roelofse,29,24709.0,6642.0,18067.0
Viacheslav Bielinskyi,22,24706.0,22916.0,1790.0
Andre Ilagan,24,24691.0,21475.0,3216.0
Duckhee Lee,17,24662.0,23842.0,820.0
Maxime Hamou,21,24659.0,23427.0,1232.0
Youssef Hossam,19,24649.0,21997.0,2652.0
Alexander Weis,28,24643.0,21428.0,3215.0
Robin Bertrand,19,24636.0,18732.0,5904.0
Aleksandre Bakshi,28,24632.0,19530.0,5102.0
Louis Wessels,20,24600.0,21507.0,3093.0
Tommaso Compagnucci,26,24593.0,21185.0,3408.0
Dayne Kelly,29,24590.0,22865.0,1725.0
Ulises Blanch,25,24582.0,22410.0,2172.0
Andrea Basso,24,24575.0,22597.0,1978.0
Tibo Colson,23,24563.0,21056.0,3507.0
Francesco Forti,26,24549.0,18423.0,6126.0
Thomas Fancutt,28,24539.0,16748.0,7791.0
Antonio Sancic,27,24530.0,3702.0,20828.0
Edoardo Lavagno,24,24498.0,22671.0,1827.0
Sanjar Fayziev,24,24494.0,17281.0,7213.0
Adolfo Daniel Vallejo,19,24485.0,19881.0,4604.0
Strong Kirchheimer,28,24476.0,23290.0,1186.0
Grigoriy Lomakin,24,24475.0,9790.0,14685.0
Alessandro Bega,25,24449.0,20801.0,3648.0
Hady Habib,24,24427.0,22472.0,1955.0
Ilija Bozoljac,30,24405.0,9015.0,15390.0
Gerard Campana Lee,19,24383.0,24383.0,0.0
Maxime Hamou,24,24381.0,23678.0,703.0
Collin Altamirano,24,24349.0,22689.0,1660.0
Tom Jomby,27,24335.0,18375.0,5960.0
Marc Sieber,28,24326.0,21790.0,2536.0
Ronnie Schneider,24,24325.0,17412.0,6913.0
Dmitry Popko,22,24323.0,23073.0,1250.0
Gianluigi Quinzi,20,24311.0,21576.0,2735.0
Ezekiel Clark,24,24290.0,16796.0,7494.0
Nino Serdarusic,20,24275.0,17064.0,7211.0
Kamil Majchrzak,20,24272.0,19642.0,4630.0
Miguel Damas,24,24269.0,21663.0,2606.0
Ioannis Xilas,24,24267.0,23330.0,937.0
Manuel Sanchez,26,24265.0,18032.0,6233.0
Uisung Park,25,24250.0,12540.0,11710.0
Stefan Kozlov,21,24238.0,23378.0,860.0
William Blumberg,19,24225.0,15795.0,8430.0
Constantin Bittoun Kouzmine,24,24214.0,16304.0,7910.0
Bruno Santanna,25,24205.0,18287.0,5918.0
Christopher Heyman,26,24200.0,21624.0,2576.0
Cezar Cretu,21,24196.0,19852.0,4344.0
Dmitry Popko,27,24191.0,21964.0,2227.0
Marcelo Arevalo,25,24186.0,17404.0,6782.0
Marvin Moeller,26,24184.0,23894.0,290.0
Andreas Beck,30,24170.0,21415.0,2755.0
Taisei Ichikawa,25,24151.0,14608.0,9543.0
Juan Estevez,20,24147.0,21809.0,2338.0
Kilian Feldbausch,18,24111.0,22228.0,1883.0
Matias Franco Descotte,28,24079.0,20000.0,4079.0
Yaraslav Shyla,24,24066.0,16623.0,7443.0
Christian Langmo,28,24059.0,22684.0,1375.0
Julio Peralta,34,24055.0,1654.0,22401.0
Ergi Kirkin,23,24030.0,20463.0,3567.0
Maximilian Neuchrist,26,24018.0,15726.0,8292.0
Eduard Esteve Lobato,24,24016.0,20190.0,3826.0
Moez Echargui,29,24015.0,22450.0,1565.0
Hugo Nys,25,24014.0,17235.0,6779.0
Arthur Bouquier,24,23986.0,20090.0,3896.0
Juan Pablo Varillas,23,23970.0,20691.0,3279.0
Riccardo Ghedin,30,23950.0,11195.0,12755.0
Norbert Gombos,34,23936.0,23936.0,0.0
Renta Tokuda,20,23935.0,21800.0,2135.0
Yanki Erel,24,23901.0,20059.0,3842.0
Giovanni Oradini,28,23898.0,16631.0,7267.0
Gerard Granollers,28,23898.0,18396.0,5502.0
Evgenii Tiurnev,27,23897.0,20821.0,3076.0
Mirza Basic,34,23891.0,18412.0,5479.0
Govind Nanda,18,23880.0,22130.0,1750.0
Ben Jones,26,23871.0,12103.0,11768.0
Luis Patino,23,23825.0,17109.0,6716.0
Constantin Bittoun Kouzmine,26,23824.0,17090.0,6734.0
David Pichler,27,23812.0,14495.0,9317.0
Conner Huertas del Pino,28,23807.0,9970.0,13837.0
Nicolas Alvarez,26,23793.0,21038.0,2755.0
Baptiste Crepatte,25,23790.0,20770.0,3020.0
Manuel Pena Lopez,21,23775.0,17485.0,6290.0
Gleb Sakharov,28,23771.0,22002.0,1769.0
Jakob Schnaitter,27,23768.0,11058.0,12710.0
Karl Friberg,23,23763.0,21723.0,2040.0
Fred Gil,32,23723.0,14276.0,9447.0
Yurii Dzhavakian,32,23721.0,20209.0,3512.0
Riccardo Bonadio,25,23705.0,21219.0,2486.0
Michael Vrbensky,20,23699.0,17758.0,5941.0
Germain Gigounon,29,23691.0,18679.0,5012.0
Vladyslav Orlov,24,23690.0,17545.0,6145.0
Yuta Shimizu,20,23686.0,20268.0,3418.0
Markos Kalovelonis,28,23677.0,1377.0,22300.0
Dennis Novak,32,23673.0,21382.0,2291.0
Ezekiel Clark,25,23662.0,14996.0,8666.0
Alejandro Falla,34,23660.0,22400.0,1260.0
Mili Poljicak,18,23617.0,16108.0,7509.0
Felix Gill,21,23605.0,22655.0,950.0
Juan Pablo Paz,27,23603.0,19096.0,4507.0
Adhithya Ganesan,20,23596.0,21330.0,2266.0
Sergey Betov,29,23595.0,7708.0,15887.0
Fabrizio Ornago,27,23562.0,21879.0,1683.0
David Pichler,26,23559.0,15180.0,8379.0
Julian Lenz,29,23556.0,19219.0,4337.0
Yu Hsiou Hsu,20,23547.0,16220.0,7327.0
Matteo Viola,29,23538.0,20910.0,2628.0
Mathys Erhard,21,23535.0,22751.0,784.0
Trey Hilderbrand,24,23522.0,8235.0,15287.0
Marc-Andrea Huesler,21,23508.0,11521.0,11987.0
Miguel Damas,25,23507.0,23038.0,469.0
Yshai Oliel,23,23489.0,21491.0,1998.0
Mikalai Haliak,26,23488.0,19919.0,3569.0
Strong Kirchheimer,30,23475.0,20296.0,3179.0
Juan Martin del Potro,27,23475.0,23475.0,0.0
Niels Visker,24,23471.0,14501.0,8970.0
Rio Noguchi,21,23469.0,19848.0,3621.0
Daniel Cox,32,23465.0,22695.0,770.0
Alexis Gautier,26,23462.0,23180.0,282.0
Blaise Bicknell,24,23458.0,23264.0,194.0
Gianmarco Ferrari,25,23456.0,21704.0,1752.0
Lorenzo Musetti,17,23440.0,22317.0,1123.0
Giovanni Fonio,24,23438.0,21346.0,2092.0
Andrey Chepelev,27,23429.0,21995.0,1434.0
Jose Pereira,24,23417.0,21194.0,2223.0
Evan Hoyt,23,23393.0,15747.0,7646.0
Riccardo Bellotti,25,23389.0,22377.0,1012.0
Ulises Blanch,21,23382.0,21085.0,2297.0
Constantin Bittoun Kouzmine,25,23379.0,13599.0,9780.0
Olaf Pieczkowski,21,23374.0,21732.0,1642.0
Flavio Cipolla,33,23348.0,7486.0,15862.0
Jimmy Wang,31,23310.0,18110.0,5200.0
Noah Schachter,26,23301.0,12461.0,10840.0
Alexandr Cozbinov,28,23294.0,21062.0,2232.0
Jules Okala,22,23289.0,21394.0,1895.0
David Vega Hernandez,23,23286.0,10821.0,12465.0
Antonio Veic,27,23272.0,22631.0,641.0
Joaquin Aguilar Cardozo,20,23266.0,16562.0,6704.0
Matthew Dellavedova,23,23258.0,22844.0,414.0
Evan Song,27,23225.0,21480.0,1745.0
Linang Xiao,25,23224.0,20729.0,2495.0
Bastian Trinker,26,23218.0,21894.0,1324.0
Miki Jankovic,22,23208.0,19401.0,3807.0
Hugo Grenier,22,23205.0,21585.0,1620.0
Aleksandre Bakshi,27,23200.0,16187.0,7013.0
Yann Marti,28,23172.0,23172.0,0.0
Ajeet Rai,26,23168.0,14235.0,8933.0
Eduardo Struvay,29,23155.0,18717.0,4438.0
Max Houkes,22,23154.0,20760.0,2394.0
Naoki Nakagawa,28,23148.0,23058.0,90.0
Finn Tearney,26,23144.0,18800.0,4344.0
Oleksii Krutykh,24,23125.0,16178.0,6947.0
Gijs Brouwer,22,23125.0,19157.0,3968.0
Yannick Hanfmann,25,23103.0,21079.0,2024.0
Kaichi Uchida,22,23101.0,16844.0,6257.0
Evgenii Tiurnev,22,23094.0,20236.0,2858.0
Evan Furness,20,23087.0,21271.0,1816.0
Johannes Haerteis,23,23087.0,17341.0,5746.0
Bor Artnak,20,23067.0,22385.0,682.0
Petr Nesterov,22,23034.0,17938.0,5096.0
Woobin Shin,21,23032.0,20415.0,2617.0
Laurent Lokoli,25,23024.0,21479.0,1545.0
Matteo Martineau,23,23021.0,20437.0,2584.0
Louis Wessels,18,23016.0,22508.0,508.0
Alejo Lorenzo Lingua Lavallen,23,23007.0,19323.0,3684.0
Yannick Mertens,32,22999.0,20065.0,2934.0
Nathan Ponwith,25,22998.0,20237.0,2761.0
Justin Boulais,22,22984.0,19058.0,3926.0
Roberto Cid Subervi,31,22974.0,20633.0,2341.0
Genaro Alberto Olivieri,21,22966.0,19619.0,3347.0
Gabriele Pennaforti,25,22962.0,22738.0,224.0
Dayne Kelly,26,22953.0,18926.0,4027.0
Kento Takeuchi,30,22929.0,18932.0,3997.0
Aidan McHugh,19,22928.0,21029.0,1899.0
Carlos Lopez Montagud,24,22926.0,20006.0,2920.0
Lamine Ouahab,32,22924.0,18230.0,4694.0
Andrea Picchione,25,22912.0,17564.0,5348.0
Daniel Garza,30,22880.0,18841.0,4039.0
Alberto Barroso Campos,28,22861.0,16454.0,6407.0
Daniel Elahi Galan,19,22852.0,20910.0,1942.0
Adria Soriano Barrera,25,22839.0,21533.0,1306.0
Ignacio Buse,19,22828.0,18287.0,4541.0
Jeremy Beale,24,22828.0,13633.0,9195.0
Federico Cina,17,22820.0,19452.0,3368.0
Egor Agafonov,22,22816.0,15195.0,7621.0
Oleg Prihodko,26,22797.0,10474.0,12323.0
Xin Gao,23,22796.0,13028.0,9768.0
Matthias Bachinger,35,22777.0,22777.0,0.0
Vladyslav Manafov,26,22774.0,13607.0,9167.0
Ryan Shane,22,22760.0,22420.0,340.0
Isak Arvidsson,24,22738.0,11361.0,11377.0
Yuki Mochizuki,28,22724.0,19244.0,3480.0
Svyatoslav Gulin,21,22714.0,18205.0,4509.0
Lautaro Midon,20,22708.0,20166.0,2542.0
Alexander Ward,25,22683.0,20611.0,2072.0
Ajeet Rai,25,22679.0,14286.0,8393.0
James Trotter,24,22676.0,17805.0,4871.0
Evan Zhu,27,22676.0,21268.0,1408.0
Christopher Heyman,25,22675.0,21325.0,1350.0
Pedro Cachin,21,22672.0,20777.0,1895.0
Laurent Lokoli,31,22670.0,21770.0,900.0
Cristian Garin,19,22668.0,20598.0,2070.0
Daniil Medvedev,19,22658.0,16228.0,6430.0
Alex Rybakov,22,22655.0,22385.0,270.0
Chuhan Wang,25,22644.0,19980.0,2664.0
Tom Gentzsch,21,22625.0,20154.0,2471.0
Stefan Popovic,22,22610.0,17993.0,4617.0
Gianluigi Quinzi,19,22610.0,19476.0,3134.0
Aristotelis Thanos,24,22609.0,22124.0,485.0
Remy Bertola,24,22603.0,18068.0,4535.0
Raphael Perot,24,22601.0,21932.0,669.0
Jie Cui,21,22585.0,19981.0,2604.0
Dragos Dima,24,22560.0,21633.0,927.0
Alex Knaff,26,22556.0,17454.0,5102.0
Colin Sinclair,31,22555.0,12543.0,10012.0
Blaise Bicknell,23,22549.0,22274.0,275.0
Naoki Nakagawa,29,22542.0,20113.0,2429.0
Michiel De Krom,26,22527.0,17025.0,5502.0
Philip Henning,24,22526.0,20122.0,2404.0
Colton Smith,21,22499.0,22231.0,268.0
Aleksandre Metreveli,23,22498.0,15981.0,6517.0
Samuel Vincent Ruggeri,20,22483.0,17363.0,5120.0
Roberto Marcora,29,22479.0,21993.0,486.0
Takuya Kumasaka,27,22476.0,21351.0,1125.0
Ryan Nijboer,24,22474.0,18879.0,3595.0
Kristijan Mesaros,28,22448.0,22448.0,0.0
Facundo Mena,25,22445.0,17648.0,4797.0
Lukas Pokorny,21,22431.0,16708.0,5723.0
Nerman Fatic,25,22424.0,20846.0,1578.0
Alessandro Bega,28,22423.0,18890.0,3533.0
Yuta Shimizu,19,22392.0,17730.0,4662.0
Nino Serdarusic,28,22390.0,18850.0,3540.0
Hynek Barton,19,22389.0,17899.0,4490.0
Alexander Ritschard,25,22379.0,19422.0,2957.0
Yanaki Milev,19,22372.0,17293.0,5079.0
Daniel Dutra da Silva,29,22363.0,18837.0,3526.0
Maxence Beauge,25,22361.0,16539.0,5822.0
Tennys Sandgren,33,22360.0,20890.0,1470.0
Kirill Kivattsev,26,22338.0,19638.0,2700.0
Carlos Gomez-Herrera,27,22332.0,17740.0,4592.0
Oscar Jose Gutierrez,25,22324.0,16857.0,5467.0
Bradley Mousley,20,22317.0,17074.0,5243.0
Sebastian Ofner,20,22315.0,19856.0,2459.0
Christopher Rungkat,26,22310.0,13859.0,8451.0
Yannick Jankovits,28,22296.0,18085.0,4211.0
Maximilian Neuchrist,25,22281.0,12926.0,9355.0
Nicolaas Scholtz,26,22280.0,18701.0,3579.0
Petr Bar Biryukov,22,22280.0,19735.0,2545.0
Pedro Boscardin Dias,21,22274.0,18507.0,3767.0
Arthur Reymond,25,22258.0,13987.0,8271.0
Carlos Boluda-Purkiss,24,22249.0,18849.0,3400.0
David Poljak,26,22243.0,16405.0,5838.0
Pedro Boscardin Dias,19,22241.0,18926.0,3315.0
Ye Cong Mo,24,22239.0,14147.0,8092.0
Tiago Cacao,20,22220.0,18541.0,3679.0
Javier Marti,23,22215.0,21903.0,312.0
Valerio Aboian,23,22210.0,17304.0,4906.0
Maxwell Mckennon,23,22206.0,19483.0,2723.0
Hynek Barton,20,22204.0,19317.0,2887.0
Miljan Zekic,27,22199.0,19576.0,2623.0
Martin Cuevas,30,22199.0,14146.0,8053.0
Axel Michon,27,22170.0,20682.0,1488.0
Sebastian Gima,21,22166.0,21036.0,1130.0
Riccardo Bonadio,26,22158.0,18055.0,4103.0
Rubin Statham,31,22148.0,13738.0,8410.0
Mark Whitehouse,26,22145.0,18286.0,3859.0
Riccardo Balzerani,21,22144.0,19289.0,2855.0
Gonzalo Escobar,27,22139.0,16166.0,5973.0
Agustin Velotti,27,22126.0,20085.0,2041.0
David Perez Sanz,21,22123.0,18070.0,4053.0
Loann Massard,20,22112.0,18687.0,3425.0
Edan Leshem,22,22106.0,19646.0,2460.0
Maximilian Neuchrist,24,22104.0,13463.0,8641.0
Sergey Fomin,21,22104.0,18599.0,3505.0
Lilian Marmousez,22,22091.0,20536.0,1555.0
Tai Sach,23,22074.0,16547.0,5527.0
Jan Hernych,37,22068.0,20933.0,1135.0
Dmitry Popko,19,22049.0,20255.0,1794.0
Evan Furness,21,22041.0,18942.0,3099.0
Laurynas Grigelis,28,22040.0,17212.0,4828.0
Kamil Majchrzak,19,22038.0,18370.0,3668.0
Makoto Ochi,27,22032.0,18626.0,3406.0
Mukund Sasikumar,28,22031.0,21156.0,875.0
Jiri Barnat,22,22006.0,13777.0,8229.0
Evan Song,26,21998.0,20758.0,1240.0
Juan Carlos Saez,24,21996.0,18427.0,3569.0
Daniel Merida,18,21985.0,21931.0,54.0
Pedro Sousa,27,21981.0,19189.0,2792.0
Giles Hussey,25,21980.0,13992.0,7988.0
Jesper de Jong,19,21957.0,16282.0,5675.0
Matteo Martineau,19,21944.0,18183.0,3761.0
Tigre Hank,24,21941.0,13155.0,8786.0
Kirill Kivattsev,28,21905.0,19503.0,2402.0
Stefano Napolitano,27,21891.0,17766.0,4125.0
Nitin Kumar Sinha,26,21875.0,10324.0,11551.0
Mika Petkovic,19,21872.0,19956.0,1916.0
Tim Handel,29,21868.0,17093.0,4775.0
Karan Singh,21,21845.0,17585.0,4260.0
Juan Pablo Ficovich,20,21836.0,19104.0,2732.0
Michael Geerts,24,21822.0,18588.0,3234.0
Benjamin Hassan,24,21785.0,19997.0,1788.0
Gabriele Pennaforti,24,21782.0,21782.0,0.0
Gregoire Jacq,24,21780.0,14931.0,6849.0
Gianluca Mager,21,21763.0,19099.0,2664.0
Nikolas Sanchez Izquierdo,20,21763.0,19698.0,2065.0
Jason Kubler,24,21748.0,19737.0,2011.0
Alex Molcan,22,21721.0,19646.0,2075.0
Frank Moser,40,21707.0,5339.0,16368.0
Imanol Lopez Morillo,24,21696.0,16917.0,4779.0
Aziz Ouakaa,25,21693.0,13798.0,7895.0
Gianluca Mager,22,21685.0,20341.0,1344.0
Rudolf Molleker,17,21684.0,20381.0,1303.0
Lloyd Glasspool,24,21678.0,19695.0,1983.0
Santiago De La Fuente,23,21675.0,14177.0,7498.0
Elmar Ejupovic,29,21666.0,21432.0,234.0
Marek Gengel,24,21657.0,12596.0,9061.0
Sem Verbeek,25,21644.0,5098.0,16546.0
Joao Domingues,31,21631.0,16739.0,4892.0
Mark Whitehouse,29,21629.0,14265.0,7364.0
Konstantin Kravchuk,33,21621.0,17499.0,4122.0
Jakub Paul,23,21617.0,12230.0,9387.0
Peter Bertran,28,21609.0,17770.0,3839.0
Louis Wessels,21,21607.0,20509.0,1098.0
Nicolas Meister,26,21604.0,18605.0,2999.0
Pol Toledo Bague,23,21599.0,13732.0,7867.0
Arthur Weber,33,21599.0,19574.0,2025.0
Ryuki Matsuda,23,21583.0,14331.0,7252.0
Maxime Chazal,24,21580.0,15290.0,6290.0
Maxime Chazal,22,21579.0,19188.0,2391.0
Daniel Nguyen,29,21575.0,21145.0,430.0
Jacopo Berrettini,21,21573.0,17545.0,4028.0
Julian Reister,30,21560.0,20684.0,876.0
Kacper Zuk,20,21552.0,15905.0,5647.0
Benjamin Lock,24,21549.0,13735.0,7814.0
Viktor Durasovic,20,21546.0,17303.0,4243.0
Moez Echargui,25,21520.0,18823.0,2697.0
Lamine Ouahab,34,21519.0,19509.0,2010.0
Juan Bautista Otegui,23,21514.0,18189.0,3325.0
Fares Zakaria,24,21511.0,18833.0,2678.0
Yusuke Takahashi,22,21483.0,19180.0,2303.0
Yosuke Watanuki,19,21478.0,19866.0,1612.0
Jack Loge,21,21466.0,19948.0,1518.0
Rigele Te,20,21459.0,16052.0,5407.0
Marco Bortolotti,27,21450.0,14347.0,7103.0
Daniel Munoz de la Nava,36,21446.0,19028.0,2418.0
Fajing Sun,20,21442.0,15086.0,6356.0
Tomas Lipovsek Puches,24,21441.0,13157.0,8284.0
Arklon Huertas Del Pino Cordova,31,21439.0,9620.0,11819.0
Sandro Kopp,22,21431.0,16393.0,5038.0
Karim-Mohamed Maamoun,25,21428.0,16545.0,4883.0
Sanjar Fayziev,22,21426.0,17025.0,4401.0
Sanjar Fayziev,25,21409.0,16569.0,4840.0
Andrew Paulson,23,21390.0,17168.0,4222.0
Enzo Couacaud,23,21382.0,21286.0,96.0
Gonzalo Escobar,28,21365.0,13833.0,7532.0
Clement Geens,20,21356.0,19281.0,2075.0
Aleksandre Bakshi,25,21355.0,11054.0,10301.0
Stefan Adrian Andreescu,24,21335.0,18749.0,2586.0
Facundo Mena,24,21332.0,17081.0,4251.0
Bruno Santanna,26,21332.0,19216.0,2116.0
Yun seong Chung,26,21326.0,10266.0,11060.0
Botic van de Zandschulp,22,21313.0,15168.0,6145.0
Gabriele Piraino,21,21313.0,20105.0,1208.0
Remi Boutillier,25,21312.0,18577.0,2735.0
Tommaso Compagnucci,25,21291.0,17661.0,3630.0
Sam Riffice,20,21275.0,19480.0,1795.0
Zihao Xia,21,21274.0,19246.0,2028.0
Ricardo Ojeda Lara,23,21262.0,20502.0,760.0
Sebastian Baez,19,21261.0,18957.0,2304.0
S D Prajwal Dev,27,21261.0,14623.0,6638.0
Yanaki Milev,20,21238.0,16050.0,5188.0
Alejo Sanchez Quilez,19,21235.0,16678.0,4557.0
Marco Bortolotti,28,21223.0,12759.0,8464.0
Jeroen Vanneste,24,21215.0,14794.0,6421.0
Anton Matusevich,22,21193.0,17923.0,3270.0
Kiranpal Pannu,26,21186.0,21096.0,90.0
Luke Johnson,25,21181.0,6812.0,14369.0
Filippo Baldi,21,21178.0,16097.0,5081.0
Maxime Cressy,21,21177.0,13511.0,7666.0
Keegan Smith,25,21175.0,17498.0,3677.0
Raymond Sarmiento,24,21162.0,18327.0,2835.0
Leonardo Aboian,24,21159.0,15088.0,6071.0
Christoph Negritu,29,21148.0,11329.0,9819.0
Pedro Vives Marcos,24,21143.0,16922.0,4221.0
Bogdan Pavel,25,21138.0,8955.0,12183.0
Lucas Catarina,27,21122.0,21122.0,0.0
Yan Bai,29,21107.0,19253.0,1854.0
Svyatoslav Gulin,23,21099.0,18619.0,2480.0
Saketh Myneni,30,21098.0,16863.0,4235.0
Tom Fawcett,23,21095.0,20125.0,970.0
Juan Manuel Cerundolo,18,21088.0,18266.0,2822.0
Kenny De Schepper,36,21078.0,18990.0,2088.0
Johan Nikles,28,21070.0,17495.0,3575.0
Pietro Fellin,24,21068.0,19365.0,1703.0
Filippo Moroni,24,21060.0,16986.0,4074.0
Kai Wehnelt,30,21048.0,12431.0,8617.0
Saba Purtseladze,21,21029.0,12842.0,8187.0
Juan Pablo Paz,21,21028.0,16982.0,4046.0
Alexey Vatutin,23,21011.0,17939.0,3072.0
Yanki Erel,25,21004.0,20142.0,862.0
Federico Bondioli,19,21003.0,15403.0,5600.0
Igor Gimenez,25,21000.0,19264.0,1736.0
Ben Patael,25,20993.0,20288.0,705.0
Marcello Serafini,22,20991.0,18204.0,2787.0
Alexander Donski,24,20979.0,12002.0,8977.0
Max Basing,23,20966.0,19019.0,1947.0
Linang Xiao,23,20964.0,17145.0,3819.0
Johan Nikles,22,20960.0,16750.0,4210.0
Kokoro Isomura,21,20925.0,18723.0,2202.0
Jelle Sels,24,20922.0,19252.0,1670.0
Fabien Reboul,24,20917.0,9156.0,11761.0
Govind Nanda,23,20910.0,19127.0,1783.0
Antoine Bellier,20,20909.0,13310.0,7599.0
Evgeny Karlovskiy,29,20905.0,15475.0,5430.0
Strong Kirchheimer,29,20893.0,18091.0,2802.0
Alexander Zhurbin,27,20891.0,17437.0,3454.0
Ruan Roelofse,28,20887.0,4530.0,16357.0
Makoto Ochi,23,20883.0,19833.0,1050.0
Soonwoo Kwon,28,20878.0,18036.0,2842.0
Viktor Durasovic,22,20870.0,19081.0,1789.0
Yusuke Kusuhara,28,20868.0,12746.0,8122.0
Federico Arnaboldi,22,20867.0,16685.0,4182.0
Pol Toledo Bague,25,20844.0,18297.0,2547.0
Alex de Minaur,17,20832.0,19292.0,1540.0
Jonas Forejtek,22,20815.0,18578.0,2237.0
Brandon Nakashima,17,20800.0,20800.0,0.0
Alexandar Lazarov,22,20783.0,15855.0,4928.0
Tomas Farjat,23,20782.0,16365.0,4417.0
Adrien Bossel,29,20771.0,16061.0,4710.0
Eduard Esteve Lobato,25,20755.0,16030.0,4725.0
Wilson Leite,31,20747.0,17292.0,3455.0
Kris Van Wyk,29,20739.0,13331.0,7408.0
Clement Tabur,19,20737.0,9728.0,11009.0
Emilio Gomez,24,20719.0,16144.0,4575.0
Yannick Jankovits,31,20710.0,18871.0,1839.0
Alexander Erler,22,20702.0,18840.0,1862.0
Elmer Moller,20,20698.0,19549.0,1149.0
Paulo Andre Saraiva Dos Santos,24,20694.0,9072.0,11622.0
Pedro Sousa,35,20685.0,19418.0,1267.0
Dominik Palan,22,20681.0,18707.0,1974.0
Lenny Hampel,21,20678.0,18471.0,2207.0
Andrey Golubev,32,20665.0,7659.0,13006.0
Martin Krumich,20,20643.0,20368.0,275.0
Peter Polansky,27,20640.0,13724.0,6916.0
Wilson Leite,28,20627.0,16644.0,3983.0
Alexandar Lazov,27,20626.0,15261.0,5365.0
Ignacio Carou,24,20622.0,8925.0,11697.0
Vladyslav Orlov,29,20622.0,11473.0,9149.0
Martin Krumich,22,20606.0,19810.0,796.0
Georgii Kravchenko,25,20596.0,16667.0,3929.0
Sam Barry,25,20589.0,17979.0,2610.0
Tomasz Berkieta,19,20588.0,17863.0,2725.0
Yurii Dzhavakian,31,20581.0,17390.0,3191.0
Laurynas Grigelis,25,20565.0,17365.0,3200.0
Patrick Kypson,19,20565.0,11495.0,9070.0
Axel Garcian,23,20557.0,13262.0,7295.0
Michal Przysiezny,32,20550.0,20070.0,480.0
Fred Gil,34,20549.0,16115.0,4434.0
Peter Torebko,30,20544.0,16837.0,3707.0
Zizou Bergs,19,20514.0,19041.0,1473.0
Sergey Betov,31,20509.0,16561.0,3948.0
Rubin Statham,35,20506.0,17201.0,3305.0
Shinji Hazawa,26,20506.0,13440.0,7066.0
Eduard Esteve Lobato,28,20496.0,18998.0,1498.0
Matias Franco Descotte,25,20490.0,15120.0,5370.0
Dimitar Kuzmanov,26,20485.0,18548.0,1937.0
Facundo Juarez,25,20483.0,16348.0,4135.0
Jakub Mensik,17,20478.0,17538.0,2940.0
Camilo Ugo Carabelli,20,20468.0,16410.0,4058.0
Fausto Tabacco,21,20460.0,17980.0,2480.0
Arklon Huertas Del Pino Cordova,28,20451.0,12501.0,7950.0
Elliot Benchetrit,26,20433.0,17919.0,2514.0
Orlando Luz,20,20432.0,15073.0,5359.0
Niels Visker,23,20425.0,15446.0,4979.0
Adrian Bodmer,22,20425.0,15674.0,4751.0
Hiroyasu Ehara,27,20419.0,16123.0,4296.0
Buvaysar Gadamauri,23,20418.0,16054.0,4364.0
Tiago Pereira,19,20404.0,13171.0,7233.0
Adrian Menendez-Maceiras,37,20398.0,12345.0,8053.0
Shintaro Imai,29,20394.0,18573.0,1821.0
John Echeverria,22,20361.0,14478.0,5883.0
Jordi Arconada,23,20355.0,17175.0,3180.0
Albano Olivetti,28,20352.0,9927.0,10425.0
Jared Hiltzik,24,20342.0,18323.0,2019.0
Lucas Gerch,30,20339.0,17642.0,2697.0
Seita Watanabe,24,20331.0,5120.0,15211.0
David Pichler,21,20327.0,15067.0,5260.0
Riccardo Bonadio,24,20326.0,16648.0,3678.0
Luca Preda,19,20320.0,16537.0,3783.0
Omni Kumar,23,20308.0,20308.0,0.0
Jesse Delaney,27,20307.0,10831.0,9476.0
Harri Heliovaara,30,20297.0,7724.0,12573.0
Alex Bolt,23,20293.0,11760.0,8533.0
Cannon Kingsley,23,20274.0,14443.0,5831.0
Yuki Mochizuki,25,20266.0,16143.0,4123.0
Kyrian Jacquet,21,20265.0,14909.0,5356.0
Blaise Bicknell,22,20254.0,19798.0,456.0
Reilly Opelka,18,20242.0,11562.0,8680.0
Sergio Callejon Hernando,21,20239.0,18117.0,2122.0
Valerio Aboian,20,20239.0,17632.0,2607.0
Federico Iannaccone,24,20236.0,18428.0,1808.0
Aslan Karatsev,25,20224.0,18985.0,1239.0
Eliakim Coulibaly,21,20219.0,19269.0,950.0
Petr Michnev,27,20219.0,17656.0,2563.0
Michal Konecny,28,20217.0,16373.0,3844.0
Artem Smirnov,28,20216.0,19342.0,874.0
Thomas Fancutt,27,20214.0,13930.0,6284.0
Adam El Mihdawy,27,20210.0,17914.0,2296.0
Neil Oberleitner,23,20208.0,6772.0,13436.0
Daniil Ostapenkov,22,20202.0,11722.0,8480.0
Sebastien Boltz,22,20198.0,18528.0,1670.0
Adam Moundir,28,20198.0,14913.0,5285.0
Ivan Gakhov,23,20184.0,14852.0,5332.0
Alvaro Lopez San Martin,19,20183.0,18829.0,1354.0
Takuto Niki,29,20182.0,18162.0,2020.0
Quinn Vandecasteele,23,20182.0,17187.0,2995.0
Aziz Dougaz,21,20177.0,16218.0,3959.0
Carlos Lopez Montagud,23,20174.0,19648.0,526.0
Fabiano De Paula,29,20167.0,4766.0,15401.0
Renta Tokuda,21,20155.0,18889.0,1266.0
Tak Khunn Wang,27,20155.0,19357.0,798.0
Lucas Catarina,21,20144.0,18785.0,1359.0
Wilson Leite,32,20130.0,17003.0,3127.0
Max Purcell,18,20124.0,17236.0,2888.0
Petr Nesterov,20,20095.0,13761.0,6334.0
Adam Moundir,24,20094.0,15549.0,4545.0
Alexander Crnokrak,19,20089.0,18665.0,1424.0
Max Alcala Gurri,20,20058.0,17211.0,2847.0
Daniel Merida,19,20056.0,19644.0,412.0
Kenny De Schepper,35,20053.0,19386.0,667.0
Daniel Cox,25,20049.0,19038.0,1011.0
Jea Moon Lee,30,20046.0,15233.0,4813.0
Sebastian Sorger,20,20029.0,19457.0,572.0
Tomislav Brkic,26,20027.0,15675.0,4352.0
Garrett Johns,23,20020.0,15586.0,4434.0
Mohamed Safwat,34,20003.0,18174.0,1829.0
Kai Wehnelt,27,20002.0,10501.0,9501.0
Luciano Emanuel Ambrogi,20,19990.0,16699.0,3291.0
Gianni Mina,24,19987.0,17525.0,2462.0
Alejandro Gomez,24,19986.0,17075.0,2911.0
Federico Zeballos,34,19982.0,6140.0,13842.0
Juan Pablo Paz,29,19977.0,13986.0,5991.0
Federico Iannaccone,26,19973.0,16364.0,3609.0
Leo Vithoontien,26,19966.0,13137.0,6829.0
Tristan Lamasine,32,19965.0,17344.0,2621.0
Filippo Romano,19,19962.0,9378.0,10584.0
Corentin Denolly,26,19959.0,14218.0,5741.0
Yecong He,22,19959.0,14133.0,5826.0
Yusuke Takahashi,26,19944.0,19550.0,394.0
Ti Chen,35,19940.0,9388.0,10552.0
Emil Ruusuvuori,19,19937.0,17836.0,2101.0
Robin Catry,23,19933.0,16804.0,3129.0
Manuel Guinard,23,19919.0,18084.0,1835.0
Tsung-Hao Huang,25,19909.0,13341.0,6568.0
Ignacio Monzon,24,19906.0,13333.0,6573.0
Alexis Gautier,27,19896.0,19536.0,360.0
David Poljak,23,19882.0,15606.0,4276.0
Evgeny Donskoy,34,19857.0,18512.0,1345.0
Simon Carr,20,19854.0,18078.0,1776.0
Zura Tkemaladze,22,19853.0,8411.0,11442.0
Wishaya Trongcharoenchaikul,30,19847.0,15358.0,4489.0
Evan Zhu,20,19845.0,8210.0,11635.0
Alejandro Gomez,28,19835.0,10700.0,9135.0
Felix Corwin,29,19798.0,16582.0,3216.0
Luka Mikrut,19,19783.0,13537.0,6246.0
Jumpei Yamasaki,22,19774.0,16544.0,3230.0
Edoardo Eremin,23,19755.0,17515.0,2240.0
Nicholas David Ionel,23,19743.0,17613.0,2130.0
Marco Bortolotti,26,19736.0,13890.0,5846.0
Jose Pereira,25,19734.0,16469.0,3265.0
Jose Pereira,33,19723.0,17738.0,1985.0
Fabricio Neis,26,19722.0,2070.0,17652.0
Sebastian Fanselow,27,19721.0,18925.0,796.0
Ilya Ivashka,21,19716.0,16190.0,3526.0
Joao Menezes,22,19703.0,18469.0,1234.0
Rodrigo Alujas,23,19693.0,17176.0,2517.0
Younes Lalami,24,19684.0,12882.0,6802.0
Matias Franco Descotte,29,19657.0,16285.0,3372.0
Philip Bester,29,19650.0,14061.0,5589.0
Lucas Miedler,20,19641.0,11967.0,7674.0
Tallon Griekspoor,20,19635.0,15819.0,3816.0
Fajing Sun,22,19622.0,10396.0,9226.0
Kareem Al Allaf,25,19617.0,11536.0,8081.0
Roman Jebavy,27,19615.0,1189.0,18426.0
Altug Celikbilek,28,19594.0,18036.0,1558.0
Stefan Palosi,25,19584.0,18205.0,1379.0
Lorenzo Joaquin Rodriguez,24,19582.0,15211.0,4371.0
Nicolas Zanellato,21,19577.0,17574.0,2003.0
Oscar Jose Gutierrez,29,19573.0,16258.0,3315.0
Carlos Gomez-Herrera,29,19572.0,15360.0,4212.0
David Vega Hernandez,21,19570.0,16887.0,2683.0
Bor Artnak,21,19570.0,18643.0,927.0
Alex Michelsen,18,19563.0,7668.0,11895.0
Antoine Escoffier,25,19557.0,16725.0,2832.0
Joshua Sheehy,27,19542.0,9305.0,10237.0
Carl Emil Overbeck,24,19507.0,15616.0,3891.0
Dan Alexandru Tomescu,25,19490.0,16342.0,3148.0
Dominik Palan,24,19487.0,18686.0,801.0
Peter Torebko,28,19483.0,16692.0,2791.0
Toshihide Matsui,37,19477.0,7341.0,12136.0
Leonardo Aboian,26,19474.0,11737.0,7737.0
Pedja Krstin,28,19474.0,18630.0,844.0
Eduardo Ribeiro,24,19473.0,16040.0,3433.0
Lucas Gomez,22,19468.0,16908.0,2560.0
Alexander Sarkissian,29,19460.0,19460.0,0.0
Edoardo Eremin,22,19453.0,16568.0,2885.0
Alexandru Jecan,31,19451.0,12450.0,7001.0
Aziz Dougaz,22,19448.0,13868.0,5580.0
Emilio Nava,18,19437.0,17997.0,1440.0
Yusuke Takahashi,27,19433.0,18683.0,750.0
Enrique Lopez Perez,24,19430.0,14616.0,4814.0
Lucas Gerch,31,19426.0,14308.0,5118.0
Jarmere Jenkins,26,19425.0,15792.0,3633.0
Andrea Guerrieri,27,19413.0,18635.0,778.0
Max Wiskandt,22,19411.0,16748.0,2663.0
Andres Artunedo Martinavarro,26,19404.0,14466.0,4938.0
Patrik Niklas-Salminen,21,19398.0,14021.0,5377.0
Juan Carlos Aguilar,25,19392.0,9569.0,9823.0
Branko Djuric,20,19383.0,18909.0,474.0
Amr Elsayed,26,19383.0,16339.0,3044.0
Tomas Farjat,22,19372.0,13503.0,5869.0
Sean Cuenin,21,19355.0,18589.0,766.0
Jacob Grills,23,19348.0,16518.0,2830.0
Thomas Faurel,19,19328.0,19136.0,192.0
Matthew William Donald,21,19325.0,15598.0,3727.0
Gage Brymer,27,19325.0,19325.0,0.0
Maks Kasnikowski,19,19317.0,17163.0,2154.0
Jaume Pla Malfeito,23,19304.0,12560.0,6744.0
Joao Domingues,23,19301.0,16230.0,3071.0
Maverick Banes,23,19301.0,14600.0,4701.0
Thiago Seyboth Wild,18,19295.0,17586.0,1709.0
Carlos Sanchez Jover,22,19293.0,16161.0,3132.0
Ryan Seggerman,24,19277.0,9079.0,10198.0
Andres Santamarta Roig,18,19275.0,16581.0,2694.0
Eric Vanshelboim,21,19251.0,13754.0,5497.0
Svyatoslav Gulin,22,19250.0,14629.0,4621.0
Shintaro Imai,24,19246.0,13394.0,5852.0
Hiroyasu Ehara,26,19238.0,16103.0,3135.0
Federico Zeballos,31,19234.0,10856.0,8378.0
Shintaro Imai,31,19232.0,17057.0,2175.0
Jeevan Nedunchezhiyan,27,19228.0,10658.0,8570.0
Arthur Nagel,22,19228.0,14697.0,4531.0
Rinky Hijikata,18,19227.0,18003.0,1224.0
Alafia Ayeni,24,19223.0,16577.0,2646.0
Jay Friend,22,19223.0,18758.0,465.0
Rudy Quan,19,19219.0,18539.0,680.0
Roberto Cid Subervi,30,19207.0,15727.0,3480.0
Jaume Pla Malfeito,24,19199.0,13047.0,6152.0
Tommaso Compagnucci,24,19192.0,14519.0,4673.0
Alexandar Lazov,26,19186.0,15521.0,3665.0
Kenny De Schepper,38,19179.0,16246.0,2933.0
Dominik Kellovsky,28,19178.0,14179.0,4999.0
Adam Walton,23,19161.0,16404.0,2757.0
Juan Ignacio Galarza,23,19160.0,15672.0,3488.0
Gijs Brouwer,23,19136.0,15426.0,3710.0
Alafia Ayeni,25,19135.0,17440.0,1695.0
Ben Jones,25,19131.0,7935.0,11196.0
Robert Strombachs,25,19129.0,16994.0,2135.0
Fred Simonsson,22,19116.0,8661.0,10455.0
Taisei Ichikawa,23,19115.0,10822.0,8293.0
Dimitar Kuzmanov,23,19107.0,16883.0,2224.0
Mats Rosenkranz,26,19105.0,17511.0,1594.0
Bruno Santanna,24,19105.0,14430.0,4675.0
Sora Fukuda,20,19101.0,15328.0,3773.0
Aziz Ouakaa,24,19094.0,11801.0,7293.0
Dan Alexandru Tomescu,24,19089.0,12712.0,6377.0
Mario Gonzalez Fernandez,23,19084.0,17240.0,1844.0
Ruan Roelofse,26,19082.0,5332.0,13750.0
Jacob Bradshaw,22,19078.0,18112.0,966.0
Alex Marti Pujolras,23,19075.0,17008.0,2067.0
Tucker Vorster,27,19071.0,16230.0,2841.0
Toni Androic,24,19071.0,17111.0,1960.0
Samuel Bensoussan,26,19069.0,15601.0,3468.0
Daniil Glinka,24,19062.0,18012.0,1050.0
Florent Bax,25,19061.0,15213.0,3848.0
Peter Torebko,27,19057.0,17739.0,1318.0
Woobin Shin,20,19047.0,11781.0,7266.0
Giovanni Mpetshi Perricard,19,19038.0,16674.0,2364.0
Aleksandr Braynin,24,19029.0,15861.0,3168.0
Harry Wendelken,23,19027.0,12910.0,6117.0
Brayden Schnur,21,19020.0,16595.0,2425.0
Oriol Roca Batalla,24,19017.0,15345.0,3672.0
Adrian Oetzbach,28,19012.0,16279.0,2733.0
Marcos Giron,22,19010.0,16631.0,2379.0
Max Alcala Gurri,21,18990.0,16009.0,2981.0
Anton Matusevich,24,18987.0,17248.0,1739.0
Camilo Ugo Carabelli,19,18967.0,15809.0,3158.0
Theo Papamalamis,19,18965.0,17919.0,1046.0
Jan Satral,29,18941.0,16139.0,2802.0
Hazem Naw,23,18940.0,17307.0,1633.0
Evan Zhu,21,18927.0,13972.0,4955.0
Fabrizio Ornago,26,18909.0,17296.0,1613.0
Andres Martin,21,18908.0,18728.0,180.0
Harry Bourchier,19,18893.0,15628.0,3265.0
Lucio Ratti,21,18886.0,15046.0,3840.0
Marc Sieber,29,18860.0,17131.0,1729.0
Louis Wessels,27,18858.0,15904.0,2954.0
Yuki Mochizuki,26,18849.0,16449.0,2400.0
Cristian Carli,21,18849.0,14704.0,4145.0
Riccardo Ghedin,31,18848.0,1380.0,17468.0
Bowen Ouyang,24,18844.0,14197.0,4647.0
Emilio Gomez,26,18837.0,16623.0,2214.0
Somdev Devvarman,31,18835.0,15560.0,3275.0
Franco Agamenone,24,18833.0,8825.0,10008.0
Denis Klok,25,18831.0,14768.0,4063.0
Jorge Panta,27,18825.0,13400.0,5425.0
Blake Mott,27,18817.0,17781.0,1036.0
Carlos Gomez-Herrera,28,18809.0,17217.0,1592.0
Christopher Eubanks,20,18806.0,16086.0,2720.0
Ye Cong Mo,25,18801.0,15930.0,2871.0
Michal Krajci,20,18775.0,15687.0,3088.0
Sergio Gutierrez-Ferrol,28,18769.0,16368.0,2401.0
Elliot Benchetrit,19,18754.0,16602.0,2152.0
Jack Draper,17,18743.0,18493.0,250.0
Youssef Hossam,20,18718.0,17214.0,1504.0
Mariano Kestelboim,21,18702.0,13957.0,4745.0
Sumit Nagal,19,18701.0,17392.0,1309.0
Antoine Bellier,21,18696.0,14492.0,4204.0
Altug Celikbilek,22,18691.0,13101.0,5590.0
Yannick Vandenbulcke,27,18691.0,17280.0,1411.0
Sidharth Rawat,26,18688.0,16294.0,2394.0
Robert Strombachs,23,18681.0,15617.0,3064.0
Richard Gabb,23,18678.0,14737.0,3941.0
Michael Redlicki,25,18672.0,15956.0,2716.0
Samuel Monette,23,18654.0,14681.0,3973.0
Alessandro Pecci,23,18629.0,17811.0,818.0
Edoardo Lavagno,26,18628.0,17563.0,1065.0
Aleksandre Metreveli,22,18620.0,15552.0,3068.0
Micah Braswell,23,18620.0,17270.0,1350.0
Joao Domingues,30,18607.0,14554.0,4053.0
Luca Potenza,23,18593.0,13984.0,4609.0
Branko Djuric,19,18592.0,15911.0,2681.0
Jake Delaney,26,18591.0,15775.0,2816.0
Emile Hudd,24,18587.0,12677.0,5910.0
Toshihide Matsui,41,18584.0,3720.0,14864.0
Andrew Harris,24,18580.0,15900.0,2680.0
Elmar Ejupovic,32,18574.0,18574.0,0.0
Albano Olivetti,27,18572.0,12546.0,6026.0
Carlos Taberner,19,18554.0,15841.0,2713.0
Yu Hsiou Hsu,19,18548.0,10723.0,7825.0
Michiel De Krom,27,18543.0,15919.0,2624.0
Kelsey Stevenson,32,18542.0,11623.0,6919.0
Toby Kodat,22,18541.0,18164.0,377.0
Gastao Elias,29,18512.0,18024.0,488.0
Marco Bortolotti,24,18509.0,12453.0,6056.0
Prajnesh Gunneswaran,27,18499.0,18499.0,0.0
Adria Soriano Barrera,24,18487.0,14535.0,3952.0
Jan Choinski,20,18485.0,16917.0,1568.0
Michail Pervolarakis,23,18484.0,14415.0,4069.0
Nikola Cacic,26,18478.0,16951.0,1527.0
Kosuke Ogura,29,18472.0,13647.0,4825.0
Rio Noguchi,20,18465.0,15225.0,3240.0
Harry Wendelken,21,18460.0,14086.0,4374.0
Sebastien Boltz,25,18453.0,14026.0,4427.0
Dusan Obradovic,24,18450.0,15622.0,2828.0
Maxime Janvier,19,18445.0,15833.0,2612.0
Yaraslav Shyla,25,18440.0,6387.0,12053.0
Lloyd Harris,19,18437.0,17119.0,1318.0
Jurgen Briand,23,18434.0,16692.0,1742.0
Dennis Nevolo,27,18417.0,15697.0,2720.0
Luke Bambridge,21,18411.0,9684.0,8727.0
Daniel Siniakov,22,18411.0,11757.0,6654.0
Shintaro Imai,25,18408.0,12808.0,5600.0
Andrea Basso,25,18402.0,17866.0,536.0
Mate Valkusz,21,18390.0,16320.0,2070.0
Corentin Denolly,19,18388.0,15022.0,3366.0
Viacheslav Bielinskyi,20,18375.0,14220.0,4155.0
Alan Fernando Rubio Fierros,26,18359.0,15646.0,2713.0
Boy Westerhof,32,18354.0,13054.0,5300.0
Brydan Klein,28,18352.0,11011.0,7341.0
Pablo Llamas Ruiz,20,18342.0,15947.0,2395.0
Jose Pereira,34,18341.0,14665.0,3676.0
Joao Eduardo Schiessl,20,18338.0,14970.0,3368.0
Kaylan Bigun,19,18322.0,18322.0,0.0
Evan Song,25,18312.0,15060.0,3252.0
Bogdan Bobrov,22,18306.0,14750.0,3556.0
Stefan Popovic,21,18287.0,16020.0,2267.0
Juan Bautista Otegui,24,18287.0,12155.0,6132.0
Noah Schachter,25,18278.0,10127.0,8151.0
Cristian Rodriguez,29,18276.0,14266.0,4010.0
Niels Lootsma,25,18268.0,14407.0,3861.0
Pietro Rondoni,25,18263.0,15036.0,3227.0
Nick Chappell,32,18254.0,15143.0,3111.0
Grigoriy Lomakin,27,18237.0,11372.0,6865.0
Gonzalo Oliveira,21,18232.0,11638.0,6594.0
Kenta Miyoshi,21,18228.0,16351.0,1877.0
Carlos Boluda-Purkiss,26,18226.0,16359.0,1867.0
Sergi Perez Contri,25,18221.0,15690.0,2531.0
JC Aragone,27,18220.0,12695.0,5525.0
Johan Tatlot,19,18215.0,12992.0,5223.0
Marcello Serafini,20,18214.0,13690.0,4524.0
Colin Sinclair,28,18213.0,12747.0,5466.0
Matthieu Perchicot,27,18203.0,16382.0,1821.0
Dimitar Kuzmanov,22,18199.0,15613.0,2586.0
Benjamin Bonzi,20,18192.0,13050.0,5142.0
Lucas Gomez,24,18171.0,15232.0,2939.0
Karue Sell,25,18170.0,15445.0,2725.0
Mark Whitehouse,30,18170.0,9809.0,8361.0
Dominik Palan,25,18164.0,15962.0,2202.0
Lorenzo Sciahbasi,20,18161.0,15031.0,3130.0
Maxim Dubarenco,22,18159.0,15542.0,2617.0
Andrea Collarini,24,18157.0,15462.0,2695.0
Tim Handel,28,18157.0,14831.0,3326.0
Pedro Cachin,30,18131.0,17389.0,742.0
Roy Smith,21,18115.0,17615.0,500.0
Jose Pereira,31,18105.0,15601.0,2504.0
Lenny Hampel,20,18093.0,13909.0,4184.0
Andrea Arnaboldi,35,18092.0,14336.0,3756.0
Ryota Tanuma,27,18080.0,14596.0,3484.0
Tobias Simon,28,18079.0,17899.0,180.0
Matias Zukas,23,18075.0,13588.0,4487.0
Romain Arneodo,23,18073.0,6289.0,11784.0
Daniel Cox,26,18049.0,17733.0,316.0
Tomas Lipovsek Puches,22,18048.0,14485.0,3563.0
Fabrizio Ornago,25,18047.0,16094.0,1953.0
Lautaro Midon,19,18030.0,15903.0,2127.0
Taha Baadi,23,18025.0,15570.0,2455.0
Ryan Nijboer,20,18023.0,13721.0,4302.0
Michael Mmoh,17,18019.0,16114.0,1905.0
Tsung-Hao Huang,24,17975.0,11594.0,6381.0
Franco Roncadelli,23,17974.0,13574.0,4400.0
Dayne Kelly,32,17965.0,16137.0,1828.0
Yshai Oliel,24,17957.0,16436.0,1521.0
Thomas Fancutt,23,17950.0,11228.0,6722.0
Matej Dodig,18,17947.0,15316.0,2631.0
Riccardo Balzerani,20,17946.0,14145.0,3801.0
Carlos Maria Zarate,20,17945.0,15883.0,2062.0
Alexander Donski,25,17944.0,8023.0,9921.0
Tomas Curras Abasolo,25,17934.0,14648.0,3286.0
Joao Pedro Sorgi,23,17926.0,15065.0,2861.0
Daniel Little,26,17925.0,13649.0,4276.0
Alex Rybakov,27,17915.0,13521.0,4394.0
Henrique Cunha,25,17909.0,16114.0,1795.0
Eduard Esteve Lobato,23,17895.0,15233.0,2662.0
Yshai Oliel,19,17892.0,17142.0,750.0
Giovanni Fonio,20,17888.0,14308.0,3580.0
Aldin Setkic,32,17877.0,15650.0,2227.0
Alejandro Gomez,25,17866.0,13512.0,4354.0
Jorge Panta,28,17862.0,12018.0,5844.0
Vladyslav Manafov,23,17861.0,13244.0,4617.0
Samuele Pieri,23,17844.0,16803.0,1041.0
Martins Podzus,25,17844.0,14155.0,3689.0
Alexios Halebian,23,17838.0,15047.0,2791.0
Edan Leshem,26,17838.0,14203.0,3635.0
Yurii Dzhavakian,30,17830.0,15986.0,1844.0
Adam Neff,23,17829.0,16944.0,885.0
Grigoriy Lomakin,25,17825.0,8975.0,8850.0
Ryan Dickerson,28,17815.0,13160.0,4655.0
Filip Cristian Jianu,18,17782.0,16993.0,789.0
Bor Artnak,19,17768.0,16385.0,1383.0
Tom Jomby,28,17762.0,13683.0,4079.0
Alexander Donski,26,17757.0,6586.0,11171.0
Leonardo Aboian,25,17756.0,11337.0,6419.0
Finn Bass,26,17753.0,9461.0,8292.0
Juan Pablo Ficovich,21,17736.0,14614.0,3122.0
Alan Fernando Rubio Fierros,25,17725.0,14838.0,2887.0
Timo Legout,20,17710.0,13325.0,4385.0
Miguel Semmler,20,17699.0,13911.0,3788.0
Cristian Rodriguez,27,17697.0,13522.0,4175.0
Alexis Musialek,27,17687.0,15099.0,2588.0
Walter Trusendi,32,17683.0,10091.0,7592.0
Matt Hulme,26,17682.0,6963.0,10719.0
Dali Blanch,20,17668.0,13998.0,3670.0
Patrik Rikl,19,17667.0,13777.0,3890.0
Eduardo Ribeiro,26,17663.0,13558.0,4105.0
Yaraslav Shyla,23,17659.0,8159.0,9500.0
Kirill Kivattsev,27,17657.0,16692.0,965.0
David Perez Sanz,23,17655.0,11733.0,5922.0
Michael Linzer,26,17654.0,17050.0,604.0
Antoine Cornut-Chauvinc,18,17653.0,16389.0,1264.0
Markus Eriksson,26,17651.0,14247.0,3404.0
Matthew Barton,24,17640.0,15960.0,1680.0
Andrey Golubev,30,17610.0,12896.0,4714.0
Mikelis Libietis,24,17606.0,12538.0,5068.0
Alejandro Gomez,27,17602.0,11283.0,6319.0
Moerani Bouzige,25,17599.0,15227.0,2372.0
Roman Safiullin,20,17598.0,16920.0,678.0
Julien Dubail,28,17595.0,15479.0,2116.0
Tak Khunn Wang,25,17591.0,12310.0,5281.0
Brandon Walkin,28,17576.0,6780.0,10796.0
Gavin Van Peperzeel,25,17570.0,13035.0,4535.0
Giulio Zeppieri,18,17562.0,16268.0,1294.0
Alexander Erler,21,17561.0,14669.0,2892.0
Nikola Milojevic,20,17558.0,15988.0,1570.0
Arklon Huertas Del Pino Cordova,25,17551.0,10731.0,6820.0
Alexis Musialek,29,17543.0,14481.0,3062.0
Makoto Ochi,26,17542.0,13249.0,4293.0
Julien Cagnina,21,17539.0,14505.0,3034.0
Pol Toledo Bague,24,17539.0,14959.0,2580.0
Scott Griekspoor,26,17513.0,15862.0,1651.0
Yanis Ghazouani Durand,25,17512.0,11972.0,5540.0
Rafael Izquierdo Luque,25,17508.0,9196.0,8312.0
Aleksandar Vukic,22,17505.0,16455.0,1050.0
Anton Zaitcev,28,17503.0,9669.0,7834.0
Robin Kern,24,17484.0,14122.0,3362.0
Xin Gao,24,17479.0,8407.0,9072.0
Niklas Schell,24,17473.0,7806.0,9667.0
Temur Ismailov,21,17473.0,15111.0,2362.0
Martin Cuevas,27,17466.0,10101.0,7365.0
Kai Wehnelt,29,17464.0,7590.0,9874.0
Tristan McCormick,25,17462.0,13946.0,3516.0
Omar Salman,22,17461.0,14898.0,2563.0
Conner Huertas del Pino,27,17457.0,10116.0,7341.0
Mackenzie McDonald,20,17452.0,15090.0,2362.0
Luca Castelnuovo,26,17438.0,10630.0,6808.0
Fred Gil,31,17436.0,10907.0,6529.0
Markus Eriksson,27,17435.0,11640.0,5795.0
Johan Nikles,27,17430.0,13419.0,4011.0
Clement Geens,21,17425.0,14616.0,2809.0
Lucas Gerch,25,17420.0,15034.0,2386.0
Carl Soderlund,19,17399.0,17047.0,352.0
Marko Tepavac,25,17394.0,16494.0,900.0
Shinji Hazawa,23,17386.0,11790.0,5596.0
Francesco Forti,20,17383.0,14338.0,3045.0
David Poljak,22,17379.0,13349.0,4030.0
David Pichler,23,17379.0,12049.0,5330.0
Edas Butvilas,19,17379.0,15053.0,2326.0
Sekou Bangoura,31,17376.0,14511.0,2865.0
Marek Jaloviec,22,17361.0,14922.0,2439.0
Conner Huertas del Pino,30,17354.0,9465.0,7889.0
Volodoymyr Uzhylovskyi,29,17342.0,7753.0,9589.0
Caio Zampieri,31,17337.0,10192.0,7145.0
Vladimir Ivanov,28,17333.0,13930.0,3403.0
Federico Iannaccone,25,17325.0,16393.0,932.0
Matej Sabanov,27,17317.0,4601.0,12716.0
Ryan Fishback,23,17311.0,13583.0,3728.0
Cheong-Eui Kim,27,17310.0,14168.0,3142.0
Juan Ignacio Galarza,24,17308.0,11975.0,5333.0
Ronald Slobodchikov,26,17294.0,16862.0,432.0
Markos Kalovelonis,22,17276.0,11985.0,5291.0
Quentin Robert,25,17274.0,15170.0,2104.0
Jerome Kym,20,17271.0,15769.0,1502.0
Sergey Fomin,22,17254.0,12616.0,4638.0
Tom Gentzsch,20,17252.0,14691.0,2561.0
Gerard Granollers,27,17237.0,14056.0,3181.0
S D Prajwal Dev,28,17226.0,10581.0,6645.0
Nikola Cacic,27,17223.0,10477.0,6746.0
Sergi Perez Contri,27,17217.0,15379.0,1838.0
Mateus Alves,21,17210.0,13195.0,4015.0
Maxime Teixeira,27,17205.0,9383.0,7822.0
Sander Jong,23,17196.0,12120.0,5076.0
Ergi Kirkin,20,17187.0,16767.0,420.0
Ilya Snitari,20,17186.0,12166.0,5020.0
Andriej Kapas,26,17182.0,11499.0,5683.0
Tom Jomby,24,17176.0,11976.0,5200.0
Guido Ivan Justo,27,17170.0,16746.0,424.0
Lorenzo Frigerio,28,17163.0,13521.0,3642.0
Yanaki Milev,21,17160.0,13745.0,3415.0
Alexandre Muller,19,17160.0,14172.0,2988.0
Mitsuki Wei Kang Leong,21,17160.0,14092.0,3068.0
Matteo Covato,20,17158.0,13292.0,3866.0
Keisuke Saitoh,24,17148.0,13280.0,3868.0
Adrian Oetzbach,26,17137.0,13689.0,3448.0
Jakub Paul,20,17131.0,9641.0,7490.0
Luca Potenza,22,17125.0,15290.0,1835.0
Marc Giner,27,17123.0,12164.0,4959.0
Strong Kirchheimer,24,17122.0,14803.0,2319.0
Wishaya Trongcharoenchaikul,29,17122.0,14698.0,2424.0
Sanhui Shin,26,17102.0,15032.0,2070.0
Sebastian Gima,20,17090.0,14813.0,2277.0
Juan Ignacio Galarza,22,17087.0,12918.0,4169.0
Constantin Bittoun Kouzmine,23,17087.0,11942.0,5145.0
Danny Thomas,19,17083.0,7161.0,9922.0
Nicolaas Scholtz,25,17075.0,11107.0,5968.0
Buvaysar Gadamauri,24,17067.0,13992.0,3075.0
Francesco Vilardo,29,17064.0,13707.0,3357.0
Brayden Schnur,28,17047.0,16775.0,272.0
Thomas Fancutt,24,17043.0,12839.0,4204.0
Colin Markes,26,17041.0,11466.0,5575.0
Luke Bambridge,20,17035.0,5462.0,11573.0
Alessandro Bega,24,17025.0,14263.0,2762.0
Ivan Liutarevich,26,17024.0,8393.0,8631.0
Vadym Ursu,26,17018.0,15187.0,1831.0
Mitsuki Wei Kang Leong,20,17003.0,14689.0,2314.0
Maximiliano Estevez,30,17001.0,11957.0,5044.0
Divij Sharan,29,16987.0,1872.0,15115.0
Ivan Ivanov,17,16986.0,16542.0,444.0
Yan Bondarevskiy,22,16984.0,12266.0,4718.0
Martin Krumich,20,16973.0,16200.0,773.0
Alejandro Gonzalez,30,16972.0,14774.0,2198.0
Omni Kumar,21,16962.0,16052.0,910.0
Ricardo Rodriguez - Pace,26,16953.0,13815.0,3138.0
Fausto Tabacco,23,16931.0,13473.0,3458.0
Adelchi Virgili,27,16920.0,15358.0,1562.0
Niels Lootsma,23,16918.0,9239.0,7679.0
Caio Zampieri,29,16915.0,13436.0,3479.0
Ricardo Ojeda Lara,26,16909.0,15363.0,1546.0
Stefan Popovic,20,16907.0,14782.0,2125.0
Luis Patino,26,16898.0,10398.0,6500.0
Daniel Michalski,19,16894.0,14427.0,2467.0
Tianhui Zhang,19,16894.0,14954.0,1940.0
Felix Auger-Aliassime,16,16879.0,10248.0,6631.0
Arthur Bouquier,22,16878.0,10317.0,6561.0
Fajing Sun,26,16865.0,11788.0,5077.0
Grigoriy Lomakin,26,16861.0,9060.0,7801.0
Felix Corwin,28,16860.0,12666.0,4194.0
Evgeny Karlovskiy,22,16843.0,12378.0,4465.0
Alafia Ayeni,23,16842.0,14792.0,2050.0
Alexis Galarneau,19,16835.0,13470.0,3365.0
Jakub Nicod,19,16807.0,13242.0,3565.0
Tom Paris,21,16804.0,15872.0,932.0
Roy Smith,20,16788.0,16608.0,180.0
Johan Nikles,21,16774.0,11548.0,5226.0
Wilson Leite,34,16774.0,14388.0,2386.0
Enrico Dalla Valle,20,16751.0,11434.0,5317.0
Alessandro Petrone,28,16740.0,15642.0,1098.0
Daniel Antonio Nunez,24,16734.0,13720.0,3014.0
Matthew Dellavedova,22,16727.0,15033.0,1694.0
Jarryd Chaplin,24,16722.0,3644.0,13078.0
Colin Sinclair,30,16721.0,10212.0,6509.0
Kevin Krawietz,23,16720.0,11200.0,5520.0
Makoto Ochi,22,16713.0,14601.0,2112.0
Liam Gavrielides,20,16703.0,14428.0,2275.0
Luca Castagnola,23,16685.0,15366.0,1319.0
Filip Jeff Planinsek,24,16684.0,15596.0,1088.0
Francisco Rocha,25,16673.0,13070.0,3603.0
Sergio Martos Gornes,23,16668.0,7374.0,9294.0
Yusuke Takahashi,25,16654.0,14834.0,1820.0
Tomas Machac,19,16654.0,15388.0,1266.0
Peter Heller,31,16641.0,12963.0,3678.0
Marc Giner,25,16637.0,13574.0,3063.0
Jared Hiltzik,22,16624.0,13189.0,3435.0
Sanhui Shin,27,16620.0,12456.0,4164.0
Adrian Oetzbach,27,16615.0,14263.0,2352.0
Yannik Reuter,24,16612.0,14304.0,2308.0
Facundo Mena,23,16603.0,13305.0,3298.0
Hugo Grenier,21,16597.0,15871.0,726.0
Danylo Kalenichenko,25,16594.0,12947.0,3647.0
Stefan Dostanic,23,16592.0,16592.0,0.0
Maxime Tchoutakian,25,16588.0,10911.0,5677.0
Finn Tearney,25,16587.0,12660.0,3927.0
Koki Matsuda,25,16582.0,12545.0,4037.0
Yuta Kikuchi,26,16542.0,13038.0,3504.0
Gonzalo Villanueva,23,16535.0,14817.0,1718.0
Sheng Tang,24,16531.0,7532.0,8999.0
Manuel Mazza,26,16530.0,14848.0,1682.0
Oleksii Krutykh,25,16522.0,14971.0,1551.0
Jan Mertl,35,16521.0,13381.0,3140.0
Simon Beaupain,23,16515.0,14247.0,2268.0
Petr Nouza,21,16507.0,10777.0,5730.0
Sander Gille,25,16499.0,6393.0,10106.0
Bjorn Fratangelo,30,16485.0,16485.0,0.0
Jacopo Berrettini,20,16481.0,14038.0,2443.0
Georgii Kravchenko,23,16480.0,13660.0,2820.0
Botic van de Zandschulp,23,16475.0,13375.0,3100.0
Nino Ehrenschneider,24,16465.0,15667.0,798.0
Kenny De Schepper,37,16462.0,14609.0,1853.0
Filip Bergevi,28,16445.0,6330.0,10115.0
Tiago Torres,23,16440.0,12129.0,4311.0
Andrea Guerrieri,26,16432.0,15648.0,784.0
Georgii Kravchenko,22,16424.0,12146.0,4278.0
Olaf Pieczkowski,20,16406.0,15190.0,1216.0
Gabor Borsos,26,16392.0,5030.0,11362.0
Jaimee Floyd Angele,18,16390.0,15109.0,1281.0
Alex Molcan,21,16374.0,15936.0,438.0
Keegan Smith,26,16371.0,12695.0,3676.0
Stefan Palosi,22,16365.0,13530.0,2835.0
Baptiste Crepatte,23,16356.0,14352.0,2004.0
Emilien Demanet,20,16355.0,13223.0,3132.0
Lucas Bouquet,27,16352.0,13006.0,3346.0
Arthur Bouquier,22,16351.0,9334.0,7017.0
Ivan Nedelko,29,16349.0,15611.0,738.0
Nik Razborsek,25,16340.0,14802.0,1538.0
Corentin Denolly,25,16335.0,13617.0,2718.0
Jorge Panta,24,16320.0,12698.0,3622.0
Daniel Masur,21,16307.0,14768.0,1539.0
Jakub Paul,19,16299.0,10394.0,5905.0
Jesse Delaney,26,16297.0,8473.0,7824.0
Massimo Giunta,21,16290.0,13465.0,2825.0
Filip Horansky,22,16267.0,14708.0,1559.0
Takanyi Garanganga,28,16254.0,15824.0,430.0
Nikola Slavic,25,16251.0,9569.0,6682.0
Jaume Pla Malfeito,22,16250.0,10441.0,5809.0
Finn Tearney,27,16235.0,13804.0,2431.0
Brandon Walkin,29,16231.0,8421.0,7810.0
Filip Horansky,23,16222.0,14221.0,2001.0
Alexander Igoshin,24,16222.0,9582.0,6640.0
Matias Zukas,26,16221.0,11829.0,4392.0
Maxence Beauge,24,16218.0,12107.0,4111.0
Emilien Voisin,23,16206.0,13429.0,2777.0
Chase Ferguson,26,16206.0,12879.0,3327.0
Maxence Beauge,23,16203.0,12370.0,3833.0
Tibo Colson,24,16197.0,13100.0,3097.0
Samuel Heredia,19,16195.0,13625.0,2570.0
Luis Patino,25,16186.0,10776.0,5410.0
Bogdan Bobrov,25,16159.0,12593.0,3566.0
Olaf Pieczkowski,19,16150.0,13684.0,2466.0
Grzegorz Panfil,27,16149.0,13791.0,2358.0
Thomas Brechemier,21,16143.0,13747.0,2396.0
Mick Lescure,24,16140.0,11139.0,5001.0
Renta Tokuda,19,16126.0,12774.0,3352.0
Fernando Romboli,27,16124.0,9829.0,6295.0
Joshua Sheehy,26,16118.0,11907.0,4211.0
Facundo Juarez,28,16114.0,14548.0,1566.0
Edan Leshem,19,16114.0,14468.0,1646.0
Filip Peliwo,22,16094.0,12529.0,3565.0
Juan Sebastian Gomez,33,16089.0,13577.0,2512.0
Orel Kimhi,21,16088.0,14486.0,1602.0
Adrian Sikora,27,16087.0,12897.0,3190.0
Michal Konecny,26,16072.0,12967.0,3105.0
Cheong-Eui Kim,26,16070.0,14024.0,2046.0
Alexandr Cozbinov,27,16069.0,12230.0,3839.0
Alfredo Perez,25,16060.0,10913.0,5147.0
Denis Matsukevich,30,16055.0,6955.0,9100.0
John Echeverria,24,16050.0,12571.0,3479.0
Orlando Luz,18,16047.0,11098.0,4949.0
Marko Maksimovic,19,16035.0,9625.0,6410.0
Damien Wenger,25,16025.0,12650.0,3375.0
Adria Soriano Barrera,23,16017.0,13112.0,2905.0
Gabriele Pennaforti,23,16016.0,14841.0,1175.0
Nam Hoang Ly,21,16009.0,13403.0,2606.0
Eero Vasa,27,16008.0,11706.0,4302.0
Peter Bertran,29,16001.0,12982.0,3019.0
Colin Sinclair,25,15995.0,14423.0,1572.0
Mirza Basic,33,15989.0,13916.0,2073.0
Shuichi Sekiguchi,24,15983.0,14159.0,1824.0
Eliakim Coulibaly,20,15982.0,13471.0,2511.0
Aaron Addison,27,15979.0,9523.0,6456.0
Jakub Nicod,21,15977.0,13795.0,2182.0
Inaki Montes-De La Torre,22,15976.0,12592.0,3384.0
Ognjen Milic,18,15963.0,15813.0,150.0
Niklas Schell,26,15955.0,10021.0,5934.0
Pedro Araujo,20,15950.0,13116.0,2834.0
Ruan Roelofse,30,15950.0,7057.0,8893.0
Robin Stanek,20,15949.0,14195.0,1754.0
Dennis Nevolo,28,15948.0,13282.0,2666.0
Patrik Niklas-Salminen,22,15945.0,11844.0,4101.0
Pawel Juszczak,30,15943.0,14585.0,1358.0
Alec Beckley,23,15939.0,11731.0,4208.0
Pablo Vivero Gonzalez,22,15924.0,13553.0,2371.0
Aleksandr Braynin,26,15916.0,11219.0,4697.0
Geoffrey Blancaneaux,18,15914.0,15212.0,702.0
Nikolay Vylegzhanin,24,15901.0,14878.0,1023.0
Diego Augusto Barreto Sanchez,23,15899.0,12446.0,3453.0
Maxime Tabatruong,28,15898.0,14054.0,1844.0
Alexis Gautier,25,15896.0,15662.0,234.0
Diego Augusto Barreto Sanchez,21,15888.0,14242.0,1646.0
Peter Nagy,27,15885.0,11391.0,4494.0
Marsel Ilhan,31,15878.0,15824.0,54.0
Hamish Stewart,25,15878.0,12231.0,3647.0
Tyler Zink,23,15877.0,12710.0,3167.0
Fred Simonsson,23,15856.0,10285.0,5571.0
Fabiano De Paula,27,15851.0,11287.0,4564.0
Yaroslav Demin,19,15850.0,14693.0,1157.0
Hubert Hurkacz,19,15842.0,13792.0,2050.0
Garrett Johns,24,15832.0,13868.0,1964.0
Niccolo Catini,27,15830.0,10507.0,5323.0
Abel Forger,20,15824.0,12083.0,3741.0
Harrison Adams,30,15818.0,13188.0,2630.0
Takuya Kumasaka,26,15816.0,15192.0,624.0
Giorgio Tabacco,20,15814.0,12593.0,3221.0
Arthur Weber,32,15812.0,14633.0,1179.0
Martin Damm,16,15812.0,668.0,15144.0
Calvin Hemery,27,15803.0,14874.0,929.0
Luca Margaroli,23,15799.0,4832.0,10967.0
Evgeny Philippov,21,15794.0,12754.0,3040.0
Federico Zeballos,29,15782.0,8634.0,7148.0
Wishaya Trongcharoenchaikul,22,15770.0,13025.0,2745.0
Antoine Hoang,21,15770.0,10712.0,5058.0
Roberto Ortega-Olmedo,24,15768.0,13197.0,2571.0
Dayne Kelly,33,15765.0,12884.0,2881.0
Victor Lilov,19,15761.0,14277.0,1484.0
Rhyne Williams,25,15740.0,10825.0,4915.0
Shunsuke Nakagawa,25,15739.0,7039.0,8700.0
Steven De Waard,25,15734.0,5496.0,10238.0
Nick Hardt,19,15731.0,12641.0,3090.0
John Sperle,23,15722.0,11745.0,3977.0
Patrick Maloney,24,15720.0,14434.0,1286.0
Erik Crepaldi,26,15716.0,11782.0,3934.0
Adam Heinonen,22,15715.0,7934.0,7781.0
Kristijan Mesaros,29,15708.0,15654.0,54.0
Ryan Shane,23,15706.0,13087.0,2619.0
Harrison Adams,24,15684.0,12463.0,3221.0
Alexey Zakharov,23,15678.0,15678.0,0.0
Vaclav Safranek,21,15670.0,12961.0,2709.0
Anis Ghorbel,28,15665.0,8948.0,6717.0
Alexandar Lazov,28,15656.0,13093.0,2563.0
Daniil Glinka,23,15652.0,14718.0,934.0
Federico Coria,23,15641.0,12609.0,3032.0
Calum Puttergill,29,15641.0,7346.0,8295.0
Corentin Denolly,20,15640.0,12917.0,2723.0
Nathan Pasha,25,15640.0,8935.0,6705.0
Matej Sabanov,25,15630.0,6772.0,8858.0
Ryotaro Taguchi,25,15628.0,10565.0,5063.0
Khumoyun Sultanov,24,15624.0,13298.0,2326.0
Fernando Romboli,28,15614.0,6444.0,9170.0
Luca Margaroli,24,15614.0,5165.0,10449.0
Maik Steiner,31,15613.0,13622.0,1991.0
Naoya Honda,19,15607.0,13333.0,2274.0
Rimpei Kawakami,22,15606.0,13158.0,2448.0
Chuhan Wang,24,15601.0,12683.0,2918.0
Genaro Alberto Olivieri,20,15597.0,11947.0,3650.0
Jaime Faria,19,15596.0,10267.0,5329.0
Matija Pecotic,27,15591.0,14661.0,930.0
Omar Giacalone,25,15587.0,10841.0,4746.0
Jeremy Jahn,33,15581.0,13575.0,2006.0
Mark Lajal,19,15576.0,14822.0,754.0
Johannes Haerteis,22,15573.0,11448.0,4125.0
Gianluca Di Nicola,22,15572.0,12112.0,3460.0
Gianmarco Ferrari,24,15571.0,14167.0,1404.0
Petros Chrysochos,23,15570.0,13500.0,2070.0
Nick Chappell,27,15567.0,13217.0,2350.0
Adrian Andreev,18,15565.0,13553.0,2012.0
Daisuke Sumizawa,24,15552.0,11332.0,4220.0
Emilien Demanet,19,15551.0,13433.0,2118.0
Manuel Sanchez,24,15535.0,6745.0,8790.0
Rigele Te,19,15518.0,12464.0,3054.0
Tomas Martin Etcheverry,19,15512.0,12596.0,2916.0
Igor Sijsling,31,15504.0,12970.0,2534.0
Maxime Tabatruong,26,15491.0,13301.0,2190.0
Dan  Martin,24,15481.0,14485.0,996.0
Conner Huertas del Pino,29,15477.0,4889.0,10588.0
Jan Kumstat,18,15464.0,13085.0,2379.0
Digvijaypratap Singh,25,15445.0,14068.0,1377.0
Artem Smirnov,29,15444.0,10832.0,4612.0
Peter Heller,30,15442.0,11592.0,3850.0
Michael Vrbensky,19,15440.0,11397.0,4043.0
Gage Brymer,24,15436.0,15016.0,420.0
Tung-Lin Wu,19,15434.0,13112.0,2322.0
Mikael Torpegaard,22,15426.0,13356.0,2070.0
Orel Kimhi,20,15423.0,13453.0,1970.0
Amaury Raynel,21,15419.0,13397.0,2022.0
Denis Yevseyev,24,15417.0,12123.0,3294.0
Benjamin Winter Lopez,24,15417.0,10943.0,4474.0
Shunsuke Mitsui,23,15412.0,11510.0,3902.0
Joao Lucas Reis Da Silva,19,15412.0,12281.0,3131.0
Millen Hurrion,26,15408.0,14374.0,1034.0
Robin Stanek,22,15403.0,11844.0,3559.0
Strong Kirchheimer,27,15402.0,14499.0,903.0
Skander Mansouri,23,15397.0,11244.0,4153.0
Arthur Reymond,24,15396.0,8966.0,6430.0
Walter Trusendi,33,15395.0,8062.0,7333.0
Pascal Meis,24,15392.0,11207.0,4185.0
Martins Podzus,24,15391.0,12404.0,2987.0
Jules Marie,24,15378.0,13815.0,1563.0
Oscar Jose Gutierrez,32,15376.0,12309.0,3067.0
Inaki Montes-De La Torre,21,15365.0,13268.0,2097.0
Mario Gonzalez Fernandez,22,15365.0,14151.0,1214.0
Thiago Cigarran,25,15358.0,11087.0,4271.0
Vlad Andrei Dancu,24,15354.0,15098.0,256.0
Egor Agafonov,21,15342.0,10189.0,5153.0
Mick Veldheer,26,15337.0,9347.0,5990.0
Peter Bertran,26,15333.0,12039.0,3294.0
Maximiliano Estevez,27,15327.0,12146.0,3181.0
Tucker Vorster,28,15324.0,7916.0,7408.0
Tobias Simon,26,15316.0,13755.0,1561.0
Ivan Gakhov,19,15313.0,12009.0,3304.0
Xiaofei Wang,20,15310.0,8706.0,6604.0
Fabien Reboul,22,15295.0,12010.0,3285.0
Antoine Ghibaudo,19,15295.0,13997.0,1298.0
Alexander Donski,21,15293.0,9790.0,5503.0
Alexander Ritschard,24,15279.0,12733.0,2546.0
Sergey Fomin,23,15274.0,13145.0,2129.0
Scott Griekspoor,28,15270.0,14871.0,399.0
Ajeet Rai,23,15269.0,11316.0,3953.0
Sarp Agabigun,20,15264.0,8632.0,6632.0
Maxim Dubarenco,23,15255.0,13659.0,1596.0
Olexiy Kolisnyk,21,15244.0,10553.0,4691.0
Pedro Araujo,21,15244.0,11159.0,4085.0
Nicolas Alberto Arreche,25,15233.0,10219.0,5014.0
Joran Vliegen,23,15229.0,5028.0,10201.0
Temur Ismailov,20,15228.0,12484.0,2744.0
Miki Jankovic,21,15228.0,13378.0,1850.0
Sidharth Rawat,32,15219.0,14056.0,1163.0
Facundo Diaz Acosta,19,15218.0,13928.0,1290.0
Kuan-Yi Lee,29,15202.0,13832.0,1370.0
Moez Echargui,24,15201.0,12543.0,2658.0
Gianluca Naso,29,15193.0,14307.0,886.0
Daniel Paty,24,15191.0,9969.0,5222.0
Tung-Lin Wu,20,15167.0,11828.0,3339.0
Felix Corwin,23,15162.0,12114.0,3048.0
Sebastian Prechtel,27,15161.0,13125.0,2036.0
Makoto Ochi,20,15161.0,14161.0,1000.0
Marko Tepavac,21,15160.0,13261.0,1899.0
Martyn Pawelski,19,15159.0,14705.0,454.0
Braden Shick,22,15159.0,12055.0,3104.0
Juan Sebastian Gomez,23,15159.0,8695.0,6464.0
Brandon Holt,21,15155.0,12170.0,2985.0
Takanyi Garanganga,27,15154.0,14304.0,850.0
Andrea Picchione,24,15141.0,10629.0,4512.0
Attila Balazs,28,15128.0,14226.0,902.0
Lukas Pokorny,20,15128.0,10172.0,4956.0
Grigoriy Lomakin,21,15123.0,8020.0,7103.0
Yanki Erel,22,15117.0,13210.0,1907.0
Petr Nouza,24,15114.0,8038.0,7076.0
Adam El Mihdawy,26,15110.0,13024.0,2086.0
Igor Gimenez,24,15110.0,12256.0,2854.0
Moerani Bouzige,24,15106.0,12662.0,2444.0
Darian King,31,15095.0,14311.0,784.0
Hikaru Shiraishi,23,15093.0,12614.0,2479.0
Mate Delic,24,15087.0,14153.0,934.0
Dusan Lojda,27,15077.0,12836.0,2241.0
Imanol Lopez Morillo,25,15077.0,12102.0,2975.0
Erik Crepaldi,27,15076.0,9407.0,5669.0
Arda Azkara,22,15072.0,12594.0,2478.0
Gabriele Piraino,19,15065.0,12662.0,2403.0
Marc Giner,24,15038.0,13709.0,1329.0
Peter Fajta,23,15030.0,14653.0,377.0
Maximus Jones,20,15029.0,9697.0,5332.0
Mats Moraing,31,15025.0,13507.0,1518.0
Robin Stanek,21,15024.0,13509.0,1515.0
Danny Thomas,18,15015.0,3746.0,11269.0
Fabiano De Paula,28,15009.0,6548.0,8461.0
Stefan Palosi,24,15007.0,13993.0,1014.0
Elmar Ejupovic,31,14987.0,14105.0,882.0
Christian Langmo,26,14982.0,13600.0,1382.0
Pedro Sakamoto,25,14981.0,13388.0,1593.0
Kirill Dmitriev,24,14968.0,12074.0,2894.0
Omar Giacalone,23,14951.0,11073.0,3878.0
Tristan Lamasine,29,14951.0,10109.0,4842.0
Lorenzo Rottoli,22,14939.0,9566.0,5373.0
Hiroyasu Ehara,24,14934.0,13174.0,1760.0
Benjamin Hassan,23,14925.0,13354.0,1571.0
Juan Manuel La Serna,20,14917.0,10171.0,4746.0
Liam Caruana,19,14914.0,13318.0,1596.0
Jordan Correia,21,14907.0,14017.0,890.0
Radu Mihai Papoe,23,14906.0,13399.0,1507.0
Alvaro Lopez San Martin,21,14906.0,13771.0,1135.0
Ray Ho,22,14899.0,7757.0,7142.0
Thomas Statzberger,25,14898.0,11937.0,2961.0
Arnaud Bovy,19,14898.0,10266.0,4632.0
Vishnu Vardhan,29,14892.0,10822.0,4070.0
Danilo Petrovic,23,14889.0,11761.0,3128.0
Juan Cruz Martin Manzano,21,14884.0,11873.0,3011.0
Brandon Nakashima,18,14870.0,14330.0,540.0
Hugo Nys,24,14863.0,11289.0,3574.0
Petru-Alexandru Luncanu,26,14855.0,9877.0,4978.0
Andrew Harris,23,14852.0,13832.0,1020.0
Peter Torebko,29,14852.0,10449.0,4403.0
Pavel Krainik,26,14852.0,11962.0,2890.0
Emile Hudd,25,14849.0,9618.0,5231.0
Pierre Delage,24,14846.0,13466.0,1380.0
Samir Hamza Reguig,23,14845.0,11889.0,2956.0
Alex Knaff,25,14844.0,10727.0,4117.0
Zhizhen Zhang,20,14842.0,10080.0,4762.0
Mariano Kestelboim,20,14840.0,10094.0,4746.0
Stijn Slump,25,14840.0,14410.0,430.0
Nathan Ponwith,26,14838.0,10832.0,4006.0
Petros Chrysochos,22,14836.0,13576.0,1260.0
Pietro Rondoni,26,14831.0,12877.0,1954.0
Harry Bourchier,20,14830.0,11065.0,3765.0
Igor Gimenez,23,14829.0,9610.0,5219.0
Alexey Zakharov,19,14829.0,12647.0,2182.0
Roman Safiullin,19,14822.0,14132.0,690.0
Thiemo de Bakker,29,14820.0,14658.0,162.0
Fausto Tabacco,20,14819.0,12527.0,2292.0
Sebastian Gima,22,14790.0,13941.0,849.0
Donald Young,33,14775.0,14075.0,700.0
Jesse Huta Galung,31,14775.0,9951.0,4824.0
Joao Sousa,35,14773.0,13069.0,1704.0
Mats Rosenkranz,21,14759.0,11519.0,3240.0
Marlon Vankan,23,14759.0,11808.0,2951.0
Juan Ignacio Galarza,21,14746.0,11347.0,3399.0
Neil Pauffley,27,14743.0,12910.0,1833.0
Renta Tokuda,25,14741.0,14329.0,412.0
Frederik Nielsen,34,14740.0,7578.0,7162.0
Imanol Lopez Morillo,26,14739.0,12673.0,2066.0
Simon Beaupain,25,14738.0,10437.0,4301.0
Milos Karol,21,14737.0,8378.0,6359.0
Jordi Arconada,22,14735.0,11744.0,2991.0
Lorenzo Sonego,20,14733.0,12229.0,2504.0
Hans Hach Verdugo,26,14731.0,7476.0,7255.0
Jonathan Kanar,23,14730.0,9996.0,4734.0
Michael Bassem Sobhy,21,14728.0,11604.0,3124.0
Bastian Malla,20,14721.0,12479.0,2242.0
Lukas Mugevicius,22,14720.0,10918.0,3802.0
Zsombor Piros,20,14717.0,14008.0,709.0
Daniel Elahi Galan,20,14717.0,13566.0,1151.0
Luca Castelnuovo,22,14714.0,10546.0,4168.0
Jaimee Floyd Angele,23,14712.0,14354.0,358.0
Viacheslav Bielinskyi,21,14702.0,12832.0,1870.0
Shintaro Imai,32,14702.0,13318.0,1384.0
Bastian Malla,23,14677.0,12360.0,2317.0
Yecong He,23,14674.0,11119.0,3555.0
Tomas Lipovsek Puches,29,14672.0,7814.0,6858.0
Ilya Snitari,22,14655.0,11472.0,3183.0
Adrien Gobat,22,14648.0,14270.0,378.0
Mario Vilella Martinez,21,14646.0,11912.0,2734.0
Jose Fco. Vidal Azorin,26,14628.0,11648.0,2980.0
Lautaro Agustin Falabella,27,14628.0,8969.0,5659.0
Jose Pereira,32,14627.0,13225.0,1402.0
Aleksandar Vukic,21,14625.0,13535.0,1090.0
Guillermo Olaso,30,14621.0,10738.0,3883.0
Ilya Snitari,21,14620.0,10819.0,3801.0
Samuel Alejandro Linde Palacios,18,14619.0,12909.0,1710.0
Alexander Zgirovsky,22,14618.0,9879.0,4739.0
Jonathan Mridha,27,14607.0,13534.0,1073.0
Andrea Pellegrino,19,14597.0,10658.0,3939.0
Bradley Klahn,25,14590.0,13240.0,1350.0
Jose Pereira,27,14587.0,12163.0,2424.0
Marko Miladinovic,19,14585.0,14585.0,0.0
Matt Hulme,25,14582.0,9285.0,5297.0
Yann Marti,27,14574.0,14574.0,0.0
Javier Barranco Cosano,19,14571.0,10448.0,4123.0
Giovanni Fonio,21,14562.0,11405.0,3157.0
Ivan Endara,27,14557.0,11331.0,3226.0
Oliver Anderson,18,14555.0,14375.0,180.0
Diego Augusto Barreto Sanchez,22,14553.0,11059.0,3494.0
Amaury Raynel,23,14546.0,12393.0,2153.0
Yecong He,21,14545.0,12075.0,2470.0
Pablo Vivero Gonzalez,21,14545.0,13143.0,1402.0
Sanjar Fayziev,21,14540.0,10958.0,3582.0
Conner Huertas del Pino,24,14536.0,7716.0,6820.0
Nicolae Frunza,21,14534.0,11783.0,2751.0
Aldin Setkic,35,14513.0,12062.0,2451.0
Luca Wiedenmann,25,14509.0,12977.0,1532.0
Jan Satral,28,14508.0,13410.0,1098.0
Pedro Sakamoto,24,14494.0,11446.0,3048.0
Igor Kudriashov,22,14488.0,11762.0,2726.0
Savriyan Danilov,19,14472.0,10150.0,4322.0
Hugo Dellien,22,14466.0,11316.0,3150.0
Tsung-Hao Huang,23,14462.0,10995.0,3467.0
Jeremy Jahn,28,14449.0,13160.0,1289.0
Arthur Reymond,23,14443.0,11173.0,3270.0
Duncan Chan,20,14434.0,12558.0,1876.0
Gabriel Ghetu,18,14432.0,11217.0,3215.0
Takanyi Garanganga,29,14427.0,13839.0,588.0
Alexis Galarneau,20,14425.0,13155.0,1270.0
Ryotaro Taguchi,24,14419.0,11198.0,3221.0
Sadio Doumbia,25,14417.0,12718.0,1699.0
Yecong He,24,14413.0,12017.0,2396.0
Raul Brancaccio,20,14407.0,10082.0,4325.0
Dan Alexandru Tomescu,26,14405.0,12525.0,1880.0
Leonardo Rossi,23,14393.0,12341.0,2052.0
Rafael Matos,21,14388.0,9915.0,4473.0
Wilson Leite,26,14377.0,10326.0,4051.0
Peter Benjamin Privara,19,14365.0,11495.0,2870.0
Pietro Rondoni,24,14357.0,11614.0,2743.0
Austin Rapp,23,14346.0,8280.0,6066.0
Luis David Martinez,29,14327.0,936.0,13391.0
Tadeas Paroulek,19,14320.0,12094.0,2226.0
Christian Sigsgaard,28,14320.0,12489.0,1831.0
Finn Murgett,24,14314.0,8119.0,6195.0
Aldin Setkic,36,14306.0,11416.0,2890.0
Ignacio Carou,23,14305.0,8014.0,6291.0
Juan Pablo Varillas,22,14299.0,12196.0,2103.0
Marek Gengel,22,14292.0,9425.0,4867.0
Sam Barry,23,14292.0,9669.0,4623.0
Imanol Lopez Morillo,23,14286.0,11297.0,2989.0
Alejo Lorenzo Lingua Lavallen,21,14284.0,11751.0,2533.0
Niklas Schell,23,14264.0,6869.0,7395.0
Jorge Martinez Martinez,27,14263.0,12137.0,2126.0
Marco Bortolotti,25,14246.0,11482.0,2764.0
Patricio Heras,29,14232.0,10569.0,3663.0
Zura Tkemaladze,23,14231.0,11337.0,2894.0
Noah Perfetti,23,14228.0,9019.0,5209.0
Tomas Farjat,24,14206.0,10401.0,3805.0
Keisuke Saitoh,23,14205.0,11142.0,3063.0
Pavel Kotov,20,14192.0,13430.0,762.0
Iliyan Radulov,19,14189.0,13326.0,863.0
Carlos Eduardo Severino,25,14188.0,12632.0,1556.0
Aidan Kim,21,14185.0,13389.0,796.0
Niki Kaliyanda Poonacha,27,14182.0,8081.0,6101.0
Ignacio Monzon,27,14180.0,11215.0,2965.0
Lukas Klein,19,14180.0,11768.0,2412.0
Nam Hoang Ly,20,14173.0,11580.0,2593.0
Mirza Basic,32,14168.0,11920.0,2248.0
Oscar Otte,23,14168.0,8292.0,5876.0
Jonas Forejtek,18,14168.0,10755.0,3413.0
Radu Mihai Papoe,21,14164.0,12496.0,1668.0
Alessandro Pecci,24,14160.0,12774.0,1386.0
Duckhee Lee,25,14159.0,12129.0,2030.0
Hamish Stewart,24,14146.0,10831.0,3315.0
Alen Avidzba,18,14143.0,13402.0,741.0
Khumoyun Sultanov,20,14140.0,10635.0,3505.0
Omar Giacalone,24,14132.0,10544.0,3588.0
Zihao Xia,20,14125.0,11035.0,3090.0
Maximus Jones,19,14114.0,10970.0,3144.0
Cem Ilkel,29,14112.0,13161.0,951.0
Alessandro Petrone,27,14108.0,13331.0,777.0
Adrien Bossel,30,14106.0,13046.0,1060.0
Vladimir Ivanov,29,14092.0,11692.0,2400.0
Alex Knaff,27,14089.0,11059.0,3030.0
Matija Pecotic,30,14086.0,13816.0,270.0
Millen Hurrion,24,14080.0,10345.0,3735.0
Niels Desein,30,14062.0,11328.0,2734.0
Daniele Capecchi,27,14045.0,12167.0,1878.0
Ilija Vucic,26,14044.0,5452.0,8592.0
Ernesto Escobedo,19,14042.0,13934.0,108.0
Mariano Tammaro,20,14034.0,11240.0,2794.0
Vit Kopriva,20,14025.0,10425.0,3600.0
Borna Gojo,20,14025.0,13755.0,270.0
Tim van Rijthoven,21,14024.0,13604.0,420.0
Fermin Tenti,25,14014.0,10472.0,3542.0
Julian Lenz,24,14009.0,11407.0,2602.0
Evgeny Karlovskiy,31,14005.0,13077.0,928.0
Dane Propoggia,27,13998.0,5904.0,8094.0
Daniel Altmaier,18,13996.0,11828.0,2168.0
Bogdan Ionut Apostol,22,13992.0,10987.0,3005.0
Remi Boutillier,26,13988.0,11694.0,2294.0
Mirko Martinez,24,13983.0,11084.0,2899.0
Danylo Kalenichenko,24,13979.0,9717.0,4262.0
Nishesh Basavareddy,18,13976.0,13914.0,62.0
Karunuday Singh,27,13972.0,10392.0,3580.0
Patricio Heras,28,13972.0,11913.0,2059.0
Peter Nagy,24,13966.0,11450.0,2516.0
Roberto Cid Subervi,24,13966.0,12021.0,1945.0
Johan Alexander Rodriguez,21,13960.0,9992.0,3968.0
Nathan Ponwith,24,13958.0,11623.0,2335.0
Elmar Ejupovic,26,13957.0,12092.0,1865.0
Gleb Sakharov,27,13948.0,12605.0,1343.0
Niklas Schell,25,13941.0,7751.0,6190.0
Semen Pankin,26,13935.0,9372.0,4563.0
Tatsuma Ito,34,13925.0,13565.0,360.0
Johan Nikles,19,13920.0,12902.0,1018.0
Louis Dussin,25,13910.0,11468.0,2442.0
Dominik Koepfer,22,13910.0,11965.0,1945.0
Rhyne Williams,24,13909.0,11923.0,1986.0
Elmar Ejupovic,24,13909.0,12433.0,1476.0
Benjamin Torrealba,20,13908.0,11319.0,2589.0
Amine Ahouda,20,13904.0,11449.0,2455.0
Marius Copil,34,13895.0,11466.0,2429.0
Inaki Montes-De La Torre,20,13891.0,10483.0,3408.0
Yaojie Zeng,23,13890.0,8584.0,5306.0
Alexandru Jecan,34,13883.0,5509.0,8374.0
Kokoro Isomura,20,13883.0,9813.0,4070.0
Matthew Summers,27,13882.0,11108.0,2774.0
Arthur Reymond,20,13875.0,10434.0,3441.0
Keegan Smith,21,13873.0,3086.0,10787.0
Jules Okala,20,13869.0,12699.0,1170.0
Pablo Vivero Gonzalez,20,13864.0,12334.0,1530.0
Martin Van Der Meerschen,25,13861.0,9637.0,4224.0
Matias Franco Descotte,23,13852.0,9017.0,4835.0
Andrea Vavassori,21,13848.0,9161.0,4687.0
Blu Baker,21,13840.0,10276.0,3564.0
Kuan-Yi Lee,20,13835.0,11139.0,2696.0
Liam Caruana,21,13832.0,11817.0,2015.0
Antoine Escoffier,26,13831.0,11093.0,2738.0
Juan Ignacio Galarza,25,13825.0,11640.0,2185.0
Marlon Vankan,24,13824.0,10362.0,3462.0
Daniel Smethurst,25,13817.0,10719.0,3098.0
Yanais Laurent,25,13815.0,8893.0,4922.0
Sergi Perez Contri,26,13809.0,11133.0,2676.0
Manish Sureshkumar,19,13801.0,11962.0,1839.0
Manish Sureshkumar,23,13798.0,10499.0,3299.0
Gregoire Jacq,27,13792.0,8413.0,5379.0
Quentin Folliot,23,13785.0,11370.0,2415.0
Szymon Kielan,21,13780.0,7507.0,6273.0
Francesco Vilardo,27,13773.0,9700.0,4073.0
Mauricio Echazu,30,13770.0,11766.0,2004.0
Adil Kalyanpur,24,13768.0,7526.0,6242.0
Diego Fernandez Flores,24,13767.0,11765.0,2002.0
Ivo Klec,35,13754.0,11413.0,2341.0
Davide Galoppini,28,13747.0,11407.0,2340.0
Kirill Kivattsev,25,13743.0,9774.0,3969.0
Ronnie Schneider,23,13728.0,10531.0,3197.0
Pascal Brunner,28,13727.0,11201.0,2526.0
Johannes Ingildsen,26,13727.0,6651.0,7076.0
Romain Jouan,31,13722.0,11468.0,2254.0
Peter Heller,32,13720.0,11378.0,2342.0
Georgi Georgiev,19,13720.0,13192.0,528.0
Filip Peliwo,30,13702.0,11953.0,1749.0
Scott Griekspoor,25,13699.0,12759.0,940.0
Alejandro Manzanera Pertusa,22,13694.0,11022.0,2672.0
William Rejchtman Vinciguerra,18,13690.0,13485.0,205.0
Dragos Nicolae Cazacu,21,13689.0,8908.0,4781.0
Mariano Kestelboim,23,13688.0,9622.0,4066.0
Gerald Melzer,33,13684.0,12648.0,1036.0
George Von Massow,27,13683.0,9754.0,3929.0
Facundo Juarez,26,13681.0,9454.0,4227.0
Hanwen Li,20,13678.0,11460.0,2218.0
Alexander Klintcharov,29,13676.0,12460.0,1216.0
Alec Beckley,24,13663.0,10017.0,3646.0
Guillaume Dalmasso,23,13662.0,12564.0,1098.0
Gilles Arnaud Bailly,19,13659.0,13569.0,90.0
Franco Agamenone,23,13656.0,9064.0,4592.0
Davide Galoppini,23,13655.0,11791.0,1864.0
Tatsuma Ito,35,13654.0,12992.0,662.0
Tomas Papik,23,13646.0,10314.0,3332.0
Kristjan Tamm,27,13642.0,8213.0,5429.0
Peter Nagy,25,13641.0,11088.0,2553.0
Diego Schwartzman,33,13640.0,13640.0,0.0
Alexandar Lazov,25,13637.0,10562.0,3075.0
Sidharth Rawat,24,13632.0,12212.0,1420.0
Amr Elsayed,24,13628.0,10317.0,3311.0
Marc Polmans,18,13625.0,9134.0,4491.0
Mikhail Fufygin,28,13616.0,10199.0,3417.0
Ozan Baris,19,13615.0,10946.0,2669.0
Felipe Mantilla,24,13607.0,10679.0,2928.0
Julian Ocleppo,20,13606.0,7953.0,5653.0
Gonzalo Bueno,18,13604.0,11151.0,2453.0
Nikita Mashtakov,26,13602.0,8618.0,4984.0
Gabriel Petit,24,13601.0,10715.0,2886.0
Gijs Brouwer,21,13597.0,10856.0,2741.0
Takanyi Garanganga,26,13596.0,12436.0,1160.0
Colin Markes,25,13586.0,10766.0,2820.0
Shuichi Sekiguchi,32,13585.0,11602.0,1983.0
Erik Crepaldi,29,13581.0,10060.0,3521.0
Oscar Weightman,21,13578.0,10171.0,3407.0
Johannes Ingildsen,25,13577.0,7473.0,6104.0
Axel Garcian,22,13576.0,8974.0,4602.0
Daniel Little,25,13569.0,8824.0,4745.0
Andrej Martin,35,13557.0,13301.0,256.0
Peter Fajta,22,13556.0,13460.0,96.0
Jacob Bradshaw,21,13553.0,12729.0,824.0
Dev Javia,23,13542.0,9115.0,4427.0
Jelle Sels,22,13541.0,10530.0,3011.0
Jules Marie,31,13532.0,13532.0,0.0
David Pichler,20,13532.0,7471.0,6061.0
Andrei Vasilevski,24,13530.0,5806.0,7724.0
Danylo Kalenichenko,23,13517.0,10007.0,3510.0
Lucas Bouquet,28,13516.0,9957.0,3559.0
Kento Takeuchi,29,13510.0,10690.0,2820.0
Greg Jones,27,13510.0,10805.0,2705.0
Wishaya Trongcharoenchaikul,23,13510.0,11262.0,2248.0
Stefanos Sakellaridis,18,13508.0,8740.0,4768.0
Riccardo Ghedin,32,13494.0,1998.0,11496.0
Marvin Netuschil,25,13486.0,12128.0,1358.0
Jacopo Stefanini,21,13484.0,8965.0,4519.0
Denis Matsukevich,31,13465.0,8153.0,5312.0
Alex Martinez,23,13464.0,12045.0,1419.0
Hikaru Shiraishi,24,13458.0,12508.0,950.0
Altug Celikbilek,20,13456.0,9938.0,3518.0
Shinji Hazawa,24,13454.0,8972.0,4482.0
Stefano Travaglia,24,13453.0,11176.0,2277.0
Tao Mu,22,13432.0,12430.0,1002.0
Remi Boutillier,28,13431.0,9931.0,3500.0
Maxime Chazal,29,13428.0,12782.0,646.0
Marcelo Zormann,20,13420.0,9937.0,3483.0
Leo Raquillet,20,13420.0,13420.0,0.0
Juan Carlos Aguilar,26,13410.0,7619.0,5791.0
Dusan Obradovic,23,13408.0,11487.0,1921.0
Digvijaypratap Singh,23,13405.0,12649.0,756.0
Tiago Cacao,21,13403.0,9661.0,3742.0
Giorgio Tabacco,19,13402.0,11213.0,2189.0
Louis Wessels,19,13397.0,11664.0,1733.0
Andres Andrade,24,13394.0,9821.0,3573.0
Alexandre Aubriot,26,13376.0,10015.0,3361.0
Timofey Skatov,18,13375.0,12183.0,1192.0
Lukas Klein,20,13367.0,11709.0,1658.0
Melios Efstathiou,26,13366.0,9060.0,4306.0
Nikolay Vylegzhanin,23,13358.0,13088.0,270.0
Scott Griekspoor,24,13357.0,12061.0,1296.0
Thai-Son Kwiatkowski,21,13355.0,10819.0,2536.0
Mikalai Haliak,27,13352.0,10037.0,3315.0
Nicolai Budkov Kjaer,18,13351.0,13261.0,90.0
Roberto Marcora,27,13350.0,13134.0,216.0
Matyas Fuele,25,13345.0,12485.0,860.0
Maximilian Homberg,22,13344.0,8799.0,4545.0
Chu-Huan Yi,28,13342.0,5219.0,8123.0
Patrik Rosenholm,28,13342.0,10155.0,3187.0
Franco Ribero,25,13341.0,9248.0,4093.0
Dinko Dinev,21,13339.0,11417.0,1922.0
Blake Mott,19,13337.0,12183.0,1154.0
Davide Galoppini,25,13334.0,10840.0,2494.0
Duarte Vale,23,13333.0,10203.0,3130.0
Alejo Sanchez Quilez,20,13332.0,12923.0,409.0
Hernan Casanova,22,13320.0,11852.0,1468.0
Pol Toledo Bague,22,13318.0,10143.0,3175.0
Bernabe Zapata Miralles,19,13313.0,12295.0,1018.0
Alec Deckers,23,13311.0,13221.0,90.0
Ryan James Storrie,19,13310.0,12344.0,966.0
Chirag Duhan,21,13310.0,8364.0,4946.0
Peter Kobelt,26,13308.0,10461.0,2847.0
Peter Buldorini,20,13302.0,11969.0,1333.0
Fabrizio Andaloro,22,13301.0,11237.0,2064.0
William Grant,24,13296.0,12660.0,636.0
Alejandro Davidovich Fokina,18,13293.0,12683.0,610.0
Mae Malige,18,13288.0,12740.0,548.0
Naoki Nakagawa,26,13282.0,12922.0,360.0
Strong Kirchheimer,23,13274.0,12620.0,654.0
Andrea Guerrieri,25,13274.0,12758.0,516.0
Niccolo Catini,28,13269.0,9140.0,4129.0
Leny Mitjana,23,13266.0,11676.0,1590.0
Simon Beaupain,24,13265.0,9828.0,3437.0
Sergey Fomin,18,13260.0,9418.0,3842.0
Takuto Niki,32,13257.0,10260.0,2997.0
Michael Geerts,23,13249.0,10481.0,2768.0
Szymon Kielan,20,13239.0,8669.0,4570.0
Orlando Luz,19,13238.0,10496.0,2742.0
Karim-Mohamed Maamoun,24,13236.0,8853.0,4383.0
Kyle Seelig,26,13234.0,12654.0,580.0
Fermin Tenti,26,13231.0,8196.0,5035.0
Pietro Licciardi,23,13228.0,9737.0,3491.0
Marat Deviatiarov,25,13226.0,9639.0,3587.0
Martin Klizan,36,13223.0,13062.0,161.0
Timur Khabibulin,22,13216.0,5384.0,7832.0
Michael Look,31,13209.0,10260.0,2949.0
Dino Prizmic,17,13208.0,12559.0,649.0
Sebastian Sorger,18,13197.0,12119.0,1078.0
Alexander Binda,23,13194.0,10586.0,2608.0
Jonathan Mridha,24,13193.0,10915.0,2278.0
Federico Iannaccone,23,13192.0,10262.0,2930.0
Stijn Slump,26,13190.0,13190.0,0.0
Carlos Gomez-Herrera,32,13189.0,10748.0,2441.0
Marvin Netuschil,28,13181.0,12245.0,936.0
Felix Balshaw,19,13181.0,10418.0,2763.0
Juan Ignacio Galarza,28,13163.0,6865.0,6298.0
Sebastian Fanselow,24,13159.0,11079.0,2080.0
Matteo Trevisan,26,13132.0,12026.0,1106.0
Maxence Bertimon,26,13129.0,10934.0,2195.0
Mwendwa Mbithi,27,13129.0,9678.0,3451.0
Johan Alexander Rodriguez,20,13129.0,10921.0,2208.0
Noah Rubin,26,13127.0,12922.0,205.0
Patrik Nema,20,13124.0,10725.0,2399.0
Daniel Dutra da Silva,28,13120.0,9493.0,3627.0
Raymond Sarmiento,27,13115.0,12595.0,520.0
Evan Furness,26,13112.0,11311.0,1801.0
Rubin Statham,32,13110.0,10950.0,2160.0
Dali Blanch,21,13106.0,10762.0,2344.0
Jack Findel-Hawkins,24,13101.0,9164.0,3937.0
Johan Alexander Rodriguez,22,13096.0,11702.0,1394.0
Chris Rodesch,22,13084.0,11397.0,1687.0
Maxime Authom,30,13083.0,10356.0,2727.0
Filip Bergevi,25,13083.0,9029.0,4054.0
David Vega Hernandez,22,13080.0,6226.0,6854.0
Luca Castagnola,21,13078.0,12358.0,720.0
Juan Carlos Prado Angelo,18,13070.0,11458.0,1612.0
Evgenii Tiurnev,26,13069.0,10250.0,2819.0
Leonardo Rossi,21,13048.0,10134.0,2914.0
Alexander Vasilenko,22,13047.0,11442.0,1605.0
Pavel Kotov,19,13044.0,11772.0,1272.0
Maxence Rivet,21,13043.0,10211.0,2832.0
Igor Smilansky,22,13028.0,11030.0,1998.0
Benjamin Winter Lopez,25,13027.0,7494.0,5533.0
Bruno Santanna,23,13025.0,11157.0,1868.0
Florian Broska,26,13023.0,10270.0,2753.0
Marlon Vankan,25,13021.0,8692.0,4329.0
David Perez Sanz,29,13020.0,9723.0,3297.0
Cristobal Saavedra-Corvalan,26,13015.0,8224.0,4791.0
Samir Hamza Reguig,22,13000.0,10098.0,2902.0
Jorge Martinez Martinez,28,12994.0,10349.0,2645.0
Ivan Marrero Curbelo,26,12994.0,8250.0,4744.0
Mateo Barreiros Reyes,24,12990.0,9958.0,3032.0
Vladimir Ivanov,30,12989.0,9545.0,3444.0
Inigo Cervantes,29,12987.0,4939.0,8048.0
Denis Klok,27,12982.0,12067.0,915.0
Gabor Borsos,27,12982.0,5873.0,7109.0
Charlie Robertson,19,12974.0,10255.0,2719.0
Giuseppe La Vela,25,12965.0,11554.0,1411.0
Daniel Cukierman,21,12964.0,10532.0,2432.0
Juan Carlos Saez,26,12962.0,9152.0,3810.0
Lorenzo Joaquin Rodriguez,25,12953.0,10128.0,2825.0
Lorenzo Bocchi,26,12948.0,11580.0,1368.0
M Rifki Fitriadi,24,12945.0,12315.0,630.0
Martyn Pawelski,20,12942.0,11699.0,1243.0
Naoki Tajima,19,12939.0,9425.0,3514.0
Gabriel Decamps,24,12938.0,9725.0,3213.0
Ergi Kirkin,19,12930.0,9870.0,3060.0
Tobias Simon,27,12922.0,12922.0,0.0
Nicholas S. Hu,23,12918.0,9614.0,3304.0
Sho Shimabukuro,22,12916.0,11183.0,1733.0
Clement Geens,19,12907.0,11438.0,1469.0
Amr Elsayed,25,12904.0,10395.0,2509.0
Agustin Velotti,23,12898.0,11643.0,1255.0
Albert Alcaraz Ivorra,21,12894.0,10488.0,2406.0
Nicolas Villalon,21,12884.0,10112.0,2772.0
Thanapet Chanta,26,12884.0,10827.0,2057.0
David Pel,25,12882.0,3899.0,8983.0
Alec Adamson,25,12876.0,8943.0,3933.0
Alexander Igoshin,27,12872.0,8390.0,4482.0
John Sperle,22,12872.0,9942.0,2930.0
Roberto Marcora,28,12860.0,12698.0,162.0
Bautista Vilicich,23,12859.0,11233.0,1626.0
Seita Watanabe,22,12857.0,5668.0,7189.0
Michal Konecny,30,12853.0,8931.0,3922.0
Jan Choinski,19,12851.0,11993.0,858.0
Pascal Meis,25,12851.0,12203.0,648.0
Eric Quigley,28,12850.0,9928.0,2922.0
Alexandr Cozbinov,24,12847.0,7424.0,5423.0
Pawit Sornlaksup,26,12845.0,10845.0,2000.0
Joao Menezes,21,12832.0,10556.0,2276.0
Aziz Ouakaa,23,12829.0,7404.0,5425.0
Rishab Agarwal,28,12828.0,10388.0,2440.0
Gilbert Klier Junior,19,12819.0,10942.0,1877.0
Gage Brymer,28,12813.0,12759.0,54.0
Ulises Blanch,19,12807.0,12315.0,492.0
Sanam Singh,28,12800.0,7632.0,5168.0
Dragos Dima,25,12800.0,11922.0,878.0
Wishaya Trongcharoenchaikul,24,12797.0,11017.0,1780.0
Antoine Hoang,29,12797.0,10665.0,2132.0
Tomas Serrano Luis,23,12796.0,10537.0,2259.0
Ben Patael,22,12791.0,12701.0,90.0
Juan Sebastian Gomez,30,12781.0,8519.0,4262.0
Federico Agustin Gomez,26,12778.0,10464.0,2314.0
Wil Spencer,27,12778.0,11352.0,1426.0
N.Sriram Balaji,25,12777.0,7693.0,5084.0
Niels Visker,22,12768.0,8930.0,3838.0
Jaroslav Pospisil,35,12761.0,9827.0,2934.0
Radu David Turcanu,19,12753.0,10456.0,2297.0
Mariano Kestelboim,27,12743.0,6779.0,5964.0
Juan Estevez,19,12737.0,10897.0,1840.0
Kai Wehnelt,24,12729.0,9416.0,3313.0
Alec Beckley,22,12728.0,9295.0,3433.0
Marcelo Zormann,26,12723.0,6086.0,6637.0
Thanapet Chanta,25,12722.0,11682.0,1040.0
Andrey Chepelev,21,12709.0,9655.0,3054.0
Lorenzo Carboni,17,12700.0,10498.0,2202.0
Daniel Nolan,19,12689.0,9280.0,3409.0
Matt Kuhar,29,12688.0,11490.0,1198.0
Maximus Jones,18,12688.0,6508.0,6180.0
Egor Gerasimov,33,12683.0,10853.0,1830.0
Aryan Shah,19,12683.0,10458.0,2225.0
Alexander Weis,22,12678.0,9819.0,2859.0
Bruno Pujol Navarro,22,12670.0,7423.0,5247.0
Alec Deckers,25,12669.0,12669.0,0.0
Fabrizio Andaloro,23,12668.0,10553.0,2115.0
Tommaso Compagnucci,23,12665.0,9934.0,2731.0
Brandon Walkin,25,12664.0,6927.0,5737.0
Patricio Heras,26,12659.0,10568.0,2091.0
Kento Takeuchi,28,12656.0,11270.0,1386.0
Wilson Leite,33,12652.0,11667.0,985.0
Vladyslav Manafov,22,12646.0,9044.0,3602.0
Tomislav Jotovski,27,12641.0,10263.0,2378.0
Duckhee Lee,24,12630.0,11844.0,786.0
Johannus Monday,20,12624.0,9471.0,3153.0
Stefano Travaglia,24,12622.0,12051.0,571.0
Timo Legout,21,12617.0,12277.0,340.0
Zura Tkemaladze,24,12616.0,10481.0,2135.0
Tim Handel,26,12593.0,10580.0,2013.0
Romain Barbosa,22,12581.0,9890.0,2691.0
Luca Giacomini,26,12578.0,10878.0,1700.0
Pascal Brunner,26,12575.0,10388.0,2187.0
Daniel Dutra da Silva,30,12567.0,10070.0,2497.0
Florent Bax,24,12563.0,10298.0,2265.0
Cem Ilkel,30,12559.0,12152.0,407.0
Luka Pavlovic,23,12555.0,10730.0,1825.0
Vitaly Kozyukov,22,12552.0,9210.0,3342.0
Romain Barbosa,21,12551.0,9718.0,2833.0
Ryota Tanuma,24,12546.0,9999.0,2547.0
Maximilian Neuchrist,33,12539.0,10182.0,2357.0
Mikael Ymer,17,12539.0,12205.0,334.0
Sem Verbeek,23,12536.0,5988.0,6548.0
Botic van de Zandschulp,21,12533.0,10728.0,1805.0
Wilson Leite,24,12520.0,8566.0,3954.0
Vasile Antonescu,27,12518.0,8221.0,4297.0
Yassine Dlimi,22,12515.0,11673.0,842.0
Simon Anthony Ivanov,23,12513.0,9303.0,3210.0
Evan Zhu,26,12507.0,10094.0,2413.0
Konstantin Kravchuk,37,12507.0,12051.0,456.0
Niels Desein,31,12504.0,6744.0,5760.0
Pavel Nejedly,26,12503.0,12041.0,462.0
Alex Rybakov,21,12499.0,12355.0,144.0
Issam Haitham Taweel,28,12498.0,8154.0,4344.0
Adrian Andrzejczuk,21,12496.0,7198.0,5298.0
Joris De Loore,32,12494.0,11951.0,543.0
Diego Fernandez Flores,25,12494.0,9324.0,3170.0
Thiemo de Bakker,35,12493.0,9525.0,2968.0
Gergely Madarasz,28,12492.0,12132.0,360.0
Nicolas Zanellato,22,12487.0,10768.0,1719.0
Jacob Brumm,27,12458.0,12296.0,162.0
Carlos Boluda-Purkiss,22,12448.0,10710.0,1738.0
Yong-Kyu Lim,25,12440.0,10278.0,2162.0
Jumpei Yamasaki,21,12426.0,10051.0,2375.0
Julian Bradley,27,12424.0,5105.0,7319.0
Maksim Tikhomirov,29,12421.0,9180.0,3241.0
Jurabek Karimov,19,12419.0,10033.0,2386.0
Tomas Lipovsek Puches,26,12419.0,8127.0,4292.0
Dominik Kellovsky,20,12416.0,9628.0,2788.0
Petru-Alexandru Luncanu,27,12407.0,8088.0,4319.0
Mick Veldheer,23,12403.0,10421.0,1982.0
Walter Trusendi,31,12387.0,10487.0,1900.0
Matisse Bobichon,23,12387.0,11208.0,1179.0
Cheong-Eui Kim,32,12385.0,9106.0,3279.0
Peter Fajta,21,12378.0,12378.0,0.0
Domagoj Biljesko,25,12373.0,8000.0,4373.0
Austin Smith,23,12372.0,10216.0,2156.0
Jaume Pla Malfeito,21,12368.0,8974.0,3394.0
Digvijaypratap Singh,22,12365.0,11081.0,1284.0
Adan Freire Da Silva,26,12365.0,8389.0,3976.0
Jordan Correia,22,12364.0,11247.0,1117.0
Sami Reinwein,25,12345.0,8777.0,3568.0
Harrison Adams,25,12340.0,8366.0,3974.0
Benjamin Sigouin,19,12340.0,9095.0,3245.0
Kyle Kang,20,12338.0,10928.0,1410.0
David Perez Sanz,25,12330.0,8421.0,3909.0
Nils Langer,27,12321.0,11551.0,770.0
Erik Arutiunian,19,12312.0,7692.0,4620.0
Andrej Nedic,19,12309.0,12147.0,162.0
Liam Gavrielides,19,12309.0,11167.0,1142.0
Marcelo Zormann,21,12307.0,6928.0,5379.0
Kosuke Ogura,28,12296.0,8875.0,3421.0
Hernan Casanova,21,12292.0,10062.0,2230.0
Alexandar Lazarov,20,12292.0,11235.0,1057.0
Joao Pedro Sorgi,26,12289.0,9227.0,3062.0
Sidharth Rawat,30,12286.0,11506.0,780.0
Andres Artunedo Martinavarro,24,12285.0,12069.0,216.0
Daniel Nolan,20,12284.0,7683.0,4601.0
Daniiar Duldaev,25,12279.0,8436.0,3843.0
Sebastian Sorger,19,12277.0,12063.0,214.0
Pruchya Isaro,23,12277.0,8956.0,3321.0
Fabian Marozsan,20,12264.0,9161.0,3103.0
Francesco Forti,19,12260.0,8412.0,3848.0
Sebastian Fanselow,28,12259.0,11829.0,430.0
Leo Vithoontien,25,12258.0,8874.0,3384.0
Adrien Puget,24,12257.0,10472.0,1785.0
Alessandro Petrone,29,12256.0,10538.0,1718.0
Anil Yuksel,26,12248.0,9890.0,2358.0
Joao Domingues,22,12247.0,8209.0,4038.0
Eero Vasa,26,12246.0,5531.0,6715.0
Yuki Mochizuki,27,12245.0,10090.0,2155.0
Colin Van Beem,25,12237.0,9372.0,2865.0
Robert Strombachs,20,12234.0,8746.0,3488.0
Gonzalo Oliveira,20,12230.0,7405.0,4825.0
Kento Takeuchi,32,12229.0,9257.0,2972.0
Sebastian Prechtel,26,12229.0,11331.0,898.0
Lorenzo Carboni,18,12226.0,10296.0,1930.0
Lorenzo Claverie,21,12213.0,10051.0,2162.0
Carlos Alcaraz,16,12211.0,12211.0,0.0
Pedro Vives Marcos,22,12211.0,9596.0,2615.0
Christopher Diaz-Figueroa,27,12210.0,8080.0,4130.0
Andriej Kapas,27,12208.0,9813.0,2395.0
Gustavo Ribeiro De Almeida,19,12206.0,9732.0,2474.0
Thomas Fancutt,21,12196.0,8668.0,3528.0
Johannes Haerteis,27,12189.0,8773.0,3416.0
Reda El Amrani,29,12185.0,10707.0,1478.0
Keisuke Saitoh,22,12184.0,7991.0,4193.0
Ryan Nijboer,23,12175.0,7415.0,4760.0
Benjamin Winter Lopez,21,12174.0,7993.0,4181.0
Jose Fco. Vidal Azorin,29,12174.0,10866.0,1308.0
Matias Zukas,20,12170.0,9244.0,2926.0
Jonathan Mridha,28,12167.0,9070.0,3097.0
Kalin Ivanovski,21,12161.0,11817.0,344.0
Mario Gonzalez Fernandez,21,12157.0,11089.0,1068.0
Mert Naci Turker,27,12139.0,7786.0,4353.0
Jonathan Mridha,22,12137.0,10729.0,1408.0
Loann Massard,19,12121.0,8107.0,4014.0
Theo Papamalamis,18,12119.0,10684.0,1435.0
Lorenzo Frigerio,27,12112.0,9786.0,2326.0
Remi Boutillier,27,12106.0,10245.0,1861.0
Christian Langmo,23,12103.0,10975.0,1128.0
Shuichi Sekiguchi,31,12101.0,10356.0,1745.0
Michael Agwi,22,12098.0,12002.0,96.0
Filip Pieczonka,20,12091.0,5909.0,6182.0
Pol Martin Tiffon,20,12091.0,11123.0,968.0
Antal Van Der Duim,28,12091.0,7976.0,4115.0
Ilia Simakin,20,12088.0,9233.0,2855.0
Christopher Rungkat,25,12087.0,9101.0,2986.0
Jacob Brumm,25,12081.0,10911.0,1170.0
Paulo Andre Saraiva Dos Santos,23,12075.0,5937.0,6138.0
Iannis Miletich,20,12075.0,10248.0,1827.0
Hunter Callahan,25,12071.0,7269.0,4802.0
Vishnu Vardhan,28,12061.0,9047.0,3014.0
Naoki Nakagawa,21,12061.0,10477.0,1584.0
Ryan Peniston,23,12061.0,10447.0,1614.0
Marko Miladinovic,18,12057.0,12057.0,0.0
Jack Loge,20,12054.0,9507.0,2547.0
Dev Javia,22,12053.0,9648.0,2405.0
Daniel Dutra da Silva,31,12043.0,9570.0,2473.0
Omar Jasika,21,12040.0,11200.0,840.0
David Poljak,21,12034.0,8708.0,3326.0
Timur Khabibulin,21,12033.0,6144.0,5889.0
Peter Bertran,27,12033.0,8498.0,3535.0
Duckhee Lee,27,12020.0,9754.0,2266.0
Maximo Zeitune,19,12019.0,9026.0,2993.0
August Holmgren,24,12016.0,10356.0,1660.0
John Echeverria,23,12015.0,9385.0,2630.0
Amr Elsayed,23,12011.0,9311.0,2700.0
Ali Yazdani,22,12010.0,9997.0,2013.0
Tom Farquharson,25,12007.0,11809.0,198.0
Jakob Sude,26,12005.0,7506.0,4499.0
Emiliano Maggioli,18,12002.0,10580.0,1422.0
Evan King,23,12001.0,8998.0,3003.0
Lorenzo Lorusso,25,11992.0,6365.0,5627.0
Nuno Borges,21,11991.0,10467.0,1524.0
Uisung Park,22,11990.0,9503.0,2487.0
Deiton Baughman,21,11988.0,8528.0,3460.0
Kasidit Samrej,22,11971.0,10372.0,1599.0
Maik Steiner,30,11961.0,9801.0,2160.0
Ryan Shane,25,11960.0,11170.0,790.0
Alexis Musialek,28,11952.0,9628.0,2324.0
Fabricio Neis,25,11952.0,4652.0,7300.0
Sho Katayama,28,11951.0,8068.0,3883.0
John McNally,21,11950.0,11230.0,720.0
Alastair Gray,25,11945.0,11535.0,410.0
Jaimee Floyd Angele,22,11941.0,11095.0,846.0
Joao Pedro Sorgi,25,11938.0,8774.0,3164.0
Florian Broska,25,11926.0,9078.0,2848.0
Nicolas Santos,29,11920.0,8930.0,2990.0
Pedro Vives Marcos,18,11918.0,9529.0,2389.0
Johannes Haerteis,26,11913.0,9100.0,2813.0
Pedro Rodenas,19,11911.0,10396.0,1515.0
Laurent Rochette,27,11897.0,9666.0,2231.0
Ilya Ivashka,31,11897.0,11721.0,176.0
Oleg Prihodko,22,11895.0,7184.0,4711.0
Evan Furness,19,11883.0,10308.0,1575.0
Oscar Jose Gutierrez,30,11873.0,11263.0,610.0
Rigele Te,25,11871.0,10350.0,1521.0
Matyas Cerny,24,11869.0,9090.0,2779.0
Juan Sebastian Gomez,31,11868.0,7187.0,4681.0
Mikael Torpegaard,24,11865.0,11775.0,90.0
Kalin Ivanovski,18,11861.0,10295.0,1566.0
Nicholas David Ionel,17,11855.0,10336.0,1519.0
Nikita Mashtakov,20,11852.0,10106.0,1746.0
Libor Salaba,23,11850.0,6900.0,4950.0
Hugo Grenier,20,11846.0,9595.0,2251.0
Evgenii Tiurnev,25,11843.0,8682.0,3161.0
Gonzalo Lama,24,11840.0,11732.0,108.0
Altug Celikbilek,19,11837.0,8363.0,3474.0
Sora Fukuda,21,11836.0,8543.0,3293.0
Luis David Martinez,26,11810.0,5843.0,5967.0
Jonathan Gray,20,11808.0,9978.0,1830.0
Marcus Willis,25,11806.0,8916.0,2890.0
Prajnesh Gunneswaran,34,11805.0,11020.0,785.0
Adam El Mihdawy,30,11805.0,11277.0,528.0
Florent Diep,26,11797.0,9256.0,2541.0
Stephan Gerritsen,22,11787.0,8228.0,3559.0
Antonio Massara,23,11779.0,9522.0,2257.0
Benjamin Sigouin,18,11779.0,10333.0,1446.0
Temur Ismailov,22,11778.0,9354.0,2424.0
Alex Molcan,20,11778.0,11037.0,741.0
Tomas Papik,22,11776.0,9230.0,2546.0
Iliyan Radulov,20,11775.0,11625.0,150.0
Trevor Svajda,18,11773.0,11383.0,390.0
Ewen Lumsden,24,11769.0,8294.0,3475.0
Kuan-Yi Lee,21,11768.0,9936.0,1832.0
Alejandro Manzanera Pertusa,21,11768.0,9752.0,2016.0
Thijmen Loof,22,11768.0,5589.0,6179.0
Nik Razborsek,26,11767.0,11283.0,484.0
Jacob Bradshaw,23,11763.0,11763.0,0.0
Marsel Ilhan,32,11761.0,10753.0,1008.0
Bautista Vilicich,24,11753.0,9704.0,2049.0
Baris Erguden,29,11747.0,9073.0,2674.0
Ryan Shane,24,11740.0,10537.0,1203.0
Ezekiel Clark,26,11738.0,9375.0,2363.0
Bernardo Saraiva,24,11735.0,6560.0,5175.0
Mor Bulis,21,11734.0,9748.0,1986.0
Alexei Popyrin,18,11726.0,10676.0,1050.0
Tomas Farjat,21,11723.0,8653.0,3070.0
Gerald Melzer,34,11722.0,9849.0,1873.0
David Jorda Sanchis,28,11722.0,10320.0,1402.0
Ricardo Rodriguez - Pace,22,11719.0,10145.0,1574.0
Nick Chappell,26,11715.0,8594.0,3121.0
David Rice,26,11713.0,7648.0,4065.0
Adrian Bodmer,23,11712.0,6973.0,4739.0
Michal Dembek,22,11708.0,8709.0,2999.0
Dhakshineswar Suresh,24,11704.0,5037.0,6667.0
Yuta Kawahashi,27,11685.0,9530.0,2155.0
Artur Kukasian,21,11678.0,9504.0,2174.0
Juan Lizariturry,26,11678.0,8162.0,3516.0
Leonardo Aboian,27,11672.0,6256.0,5416.0
Dusan Obradovic,22,11667.0,10127.0,1540.0
Ricardo Rodriguez - Pace,25,11662.0,9788.0,1874.0
Guillermo Olaso,29,11662.0,11206.0,456.0
Dax Donders,23,11661.0,6320.0,5341.0
Tristan McCormick,23,11658.0,8687.0,2971.0
Luis Patino,22,11648.0,5706.0,5942.0
Luca Castagnola,22,11645.0,10313.0,1332.0
Julio Cesar Porras,26,11643.0,10917.0,726.0
Michal Dembek,20,11637.0,7474.0,4163.0
Lorenzo Rottoli,23,11636.0,9472.0,2164.0
Daniel De Jonge,26,11628.0,7633.0,3995.0
Radu Mihai Papoe,22,11622.0,10564.0,1058.0
Markos Kalovelonis,23,11620.0,8011.0,3609.0
Ivan Endara,28,11619.0,10207.0,1412.0
Francisco Bahamonde,19,11613.0,10621.0,992.0
Antoine Cornut-Chauvinc,24,11608.0,11177.0,431.0
Ruben Gonzales,31,11605.0,2500.0,9105.0
Niels Lootsma,22,11604.0,9069.0,2535.0
Tak Khunn Wang,28,11597.0,11597.0,0.0
Quinn Vandecasteele,22,11595.0,10550.0,1045.0
Toby Samuel,20,11589.0,10424.0,1165.0
Masato Shiga,26,11586.0,8571.0,3015.0
Fermin Tenti,22,11584.0,8911.0,2673.0
Antonio Massara,21,11579.0,9170.0,2409.0
Aleksandr Lobanov,22,11578.0,5788.0,5790.0
Sora Fukuda,26,11575.0,9296.0,2279.0
Nam Hoang Ly,27,11562.0,11258.0,304.0
Maxime Mora,26,11559.0,10575.0,984.0
Patrick Kaukovalta,26,11553.0,8282.0,3271.0
Makoto Ochi,28,11551.0,9317.0,2234.0
Christopher Heyman,23,11550.0,11486.0,64.0
Victor Lilov,18,11541.0,9819.0,1722.0
Gergely Madarasz,30,11539.0,9281.0,2258.0
Tuncay Duran,21,11539.0,9101.0,2438.0
Giorgio Tabacco,22,11532.0,8039.0,3493.0
Jeroen Vanneste,23,11525.0,8402.0,3123.0
Colin Sinclair,24,11519.0,10157.0,1362.0
Johan Tatlot,21,11519.0,9650.0,1869.0
Ignacio Monzon,26,11516.0,8452.0,3064.0
Benjamin Bonzi,19,11514.0,8028.0,3486.0
Denis Klok,21,11513.0,9136.0,2377.0
Alex Hernandez,25,11511.0,9941.0,1570.0
Peter Kobelt,27,11506.0,10726.0,780.0
Maxence Bertimon,25,11502.0,9217.0,2285.0
Marinko Matosevic,33,11500.0,11500.0,0.0
Kirill Kivattsev,22,11497.0,9066.0,2431.0
Yuki Mochizuki,22,11496.0,9505.0,1991.0
Yan Bondarevskiy,19,11489.0,8749.0,2740.0
Adrian Ungur,32,11483.0,9388.0,2095.0
Kenta Miyoshi,20,11480.0,9672.0,1808.0
Nicolo Turchetti,23,11471.0,8358.0,3113.0
Manuel Sanchez,27,11469.0,4996.0,6473.0
Juan Sebastian Gomez,32,11463.0,7848.0,3615.0
Bruno Fernandez,21,11459.0,9495.0,1964.0
Matias Zukas,27,11450.0,6315.0,5135.0
Billy Harris,22,11448.0,8643.0,2805.0
Florent Bax,23,11442.0,9134.0,2308.0
Calin Manda,25,11438.0,8648.0,2790.0
Viacheslav Bielinskyi,19,11425.0,9879.0,1546.0
Maxence Beauge,22,11425.0,9495.0,1930.0
Enzo Couacaud,21,11424.0,10552.0,872.0
Manuel Sanchez,25,11420.0,8524.0,2896.0
Kody Pearson,24,11401.0,6705.0,4696.0
Patrik Rikl,24,11395.0,7104.0,4291.0
Juan Bautista Otegui,25,11391.0,8431.0,2960.0
Simon Freund,23,11385.0,7131.0,4254.0
Peter Bothwell,24,11380.0,7444.0,3936.0
Antoine Bellier,23,11379.0,7909.0,3470.0
Lamine Ouahab,35,11373.0,8851.0,2522.0
Michael Zhu,33,11372.0,8595.0,2777.0
Izan Almazan Valiente,19,11368.0,8315.0,3053.0
Wishaya Trongcharoenchaikul,28,11365.0,8571.0,2794.0
Jaroslav Pospisil,38,11365.0,7584.0,3781.0
Matias Soto,23,11361.0,9861.0,1500.0
Alafia Ayeni,20,11360.0,9690.0,1670.0
Ray Ho,19,11359.0,6376.0,4983.0
Patrick Brady,19,11346.0,8781.0,2565.0
Yusuke Takahashi,19,11332.0,10330.0,1002.0
Aidan Mayo,19,11323.0,9773.0,1550.0
Samir Hamza Reguig,21,11317.0,8220.0,3097.0
Lenny Hampel,22,11316.0,9574.0,1742.0
Jurij Rodionov,18,11315.0,11057.0,258.0
Toufik Sahtali,26,11314.0,8611.0,2703.0
Scott Puodziunas,28,11310.0,3727.0,7583.0
Nuno Deus,22,11309.0,6020.0,5289.0
Viktor Durasovic,21,11307.0,10186.0,1121.0
Dominik Recek,30,11302.0,5074.0,6228.0
Jonathan Gray,22,11301.0,8734.0,2567.0
Diogo Marques,25,11293.0,7338.0,3955.0
David Jorda Sanchis,23,11289.0,8323.0,2966.0
Manish Sureshkumar,20,11286.0,8550.0,2736.0
Thiago Monteiro,21,11278.0,9759.0,1519.0
Alex Barrena,22,11277.0,10607.0,670.0
Axel Nefve,25,11275.0,8114.0,3161.0
Luca Castelnuovo,27,11273.0,7225.0,4048.0
Masamichi Imamura,24,11273.0,6972.0,4301.0
Imanol Lopez Morillo,20,11264.0,9310.0,1954.0
Samuele Pieri,22,11261.0,9643.0,1618.0
James Watt,24,11261.0,5956.0,5305.0
Fabien Reboul,21,11253.0,6778.0,4475.0
Yuta Kawahashi,25,11251.0,9417.0,1834.0
Nicolas Zanellato,20,11244.0,9345.0,1899.0
Alexandre Aubriot,25,11235.0,9166.0,2069.0
Victor Lilov,21,11233.0,10401.0,832.0
Markos Kalovelonis,25,11229.0,7400.0,3829.0
Taiyo Yamanaka,24,11220.0,8578.0,2642.0
Mateo Barreiros Reyes,25,11219.0,6052.0,5167.0
Zhe Li,36,11216.0,8764.0,2452.0
Vitaliy Sachko,22,11208.0,8646.0,2562.0
Jonny O'Mara,21,11198.0,7444.0,3754.0
Jacob Brumm,26,11197.0,11023.0,174.0
Alex Barrena,20,11195.0,9240.0,1955.0
Potito Starace,34,11189.0,9138.0,2051.0
Andrew Carter,26,11188.0,9024.0,2164.0
Ivan Endara,29,11187.0,8718.0,2469.0
Alexios Halebian,22,11184.0,7776.0,3408.0
Denis Klok,26,11175.0,9718.0,1457.0
Dekel Bar,24,11173.0,7770.0,3403.0
Gonzales Austin,24,11170.0,9456.0,1714.0
Yassine Dlimi,20,11160.0,9897.0,1263.0
Sergi Perez Contri,24,11160.0,7813.0,3347.0
Rhett Purcell,23,11141.0,6321.0,4820.0
Facundo Juarez,27,11129.0,10750.0,379.0
Florian Fallert,23,11123.0,9500.0,1623.0
Marcel Zielinski,25,11120.0,10441.0,679.0
Benjamin Lock,23,11119.0,8219.0,2900.0
James Trotter,23,11113.0,7666.0,3447.0
Shintaro Imai,23,11112.0,8408.0,2704.0
Mario Vilella Martinez,20,11107.0,9025.0,2082.0
Marvin Netuschil,26,11101.0,9356.0,1745.0
Pablo Vivero Gonzalez,23,11099.0,10087.0,1012.0
Ozan Baris,20,11098.0,8998.0,2100.0
Micah Braswell,24,11092.0,11092.0,0.0
Andres Artunedo Martinavarro,23,11086.0,10308.0,778.0
Zizou Bergs,20,11084.0,9124.0,1960.0
Ivan Bjelica,31,11081.0,8380.0,2701.0
Bruno Pujol Navarro,21,11081.0,7125.0,3956.0
Bastian Malla,22,11080.0,10636.0,444.0
Ignacio Parisca Romera,20,11077.0,9329.0,1748.0
Samuel Vincent Ruggeri,23,11076.0,9609.0,1467.0
Karol Filar,27,11075.0,10406.0,669.0
Chukang Wang,24,11074.0,9486.0,1588.0
Alexander Bernard,19,11072.0,9850.0,1222.0
Jonas Merckx,24,11071.0,8977.0,2094.0
Marcelo Zormann,19,11067.0,7429.0,3638.0
Maxwell Mckennon,22,11065.0,9334.0,1731.0
Yanis Ghazouani Durand,24,11064.0,7090.0,3974.0
Ezekiel Clark,27,11064.0,8825.0,2239.0
Shane Vinsant,24,11056.0,7383.0,3673.0
Hugo Voljacques,24,11055.0,6076.0,4979.0
John Echeverria,21,11054.0,7903.0,3151.0
Sora Fukuda,28,11054.0,9749.0,1305.0
Alan Fernando Rubio Fierros,24,11052.0,8493.0,2559.0
Romain Barbosa,23,11050.0,9790.0,1260.0
Manuel Pena Lopez,20,11047.0,8074.0,2973.0
Ilya Vasilyev,21,11045.0,8839.0,2206.0
Leonardo Rossi,22,11044.0,9682.0,1362.0
Alejandro Hoyos,24,11040.0,9286.0,1754.0
Franco Emanuel Egea,26,11039.0,7764.0,3275.0
Stefan Popovic,19,11037.0,9506.0,1531.0
Claudio Fortuna,26,11028.0,9048.0,1980.0
Inigo Cervantes,33,11023.0,4222.0,6801.0
Alexandre Aubriot,24,11020.0,9564.0,1456.0
Dante Gennaro,24,11018.0,8917.0,2101.0
Luigi Sorrentino,25,11017.0,7445.0,3572.0
Palaphoom Kovapitukted,24,11010.0,8641.0,2369.0
Yannik Steinegger,23,11006.0,6087.0,4919.0
Daniel Antonio Nunez,23,10999.0,8079.0,2920.0
Constantin Schmitz,24,10998.0,8427.0,2571.0
Andrea Collarini,23,10998.0,6792.0,4206.0
Alec Deckers,22,10994.0,10580.0,414.0
Dusty H. Boyer,26,10993.0,9481.0,1512.0
Sahar Simon,21,10991.0,9791.0,1200.0
Jerome Inzerillo,25,10988.0,7399.0,3589.0
Riccardo Bonadio,23,10986.0,8555.0,2431.0
Gianni Mina,25,10979.0,10349.0,630.0
Alberto Romero De Avila Senise,21,10978.0,9431.0,1547.0
Isak Arvidsson,25,10978.0,4545.0,6433.0
Georgi Rumenov Payakov,26,10976.0,10278.0,698.0
Diego Fernandez Flores,23,10973.0,8159.0,2814.0
Johan Nikles,20,10972.0,5313.0,5659.0
Alejandro Manzanera Pertusa,20,10967.0,8499.0,2468.0
Gregoire Jacq,23,10966.0,8317.0,2649.0
Maximilian Neuchrist,28,10963.0,8742.0,2221.0
Alexander Igoshin,25,10952.0,7361.0,3591.0
Kazuki Nishiwaki,29,10950.0,10298.0,652.0
Luigi Sorrentino,24,10950.0,8472.0,2478.0
Vasile Antonescu,25,10949.0,9055.0,1894.0
Luca Giacomini,27,10934.0,7632.0,3302.0
Denis Klok,24,10921.0,8032.0,2889.0
Joao Victor Couto Loureiro,22,10920.0,7511.0,3409.0
Qian Sun,24,10903.0,7131.0,3772.0
Evgeny Elistratov,20,10899.0,9167.0,1732.0
Enzo Wallart,28,10894.0,7137.0,3757.0
Marvin Netuschil,27,10894.0,10530.0,364.0
Matteo Berrettini,19,10891.0,8696.0,2195.0
Joao Lucas Reis Da Silva,18,10890.0,8772.0,2118.0
Michael Zhu,26,10888.0,7830.0,3058.0
Ivan Arenas-Gualda,25,10882.0,5276.0,5606.0
Alexander Igoshin,23,10876.0,7393.0,3483.0
Cheong-Eui Kim,29,10874.0,8726.0,2148.0
Maxim Ratniuk,23,10873.0,7122.0,3751.0
Riccardo Bonadio,22,10867.0,8258.0,2609.0
Juan Sebastian Gomez,27,10867.0,7791.0,3076.0
Axel Geller,20,10862.0,8453.0,2409.0
Sam Riffice,23,10858.0,9868.0,990.0
Francisco Bahamonde,20,10857.0,8444.0,2413.0
Taisei Ichikawa,24,10856.0,7540.0,3316.0
Tigre Hank,27,10836.0,9414.0,1422.0
Filippo Leonardi,30,10828.0,8413.0,2415.0
Jeffrey Von Der Schulenburg,23,10828.0,7861.0,2967.0
Luca Potenza,24,10828.0,7570.0,3258.0
Yeong-Seok Jeong,23,10827.0,6326.0,4501.0
Cheong-Eui Kim,25,10822.0,8854.0,1968.0
Miljan Zekic,31,10819.0,10509.0,310.0
Albert Pedrico Kravtsov,19,10811.0,9523.0,1288.0
Ljubomir Celebic,26,10802.0,9335.0,1467.0
Deney Wassermann,23,10797.0,9708.0,1089.0
Petr Nesterov,19,10792.0,6654.0,4138.0
Guido Ivan Justo,26,10791.0,10737.0,54.0
Patrick Kypson,23,10791.0,10471.0,320.0
Kasidit Samrej,21,10789.0,9434.0,1355.0
Yan Sabanin,26,10786.0,4906.0,5880.0
Blu Baker,24,10784.0,8953.0,1831.0
Kyle Edmund,30,10783.0,10783.0,0.0
Sandro Ehrat,27,10782.0,9487.0,1295.0
Osgar O'Hoisin,26,10781.0,7966.0,2815.0
David Poljak,27,10779.0,6326.0,4453.0
Boris Butulija,24,10772.0,8883.0,1889.0
Peter Fajta,20,10771.0,10017.0,754.0
Alexandre Reco,25,10766.0,9690.0,1076.0
Luis Patino,24,10766.0,4411.0,6355.0
Claudio Fortuna,25,10761.0,8548.0,2213.0
Isaiah Strode,28,10753.0,9825.0,928.0
Antoine Escoffier,23,10752.0,9037.0,1715.0
Justin Boulais,21,10745.0,8486.0,2259.0
Nicolas Tepmahc,24,10744.0,9811.0,933.0
Alejandro Manzanera Pertusa,19,10738.0,7166.0,3572.0
Joaquin Aguilar Cardozo,19,10733.0,8087.0,2646.0
Miliaan Niesten,30,10728.0,8309.0,2419.0
Seydina Andre,22,10724.0,8942.0,1782.0
Patrick Kaukovalta,25,10711.0,8107.0,2604.0
Julio Cesar Porras,27,10711.0,9051.0,1660.0
Andre Dome,25,10707.0,8163.0,2544.0
Anil Yuksel,25,10704.0,7584.0,3120.0
Markos Kalovelonis,21,10702.0,6456.0,4246.0
Federico Zeballos,28,10688.0,7540.0,3148.0
Erik Arutiunian,20,10681.0,8160.0,2521.0
Peter Kobelt,25,10676.0,9406.0,1270.0
Romain Faucon,23,10674.0,7314.0,3360.0
Makoto Ochi,21,10672.0,9626.0,1046.0
Genaro Alberto Olivieri,19,10667.0,10379.0,288.0
Jose Checa-Calvo,30,10664.0,9066.0,1598.0
Anis Ghorbel,30,10658.0,5720.0,4938.0
Nathan Ponwith,21,10657.0,9078.0,1579.0
Martins Podzus,23,10655.0,9605.0,1050.0
Bekkhan Atlangeriev,21,10648.0,8625.0,2023.0
Ronan Joncour,22,10641.0,8922.0,1719.0
Orlando Luz,17,10639.0,8925.0,1714.0
Oscar Otte,22,10637.0,9809.0,828.0
Noah Schachter,24,10635.0,5954.0,4681.0
Albert Alcaraz Ivorra,20,10630.0,9772.0,858.0
Lewie Lane,22,10625.0,8857.0,1768.0
Alexandros Skorilas,23,10619.0,8816.0,1803.0
Bradley Mousley,19,10617.0,6829.0,3788.0
Emile Hudd,23,10615.0,5727.0,4888.0
Yan Sabanin,27,10608.0,8316.0,2292.0
Benjamin Winter Lopez,26,10594.0,7239.0,3355.0
Kris Van Wyk,26,10584.0,9080.0,1504.0
M Rifki Fitriadi,26,10579.0,7657.0,2922.0
Riccardo Balzerani,24,10571.0,9613.0,958.0
Vit Kopriva,19,10560.0,9030.0,1530.0
Alexander Vasilenko,21,10556.0,7871.0,2685.0
Josip Simundza,21,10551.0,9482.0,1069.0
Tomas Martinez,22,10542.0,8397.0,2145.0
Martin Fischer,29,10539.0,9535.0,1004.0
Massimo Giunta,20,10537.0,9265.0,1272.0
Dominik Kellovsky,27,10535.0,7216.0,3319.0
Felipe Mantilla,22,10532.0,7584.0,2948.0
Matias Zukas,21,10529.0,6701.0,3828.0
Luca Pow,20,10521.0,6078.0,4443.0
Xin Gao,21,10507.0,5641.0,4866.0
Boris Butulija,23,10503.0,8044.0,2459.0
Viktor Durasovic,19,10503.0,8571.0,1932.0
Aleksandar Kovacevic,21,10484.0,9226.0,1258.0
Blaz Rola,34,10478.0,7843.0,2635.0
Peter Bothwell,23,10478.0,8293.0,2185.0
Marc Sieber,30,10477.0,9058.0,1419.0
Oscar Jose Gutierrez,31,10476.0,8458.0,2018.0
Francesco Vilardo,26,10474.0,7476.0,2998.0
Ewen Lumsden,25,10472.0,7326.0,3146.0
Alejandro Turriziani Alvarez,22,10470.0,8489.0,1981.0
William Grant,23,10468.0,9849.0,619.0
Peter Kobelt,28,10466.0,9233.0,1233.0
Pietro Licciardi,21,10463.0,6888.0,3575.0
Thales Turini,26,10463.0,9037.0,1426.0
Amine Ahouda,19,10462.0,9415.0,1047.0
Daniil Glinka,22,10453.0,8124.0,2329.0
Mats Moraing,24,10453.0,10139.0,314.0
J.J. Wolf,27,10453.0,10453.0,0.0
Matthew William Donald,19,10452.0,7791.0,2661.0
Kyle Kang,18,10452.0,9986.0,466.0
Bogdan Ionut Apostol,23,10446.0,8015.0,2431.0
Marcos Giraldi Requena,23,10444.0,7760.0,2684.0
Roman Khassanov,21,10440.0,8184.0,2256.0
Sidharth Rawat,29,10438.0,9729.0,709.0
Aidan Kim,20,10429.0,8509.0,1920.0
Jui-Chen Hung,25,10428.0,7548.0,2880.0
Mate Valkusz,27,10413.0,10090.0,323.0
Jean-Yves Aubone,27,10411.0,7222.0,3189.0
Jui-Chen Hung,27,10410.0,5654.0,4756.0
Manuel Pena Lopez,19,10409.0,8099.0,2310.0
Michiel De Krom,19,10406.0,7134.0,3272.0
Tristan McCormick,24,10405.0,8301.0,2104.0
Reda Bennani,18,10401.0,10293.0,108.0
Aristotelis Thanos,23,10400.0,9560.0,840.0
Jurabek Karimov,17,10394.0,6832.0,3562.0
Javier Pulgar-Garcia,26,10392.0,7766.0,2626.0
Kaichi Uchida,21,10391.0,8563.0,1828.0
Alastair Gray,26,10385.0,10385.0,0.0
Marat Deviatiarov,23,10384.0,6287.0,4097.0
Aleksandr Braynin,25,10381.0,8919.0,1462.0
Adrien Gobat,24,10379.0,10217.0,162.0
Muhammet Haylaz,22,10376.0,7810.0,2566.0
Alejandro Tabilo,19,10355.0,7809.0,2546.0
Andrew Watson,22,10355.0,8919.0,1436.0
Marco Miceli,24,10353.0,8609.0,1744.0
Jea Moon Lee,29,10353.0,8301.0,2052.0
Alexander Zhurbin,24,10351.0,8232.0,2119.0
Wil Spencer,26,10344.0,8288.0,2056.0
Gibril Diarra,27,10338.0,9068.0,1270.0
Alibek Kachmazov,17,10336.0,10228.0,108.0
Vincent Marysko,19,10334.0,8667.0,1667.0
Evan Song,24,10333.0,8733.0,1600.0
Clement Chidekh,21,10329.0,9238.0,1091.0
Karan Singh,20,10322.0,7730.0,2592.0
Lorenzo Frigerio,29,10321.0,8024.0,2297.0
Adam Moundir,27,10320.0,7611.0,2709.0
Milos Sekulic,27,10311.0,4374.0,5937.0
Georgii Kravchenko,19,10311.0,7740.0,2571.0
Carlo Alberto Caniato,19,10307.0,8126.0,2181.0
Gabriel Alejandro Hidalgo,26,10306.0,7970.0,2336.0
Giuseppe La Vela,24,10305.0,8757.0,1548.0
Jimmy Yang,26,10299.0,8627.0,1672.0
Lucas Poullain,24,10296.0,8690.0,1606.0
Lukas Krainer,22,10296.0,8908.0,1388.0
Karunuday Singh,25,10294.0,8168.0,2126.0
Shalva Dzhanashiya,27,10279.0,7916.0,2363.0
Robin Stanek,24,10274.0,8060.0,2214.0
Kuan-Yi Lee,23,10273.0,7963.0,2310.0
Mick Lescure,23,10271.0,7018.0,3253.0
Oscar Jose Gutierrez,24,10262.0,7568.0,2694.0
Marcel Felder,33,10260.0,4098.0,6162.0
Christoph Negritu,28,10259.0,7346.0,2913.0
Simon Anthony Ivanov,22,10256.0,7835.0,2421.0
Chien-hsun Lo,21,10254.0,9074.0,1180.0
Enzo Wallart,27,10253.0,9005.0,1248.0
Dan  Martin,25,10249.0,8411.0,1838.0
Marc Fornell-Mestres,35,10248.0,4670.0,5578.0
Alec Beckley,21,10234.0,7943.0,2291.0
Michal Przysiezny,33,10231.0,9908.0,323.0
Vadim Alekseenko,33,10230.0,7670.0,2560.0
Alexis Gautier,22,10213.0,10123.0,90.0
Dali Blanch,19,10202.0,7621.0,2581.0
Steven Diez,24,10200.0,9084.0,1116.0
Alex Knaff,28,10191.0,9103.0,1088.0
Jacob Grills,20,10189.0,8041.0,2148.0
Lautaro Agustin Falabella,26,10183.0,6822.0,3361.0
Hoyoung Roh,19,10176.0,9930.0,246.0
Sumit Nagal,18,10168.0,9078.0,1090.0
Marat Deviatiarov,22,10162.0,7380.0,2782.0
Matyas Fuele,27,10159.0,7645.0,2514.0
Stefano D'Agostino,21,10150.0,7746.0,2404.0
Inigo Cervantes,30,10148.0,6758.0,3390.0
Hong Chung,24,10139.0,8183.0,1956.0
Kirill Kivattsev,21,10136.0,8726.0,1410.0
Yun seong Chung,27,10133.0,6222.0,3911.0
Karl Poling,25,10131.0,7382.0,2749.0
Salvador Price,20,10119.0,8712.0,1407.0
Corentin Moutet,17,10117.0,9372.0,745.0
John McNally,24,10112.0,6607.0,3505.0
Jiri Barnat,21,10109.0,6992.0,3117.0
Michael Geerts,21,10105.0,7923.0,2182.0
Nikolas Sanchez Izquierdo,19,10103.0,9055.0,1048.0
Alejandro Juan Mano,20,10101.0,10101.0,0.0
Carlos Sanchez Jover,19,10099.0,7790.0,2309.0
Koray Kirci,24,10077.0,7641.0,2436.0
Carlos Lopez Montagud,19,10076.0,8255.0,1821.0
Jack Anthrop,22,10074.0,8734.0,1340.0
Matthew William Donald,20,10062.0,8244.0,1818.0
Dennis Uspensky,23,10051.0,8083.0,1968.0
Paul Woerner,23,10048.0,8098.0,1950.0
Nicolae Frunza,22,10048.0,8265.0,1783.0
Pirmin Haenle,28,10038.0,7104.0,2934.0
Juan Lizariturry,24,10038.0,7739.0,2299.0
Riccardo Sinicropi,25,10033.0,6901.0,3132.0
Lukas Ollert,25,10030.0,7589.0,2441.0
Alexander Vasilenko,24,10030.0,7965.0,2065.0
Mikalai Haliak,24,10024.0,7396.0,2628.0
Riccardo Balzerani,19,10024.0,8669.0,1355.0
Jorge Plans,23,10023.0,8161.0,1862.0
Ricardo Ojeda Lara,22,10021.0,8945.0,1076.0
Aleksandr Lobanov,24,10020.0,6501.0,3519.0
Thales Turini,28,10019.0,5158.0,4861.0
Ryan Harrison,30,10018.0,10018.0,0.0
Alexander Klintcharov,28,10017.0,7276.0,2741.0
Aleksandre Metreveli,30,10003.0,7774.0,2229.0
Nicolaas Scholtz,24,9998.0,8493.0,1505.0
Gabriele Maria Noce,29,9995.0,7521.0,2474.0
Artem Smirnov,30,9992.0,7241.0,2751.0
Jan Zielinski,23,9984.0,4503.0,5481.0
Nicolas Barrientos,32,9981.0,5648.0,4333.0
Cristian Rodriguez,28,9980.0,7337.0,2643.0
Justin Barki,23,9977.0,8101.0,1876.0
Omar Salman,20,9972.0,8620.0,1352.0
Aryan Goveas,21,9969.0,6747.0,3222.0
Riccardo Bellotti,27,9967.0,9805.0,162.0
Carlos Gimeno Valero,23,9967.0,9967.0,0.0
Vladimir Polyakov,23,9966.0,5373.0,4593.0
Jules Okala,21,9961.0,9289.0,672.0
Jannik Sinner,17,9955.0,7157.0,2798.0
Juan-Samuel Arauzo-Martinez,25,9951.0,5828.0,4123.0
Gilbert Klier Junior,22,9950.0,9290.0,660.0
Takuya Kumasaka,25,9947.0,8539.0,1408.0
Sander Jong,24,9938.0,7697.0,2241.0
Fernando Yamacita,25,9931.0,7575.0,2356.0
Peter Heller,23,9930.0,8274.0,1656.0
Ioan Alexandru Chirita,22,9924.0,8212.0,1712.0
Keshav Chopra,22,9920.0,7132.0,2788.0
Clay Thompson,24,9919.0,8111.0,1808.0
Adrian Obert,24,9918.0,9342.0,576.0
Michael Zhu,32,9911.0,7908.0,2003.0
Deney Wassermann,22,9904.0,8217.0,1687.0
Antoine Escoffier,24,9902.0,9142.0,760.0
Lucas Marionneau,19,9901.0,8775.0,1126.0
Ricardo Hocevar,31,9892.0,7326.0,2566.0
Maciej Rajski,26,9886.0,9400.0,486.0
Cannon Kingsley,21,9877.0,8783.0,1094.0
Matyas Fuele,24,9874.0,9354.0,520.0
Kilian Feldbausch,19,9870.0,9870.0,0.0
Nicolas Jadoun,23,9869.0,8376.0,1493.0
Carlos Boluda-Purkiss,23,9862.0,7564.0,2298.0
Vadym Ursu,20,9861.0,6794.0,3067.0
Darren K. Polkinghorne,23,9859.0,5950.0,3909.0
Scott Clayton,22,9859.0,4676.0,5183.0
Tomohiro Masabayashi,26,9852.0,7119.0,2733.0
Alexander Shevchenko,19,9850.0,7222.0,2628.0
Philip Florig,19,9849.0,6854.0,2995.0
Christoph Negritu,23,9846.0,7353.0,2493.0
Denis Yevseyev,23,9844.0,7314.0,2530.0
Mateo Barreiros Reyes,23,9843.0,7751.0,2092.0
Adhithya Ganesan,19,9840.0,8313.0,1527.0
Henry Craig,25,9838.0,7497.0,2341.0
Manish Sureshkumar,24,9837.0,6089.0,3748.0
Alvaro Guillen Meza,19,9836.0,7619.0,2217.0
Christopher Heyman,29,9834.0,8933.0,901.0
Edoardo Eremin,25,9830.0,8338.0,1492.0
Nicolas Zanellato,23,9827.0,7809.0,2018.0
Paul Woerner,21,9824.0,8786.0,1038.0
Karl Friberg,20,9823.0,7690.0,2133.0
Mihai Razvan Marinescu,24,9823.0,7641.0,2182.0
Zihao Xia,22,9819.0,8003.0,1816.0
Brian Bozemoj,22,9817.0,5949.0,3868.0
Jiri Lehecka,18,9814.0,7491.0,2323.0
Julien Dubail,27,9813.0,8400.0,1413.0
Adelchi Virgili,29,9807.0,6519.0,3288.0
Juan Pablo Ficovich,19,9804.0,7042.0,2762.0
Shunsuke Mitsui,21,9803.0,6151.0,3652.0
Fred Simonsson,21,9797.0,4783.0,5014.0
Christian Sigsgaard,26,9795.0,5906.0,3889.0
Christopher O'Connell,21,9790.0,7790.0,2000.0
Facundo Juarez,22,9788.0,7773.0,2015.0
Max Basing,22,9786.0,9027.0,759.0
Jaime Pulgar-Garcia,26,9776.0,7899.0,1877.0
Takashi Saito,23,9773.0,9203.0,570.0
Antonio Massara,22,9773.0,7443.0,2330.0
Issam Haitham Taweel,26,9767.0,6348.0,3419.0
Michele Ribecai,21,9758.0,8692.0,1066.0
Patrik Fabian,22,9757.0,8012.0,1745.0
Axel Nefve,24,9754.0,8263.0,1491.0
Soichiro Moritani,23,9741.0,5700.0,4041.0
Giovanni Lapentti,34,9739.0,8386.0,1353.0
Matthieu Perchicot,30,9733.0,8962.0,771.0
Rrezart Cungu,24,9732.0,8252.0,1480.0
Grzegorz Panfil,28,9730.0,5474.0,4256.0
Miles Jones,25,9728.0,6106.0,3622.0
Luca Giacomini,21,9722.0,8074.0,1648.0
Daisuke Sumizawa,26,9716.0,7873.0,1843.0
Stefan Dostanic,22,9713.0,9605.0,108.0
Harry Bourchier,22,9709.0,7765.0,1944.0
Marcel Zielinski,23,9701.0,8795.0,906.0
Ronan Joncour,19,9698.0,6570.0,3128.0
Niels Lootsma,21,9697.0,5356.0,4341.0
Nuno Borges,20,9697.0,8039.0,1658.0
Fajing Sun,19,9695.0,7837.0,1858.0
Matthew Summers,26,9689.0,5251.0,4438.0
Lorenzo Rottoli,20,9679.0,7389.0,2290.0
Juan Carlos Saez,25,9678.0,7196.0,2482.0
Carles Hernandez,24,9675.0,8001.0,1674.0
Ben Patael,20,9675.0,9311.0,364.0
Aliaksandr Liaonenka,25,9673.0,6602.0,3071.0
Jaime Fermosell Delgado,20,9671.0,7698.0,1973.0
Jonas Luetjen,26,9668.0,7934.0,1734.0
Nathan Pasha,24,9668.0,6073.0,3595.0
Jorge Montero,27,9667.0,6224.0,3443.0
Takanyi Garanganga,25,9663.0,8963.0,700.0
Lenny Hampel,23,9662.0,7312.0,2350.0
Joran Vliegen,22,9662.0,6316.0,3346.0
Ivan Gakhov,20,9662.0,8296.0,1366.0
Jack Pinnington Jones,19,9659.0,9209.0,450.0
Niki Kaliyanda Poonacha,23,9658.0,7464.0,2194.0
Dominik Kellovsky,21,9657.0,5821.0,3836.0
Nicolae Frunza,20,9654.0,7602.0,2052.0
Timofei Derepasko,18,9650.0,8283.0,1367.0
Nicolas Alvarez,22,9642.0,8417.0,1225.0
Blake Ellis,18,9642.0,7293.0,2349.0
Jaimee Floyd Angele,19,9631.0,7948.0,1683.0
Hanyi Liu,22,9625.0,9353.0,272.0
Evgenii Tiurnev,28,9625.0,7662.0,1963.0
Oleg Khotkov,27,9609.0,7353.0,2256.0
Lilian Marmousez,21,9606.0,7967.0,1639.0
Maxime Tabatruong,27,9602.0,7531.0,2071.0
Johan Tatlot,20,9592.0,8160.0,1432.0
Lasse Poertner,19,9590.0,7544.0,2046.0
Alex Molcan,19,9589.0,8066.0,1523.0
Caio Silva,26,9589.0,5074.0,4515.0
Marcus Walters,27,9587.0,6414.0,3173.0
Dragos Nicolae Madaras,28,9583.0,8374.0,1209.0
Keisuke Saitoh,21,9580.0,7804.0,1776.0
Alexander Zhurbin,25,9576.0,8100.0,1476.0
Alejo Lorenzo Lingua Lavallen,24,9574.0,7868.0,1706.0
Oleksii Krutykh,19,9574.0,7570.0,2004.0
Lamine Ouahab,33,9569.0,7286.0,2283.0
Reda El Amrani,28,9569.0,8209.0,1360.0
Zdenek Kolar,19,9566.0,7232.0,2334.0
Artem Dubrivnyy,19,9563.0,8899.0,664.0
Andriej Kapas,28,9556.0,8329.0,1227.0
Jeremy Jahn,32,9555.0,8727.0,828.0
Daniil Zarichanskyy,19,9546.0,5325.0,4221.0
Toby Martin,31,9535.0,7341.0,2194.0
Juan Pablo Paz,20,9532.0,7876.0,1656.0
Dan Alexandru Tomescu,23,9525.0,6324.0,3201.0
Fabio Coelho,22,9516.0,4890.0,4626.0
Michal Schmid,28,9514.0,7704.0,1810.0
Francesco Vilardo,32,9498.0,5917.0,3581.0
Pietro Rondoni,22,9496.0,5374.0,4122.0
Eduardo Dischinger,23,9490.0,4057.0,5433.0
Toby Martin,26,9483.0,6662.0,2821.0
Pietro Marino,24,9479.0,6967.0,2512.0
S D Prajwal Dev,26,9478.0,7283.0,2195.0
Peter Kobelt,29,9463.0,8923.0,540.0
Dragos Dima,23,9461.0,8381.0,1080.0
Mathias Bourgue,31,9459.0,9459.0,0.0
Sagadat Ayap,24,9453.0,5134.0,4319.0
Manish Sureshkumar,25,9451.0,5456.0,3995.0
Giorgio Ricca,24,9448.0,7416.0,2032.0
Takuto Niki,35,9437.0,5947.0,3490.0
Simone Roncalli,26,9435.0,9435.0,0.0
Juan Manuel La Serna,19,9432.0,5953.0,3479.0
Pablo Martinez Gomez,19,9432.0,9239.0,193.0
Gerardo Lopez Villasenor,23,9420.0,7504.0,1916.0
Issei Okamura,27,9414.0,7106.0,2308.0
Samuel Monette,24,9410.0,7221.0,2189.0
Pavel Krainik,25,9405.0,7725.0,1680.0
Joe Salisbury,23,9405.0,5452.0,3953.0
Alexandros Skorilas,22,9400.0,6006.0,3394.0
Daniel Siniakov,19,9394.0,5904.0,3490.0
Alexis Gautier,28,9389.0,9389.0,0.0
Felix Corwin,22,9388.0,6954.0,2434.0
Lukas Mugevicius,21,9382.0,5278.0,4104.0
Jose Pereira,26,9382.0,6280.0,3102.0
Andrej Nedic,20,9380.0,8974.0,406.0
Fares Zakaria,23,9380.0,6928.0,2452.0
Francisco Cabral,20,9377.0,5249.0,4128.0
Andrea Bacaloni,21,9373.0,7210.0,2163.0
Gonzalo Villanueva,22,9373.0,6530.0,2843.0
Benjamin Dhoe,23,9367.0,7875.0,1492.0
Filip Jeff Planinsek,23,9362.0,8698.0,664.0
Oleksandr Bielinskyi,28,9360.0,6022.0,3338.0
Jose Fco. Vidal Azorin,24,9358.0,7126.0,2232.0
John Hallquist Lithen,24,9358.0,7162.0,2196.0
Siddharth Vishwakarma,30,9353.0,8959.0,394.0
Vladimir Ivanov,32,9352.0,6666.0,2686.0
Arthur Weber,30,9350.0,8572.0,778.0
Mitsuki Wei Kang Leong,19,9350.0,7966.0,1384.0
Farris Fathi Gosea,22,9349.0,5994.0,3355.0
Bart Stevens,21,9341.0,5249.0,4092.0
Fryderyk Lechno-Wasiutynski,20,9336.0,7688.0,1648.0
Tom Jomby,26,9330.0,6081.0,3249.0
Calum Puttergill,26,9330.0,4960.0,4370.0
Andrea Fiorentini,24,9321.0,8074.0,1247.0
Nicolaas Scholtz,27,9310.0,8932.0,378.0
Cesar Bouchelaghem,21,9310.0,7428.0,1882.0
Amaury Raynel,22,9305.0,7036.0,2269.0
Yosuke Watanuki,18,9303.0,5589.0,3714.0
Aslan Karatsev,24,9303.0,6163.0,3140.0
Taisei Ichikawa,22,9300.0,5803.0,3497.0
Michael Geerts,20,9298.0,7082.0,2216.0
Riccardo Maiga,30,9298.0,6930.0,2368.0
Hubert Hurkacz,18,9294.0,7551.0,1743.0
Hazem Naw,22,9292.0,8226.0,1066.0
Ishaque Eqbal,25,9281.0,5786.0,3495.0
Juan Ignacio Londero,30,9280.0,9280.0,0.0
Dennis Nevolo,26,9276.0,7932.0,1344.0
Nam Hoang Ly,22,9272.0,8462.0,810.0
Jorge Aguilar,30,9269.0,6340.0,2929.0
Ignacio Monzon,21,9267.0,7296.0,1971.0
Pedro Rodrigues,19,9266.0,9008.0,258.0
Justin Roberts,27,9259.0,8212.0,1047.0
Matthias Haim,19,9256.0,6780.0,2476.0
Nicolas Tepmahc,22,9256.0,7792.0,1464.0
Laurent Rochette,28,9255.0,7338.0,1917.0
Mikael Torpegaard,23,9253.0,6763.0,2490.0
Yannick Mertens,35,9251.0,6778.0,2473.0
Andrew Harris,21,9250.0,9070.0,180.0
Thomas Braithwaite,24,9249.0,6917.0,2332.0
Edoardo Eremin,24,9247.0,8727.0,520.0
Anas Mazdrashki,19,9246.0,8498.0,748.0
Pedro Sakamoto,22,9246.0,7655.0,1591.0
Francis Casey Alcantara,25,9241.0,3876.0,5365.0
Francesco Vilardo,30,9240.0,6634.0,2606.0
Viktor Jovic,21,9236.0,6976.0,2260.0
Illya Beloborodko,23,9235.0,5942.0,3293.0
Diego Fernandez Flores,22,9234.0,7106.0,2128.0
Emilien Voisin,22,9234.0,8304.0,930.0
Stefano Reitano,26,9229.0,6036.0,3193.0
Andrea Basso,23,9225.0,6735.0,2490.0
Masato Shiga,25,9224.0,8022.0,1202.0
Or Ram-Harel,23,9223.0,7419.0,1804.0
Kosuke Ogura,27,9222.0,7214.0,2008.0
Bradley Mousley,23,9218.0,6692.0,2526.0
Matej Vocel,20,9213.0,4732.0,4481.0
Adam El Mihdawy,28,9210.0,7004.0,2206.0
Nicolas Ian Kotzen,22,9209.0,7645.0,1564.0
Michiel De Krom,21,9204.0,6077.0,3127.0
Alvin Nicholas Tudorica,22,9204.0,6973.0,2231.0
Peter Benjamin Privara,20,9200.0,8396.0,804.0
Dimitriy Voronin,20,9195.0,8271.0,924.0
Issei Okamura,24,9186.0,6456.0,2730.0
Mauricio Echazu,28,9185.0,6008.0,3177.0
Savriyan Danilov,22,9181.0,7930.0,1251.0
Viktor Durasovic,18,9178.0,8522.0,656.0
Ivan Davydov,23,9177.0,7630.0,1547.0
Franco Emanuel Egea,21,9163.0,6832.0,2331.0
Daniel Rodrigues,23,9163.0,7477.0,1686.0
Jorge Hernando Ruano,28,9156.0,6773.0,2383.0
Max Wiskandt,21,9154.0,7348.0,1806.0
Vuk Radjenovic,19,9148.0,7119.0,2029.0
Albert Alcaraz Ivorra,22,9146.0,7424.0,1722.0
Maciej Smola,24,9138.0,5051.0,4087.0
Axel Geller,19,9135.0,9135.0,0.0
Zhenxiong Dong,26,9126.0,6874.0,2252.0
Kelsey Stevenson,29,9126.0,6752.0,2374.0
Manish Sureshkumar,26,9126.0,6802.0,2324.0
Benjamin Pietri,29,9125.0,6650.0,2475.0
Koray Kirci,25,9122.0,6786.0,2336.0
Yunseok Jang,20,9117.0,7311.0,1806.0
Guy Den Heijer,26,9117.0,5699.0,3418.0
Yanais Laurent,27,9110.0,5301.0,3809.0
Isak Arvidsson,23,9108.0,4361.0,4747.0
Yurii Dzhavakian,24,9105.0,6791.0,2314.0
Jaime Pulgar-Garcia,28,9103.0,5929.0,3174.0
Ivan Liutarevich,23,9095.0,4563.0,4532.0
Sebastien Boltz,23,9088.0,7634.0,1454.0
Francesco Ferrari,27,9088.0,7588.0,1500.0
Jean Thirouin,22,9076.0,8290.0,786.0
Tyler Zink,21,9074.0,4998.0,4076.0
Paul Oosterbaan,23,9068.0,7108.0,1960.0
Fernando Cavallo,20,9068.0,8345.0,723.0
Cameron Silverman,25,9067.0,6649.0,2418.0
Santiago Rodriguez Taverna,18,9064.0,6839.0,2225.0
George Houghton,25,9064.0,4505.0,4559.0
Alejo Sanchez Quilez,18,9062.0,7659.0,1403.0
Wishaya Trongcharoenchaikul,21,9060.0,6014.0,3046.0
Kyrian Jacquet,18,9059.0,8675.0,384.0
Louis Tessa,26,9058.0,7780.0,1278.0
Joao Eduardo Schiessl,19,9053.0,6138.0,2915.0
Benjamin Sigouin,20,9049.0,7273.0,1776.0
Jeremy Gschwendtner,27,9048.0,6264.0,2784.0
Orel Kimhi,19,9047.0,7781.0,1266.0
Cayetano March,22,9044.0,6826.0,2218.0
Max Dahlin,17,9043.0,7639.0,1404.0
Alexander Vasilenko,20,9043.0,7657.0,1386.0
Matej Sabanov,23,9042.0,3210.0,5832.0
Arata Onozawa,27,9041.0,6451.0,2590.0
Miliaan Niesten,29,9038.0,7160.0,1878.0
Savva Polukhin,26,9032.0,8516.0,516.0
Andrew Fenty,24,9032.0,8261.0,771.0
Karim Bennani,18,9030.0,8048.0,982.0
Lucas Gomez,20,9030.0,7740.0,1290.0
Franco Roncadelli,22,9029.0,6604.0,2425.0
Gian Marco Moroni,19,9027.0,6103.0,2924.0
Bogdan Bobrov,20,9027.0,6338.0,2689.0
Mihai Razvan Marinescu,23,9026.0,6800.0,2226.0
Marat Sharipov,20,9025.0,5286.0,3739.0
Thomas Fancutt,22,9024.0,6533.0,2491.0
Blake Ellis,23,9024.0,5135.0,3889.0
Filippo Moroni,22,9022.0,6731.0,2291.0
Joao Victor Couto Loureiro,19,9011.0,5949.0,3062.0
Stefano Battaglino,24,9007.0,6361.0,2646.0
Matthias Ujvary,19,9005.0,6087.0,2918.0
Jacopo Berrettini,24,9001.0,6233.0,2768.0
Ricardo Rodriguez - Pace,29,9000.0,6513.0,2487.0
Duje Kekez,22,8991.0,8011.0,980.0
Ondrej Krstev,22,8986.0,5638.0,3348.0
Moerani Bouzige,23,8985.0,7417.0,1568.0
Abdullah Shelbayh,19,8984.0,8328.0,656.0
Johannes Haerteis,20,8964.0,5837.0,3127.0
Evgeny Karlovskiy,21,8963.0,7346.0,1617.0
Chukang Wang,20,8948.0,6928.0,2020.0
Philip Florig,20,8945.0,7753.0,1192.0
Marcello Serafini,23,8944.0,7171.0,1773.0
Pavel Nejedly,29,8942.0,8415.0,527.0
Evan Bynoe,26,8942.0,7303.0,1639.0
Luca Tomasetto,26,8933.0,7957.0,976.0
Tom Kocevar-Desman,25,8926.0,7734.0,1192.0
Yaroslav Demin,20,8925.0,7117.0,1808.0
Sam Riffice,19,8925.0,7975.0,950.0
Pietro Marino,23,8923.0,7453.0,1470.0
Blake Mott,23,8920.0,8920.0,0.0
Alex Rybakov,20,8918.0,7576.0,1342.0
Luca Giacomini,22,8912.0,7220.0,1692.0
Yusuke Watanuki,25,8908.0,6996.0,1912.0
Jung-Woong Na,23,8906.0,8038.0,868.0
Lorenzo Bocchi,22,8906.0,7022.0,1884.0
Luca Staeheli,25,8905.0,8269.0,636.0
Nicolas Buitrago,24,8905.0,6905.0,2000.0
Preston Brown,23,8901.0,7841.0,1060.0
Riccardo Balzerani,25,8901.0,6977.0,1924.0
Francesco Vilardo,25,8894.0,6506.0,2388.0
Dragos Nicolae Madaras,20,8894.0,5664.0,3230.0
Niccolo Catini,26,8890.0,5632.0,3258.0
Dominik Boehler,26,8889.0,8211.0,678.0
Leopold Zima,22,8889.0,7100.0,1789.0
Alvaro Lopez San Martin,22,8887.0,7979.0,908.0
Buvaysar Gadamauri,22,8887.0,6632.0,2255.0
Lorenzo Frigerio,30,8885.0,6202.0,2683.0
Denys Mylokostov,23,8884.0,7666.0,1218.0
Thomas Deschamps,24,8877.0,8529.0,348.0
Gabor Borsos,25,8875.0,4334.0,4541.0
Francisco Rocha,24,8874.0,6393.0,2481.0
Amit Vales,20,8873.0,8280.0,593.0
Patrick Zahraj,24,8860.0,5532.0,3328.0
Mauricio Echazu,26,8860.0,6245.0,2615.0
Anton Matusevich,18,8858.0,8708.0,150.0
Tomasz Berkieta,18,8853.0,7515.0,1338.0
Manuel Guinard,22,8849.0,6909.0,1940.0
Jacob Grills,22,8847.0,8307.0,540.0
Miguel Semmler,19,8843.0,7629.0,1214.0
Aryan Goveas,19,8840.0,7232.0,1608.0
Calin Manda,24,8840.0,7596.0,1244.0
John Sperle,21,8840.0,6676.0,2164.0
Dekel Bar,23,8837.0,6168.0,2669.0
Carlos Gomez-Herrera,25,8835.0,7687.0,1148.0
Julien Cagnina,22,8835.0,7489.0,1346.0
Raphael Baltensperger,20,8832.0,7565.0,1267.0
Maxim Zhukov,19,8831.0,7225.0,1606.0
Karlis Ozolins,23,8827.0,5449.0,3378.0
Cooper Williams,19,8823.0,7368.0,1455.0
Maximiliano Estevez,26,8815.0,7319.0,1496.0
Cristian Rodriguez,26,8814.0,5988.0,2826.0
Kristian Lozan,21,8809.0,7515.0,1294.0
Jarno Jans,22,8805.0,5321.0,3484.0
Federico Zeballos,27,8802.0,6396.0,2406.0
Daniil Ostapenkov,20,8802.0,5100.0,3702.0
Jean-Marc Werner,25,8793.0,7443.0,1350.0
Issei Okamura,25,8792.0,5737.0,3055.0
Connor Farren,23,8789.0,6072.0,2717.0
Stefan Latinovic,25,8789.0,4060.0,4729.0
Johannes Haerteis,21,8786.0,5361.0,3425.0
Santiago Rodriguez Taverna,20,8784.0,7076.0,1708.0
Oscar Jose Gutierrez,23,8779.0,5553.0,3226.0
Guillaume Rufin,25,8776.0,8776.0,0.0
Filippo Baldi,20,8775.0,5420.0,3355.0
Lennert Van Der Linden,27,8774.0,7063.0,1711.0
Cengiz Aksu,26,8771.0,6554.0,2217.0
Attila Boros,22,8769.0,7230.0,1539.0
Andrey Chepelev,26,8765.0,7721.0,1044.0
Shunsuke Mitsui,20,8764.0,6416.0,2348.0
Enzo Wallart,26,8764.0,8048.0,716.0
Gian Luca Tanner,24,8763.0,7522.0,1241.0
Fabien Reboul,20,8762.0,4850.0,3912.0
Mikhail Korovin,21,8761.0,7053.0,1708.0
Marvin Moeller,23,8759.0,8584.0,175.0
Luis Patino,29,8757.0,5625.0,3132.0
Chuhan Wang,23,8749.0,7885.0,864.0
Hong Kit Wong,21,8748.0,6163.0,2585.0
Yuqing Ning,21,8748.0,6190.0,2558.0
Francois-Arthur Vibert,27,8745.0,6054.0,2691.0
Illya Beloborodko,21,8742.0,6135.0,2607.0
Christopher Diaz-Figueroa,25,8735.0,7015.0,1720.0
Manuel Mazza,23,8733.0,7745.0,988.0
François Musitelli,25,8733.0,6104.0,2629.0
Dominik Boehler,23,8731.0,7489.0,1242.0
Alejandro Tabilo,20,8729.0,4748.0,3981.0
Yuya Kibi,29,8724.0,6160.0,2564.0
Richard Gabb,25,8723.0,6257.0,2466.0
Domagoj Biljesko,20,8721.0,5796.0,2925.0
Tobias Simon,25,8716.0,8112.0,604.0
Pavel Nejedly,25,8716.0,8128.0,588.0
Vasile Antonescu,26,8714.0,5514.0,3200.0
Santiago De La Fuente,20,8698.0,5620.0,3078.0
Alejandro Mendoza,29,8691.0,5892.0,2799.0
Timo Legout,22,8690.0,7985.0,705.0
Daniel Dutra da Silva,27,8687.0,7377.0,1310.0
Daniel Appelgren,20,8680.0,5113.0,3567.0
Matteo Berrettini,20,8679.0,7586.0,1093.0
Samir Banerjee,21,8676.0,8264.0,412.0
Duckhee Lee,26,8676.0,6456.0,2220.0
Jonathan Kanar,24,8676.0,6572.0,2104.0
Pirmin Haenle,27,8674.0,6541.0,2133.0
Jose Olivares,22,8674.0,7449.0,1225.0
Tibo Colson,22,8674.0,7854.0,820.0
Aliaksandr Liaonenka,24,8665.0,4376.0,4289.0
Fernando Yamacita,26,8665.0,5139.0,3526.0
Jacopo Stefanini,20,8665.0,6055.0,2610.0
Jack Findel-Hawkins,25,8652.0,4417.0,4235.0
Alon Elia,22,8651.0,6074.0,2577.0
Hiroyasu Ehara,28,8650.0,5909.0,2741.0
Raleigh Smith,26,8649.0,5832.0,2817.0
Sebastian Eriksson,19,8646.0,7218.0,1428.0
Francesco Borgo,30,8641.0,3988.0,4653.0
Yan Sabanin,29,8640.0,4903.0,3737.0
Andre Ilagan,23,8640.0,7842.0,798.0
Xiaofei Wang,22,8639.0,8186.0,453.0
Damien Wenger,19,8639.0,5675.0,2964.0
Giannicola Misasi,25,8639.0,7378.0,1261.0
Adelchi Virgili,26,8639.0,6221.0,2418.0
Collin Altamirano,29,8638.0,7320.0,1318.0
Mert Naci Turker,26,8628.0,4749.0,3879.0
Xiaofei Wang,19,8628.0,7398.0,1230.0
Victor Estrella Burgos,39,8620.0,7540.0,1080.0
Petru-Alexandru Luncanu,28,8619.0,5600.0,3019.0
Kristjan Tamm,24,8615.0,7148.0,1467.0
Peter Bothwell,22,8615.0,5659.0,2956.0
Jasza Szajrych,22,8605.0,6280.0,2325.0
Enzo Kohlmann De Freitas,19,8604.0,6483.0,2121.0
Denys Mylokostov,24,8601.0,7536.0,1065.0
Felix Corwin,26,8600.0,7420.0,1180.0
Bastian Malla,19,8598.0,8448.0,150.0
Maxime Pauwels,21,8593.0,7485.0,1108.0
Lucas Andrade Da Silva,20,8587.0,6915.0,1672.0
Marcos Giraldi Requena,22,8585.0,7623.0,962.0
Enzo Couacaud,22,8581.0,8414.0,167.0
Ryuki Matsuda,22,8581.0,6757.0,1824.0
Sergio Martos Gornes,21,8568.0,4024.0,4544.0
Ricardo Rodriguez - Pace,24,8565.0,6859.0,1706.0
Christoph Negritu,22,8564.0,6118.0,2446.0
James Story,23,8563.0,6607.0,1956.0
Nico Matic,23,8562.0,7946.0,616.0
Lorenzo Bocchi,28,8560.0,8152.0,408.0
Martin Blasko,19,8560.0,6734.0,1826.0
Mick Lescure,22,8559.0,5776.0,2783.0
Bar Tzuf Botzer,21,8554.0,7544.0,1010.0
Chien-hsun Lo,20,8550.0,8294.0,256.0
Andrea Basso,22,8538.0,6624.0,1914.0
Eduard Esteve Lobato,21,8530.0,5618.0,2912.0
Nikolay Nedelchev,20,8523.0,6230.0,2293.0
Mathieu Scaglia,24,8520.0,6621.0,1899.0
Marcin Gawron,27,8517.0,6763.0,1754.0
Diego Augusto Barreto Sanchez,20,8514.0,6177.0,2337.0
Makoto Ochi,19,8510.0,7636.0,874.0
Florian Fallert,25,8506.0,6529.0,1977.0
Laurent Rochette,30,8505.0,7835.0,670.0
Gonzalo Villanueva,21,8504.0,7344.0,1160.0
Tiago Cacao,27,8503.0,7710.0,793.0
Carlos Gimeno Valero,18,8502.0,8308.0,194.0
Ben Patael,21,8492.0,8396.0,96.0
Jakub Filip,20,8490.0,8490.0,0.0
Sidane Pontjodikromo,24,8489.0,6818.0,1671.0
Francis Casey Alcantara,24,8488.0,4698.0,3790.0
Nicolae Frunza,25,8481.0,7905.0,576.0
Danylo Kalenichenko,22,8476.0,5756.0,2720.0
Jurabek Karimov,21,8473.0,7513.0,960.0
Lorenzo Angelini,19,8468.0,6821.0,1647.0
Jake Delaney,19,8466.0,4992.0,3474.0
Tuncay Duran,19,8462.0,6719.0,1743.0
Pierre Delage,22,8461.0,7799.0,662.0
Tom Paris,22,8461.0,5678.0,2783.0
Liang-Chi Huang,24,8453.0,6899.0,1554.0
Alejandro Hoyos,23,8451.0,5867.0,2584.0
Enrico Dalla Valle,24,8451.0,5891.0,2560.0
Alexis Musialek,31,8440.0,6269.0,2171.0
Tak Khunn Wang,24,8438.0,6192.0,2246.0
Tomas Lanik,21,8433.0,6215.0,2218.0
Aleksandre Metreveli,26,8433.0,6966.0,1467.0
Wilson Leite,25,8432.0,6047.0,2385.0
Oscar Moraing,22,8430.0,7526.0,904.0
Nick Chappell,24,8422.0,5816.0,2606.0
David Poljak,20,8422.0,6425.0,1997.0
Kai Lemstra,24,8416.0,5791.0,2625.0
Bogdan Ionut Apostol,26,8411.0,6895.0,1516.0
Ji Hoon Son,24,8409.0,7413.0,996.0
Florent Serra,34,8407.0,2844.0,5563.0
Anis Ghorbel,26,8404.0,5384.0,3020.0
Nicolo Turchetti,21,8402.0,6263.0,2139.0
Lorenzo Bocchi,25,8400.0,7788.0,612.0
Guillermo Rivera-Aranguiz,26,8398.0,6943.0,1455.0
Dragos Nicolae Cazacu,20,8396.0,5970.0,2426.0
Fabien Salle,25,8390.0,7226.0,1164.0
Marco Brugnerotto,26,8382.0,6848.0,1534.0
Filipp Kekercheni,21,8377.0,6053.0,2324.0
Nitin Kumar Sinha,23,8376.0,6492.0,1884.0
Michel Hopp,27,8374.0,7643.0,731.0
Matt Ponchet,21,8372.0,7211.0,1161.0
Brian Bozemoj,21,8364.0,5287.0,3077.0
Salvatore Caruso,32,8357.0,7042.0,1315.0
Jakub Filip,19,8353.0,6952.0,1401.0
Arjun Kadhe,23,8352.0,6726.0,1626.0
Florent Diep,28,8346.0,7332.0,1014.0
Roberto Cid Subervi,29,8344.0,8164.0,180.0
Nicolae Frunza,19,8337.0,6070.0,2267.0
Boy Westerhof,31,8335.0,5734.0,2601.0
Connor Farren,25,8326.0,6944.0,1382.0
Andrew Watson,23,8324.0,6978.0,1346.0
Saveliy Ivanov,20,8318.0,7166.0,1152.0
Nerman Fatic,23,8316.0,6345.0,1971.0
Nicolas Santos,28,8316.0,6528.0,1788.0
Jasza Szajrych,21,8314.0,5973.0,2341.0
Harold Mayot,17,8313.0,7280.0,1033.0
Bernabe Zapata Miralles,18,8298.0,6690.0,1608.0
Enzo Wallart,25,8296.0,7215.0,1081.0
Barkin Yalcinkale,24,8290.0,5987.0,2303.0
Guido Ivan Justo,22,8287.0,5845.0,2442.0
Svyatoslav Gulin,20,8280.0,6615.0,1665.0
Yanais Laurent,23,8280.0,6710.0,1570.0
Adria Mas Mascolo,24,8276.0,5442.0,2834.0
Alberto Romero De Avila Senise,20,8272.0,6624.0,1648.0
Andre Gaspar Murta,22,8271.0,7431.0,840.0
Anas Fattar,32,8271.0,4825.0,3446.0
Anton Zaitcev,29,8270.0,7178.0,1092.0
Petr Bar Biryukov,21,8269.0,5726.0,2543.0
Blaise Bicknell,21,8265.0,7631.0,634.0
Juan Sebastian Gomez,24,8264.0,6354.0,1910.0
James Frawley,23,8258.0,6634.0,1624.0
Johannes Haerteis,19,8255.0,5694.0,2561.0
Shuichi Sekiguchi,27,8248.0,7768.0,480.0
Massimo Giunta,19,8248.0,6844.0,1404.0
Jurabek Karimov,18,8242.0,6028.0,2214.0
Michael Bassem Sobhy,20,8242.0,6462.0,1780.0
Miles Jones,24,8238.0,5867.0,2371.0
Mikhail Fufygin,27,8238.0,5738.0,2500.0
Pol Toledo Bague,21,8238.0,5112.0,3126.0
Maxence Broville,24,8236.0,6503.0,1733.0
Daisuke Sumizawa,23,8235.0,6432.0,1803.0
Julian Lenz,25,8230.0,7315.0,915.0
Florian Lakat,24,8226.0,4584.0,3642.0
Kirill Kivattsev,20,8223.0,6138.0,2085.0
Maxence Rivet,20,8221.0,7143.0,1078.0
Tsung-Hao Huang,20,8220.0,6227.0,1993.0
Sebastien Boltz,24,8218.0,6629.0,1589.0
Carlos Eduardo Severino,26,8211.0,6323.0,1888.0
Kristjan Tamm,21,8209.0,6327.0,1882.0
Ryan Harrison,31,8207.0,6910.0,1297.0
Adrien Puget,25,8204.0,5454.0,2750.0
Simon Carr,23,8204.0,6687.0,1517.0
Marcos Giron,23,8204.0,7324.0,880.0
Scott Jones,27,8198.0,7513.0,685.0
Alexandre Tsuchiya,23,8195.0,4777.0,3418.0
Andre Miele,28,8193.0,5100.0,3093.0
Raphael Baltensperger,22,8189.0,7186.0,1003.0
Borna Gojo,19,8187.0,7451.0,736.0
Lloyd Glasspool,22,8181.0,5934.0,2247.0
Sheng Tang,23,8176.0,5827.0,2349.0
Ilya Snitari,23,8174.0,5801.0,2373.0
Jay Clarke,18,8168.0,7508.0,660.0
Anton Shepp,23,8168.0,5484.0,2684.0
Davide Galoppini,22,8168.0,6878.0,1290.0
Pavel Nejedly,23,8165.0,6751.0,1414.0
Eric Johnson,22,8159.0,6235.0,1924.0
Ljubomir Celebic,25,8156.0,6668.0,1488.0
Renta Tokuda,24,8145.0,7965.0,180.0
Albert Pedrico Kravtsov,20,8144.0,7065.0,1079.0
Juan Sebastian Osorio,28,8140.0,6569.0,1571.0
Justin Schlageter,24,8139.0,6720.0,1419.0
Kyle Kang,19,8139.0,7529.0,610.0
Winston Lin,23,8139.0,6609.0,1530.0
Pascal Brunner,27,8135.0,5931.0,2204.0
Ye Cong Mo,19,8133.0,6847.0,1286.0
Vito Tonejc,24,8129.0,7131.0,998.0
Roger Pascual Ferra,19,8123.0,7346.0,777.0
Jules Okala,19,8122.0,6914.0,1208.0
Evan Song,23,8119.0,7085.0,1034.0
Jelle Sels,21,8114.0,6752.0,1362.0
Stefan Adrian Andreescu,23,8112.0,6656.0,1456.0
Simon Yitbarek,19,8109.0,7089.0,1020.0
Trent Bryde,19,8109.0,6792.0,1317.0
Dong Ju Kim,23,8103.0,5860.0,2243.0
Mariano Kestelboim,19,8100.0,5172.0,2928.0
Vlad Andrei Dancu,25,8094.0,7686.0,408.0
Kristian Lozan,19,8091.0,7565.0,526.0
Christian Hirschmueller,24,8090.0,6854.0,1236.0
Andrea Basso,29,8090.0,6868.0,1222.0
Timo Stodder,28,8088.0,7539.0,549.0
Jaroslav Pospisil,36,8087.0,5827.0,2260.0
Ivan Nedelko,39,8085.0,7283.0,802.0
Vadym Ursu,19,8082.0,6264.0,1818.0
Dmytro Badanov,27,8074.0,6766.0,1308.0
Bogdan Pavel,24,8072.0,4030.0,4042.0
Sidane Pontjodikromo,22,8071.0,6012.0,2059.0
Nick Chappell,25,8070.0,4305.0,3765.0
Mikhail Fufygin,29,8068.0,5088.0,2980.0
Viktor Galovic,25,8067.0,6977.0,1090.0
Issam Haitham Taweel,27,8064.0,5852.0,2212.0
Andrea Guerrieri,24,8063.0,7319.0,744.0
Carlos Gimeno Valero,22,8062.0,7918.0,144.0
Milan Drinic,20,8046.0,7068.0,978.0
Thantub Suksumrarn,24,8045.0,4741.0,3304.0
Kiranpal Pannu,25,8039.0,6771.0,1268.0
Jonas Merckx,23,8036.0,6704.0,1332.0
Cyril Vandermeersch,23,8033.0,6641.0,1392.0
Giuseppe La Vela,23,8032.0,7118.0,914.0
Gabriele Bosio,24,8031.0,6345.0,1686.0
Wil Spencer,28,8030.0,6377.0,1653.0
Daniel Paty,25,8029.0,5796.0,2233.0
Sandro Kopp,19,8026.0,6978.0,1048.0
Sergi Perez Contri,21,8023.0,5717.0,2306.0
Thiago Cigarran,24,8018.0,5374.0,2644.0
Pascal Meis,23,8017.0,7139.0,878.0
Richard Becker,24,8012.0,7710.0,302.0
Nicola Ghedin,27,8008.0,6734.0,1274.0
Sora Fukuda,22,8005.0,5007.0,2998.0
Alexandre Folie,25,8002.0,7262.0,740.0
Dylan Dietrich,19,8002.0,6039.0,1963.0
Ronald Slobodchikov,24,7999.0,6955.0,1044.0
Sergio Martos Gornes,22,7997.0,3672.0,4325.0
Palaphoom Kovapitukted,23,7993.0,6304.0,1689.0
Marc Fornell-Mestres,34,7988.0,4368.0,3620.0
Kane Bonsach Ganley,20,7986.0,7182.0,804.0
Ignacio Antonio Becerra Otarola,23,7985.0,5863.0,2122.0
Kosuke Ogura,26,7979.0,5679.0,2300.0
Marcin Gawron,28,7970.0,5714.0,2256.0
Christopher Diaz-Figueroa,26,7964.0,5198.0,2766.0
Mohit Mayur Jayaprakash,22,7958.0,5916.0,2042.0
Nikita Mashtakov,25,7954.0,5160.0,2794.0
Nicolas Parizzia,24,7949.0,5755.0,2194.0
Vadim Alekseenko,32,7948.0,6620.0,1328.0
Kazuma Kawachi,28,7937.0,5508.0,2429.0
Duje Ajdukovic,18,7926.0,6954.0,972.0
Ignacio Antonio Becerra Otarola,24,7926.0,5934.0,1992.0
Sander Gille,24,7916.0,4418.0,3498.0
Ignacio Carou,20,7916.0,4994.0,2922.0
John Lamble,24,7914.0,5166.0,2748.0
Pierre Delage,21,7912.0,5514.0,2398.0
Justin Butsch,24,7905.0,4445.0,3460.0
Aleksandre Bakshi,26,7904.0,5792.0,2112.0
Keith-Patrick Crowley,27,7898.0,4522.0,3376.0
Florian Lakat,22,7897.0,3554.0,4343.0
Young Seok Kim,21,7896.0,6460.0,1436.0
Oliver Crawford,20,7895.0,6350.0,1545.0
Daniel Altmaier,20,7893.0,7893.0,0.0
Jui-Chen Hung,26,7890.0,4580.0,3310.0
Franco Emanuel Egea,27,7887.0,5888.0,1999.0
Brayden Schnur,20,7882.0,7288.0,594.0
Samuele Pieri,21,7882.0,6801.0,1081.0
Eduardo Dischinger,25,7879.0,4076.0,3803.0
Alafia Ayeni,19,7870.0,7170.0,700.0
Joao Pedro Sorgi,22,7869.0,5288.0,2581.0
Yuichi Ito,30,7864.0,5132.0,2732.0
Filippo Leonardi,28,7860.0,6442.0,1418.0
Taisei Ichikawa,19,7854.0,6062.0,1792.0
Neil Pauffley,25,7853.0,6875.0,978.0
Nuno Deus,21,7853.0,4180.0,3673.0
Joao Menezes,19,7852.0,6674.0,1178.0
Jared Hiltzik,25,7850.0,7670.0,180.0
Scott Clayton,21,7840.0,4120.0,3720.0
Zihao Xia,19,7838.0,7176.0,662.0
Ezekiel Clark,21,7832.0,6818.0,1014.0
Jesse Flores,29,7828.0,5887.0,1941.0
Mariano Kestelboim,26,7828.0,6125.0,1703.0
Tallon Griekspoor,19,7821.0,6101.0,1720.0
Gibril Diarra,26,7811.0,6606.0,1205.0
Arnaud Bovy,22,7811.0,6675.0,1136.0
Jie Cui,20,7810.0,5838.0,1972.0
Viktor Filipenko,26,7809.0,5206.0,2603.0
Lucas Bouquet,25,7808.0,6180.0,1628.0
Juan Bautista Otegui,20,7807.0,6925.0,882.0
Nuno Borges,22,7807.0,6526.0,1281.0
Carlos Gomez-Herrera,26,7806.0,6552.0,1254.0
Patrik Fabian,21,7801.0,6716.0,1085.0
Guy Orly Iradukunda,23,7801.0,5114.0,2687.0
Julian Ocleppo,25,7795.0,3847.0,3948.0
Eric Vanshelboim,18,7790.0,6662.0,1128.0
Christian Sigsgaard,25,7786.0,6130.0,1656.0
Raymond Sarmiento,23,7781.0,5035.0,2746.0
Young Seok Kim,20,7780.0,7240.0,540.0
Yuichi Ito,31,7779.0,5091.0,2688.0
Vilius Gaubas,17,7772.0,6780.0,992.0
Niccolò Ciavarella,20,7768.0,6644.0,1124.0
Luis Faria,20,7761.0,6279.0,1482.0
Mick Lescure,26,7761.0,4174.0,3587.0
Adam Neff,22,7760.0,4958.0,2802.0
Omar Salman,19,7759.0,6300.0,1459.0
Paul Oosterbaan,24,7754.0,6444.0,1310.0
Yuanfeng Li,26,7754.0,6652.0,1102.0
Soichiro Moritani,25,7751.0,5233.0,2518.0
Emon Van Loben Sels,21,7751.0,6847.0,904.0
Alexander Zgirovsky,21,7746.0,4486.0,3260.0
Emil Reinberg,25,7745.0,7421.0,324.0
Cristobal Saavedra-Corvalan,25,7744.0,5362.0,2382.0
Federico Iannaccone,20,7736.0,6222.0,1514.0
Aziz Dougaz,20,7728.0,5366.0,2362.0
Gabriele Maria Noce,27,7722.0,4833.0,2889.0
Seydina Andre,20,7712.0,7174.0,538.0
Pietro Marino,22,7701.0,6865.0,836.0
Ljubomir Celebic,24,7700.0,6318.0,1382.0
Sarp Agabigun,18,7699.0,4377.0,3322.0
Bang Shuo Yin,24,7699.0,5851.0,1848.0
Pedro Sakamoto,23,7699.0,6461.0,1238.0
Miloslav Mecir,27,7697.0,7149.0,548.0
Aidan Kim,19,7696.0,6340.0,1356.0
Martin Borisiouk,24,7695.0,6769.0,926.0
Muhammet Haylaz,21,7688.0,5782.0,1906.0
Olle Wallin,23,7687.0,7447.0,240.0
Kristjan Tamm,26,7682.0,6226.0,1456.0
Khumoyun Sultanov,18,7674.0,5850.0,1824.0
Dominik Boehler,21,7664.0,7310.0,354.0
George Tsivadze,26,7661.0,4596.0,3065.0
Thales Turini,27,7656.0,6150.0,1506.0
Brandon Holt,20,7655.0,6340.0,1315.0
Nikita Belozertsev,17,7650.0,6806.0,844.0
Thomas Braithwaite,26,7649.0,7454.0,195.0
Fran Zvonimir Zgombic,21,7642.0,5236.0,2406.0
Jeremy Beale,29,7642.0,3685.0,3957.0
Daisuke Sumizawa,25,7638.0,5129.0,2509.0
Jaume Pla Malfeito,20,7635.0,6159.0,1476.0
Petr Brunclik,18,7623.0,5531.0,2092.0
Sarp Agabigun,22,7622.0,4248.0,3374.0
Jack Pinnington Jones,20,7620.0,7440.0,180.0
Gian Marco Moroni,25,7619.0,6970.0,649.0
Jesse Flores,28,7617.0,6002.0,1615.0
Leonid Sheyngezikht,22,7614.0,5183.0,2431.0
Marc Van Der Merwe,31,7609.0,6715.0,894.0
Daniel Rodrigues,22,7605.0,5591.0,2014.0
Deiton Baughman,20,7605.0,5345.0,2260.0
Sidharth Rawat,23,7604.0,6684.0,920.0
Ricardo Hocevar,30,7601.0,5751.0,1850.0
Daniele Capecchi,24,7599.0,6331.0,1268.0
Rishab Agarwal,27,7587.0,5345.0,2242.0
Igor Marcondes,20,7583.0,5075.0,2508.0
Adolfo Daniel Vallejo,18,7576.0,6240.0,1336.0
Jumpei Yamasaki,20,7571.0,5927.0,1644.0
Juan Ignacio Londero,31,7570.0,7570.0,0.0
Timur Kiyamov,23,7570.0,4218.0,3352.0
Pavel Nejedly,24,7569.0,6228.0,1341.0
Corban Crowther,21,7568.0,6566.0,1002.0
Jesse Witten,33,7562.0,6870.0,692.0
Juan Manuel Benitez Chavarriaga,22,7562.0,5807.0,1755.0
Duje Kekez,29,7549.0,7351.0,198.0
Mikhail Ledovskikh,29,7540.0,7395.0,145.0
Robin Kern,23,7538.0,6736.0,802.0
Simone Roncalli,23,7537.0,7021.0,516.0
Mitchell Harper,25,7532.0,6188.0,1344.0
Pedro Rodenas,21,7526.0,7202.0,324.0
Etienne Donnet,23,7523.0,6506.0,1017.0
Sami Reinwein,24,7522.0,6186.0,1336.0
Alexander Crnokrak,22,7517.0,5707.0,1810.0
Alberto Romero De Avila Senise,19,7515.0,6333.0,1182.0
Jorge Montero,26,7506.0,4080.0,3426.0
Antoine Bellier,19,7494.0,5584.0,1910.0
George Tsivadze,23,7492.0,5014.0,2478.0
Ben McLachlan,23,7484.0,4050.0,3434.0
Federico Bondioli,18,7484.0,4623.0,2861.0
Alex Martinez,22,7476.0,5925.0,1551.0
Fausto Tabacco,22,7474.0,6736.0,738.0
Miliaan Niesten,28,7472.0,6510.0,962.0
Francisco Comesana,19,7469.0,5414.0,2055.0
Omar Salman,21,7469.0,5753.0,1716.0
Oscar Weightman,24,7468.0,7414.0,54.0
Alexander Stater,25,7467.0,6653.0,814.0
Pascal Meis,22,7460.0,6186.0,1274.0
Marc Majdandzic,20,7452.0,5933.0,1519.0
Duilio Beretta,23,7446.0,4747.0,2699.0
Dragos Dima,27,7445.0,6526.0,919.0
Jake Delaney,20,7443.0,5035.0,2408.0
Alejo Lorenzo Lingua Lavallen,22,7441.0,6033.0,1408.0
Enrico Dalla Valle,19,7433.0,5126.0,2307.0
Pruchya Isaro,20,7432.0,5110.0,2322.0
Maxim Zhukov,18,7430.0,6310.0,1120.0
Michiel De Krom,25,7422.0,6453.0,969.0
Daniel Antonio Nunez,22,7418.0,5197.0,2221.0
Alex Martinez,21,7410.0,5049.0,2361.0
Haadin Salim Bava,23,7406.0,6220.0,1186.0
Manuel Plunger,23,7399.0,6057.0,1342.0
Hayato Matsuoka,19,7395.0,5826.0,1569.0
Eduard Esteve Lobato,22,7385.0,4438.0,2947.0
Evan Hoyt,20,7373.0,4660.0,2713.0
Nicolas Moreno De Alboran,22,7366.0,5889.0,1477.0
Nerman Fatic,22,7362.0,5846.0,1516.0
Dayne Kelly,25,7358.0,4934.0,2424.0
Bogdan Ionut Apostol,21,7355.0,5038.0,2317.0
Filip Duda,24,7353.0,4194.0,3159.0
Kasra Rahmani,19,7351.0,5530.0,1821.0
Jumpei Yamasaki,28,7350.0,6454.0,896.0
Nicola Kuhn,23,7349.0,7207.0,142.0
Dusan Obradovic,21,7349.0,5645.0,1704.0
Taiyo Yamanaka,23,7347.0,5358.0,1989.0
Jorge Montero,25,7339.0,5335.0,2004.0
Seydina Andre,21,7338.0,5946.0,1392.0
Sekou Bangoura,32,7335.0,4051.0,3284.0
Bowen Ouyang,23,7332.0,5194.0,2138.0
Mikhail Gorokhov,20,7331.0,7331.0,0.0
Viktor Jovic,20,7323.0,5070.0,2253.0
Nicolas Alvarez Varona,22,7320.0,7176.0,144.0
Nino Serdarusic,19,7316.0,5042.0,2274.0
Samuel Bensoussan,25,7310.0,5380.0,1930.0
Ivan Davydov,21,7309.0,5036.0,2273.0
Sandro Ehrat,24,7309.0,7083.0,226.0
Sean Cuenin,19,7299.0,6813.0,486.0
Jonathan Kanar,22,7298.0,5520.0,1778.0
Elmer Moller,19,7295.0,6647.0,648.0
Matej Vocel,21,7294.0,5267.0,2027.0
Daniel Appelgren,21,7286.0,5429.0,1857.0
Yannick Hanfmann,24,7286.0,6727.0,559.0
Kareem Al Allaf,24,7284.0,5718.0,1566.0
Pablo Trochu,21,7281.0,6279.0,1002.0
Gianluca Di Nicola,24,7278.0,6311.0,967.0
Philipp Davydenko,23,7277.0,5075.0,2202.0
Oleksandr Ovcharenko,22,7275.0,4418.0,2857.0
Ken Onishi,21,7272.0,6112.0,1160.0
Josip Simundza,20,7268.0,5595.0,1673.0
Ryotaro Taguchi,23,7267.0,4749.0,2518.0
Jose Fco. Vidal Azorin,23,7264.0,6298.0,966.0
Luca Wiedenmann,26,7261.0,7261.0,0.0
Devin Badenhorst,20,7259.0,5909.0,1350.0
Joao Souza,31,7255.0,6445.0,810.0
Roy Smith,24,7252.0,6732.0,520.0
Felipe Mantilla,23,7250.0,4628.0,2622.0
Raleigh Smith,25,7244.0,5160.0,2084.0
Ryota Tanuma,22,7239.0,5541.0,1698.0
Mico Santiago,22,7239.0,6169.0,1070.0
Mateo Nicolas Martinez,22,7238.0,4452.0,2786.0
Benjamin Balleret,33,7237.0,6707.0,530.0
Mico Santiago,21,7225.0,6181.0,1044.0
Alessandro Pecci,22,7224.0,6878.0,346.0
Tom Gentzsch,19,7223.0,5641.0,1582.0
Samuel Bensoussan,24,7220.0,6272.0,948.0
Lucas Gerch,24,7213.0,6369.0,844.0
Nicolas Alberto Arreche,21,7212.0,6096.0,1116.0
Cameron Green,23,7197.0,4550.0,2647.0
Marvin Moeller,18,7192.0,6673.0,519.0
Louis Tessa,21,7182.0,5303.0,1879.0
Tomislav Jotovski,25,7180.0,5610.0,1570.0
Harrison Adams,23,7173.0,3719.0,3454.0
Filippo Baldi,19,7171.0,4595.0,2576.0
Filip Veger,21,7161.0,6663.0,498.0
Marcin Gawron,29,7157.0,5224.0,1933.0
Gregor Ramskogler,26,7150.0,3926.0,3224.0
Matteo Donati,27,7148.0,6507.0,641.0
Florent Diep,24,7146.0,4644.0,2502.0
Rudy Quan,18,7141.0,6949.0,192.0
Kazuki Nishiwaki,25,7137.0,5915.0,1222.0
Aziz Ouakaa,20,7135.0,5445.0,1690.0
Martin Beran,21,7132.0,4626.0,2506.0
Evgeny Philippov,22,7128.0,6054.0,1074.0
Jeremy Jahn,25,7127.0,6703.0,424.0
Marco Miceli,21,7126.0,6372.0,754.0
Luca Prevosto,21,7124.0,5586.0,1538.0
Luciano Emanuel Ambrogi,19,7124.0,5564.0,1560.0
Miliaan Niesten,27,7120.0,6352.0,768.0
Kaito Uesugi,22,7120.0,5497.0,1623.0
Maxim Shin,22,7114.0,5496.0,1618.0
Tadeas Paroulek,20,7108.0,5387.0,1721.0
Moez Echargui,26,7107.0,4492.0,2615.0
Juan Pablo Varillas,21,7106.0,5846.0,1260.0
Jerzy Janowicz,32,7102.0,6872.0,230.0
Duje Kekez,24,7099.0,6025.0,1074.0
Raul Brancaccio,19,7092.0,5068.0,2024.0
Theo Fournerie,18,7088.0,5982.0,1106.0
Nicola Ghedin,29,7084.0,6298.0,786.0
Alessandro Ingarao,20,7081.0,5565.0,1516.0
Gabriel Donev,26,7067.0,4982.0,2085.0
Kuzey Cekirge,24,7061.0,6625.0,436.0
Alexios Halebian,21,7061.0,5771.0,1290.0
Stefan Palosi,23,7057.0,4869.0,2188.0
Kevin Griekspoor,26,7053.0,5352.0,1701.0
Pruchya Isaro,22,7053.0,4647.0,2406.0
Franco Feitt,27,7050.0,3024.0,4026.0
Felipe Mantilla,25,7049.0,5398.0,1651.0
Bekkhan Atlangeriev,24,7041.0,6309.0,732.0
Cash Hanzlik,21,7040.0,6257.0,783.0
Karlis Ozolins,22,7037.0,6479.0,558.0
Maxime Mora,22,7035.0,5463.0,1572.0
Lorenzo Joaquin Rodriguez,23,7035.0,5396.0,1639.0
Ali Habib,22,7021.0,5673.0,1348.0
Olaf Pieczkowski,18,7012.0,5122.0,1890.0
Cyril Vandermeersch,24,7007.0,5392.0,1615.0
Rafael Tosetto,24,6997.0,4880.0,2117.0
Michael Zhu,31,6997.0,6001.0,996.0
Peter Makk,24,6991.0,5764.0,1227.0
Victor Lilov,20,6991.0,6541.0,450.0
Alexander Lebedev,22,6990.0,6288.0,702.0
Fons Van Sambeek,21,6989.0,4254.0,2735.0
Franco Agamenone,22,6988.0,5426.0,1562.0
Julien Dubail,29,6988.0,5725.0,1263.0
Patrick Brady,20,6982.0,6648.0,334.0
Tomislav Jotovski,26,6980.0,4898.0,2082.0
Patrick Schoen,20,6978.0,5922.0,1056.0
Maik Steiner,28,6977.0,4932.0,2045.0
Manuel Mazza,24,6976.0,5421.0,1555.0
Albert Roglan,21,6969.0,4817.0,2152.0
Paul Woerner,26,6969.0,5118.0,1851.0
Eduardo Struvay,27,6967.0,6331.0,636.0
Noah Lopez,20,6963.0,5405.0,1558.0
Adrian Bodmer,29,6956.0,5284.0,1672.0
Bruno Santanna,22,6941.0,3436.0,3505.0
Jonas Trinker,24,6939.0,5895.0,1044.0
Rrezart Cungu,25,6936.0,5750.0,1186.0
Siddharth Vishwakarma,29,6936.0,6522.0,414.0
Majed Kilani,22,6936.0,4187.0,2749.0
Tom Schonenberg,24,6935.0,5129.0,1806.0
Stijn Paardekooper,22,6933.0,5014.0,1919.0
Axel Garcian,20,6932.0,4781.0,2151.0
Matteo De Vincentis,26,6929.0,4406.0,2523.0
Gabriel Petit,22,6928.0,5161.0,1767.0
Jeremy Beale,23,6924.0,5146.0,1778.0
Gabriele Bosio,23,6923.0,5075.0,1848.0
Alexandar Lazarov,19,6923.0,6651.0,272.0
Hugo Grenier,19,6920.0,5356.0,1564.0
Kuan-Yi Lee,28,6912.0,5781.0,1131.0
Uisung Park,23,6912.0,4810.0,2102.0
Dostanbek Tashbulatov,19,6911.0,5809.0,1102.0
Christian Sigsgaard,27,6911.0,6137.0,774.0
Lukas Palovic,20,6908.0,5600.0,1308.0
Francois-Arthur Vibert,25,6904.0,4858.0,2046.0
Amaury Raynel,20,6900.0,5835.0,1065.0
Marat Deviatiarov,21,6896.0,4090.0,2806.0
Dominik Kellovsky,19,6894.0,3727.0,3167.0
Michiel De Krom,24,6887.0,4712.0,2175.0
Peter Heller,25,6876.0,5271.0,1605.0
Leo Vithoontien,24,6876.0,5811.0,1065.0
Bor Artnak,18,6874.0,6472.0,402.0
Edan Leshem,18,6874.0,5900.0,974.0
Martin Redlicki,22,6864.0,5594.0,1270.0
Jan Kupcic,23,6863.0,4441.0,2422.0
Romain Arneodo,24,6858.0,5183.0,1675.0
Kristijan Juhas,24,6857.0,6352.0,505.0
Vinayak Sharma Kaza,24,6848.0,5366.0,1482.0
Tomas Jirousek,19,6846.0,6372.0,474.0
Ivan Nedelko,36,6842.0,6440.0,402.0
Jumpei Yamasaki,19,6842.0,5880.0,962.0
Robin Kern,25,6839.0,5145.0,1694.0
James Marsalek,23,6836.0,5386.0,1450.0
Mateo Nicolas Martinez,25,6831.0,5244.0,1587.0
Stefan Dostanic,21,6831.0,5966.0,865.0
Jonathan Mridha,20,6827.0,3256.0,3571.0
Sidharth Rawat,25,6822.0,5705.0,1117.0
Bogdan Borza,20,6820.0,5582.0,1238.0
Victor Crivoi,33,6819.0,5101.0,1718.0
Julio Cesar Porras,25,6818.0,6248.0,570.0
Vladislav Ivanov,23,6818.0,5178.0,1640.0
Peter Benjamin Privara,18,6818.0,5390.0,1428.0
Skander Mansouri,22,6808.0,3480.0,3328.0
Victor Baluda,24,6808.0,5478.0,1330.0
Maciej Smola,23,6800.0,4734.0,2066.0
Hong Kit Wong,20,6800.0,5342.0,1458.0
Felix Corwin,27,6793.0,5626.0,1167.0
Guy Orly Iradukunda,26,6791.0,3911.0,2880.0
Christoph Negritu,25,6791.0,4102.0,2689.0
Quentin Folliot,20,6790.0,4794.0,1996.0
Vlad Andrei Dancu,23,6786.0,6606.0,180.0
Jordan Ubiergo,23,6786.0,5710.0,1076.0
Nicolas Meister,29,6777.0,1810.0,4967.0
Youssef Hossam,21,6776.0,6626.0,150.0
Alexandre Reco,24,6768.0,5242.0,1526.0
Ji Hoon Son,28,6761.0,4149.0,2612.0
Finn Tearney,29,6758.0,6016.0,742.0
Ljubomir Celebic,28,6757.0,5074.0,1683.0
David Jorda Sanchis,25,6757.0,4272.0,2485.0
Nam Hoang Ly,19,6756.0,5140.0,1616.0
Mate Delic,23,6753.0,5951.0,802.0
Jonathan Kanar,21,6746.0,5144.0,1602.0
Garrett Johns,22,6742.0,6106.0,636.0
Jared Hiltzik,21,6736.0,6018.0,718.0
Sherif Sabry,29,6734.0,4832.0,1902.0
Gustav Hansson,24,6733.0,5946.0,787.0
Marlon Vankan,22,6729.0,4497.0,2232.0
Antoine Hoang,20,6726.0,4466.0,2260.0
Fernando Cavallo,19,6726.0,5478.0,1248.0
Luca Wiedenmann,27,6726.0,6227.0,499.0
Lucas Catarina,20,6715.0,5971.0,744.0
Toby Martin,22,6712.0,4882.0,1830.0
Mateo Nicolas Martinez,21,6709.0,4905.0,1804.0
Sho Katayama,27,6708.0,4488.0,2220.0
Neil Pauffley,26,6706.0,5404.0,1302.0
Marco Miceli,25,6704.0,5348.0,1356.0
Matthias Wunner,22,6702.0,4908.0,1794.0
Patrik Brydolf,26,6696.0,5154.0,1542.0
Jake Van Emburgh,25,6692.0,5584.0,1108.0
Ignacio Parisca Romera,19,6683.0,5678.0,1005.0
Jonas Merckx,22,6682.0,5366.0,1316.0
Sherif Sabry,30,6682.0,4564.0,2118.0
Khololwam Montsi,20,6680.0,6056.0,624.0
Timur Kiyamov,21,6675.0,4911.0,1764.0
Alexander Binda,22,6674.0,4838.0,1836.0
Viktor Galovic,26,6674.0,5653.0,1021.0
Nuno Deus,20,6671.0,3614.0,3057.0
Jea Moon Lee,24,6664.0,3553.0,3111.0
Filip Veger,22,6659.0,6058.0,601.0
Andre Gaspar Murta,21,6656.0,5870.0,786.0
Ignacio Buse,18,6654.0,4855.0,1799.0
Jean-Marc Werner,26,6653.0,4282.0,2371.0
Maxence Broville,23,6652.0,4785.0,1867.0
Maxime Mora,25,6651.0,5627.0,1024.0
Oliver Ojakaar,19,6651.0,5795.0,856.0
Gabriel Debru,20,6650.0,5380.0,1270.0
Winston Lin,24,6644.0,5726.0,918.0
Bogdan Borza,19,6644.0,6038.0,606.0
Jea Moon Lee,32,6642.0,4207.0,2435.0
Vasil Kirkov,20,6639.0,4580.0,2059.0
Michal Dembek,19,6636.0,4496.0,2140.0
Germain Gigounon,28,6634.0,5020.0,1614.0
Fritz Wolmarans,29,6619.0,6555.0,64.0
Matej Vocel,19,6614.0,3394.0,3220.0
Joao Monteiro,22,6612.0,5836.0,776.0
Beibit Zhukayev,19,6604.0,5450.0,1154.0
Pietro Romeo Scomparin,24,6602.0,5870.0,732.0
William Bushamuka,23,6602.0,4506.0,2096.0
Gleb Alekseenko,32,6598.0,4992.0,1606.0
Stefanos Tsitsipas,17,6594.0,4546.0,2048.0
Juan Sebastian Osorio,27,6594.0,5422.0,1172.0
Nicolas Tepmahc,21,6590.0,6008.0,582.0
Gauthier Onclin,18,6588.0,5292.0,1296.0
Alejandro Gomez,26,6588.0,4989.0,1599.0
Benjamin Pietri,28,6586.0,4377.0,2209.0
Gabriel Alejandro Hidalgo,32,6575.0,4288.0,2287.0
Dejan Katic,29,6573.0,5559.0,1014.0
Naoki Nakagawa,23,6572.0,5947.0,625.0
Ricardo Villacorta-Alonso,30,6571.0,4160.0,2411.0
Lilian Marmousez,20,6570.0,5420.0,1150.0
Nerman Fatic,21,6570.0,5228.0,1342.0
Ilia Simakin,19,6567.0,5264.0,1303.0
Stefano Reitano,25,6566.0,4753.0,1813.0
Maxim Ratniuk,21,6555.0,4793.0,1762.0
William Grant,22,6545.0,4819.0,1726.0
Franjo Raspudic,25,6542.0,5046.0,1496.0
Darko Jandric,22,6542.0,3630.0,2912.0
Alexander Erler,20,6541.0,4399.0,2142.0
Karan Singh,19,6537.0,4665.0,1872.0
Takashi Saito,24,6531.0,6131.0,400.0
Patrik Rikl,23,6529.0,4917.0,1612.0
Ozan Baris,21,6528.0,5001.0,1527.0
Tianhui Zhang,18,6526.0,6340.0,186.0
Louis Tessa,25,6525.0,5361.0,1164.0
Amit Vales,19,6525.0,5999.0,526.0
Henrique Rocha,18,6522.0,4813.0,1709.0
Marsel Ilhan,35,6520.0,6322.0,198.0
Igor Gimenez,22,6520.0,4175.0,2345.0
Benjamin Thomas George,22,6516.0,4567.0,1949.0
Timur Khabibulin,20,6514.0,4482.0,2032.0
Savva Polukhin,24,6511.0,6403.0,108.0
Shinji Hazawa,20,6501.0,4462.0,2039.0
Mario Gonzalez Fernandez,20,6499.0,5773.0,726.0
Laslo Urrutia Fuentes,26,6487.0,5693.0,794.0
Hiroyasu Ehara,25,6474.0,4780.0,1694.0
Andre Gaspar Murta,23,6472.0,5488.0,984.0
Aleksi Lofman,20,6463.0,5407.0,1056.0
Guy Den Ouden,20,6462.0,5312.0,1150.0
Laurent Rochette,31,6459.0,5959.0,500.0
Caio Silva,25,6456.0,4317.0,2139.0
Robby Ginepri,33,6455.0,6455.0,0.0
Leonardo Kirche,30,6455.0,5541.0,914.0
Maik Steiner,29,6454.0,5374.0,1080.0
Petr Michnev,26,6448.0,4486.0,1962.0
Iannis Miletich,19,6444.0,5112.0,1332.0
Sherif Sabry,31,6434.0,3955.0,2479.0
Ricardo Hocevar,32,6432.0,5262.0,1170.0
Vasko Mladenov,26,6432.0,4302.0,2130.0
Yusuke Watanuki,26,6432.0,4442.0,1990.0
Tadeas Paroulek,22,6427.0,5230.0,1197.0
Artur Kukasian,20,6426.0,4560.0,1866.0
Filippo Speziali,22,6425.0,5235.0,1190.0
Axel Nefve,23,6425.0,4517.0,1908.0
Young Seok Kim,22,6424.0,5359.0,1065.0
Simeon Rossier,21,6423.0,5835.0,588.0
Sidane Pontjodikromo,19,6423.0,4008.0,2415.0
Kristjan Tamm,25,6421.0,6151.0,270.0
Sidharth Rawat,22,6420.0,5510.0,910.0
Cyril Vandermeersch,25,6419.0,4877.0,1542.0
Gabriele Maria Noce,24,6418.0,4972.0,1446.0
Jakob Sude,25,6414.0,4132.0,2282.0
Jorge Panta,20,6413.0,4602.0,1811.0
Jack Loutit,20,6413.0,6263.0,150.0
Flavio Cipolla,35,6412.0,4654.0,1758.0
Akira Santillan,18,6406.0,5610.0,796.0
Yuta Kikuchi,23,6406.0,5320.0,1086.0
Vasko Mladenov,27,6404.0,4124.0,2280.0
Dan Alexandru Tomescu,20,6399.0,4765.0,1634.0
Oleksandr Bielinskyi,23,6399.0,4479.0,1920.0
Yuki Mochizuki,21,6393.0,5637.0,756.0
Yusuke Watanuki,27,6379.0,4465.0,1914.0
Gabriel Decamps,25,6379.0,5216.0,1163.0
Julius Tverijonas,25,6369.0,5039.0,1330.0
Alfredo Perez,27,6366.0,4800.0,1566.0
Gabriel Donev,28,6364.0,4354.0,2010.0
Francesco Picco,24,6354.0,5610.0,744.0
Andrea Guerrieri,21,6347.0,5927.0,420.0
Miljan Zekic,36,6346.0,5926.0,420.0
Luca Fantini,24,6341.0,5063.0,1278.0
Ugo Blanchet,20,6341.0,4655.0,1686.0
Daniel Bagnolini,20,6341.0,5453.0,888.0
Matias Zukas,19,6340.0,4922.0,1418.0
Ioannis Xilas,23,6339.0,5178.0,1161.0
Eduardo Agustin Torre,21,6338.0,3880.0,2458.0
Martins Podzus,21,6336.0,5214.0,1122.0
Julian Ocleppo,19,6336.0,3850.0,2486.0
Cameron Silverman,23,6324.0,3092.0,3232.0
Karim-Mohamed Maamoun,31,6316.0,4837.0,1479.0
Kittipong Wachiramanowong,25,6307.0,4707.0,1600.0
Sergio Callejon Hernando,20,6306.0,5486.0,820.0
Andrin Casanova,20,6306.0,4554.0,1752.0
Tomas Curras Abasolo,23,6304.0,5568.0,736.0
Alessandro Bellifemine,23,6304.0,4998.0,1306.0
Rafael Camilo,25,6298.0,5068.0,1230.0
Niklas Guttau,19,6297.0,4827.0,1470.0
Dejan Katic,31,6292.0,5592.0,700.0
Olle Wallin,21,6287.0,5815.0,472.0
Mert Alkaya,24,6287.0,3988.0,2299.0
Saida'Lo Saidkarimov,22,6278.0,4660.0,1618.0
Luca Fantini,23,6272.0,5026.0,1246.0
Deiton Baughman,22,6270.0,4490.0,1780.0
Chris Rodesch,21,6270.0,4838.0,1432.0
Matyas Cerny,23,6270.0,4601.0,1669.0
Boris Pokotilov,26,6259.0,5131.0,1128.0
Christian Seraphim,23,6252.0,2777.0,3475.0
Adit Sinha,20,6251.0,4982.0,1269.0
Alexander Kotzen,23,6245.0,5237.0,1008.0
Alexis Musialek,34,6245.0,4835.0,1410.0
Yannick Thivant,28,6240.0,5580.0,660.0
Matej Vocel,26,6238.0,3157.0,3081.0
Adrian Bodmer,24,6232.0,4119.0,2113.0
Bar Tzuf Botzer,22,6228.0,5696.0,532.0
Collin Altamirano,28,6227.0,5807.0,420.0
Thiago Cigarran,22,6227.0,4351.0,1876.0
Lorenzo Gagliardo,22,6227.0,4293.0,1934.0
Gian Matias Di Natale,26,6213.0,5498.0,715.0
Samir Banerjee,20,6209.0,5565.0,644.0
Lorenzo Claverie,20,6208.0,4484.0,1724.0
Fabrizio Ornago,24,6206.0,5310.0,896.0
Yanki Erel,19,6204.0,4365.0,1839.0
Vladimir Korolev,24,6192.0,3876.0,2316.0
Jacob Dunbar,24,6190.0,4610.0,1580.0
Thiago Agustin Tirante,18,6188.0,5141.0,1047.0
Taiyo Yamanaka,21,6188.0,4864.0,1324.0
Gianluca Di Nicola,21,6184.0,5316.0,868.0
Mwendwa Mbithi,26,6184.0,4950.0,1234.0
Matias Franco Descotte,30,6178.0,5014.0,1164.0
Benjamin Mitchell,26,6175.0,5725.0,450.0
Jarryd Chaplin,23,6166.0,3196.0,2970.0
Tomas Curras Abasolo,24,6163.0,5021.0,1142.0
Shintaro Imai,30,6163.0,4432.0,1731.0
Gengo Kikuchi,25,6162.0,5188.0,974.0
Albert Alcaraz Ivorra,24,6156.0,5922.0,234.0
Daniel Nguyen,28,6156.0,5580.0,576.0
Mehluli Don Ayanda Sibanda,20,6148.0,4746.0,1402.0
Khololwam Montsi,22,6144.0,5129.0,1015.0
Jose Olivares,20,6139.0,4280.0,1859.0
Bernardo Saraiva,23,6138.0,3656.0,2482.0
Rafael Matos,20,6136.0,3265.0,2871.0
Deney Wassermann,21,6126.0,5447.0,679.0
Yuta Kawahashi,26,6125.0,4218.0,1907.0
Elie Rousset,27,6120.0,4676.0,1444.0
Luke Simkiss,25,6119.0,5709.0,410.0
Antonio Massara,20,6118.0,4970.0,1148.0
Chuhan Wang,27,6116.0,4482.0,1634.0
Tom Fawcett,22,6116.0,4480.0,1636.0
Gabriel Donev,23,6111.0,4851.0,1260.0
Joshua Milton,27,6110.0,5934.0,176.0
Aleksandar Vukic,20,6110.0,5590.0,520.0
Simon Anthony Ivanov,19,6109.0,4390.0,1719.0
Duje Kekez,26,6107.0,5315.0,792.0
Christopher Heyman,22,6104.0,5860.0,244.0
Philip Henning,23,6102.0,5205.0,897.0
Ugo Nastasi,22,6100.0,4732.0,1368.0
Anton Galkin,24,6097.0,4785.0,1312.0
Pierre Faivre,23,6097.0,3486.0,2611.0
Mats Moraing,23,6097.0,5534.0,563.0
Dominik Suc,25,6097.0,3768.0,2329.0
Wilfredo Gonzalez,24,6096.0,4092.0,2004.0
Georgii Kravchenko,24,6095.0,5438.0,657.0
Evgeny Philippov,20,6094.0,5228.0,866.0
Jayden Court,23,6087.0,4809.0,1278.0
Lorenzo Bocchi,27,6081.0,5577.0,504.0
Harri Heliovaara,28,6078.0,4359.0,1719.0
George Von Massow,26,6078.0,4336.0,1742.0
Ofek Shimanov,18,6077.0,4915.0,1162.0
Isaac Becroft,24,6075.0,5100.0,975.0
Martin Cuevas,24,6068.0,5348.0,720.0
Tom Kocevar-Desman,27,6064.0,4544.0,1520.0
Luca Pancaldi,23,6062.0,4472.0,1590.0
Wishaya Trongcharoenchaikul,27,6055.0,4416.0,1639.0
Jeremy Beale,22,6052.0,4144.0,1908.0
Gonzalo Lama,25,6048.0,5904.0,144.0
Andres Artunedo Martinavarro,22,6044.0,4816.0,1228.0
Luc Fomba,25,6042.0,4217.0,1825.0
Alberto Brizzi,32,6037.0,5319.0,718.0
A.J. Catanzariti,28,6035.0,4889.0,1146.0
Sasa Markovic,19,6029.0,5975.0,54.0
Ben Patael,19,6028.0,5992.0,36.0
Chandril Sood,24,6023.0,2120.0,3903.0
Franco Emanuel Egea,23,6010.0,4330.0,1680.0
Valentin Guenther,21,6005.0,4442.0,1563.0
Patrik Rikl,20,6004.0,5896.0,108.0
Alex Blumenberg,27,6002.0,4091.0,1911.0
Daniel De Jonge,24,5999.0,3715.0,2284.0
Francois-Arthur Vibert,26,5998.0,4212.0,1786.0
Joris De Loore,22,5998.0,5134.0,864.0
Maciej Rajski,25,5996.0,5048.0,948.0
Shinji Hazawa,19,5994.0,4035.0,1959.0
Tomislav Ternar,25,5990.0,5526.0,464.0
Federico Moreno,23,5987.0,3785.0,2202.0
Mees Rottgering,17,5984.0,4741.0,1243.0
Andrei Stefan Apostol,21,5983.0,3644.0,2339.0
Yuta Kikuchi,25,5978.0,3814.0,2164.0
Luca Gelhardt,25,5976.0,2844.0,3132.0
Robin Kern,22,5974.0,5542.0,432.0
Yuttana Charoenphon,22,5972.0,4665.0,1307.0
Alexander Brown,20,5970.0,4618.0,1352.0
Stefan Seifert,34,5968.0,4618.0,1350.0
Sebastian Prechtel,23,5963.0,4757.0,1206.0
Uisung Park,24,5963.0,3573.0,2390.0
Michel Vernier,27,5960.0,4768.0,1192.0
Igor Marcondes,22,5959.0,2610.0,3349.0
Guy Den Heijer,22,5955.0,4476.0,1479.0
Raphael Lambling,22,5955.0,5275.0,680.0
Gonzalo Villanueva,20,5947.0,5105.0,842.0
Pietro Licciardi,22,5946.0,4428.0,1518.0
Pedro Vives Marcos,23,5946.0,5215.0,731.0
Anis Ghorbel,27,5940.0,4028.0,1912.0
Gergely Madarasz,29,5935.0,5261.0,674.0
Martin Beran,24,5931.0,4186.0,1745.0
Jorge Hernando Ruano,29,5924.0,4438.0,1486.0
Dragos Nicolae Madaras,19,5923.0,5073.0,850.0
Cristobal Saavedra-Corvalan,27,5922.0,3897.0,2025.0
Ryusei Makiguchi,24,5920.0,4752.0,1168.0
Suraj R Prabodh,23,5907.0,5511.0,396.0
Luca Pancaldi,22,5906.0,4782.0,1124.0
Kazuma Kawachi,25,5904.0,3792.0,2112.0
Richard Gabb,24,5904.0,4522.0,1382.0
Yann Marti,29,5897.0,5897.0,0.0
Ignasi De Rueda De Genover,24,5893.0,4423.0,1470.0
Simone Roncalli,27,5891.0,5783.0,108.0
Nicolas Alvarez Varona,18,5887.0,5419.0,468.0
Abel Forger,19,5885.0,4793.0,1092.0
Alexander Bernard,21,5884.0,4799.0,1085.0
Juan Manuel Benitez Chavarriaga,21,5880.0,5014.0,866.0
Borja Rodriguez Manzano,23,5879.0,4739.0,1140.0
Matvey Minin,18,5871.0,5127.0,744.0
Connor Farren,22,5864.0,4488.0,1376.0
Justin Roberts,23,5863.0,4660.0,1203.0
Juan Lizariturry,25,5862.0,3780.0,2082.0
Viktor Jovic,22,5854.0,4258.0,1596.0
Gergely Madarasz,25,5853.0,4296.0,1557.0
Mikalai Haliak,21,5853.0,4329.0,1524.0
Patrick Zahraj,23,5850.0,2661.0,3189.0
Benjamin Mitchell,25,5850.0,4830.0,1020.0
Diego Hidalgo,24,5849.0,3618.0,2231.0
Jose Olivares,19,5848.0,4664.0,1184.0
Florent Diep,25,5844.0,4146.0,1698.0
Tobias Simon,24,5840.0,5444.0,396.0
Ken Cavrak,21,5839.0,4763.0,1076.0
Gian Marco Ortenzi,24,5834.0,5834.0,0.0
Gian Marco Moroni,26,5834.0,5834.0,0.0
Juan Pablo Paz,24,5831.0,3995.0,1836.0
Vincent Millot,33,5830.0,5830.0,0.0
Karol Drzewiecki,20,5822.0,3170.0,2652.0
Stefano Battaglino,21,5816.0,4364.0,1452.0
Federico Arnaboldi,19,5815.0,4786.0,1029.0
Naoki Nakagawa,20,5814.0,4940.0,874.0
Borna Gojo,18,5814.0,4230.0,1584.0
Mauricio Echazu,27,5812.0,3654.0,2158.0
Nik Razborsek,22,5808.0,5140.0,668.0
Jumpei Yamasaki,25,5803.0,4692.0,1111.0
Aaron Cortes Alcaraz,23,5802.0,4296.0,1506.0
Niccolo Catini,25,5801.0,3932.0,1869.0
Kenneth Raisma,19,5797.0,4827.0,970.0
Tauheed Browning,21,5796.0,4601.0,1195.0
Matija Pecotic,33,5796.0,5796.0,0.0
Milos Sekulic,26,5794.0,3984.0,1810.0
Henrik Sillanpaa,24,5793.0,4887.0,906.0
Peter Goldsteiner,27,5783.0,4793.0,990.0
James Marsalek,24,5782.0,4174.0,1608.0
Daniele Capecchi,20,5776.0,4628.0,1148.0
Omar Giacalone,30,5775.0,4356.0,1419.0
Aron Hiltzik,20,5774.0,5164.0,610.0
George Von Massow,25,5774.0,3454.0,2320.0
Abhinav Sanjeev Shanmugam,20,5766.0,5100.0,666.0
Yanaki Milev,18,5766.0,2094.0,3672.0
Ryan James Storrie,20,5759.0,5543.0,216.0
Ryota Tanuma,20,5754.0,4150.0,1604.0
Pierre Delage,18,5733.0,4881.0,852.0
Milan Welte,23,5731.0,4186.0,1545.0
Cristian Carli,20,5728.0,4436.0,1292.0
Philip Hjorth,25,5727.0,5145.0,582.0
Maciej Rajski,31,5725.0,5415.0,310.0
Ricardo Urzua-Rivera,26,5722.0,3518.0,2204.0
Max Houkes,19,5718.0,4098.0,1620.0
Franco Emanuel Egea,20,5718.0,3864.0,1854.0
Lucas Renard,31,5717.0,5171.0,546.0
Petros Chrysochos,19,5711.0,5039.0,672.0
Petr Michnev,30,5711.0,3824.0,1887.0
Or Ram-Harel,22,5710.0,5170.0,540.0
Isaac Becroft,23,5709.0,4484.0,1225.0
Ricardo Urzua-Rivera,27,5707.0,2866.0,2841.0
Danylo Kalenichenko,21,5704.0,3450.0,2254.0
Sang-Woo Noh,24,5692.0,3564.0,2128.0
Alon Elia,21,5690.0,3898.0,1792.0
Denis Yevseyev,22,5687.0,4621.0,1066.0
Adrien Gobat,23,5685.0,5307.0,378.0
Gavin Young,22,5684.0,5630.0,54.0
Mwendwa Mbithi,21,5682.0,4572.0,1110.0
Evgeny Elistratov,21,5682.0,4060.0,1622.0
Andrew Paulson,18,5679.0,4568.0,1111.0
Oliver Tarvet,21,5674.0,5524.0,150.0
Guillaume Dalmasso,22,5671.0,5473.0,198.0
Adria Mas Mascolo,22,5670.0,3794.0,1876.0
Ilya Vasilyev,20,5668.0,5152.0,516.0
Henrik Wiersholm,26,5667.0,4732.0,935.0
Miguel Damas,23,5665.0,5203.0,462.0
Libor Salaba,24,5662.0,3154.0,2508.0
Martin Cuevas,23,5660.0,3390.0,2270.0
Kokoro Isomura,19,5652.0,4340.0,1312.0
Riccardo Sinicropi,26,5646.0,3396.0,2250.0
Yibing Wu,17,5632.0,4878.0,754.0
Tiago Lopes,29,5623.0,3887.0,1736.0
Matteo Marfia,28,5622.0,4033.0,1589.0
Farrukh Dustov,32,5620.0,4150.0,1470.0
David Agung Susanto,25,5618.0,4106.0,1512.0
Stefano Baldoni,21,5607.0,5085.0,522.0
Linus Frost,23,5606.0,3945.0,1661.0
Hiromasa Oku,26,5606.0,3944.0,1662.0
Fedor Chervyakov,22,5602.0,3717.0,1885.0
Alan Kohen,26,5602.0,4500.0,1102.0
Takashi Saito,20,5602.0,4546.0,1056.0
Karim-Mohamed Maamoun,32,5588.0,4742.0,846.0
Gianni Mina,26,5587.0,5311.0,276.0
Clay Thompson,23,5587.0,5271.0,316.0
Emilien Voisin,24,5577.0,5075.0,502.0
Andre Miele,29,5572.0,3763.0,1809.0
Moez Echargui,23,5571.0,4323.0,1248.0
Ryota Tanuma,21,5570.0,4436.0,1134.0
Florian Fallert,24,5566.0,4230.0,1336.0
Dan Dowson,20,5564.0,4592.0,972.0
M Rifki Fitriadi,25,5561.0,4136.0,1425.0
Carl Soderlund,20,5561.0,5215.0,346.0
Sebastian Exequiel Pini,21,5559.0,4535.0,1024.0
Alexandre Aubriot,23,5555.0,4579.0,976.0
Khumoyun Sultanov,19,5553.0,4653.0,900.0
Yannick Maden,26,5551.0,5107.0,444.0
Hady Habib,21,5547.0,5205.0,342.0
Marvin Netuschil,24,5546.0,4792.0,754.0
Soichiro Moritani,22,5544.0,3624.0,1920.0
Hugo Voljacques,23,5544.0,4208.0,1336.0
Simon Beaupain,20,5539.0,4039.0,1500.0
Takuya Kumasaka,24,5532.0,4902.0,630.0
Rhyne Williams,26,5532.0,3047.0,2485.0
Duje Kekez,23,5530.0,4270.0,1260.0
Alexander Stater,24,5525.0,5109.0,416.0
Juan Carlos Prado Angelo,17,5523.0,4312.0,1211.0
William Blumberg,20,5520.0,4890.0,630.0
Issei Okamura,23,5511.0,3891.0,1620.0
Ilya Lebedev,26,5508.0,3866.0,1642.0
Pawit Sornlaksup,25,5505.0,4274.0,1231.0
Arthur Surreaux,28,5501.0,4355.0,1146.0
Igor Marcondes,25,5500.0,5150.0,350.0
Giacomo Dambrosi,18,5499.0,3997.0,1502.0
Giovani Samaha,25,5498.0,3864.0,1634.0
Maciej Rajski,32,5498.0,4433.0,1065.0
Fabien Salle,24,5482.0,4468.0,1014.0
Joshua Sheehy,25,5480.0,3362.0,2118.0
Leny Mitjana,25,5477.0,5381.0,96.0
Hong Chung,23,5472.0,4454.0,1018.0
Eduardo Dischinger,24,5469.0,3227.0,2242.0
Alfredo Perez,22,5467.0,3051.0,2416.0
Ken Onishi,20,5464.0,4146.0,1318.0
Eduardo Agustin Torre,23,5463.0,3243.0,2220.0
Joshua Ortlip,22,5463.0,4542.0,921.0
Ivan Davydov,20,5456.0,3816.0,1640.0
Mike Urbanija,26,5456.0,4656.0,800.0
Guy Orly Iradukunda,28,5454.0,3973.0,1481.0
Matyas Fuele,21,5451.0,3812.0,1639.0
Guy Orly Iradukunda,27,5450.0,3357.0,2093.0
Alexis Canter,21,5446.0,5050.0,396.0
Niels Lootsma,30,5443.0,4200.0,1243.0
Julian Lenz,23,5426.0,4314.0,1112.0
Patrik Nema,19,5425.0,4263.0,1162.0
Luka Ilic,20,5424.0,4340.0,1084.0
Carl Soderlund,22,5421.0,5187.0,234.0
Bernd Kossler,23,5418.0,3830.0,1588.0
Alan Magadan,23,5418.0,3602.0,1816.0
Niccolo Baroni,21,5414.0,4758.0,656.0
Ranjeet Virali-Murugesan,30,5410.0,4590.0,820.0
Elmar Ejupovic,23,5406.0,5334.0,72.0
Tigre Hank,26,5405.0,4643.0,762.0
Alexander Kotzen,24,5405.0,4419.0,986.0
Davide Pontoglio,30,5402.0,4145.0,1257.0
Harrison Adams,29,5393.0,4847.0,546.0
Connor Farren,28,5391.0,5301.0,90.0
Dominik Palan,19,5389.0,4473.0,916.0
Marc Sieber,27,5384.0,5284.0,100.0
Alan Fernando Rubio Fierros,23,5372.0,3970.0,1402.0
Denis Matsukevich,29,5370.0,3039.0,2331.0
Leon Schutt,23,5358.0,4090.0,1268.0
Cannon Kingsley,18,5357.0,4607.0,750.0
Karim Hossam,21,5352.0,3686.0,1666.0
Hynek Barton,18,5352.0,4882.0,470.0
Julian Onken,28,5350.0,4346.0,1004.0
Felipe Escobar,21,5350.0,3784.0,1566.0
Iliyan Radulov,18,5348.0,5108.0,240.0
Isaiah Strode,25,5348.0,4636.0,712.0
Patrick Schoen,19,5345.0,4091.0,1254.0
Nikola Milojevic,29,5342.0,5219.0,123.0
Patrik Niklas-Salminen,19,5336.0,4223.0,1113.0
Luca George Tatomir,20,5334.0,3482.0,1852.0
Ricardo Rodriguez - Pace,23,5325.0,3950.0,1375.0
Henry Searle,17,5322.0,4622.0,700.0
Pedro Rodenas,18,5322.0,5226.0,96.0
Caio Silva,24,5319.0,3484.0,1835.0
Hugo Dellien,23,5318.0,3784.0,1534.0
Chirag Duhan,20,5310.0,3524.0,1786.0
Kirill Dmitriev,25,5308.0,4270.0,1038.0
Matvey Khomentovskiy,25,5302.0,4084.0,1218.0
Sebastian Prechtel,28,5298.0,4986.0,312.0
Colin Van Beem,24,5298.0,3944.0,1354.0
Adit Sinha,21,5297.0,4463.0,834.0
Andrei Stefan Apostol,20,5293.0,3346.0,1947.0
Micke Kontinen,23,5290.0,4800.0,490.0
Igor Marcondes,19,5287.0,3394.0,1893.0
Daniele Giorgini,31,5283.0,4218.0,1065.0
Nik Razborsek,24,5283.0,4140.0,1143.0
Yuichi Ito,29,5282.0,3694.0,1588.0
Xavi Matas Ortega,20,5280.0,5184.0,96.0
Dejan Katic,28,5274.0,4262.0,1012.0
Liam Draxl,18,5272.0,3760.0,1512.0
Julian Onken,29,5271.0,4011.0,1260.0
Jimmy Wang,32,5270.0,3920.0,1350.0
Maxime Tchoutakian,23,5269.0,4097.0,1172.0
Juan Ignacio Ameal,23,5268.0,4008.0,1260.0
Jason Jung,35,5250.0,5250.0,0.0
Alexander Lobkov,26,5246.0,4598.0,648.0
Juan Ignacio Ameal,21,5244.0,4064.0,1180.0
Sebastian Sorger,17,5226.0,4458.0,768.0
Dragos Constantin Ignat,26,5224.0,4182.0,1042.0
Masato Shiga,24,5223.0,4253.0,970.0
Alessandro Colella,23,5222.0,3784.0,1438.0
Kalman L. Boyd,26,5221.0,4771.0,450.0
Karim-Mohamed Maamoun,33,5220.0,4362.0,858.0
Daniel Glancy,27,5220.0,3220.0,2000.0
Kyle Kang,17,5219.0,4691.0,528.0
Arata Onozawa,28,5208.0,3464.0,1744.0
Dragos Nicolae Madaras,22,5207.0,4805.0,402.0
Jelle Sels,20,5207.0,4407.0,800.0
Kody Pearson,23,5198.0,3600.0,1598.0
Sebastian Prechtel,21,5190.0,4554.0,636.0
Tim Van Terheijden,27,5182.0,3946.0,1236.0
Rei Sakamoto,17,5179.0,4867.0,312.0
Cameron Silverman,24,5176.0,3378.0,1798.0
Pavel Nejedly,22,5166.0,4412.0,754.0
Sho Katayama,26,5162.0,3040.0,2122.0
Nicola Ghedin,28,5159.0,4606.0,553.0
Mirko Martinez,25,5158.0,4644.0,514.0
Rishab Agarwal,24,5154.0,4112.0,1042.0
Alessandro Luisi,28,5152.0,4462.0,690.0
Min-Hyeok Cho,29,5150.0,4572.0,578.0
Ryan Haviland,36,5145.0,5145.0,0.0
Tal Goldengoren,19,5144.0,4908.0,236.0
Nils Brinkmann,24,5144.0,3952.0,1192.0
Elgin Khoeblal,23,5142.0,3824.0,1318.0
Artem Smirnov,31,5141.0,4777.0,364.0
Hunter Callahan,24,5140.0,3920.0,1220.0
Taha Baadi,18,5137.0,3949.0,1188.0
Koray Kirci,21,5130.0,3729.0,1401.0
Guillermo Rivera-Aranguiz,27,5126.0,3300.0,1826.0
Juan Sebastian Gomez,25,5125.0,3422.0,1703.0
Leon Schutt,22,5124.0,4062.0,1062.0
Carlos Eduardo Severino,27,5124.0,3906.0,1218.0
Laurent Rochette,29,5121.0,4236.0,885.0
Pere Riba,29,5109.0,5013.0,96.0
Claudio Fortuna,27,5103.0,4545.0,558.0
Michal Schmid,27,5098.0,4478.0,620.0
Kenneth Raisma,21,5086.0,3987.0,1099.0
Justin S. Shane,23,5084.0,3453.0,1631.0
Vlad Andrei Dancu,20,5068.0,4260.0,808.0
Adam Chadaj,33,5064.0,4484.0,580.0
Franjo Raspudic,26,5058.0,3592.0,1466.0
Artur Dubinski,19,5058.0,3407.0,1651.0
Sanhui Shin,22,5056.0,4105.0,951.0
Elgin Khoeblal,22,5056.0,3452.0,1604.0
Rimpei Kawakami,23,5055.0,4192.0,863.0
Fermin Tenti,27,5050.0,3953.0,1097.0
Alexandre Tsuchiya,25,5043.0,3261.0,1782.0
Tobias Franco,20,5035.0,3705.0,1330.0
Luis Carlos Alvarez,20,5028.0,4626.0,402.0
Hugo Schott,23,5027.0,3553.0,1474.0
Thomas Brechemier,20,5024.0,4372.0,652.0
Thomas Statzberger,24,5020.0,3808.0,1212.0
Luca Tomasetto,23,5018.0,4048.0,970.0
Gabor Borsos,24,5012.0,3368.0,1644.0
Matias Franco Descotte,21,5012.0,3978.0,1034.0
Amit Vales,18,5011.0,3943.0,1068.0
Lorenzo Bresciani,22,5006.0,3856.0,1150.0
Jonathan Mridha,21,5000.0,4138.0,862.0
Aldin Setkic,37,4998.0,4242.0,756.0
Louis Tessa,18,4982.0,3808.0,1174.0
Patricio Heras,27,4982.0,3866.0,1116.0
Damon Gooch,29,4982.0,3362.0,1620.0
Alessandro Luisi,27,4982.0,4150.0,832.0
Alec Deckers,24,4975.0,4975.0,0.0
Peter Bothwell,21,4972.0,3612.0,1360.0
Zhaoyi Cao,22,4966.0,4090.0,876.0
Clement Geens,23,4963.0,4273.0,690.0
Vitaliy Sachko,20,4955.0,3763.0,1192.0
Renta Tokuda,18,4944.0,4284.0,660.0
Adrian Oetzbach,25,4944.0,3314.0,1630.0
Mikhail Ledovskikh,30,4940.0,4760.0,180.0
Luciano Carraro,25,4939.0,4485.0,454.0
Matthieu Roy,26,4932.0,3642.0,1290.0
S D Prajwal Dev,23,4926.0,2691.0,2235.0
Gijs Brouwer,20,4924.0,4152.0,772.0
Mor Bulis,20,4916.0,3714.0,1202.0
Daniiar Duldaev,23,4913.0,4063.0,850.0
Evan Furness,18,4893.0,3501.0,1392.0
Calin Manda,21,4891.0,3524.0,1367.0
Nicolas Jadoun,22,4890.0,4362.0,528.0
Petar Conkic,20,4884.0,4192.0,692.0
Aziz Dougaz,19,4884.0,3312.0,1572.0
Santiago Maresca,22,4866.0,3592.0,1274.0
Aaron Schmid,19,4866.0,3932.0,934.0
Melios Efstathiou,23,4865.0,4022.0,843.0
Tung-Lin Wu,18,4864.0,3686.0,1178.0
Ivan Bjelica,32,4852.0,3402.0,1450.0
Jordi Samper-Montana,29,4850.0,4306.0,544.0
Marco Brugnerotto,23,4845.0,4053.0,792.0
Anton Galkin,25,4838.0,3370.0,1468.0
Hannes Wagner,20,4834.0,2988.0,1846.0
Dominic Weidinger,21,4830.0,4234.0,596.0
Kazuki Nishiwaki,28,4830.0,4364.0,466.0
Maxim Mrva,17,4824.0,4310.0,514.0
Antal Van Der Duim,30,4820.0,3776.0,1044.0
Ulises Blanch,26,4816.0,4816.0,0.0
Gabriele Pennaforti,22,4811.0,3881.0,930.0
Filip Brtnicky,23,4810.0,3532.0,1278.0
Sebastian Fanselow,23,4808.0,4456.0,352.0
Arvid Nordquist,24,4802.0,4490.0,312.0
Christian Hirschmueller,23,4800.0,3590.0,1210.0
Roberto Cid Subervi,23,4796.0,4400.0,396.0
Dekel Bar,22,4790.0,3672.0,1118.0
Matthias Bachinger,36,4787.0,3100.0,1687.0
Daniele Capecchi,28,4785.0,3779.0,1006.0
Gengo Kikuchi,28,4785.0,3944.0,841.0
Pierre Yves Bailly,20,4784.0,4534.0,250.0
David Volfson,22,4778.0,3992.0,786.0
Romain Jouan,32,4774.0,3252.0,1522.0
Maxime Tchoutakian,21,4764.0,4174.0,590.0
Matej Vocel,25,4763.0,2441.0,2322.0
Federico Maccari,21,4758.0,2964.0,1794.0
Thomas Laurent,22,4756.0,4756.0,0.0
Oleg Khotkov,26,4748.0,3692.0,1056.0
Milan Welte,21,4747.0,4345.0,402.0
Nicolas Reissig,26,4744.0,3740.0,1004.0
Yannick Vandenbulcke,26,4734.0,4626.0,108.0
Jorge Panta,22,4731.0,3567.0,1164.0
Nicolas Alberto Arreche,23,4722.0,3462.0,1260.0
Camilo Ugo Carabelli,17,4720.0,3122.0,1598.0
Kenneth Raisma,18,4716.0,4058.0,658.0
Andre Miele,30,4713.0,3387.0,1326.0
Taha Baadi,21,4712.0,4064.0,648.0
Bart Van Den Berg,26,4707.0,3384.0,1323.0
Jung-Woong Na,27,4703.0,4145.0,558.0
Hiroki Kondo,33,4702.0,3272.0,1430.0
Jeroen Vanneste,22,4700.0,3226.0,1474.0
Boris Pokotilov,22,4696.0,3380.0,1316.0
Maciej Rajski,28,4695.0,3630.0,1065.0
Tom Kocevar-Desman,29,4689.0,4323.0,366.0
Miguel Semmler,18,4688.0,3384.0,1304.0
Aria Harajchi,20,4688.0,3864.0,824.0
Ranjeet Virali-Murugesan,31,4686.0,3748.0,938.0
Vadym Ursu,22,4685.0,3431.0,1254.0
Martin Vaisse,28,4679.0,3745.0,934.0
Mikhail Fufygin,26,4674.0,2810.0,1864.0
Patrick Kypson,20,4670.0,3518.0,1152.0
Romain Bauvy,22,4662.0,3914.0,748.0
Samuel Ribeiro Navarrete,22,4646.0,3864.0,782.0
Collin Altamirano,20,4643.0,3600.0,1043.0
Katsuki Nagao,26,4638.0,3012.0,1626.0
Carlos Salamanca,34,4634.0,3360.0,1274.0
Alejandro Mendoza,25,4626.0,3930.0,696.0
Elmar Ejupovic,22,4619.0,4619.0,0.0
Michael Grant,23,4618.0,4210.0,408.0
Ryan James Storrie,21,4616.0,3740.0,876.0
Jirat Navasirisomboon,20,4616.0,3540.0,1076.0
Franjo Raspudic,27,4613.0,4013.0,600.0
Maciej Rajski,24,4604.0,4496.0,108.0
Vitaly Kozyukov,23,4599.0,4305.0,294.0
Collin Altamirano,22,4597.0,4071.0,526.0
Lukas Ruepke,24,4597.0,3925.0,672.0
Gregoire Burquier,31,4590.0,2908.0,1682.0
Tyler Mercier,28,4586.0,3698.0,888.0
Anton Zaitcev,30,4581.0,4065.0,516.0
Jie Cui,24,4574.0,3548.0,1026.0
Maxim Ratniuk,20,4572.0,3416.0,1156.0
Mateusz Terczynski,20,4568.0,3448.0,1120.0
Takao Suzuki,39,4566.0,4182.0,384.0
Sumit Sarkar,20,4565.0,4277.0,288.0
Oleksandr Bielinskyi,22,4556.0,3232.0,1324.0
Simone Roncalli,21,4544.0,3722.0,822.0
Mwendwa Mbithi,24,4536.0,3642.0,894.0
Gian Marco Moroni,18,4526.0,3712.0,814.0
Simeon Rossier,20,4522.0,2952.0,1570.0
Shao-Fan Liu,22,4515.0,3847.0,668.0
Joshua Paris,20,4508.0,3586.0,922.0
Matias Franco Descotte,22,4506.0,3774.0,732.0
Elie Rousset,26,4504.0,3049.0,1455.0
Lukas Ollert,24,4502.0,3578.0,924.0
Teri Groll,23,4499.0,3975.0,524.0
Stephan Fransen,29,4484.0,3592.0,892.0
Luigi Sorrentino,21,4481.0,3523.0,958.0
Viktor Filipenko,25,4480.0,3434.0,1046.0
Yuichiro Inui,27,4478.0,3186.0,1292.0
Kilian Feldbausch,17,4473.0,4311.0,162.0
Kalman L. Boyd,22,4464.0,4122.0,342.0
Jonas Luetjen,27,4458.0,3146.0,1312.0
Prajnesh Gunneswaran,26,4450.0,4450.0,0.0
Yuya Kibi,32,4442.0,3086.0,1356.0
Min-Hyeok Cho,28,4440.0,4296.0,144.0
Rui Machado,32,4439.0,3063.0,1376.0
Medy Chettar,23,4436.0,3610.0,826.0
Oliver Golding,24,4428.0,4104.0,324.0
Martins Podzus,22,4422.0,3666.0,756.0
Stanislav Poplavskyy,25,4421.0,3689.0,732.0
Alejo Vilaro,24,4420.0,2972.0,1448.0
Leandro Portmann,21,4406.0,3158.0,1248.0
Daniil Zarichanskyy,18,4394.0,3016.0,1378.0
Adrian Partl,22,4394.0,3838.0,556.0
Maxim Zhukov,17,4392.0,3920.0,472.0
Tim Puetz,29,4391.0,2776.0,1615.0
Patrick Maloney,22,4389.0,3609.0,780.0
Matteo Trevisan,27,4387.0,4297.0,90.0
Nathan Seateun,25,4386.0,3924.0,462.0
Nik Razborsek,23,4384.0,3326.0,1058.0
Tal Goldengoren,20,4370.0,4370.0,0.0
Jannis Kahlke,21,4368.0,3296.0,1072.0
Peter Nagy,23,4366.0,3846.0,520.0
Tigre Hank,28,4359.0,4305.0,54.0
Inaki Cabrera Bello,20,4358.0,3314.0,1044.0
Denis Bejtulahi,28,4356.0,3624.0,732.0
Kristijan Juhas,21,4352.0,3892.0,460.0
Christian Samuelsson,23,4352.0,3526.0,826.0
Jordan Ubiergo,22,4348.0,4104.0,244.0
Lennert Van Der Linden,26,4342.0,3822.0,520.0
Pedro Sakamoto,29,4325.0,2778.0,1547.0
Jakob Aichhorn,21,4324.0,3754.0,570.0
Sergey Fomin,17,4314.0,2964.0,1350.0
Tom Kocevar-Desman,26,4310.0,3555.0,755.0
Bastian Malla,21,4308.0,3642.0,666.0
Andrej Glvac,21,4304.0,3714.0,590.0
Demian Raab,23,4294.0,3654.0,640.0
Ryusei Makiguchi,25,4288.0,3416.0,872.0
Matthew Short,25,4272.0,3030.0,1242.0
Stuart Parker,22,4272.0,3624.0,648.0
Mazen Osama,22,4272.0,3240.0,1032.0
Yong-Kyu Lim,24,4270.0,3566.0,704.0
James Marsalek,25,4266.0,3081.0,1185.0
John McNally,20,4263.0,3138.0,1125.0
A.J. Catanzariti,27,4262.0,3368.0,894.0
Piotr Matuszewski,18,4261.0,2076.0,2185.0
Manuel Sanchez,28,4260.0,3900.0,360.0
Aziz Kijametovic,26,4259.0,3815.0,444.0
Matheus Pucinelli De Almeida,18,4259.0,2858.0,1401.0
Maciej Smola,22,4255.0,2276.0,1979.0
Isaiah Strode,22,4235.0,4145.0,90.0
Adelchi Virgili,25,4233.0,2285.0,1948.0
Gianni Mina,27,4223.0,3683.0,540.0
Maxime Mora,19,4221.0,3187.0,1034.0
Juan Manuel Benitez Chavarriaga,27,4221.0,3503.0,718.0
Timon Reichelt,26,4218.0,3090.0,1128.0
Matias Soto,20,4216.0,3256.0,960.0
Gaston-Arturo Grimolizzi,30,4214.0,3070.0,1144.0
Darian King,30,4210.0,3610.0,600.0
Zachary Eisinga,19,4203.0,3051.0,1152.0
Haru Inoue,23,4201.0,3586.0,615.0
Valentin Royer,18,4200.0,4146.0,54.0
Orel Ovil,20,4186.0,3012.0,1174.0
Eduardo Agustin Torre,22,4184.0,2496.0,1688.0
Oliver Crawford,19,4176.0,4016.0,160.0
Alex Rybakov,19,4150.0,2958.0,1192.0
Jasza Szajrych,20,4134.0,3350.0,784.0
Peter Goldsteiner,26,4132.0,3588.0,544.0
Ryusei Makiguchi,26,4127.0,3521.0,606.0
Ryota Kishi,23,4126.0,3210.0,916.0
Richard Muzaev,24,4120.0,3296.0,824.0
Dhruv Sunish,20,4112.0,3148.0,964.0
Micah Braswell,21,4110.0,3860.0,250.0
Fabrizio Andaloro,21,4098.0,3306.0,792.0
Gustavo Vellbach,23,4096.0,3182.0,914.0
Milan Drinic,19,4092.0,3794.0,298.0
Lautaro Midon,18,4087.0,3503.0,584.0
Marius Ruzgas,23,4084.0,3074.0,1010.0
Teodor-Dacian Craciun,36,4072.0,3818.0,254.0
Francesco Picco,25,4070.0,3294.0,776.0
Yeong-Seok Jeong,22,4068.0,2579.0,1489.0
Roko Horvat,21,4054.0,4054.0,0.0
Peter Bertran,23,4039.0,3565.0,474.0
Tak Khunn Wang,26,4037.0,2972.0,1065.0
Karue Sell,26,4031.0,2936.0,1095.0
Gabriel Alejandro Hidalgo,25,4030.0,2788.0,1242.0
Nathan Pasha,23,4028.0,2733.0,1295.0
Nikita Kryvonos,29,4024.0,3294.0,730.0
Agustin Velotti,26,4021.0,3495.0,526.0
Petr Hajek,19,4016.0,2918.0,1098.0
Dominik Boehler,20,4016.0,3852.0,164.0
Alexandros Jakupovic,34,4011.0,2282.0,1729.0
Adrian Bodmer,27,4005.0,2946.0,1059.0
Max Basing,20,4004.0,3914.0,90.0
Timon Reichelt,27,3990.0,2856.0,1134.0
Gabriel Alejandro Hidalgo,29,3984.0,2871.0,1113.0
Joao Menezes,20,3982.0,2700.0,1282.0
Javier Pulgar-Garcia,27,3982.0,2970.0,1012.0
Baptiste Crepatte,22,3982.0,3430.0,552.0
Marek Gengel,21,3980.0,2704.0,1276.0
Karim Hossam,22,3978.0,3210.0,768.0
Billy Harris,24,3967.0,3063.0,904.0
Sebastian Dominko,19,3965.0,3263.0,702.0
Alejandro Davidovich Fokina,17,3963.0,2980.0,983.0
Joao Fonseca,16,3960.0,3140.0,820.0
Nicola Kuhn,16,3952.0,3888.0,64.0
Mariano Navone,18,3952.0,3478.0,474.0
Sami Reinwein,23,3944.0,2914.0,1030.0
Eros Siringo,25,3942.0,3210.0,732.0
Justin Boulais,18,3934.0,2654.0,1280.0
Tomislav Ternar,26,3922.0,3354.0,568.0
Romain Bauvy,21,3920.0,2730.0,1190.0
Manuel Guinard,21,3904.0,3104.0,800.0
Daniel Cukierman,24,3895.0,2850.0,1045.0
Rishab Agarwal,21,3892.0,3368.0,524.0
Rimpei Kawakami,19,3890.0,3178.0,712.0
Jeremy Jin,18,3890.0,3460.0,430.0
Gonzalo Lama,26,3884.0,2930.0,954.0
Tyler Hochwalt,26,3882.0,3332.0,550.0
Giorgio Ricca,21,3878.0,2998.0,880.0
Alberto Cammarata,23,3868.0,3432.0,436.0
Samuele Ramazzotti,20,3852.0,3204.0,648.0
Luca Giacomini,25,3846.0,3306.0,540.0
Alejandro Gonzalez,33,3835.0,3835.0,0.0
Yuta Kawahashi,21,3821.0,3044.0,777.0
Pascal Meis,26,3815.0,3665.0,150.0
Walter Trusendi,30,3786.0,2880.0,906.0
Ondrej Krstev,19,3784.0,2954.0,830.0
Matthieu Roy,27,3778.0,2662.0,1116.0
Cengiz Aksu,21,3744.0,2880.0,864.0
Filippo Leonardi,29,3740.0,3196.0,544.0
Bastian Trinker,27,3729.0,3210.0,519.0
Raphael Baltensperger,19,3720.0,3072.0,648.0
Tristan Schoolkate,18,3710.0,2800.0,910.0
Cameron Norrie,20,3695.0,3695.0,0.0
Ryan Haviland,37,3686.0,3686.0,0.0
Radu Mihai Papoe,20,3668.0,3476.0,192.0
Teodor-Dacian Craciun,35,3648.0,3350.0,298.0
David Souto,25,3647.0,2978.0,669.0
Jonny O'Mara,20,3645.0,2481.0,1164.0
Joel Cannell,19,3636.0,3192.0,444.0
Alessandro Petrone,26,3635.0,3081.0,554.0
Jacob Adaktusson,35,3628.0,3376.0,252.0
David Souto,23,3608.0,3054.0,554.0
Mika Brunold,18,3603.0,3405.0,198.0
Pietro Rondoni,23,3597.0,2220.0,1377.0
Florian Broska,24,3589.0,3025.0,564.0
Hamidreza Nadaf,27,3578.0,3074.0,504.0
Jordan Hasson,23,3568.0,3202.0,366.0
Artur Dubinski,20,3542.0,3062.0,480.0
Edris Fetisleam,20,3530.0,2990.0,540.0
Ricardo Villacorta-Alonso,31,3524.0,2674.0,850.0
Cristian Rodriguez,25,3517.0,2732.0,785.0
Antonio Campo,22,3504.0,2746.0,758.0
Oscar Jose Gutierrez,22,3497.0,2483.0,1014.0
Yurii Dzhavakian,23,3488.0,2836.0,652.0
Keelan Oakley,24,3486.0,2486.0,1000.0
Peter Vajda,20,3484.0,3348.0,136.0
Cash Hanzlik,20,3465.0,3117.0,348.0
Mike Urbanija,27,3452.0,3226.0,226.0
JC Aragone,21,3420.0,3420.0,0.0
Alex Blumenberg,24,3394.0,2590.0,804.0
Leny Mitjana,22,3392.0,3068.0,324.0
Gengo Kikuchi,24,3384.0,2660.0,724.0
Thibault Venturino,26,3382.0,2506.0,876.0
Matthew  Mendez,24,3371.0,2305.0,1066.0
Patrick Daciek,26,3346.0,2470.0,876.0
Bastian Wagner,22,3346.0,3346.0,0.0
Miomir Kecmanovic,17,3334.0,2808.0,526.0
Luka Pavlovic,19,3324.0,2958.0,366.0
Vito Tonejc,23,3314.0,3260.0,54.0
Andrea Bolla,21,3309.0,2835.0,474.0
Wojciech Marek,18,3305.0,2905.0,400.0
Andre Goransson,22,3300.0,2850.0,450.0
Riccardo Bellotti,28,3287.0,2408.0,879.0
Shintaro Mochizuki,16,3281.0,2191.0,1090.0
Valentin Vacherot,18,3276.0,3004.0,272.0
Patrick Ofner,22,3276.0,3076.0,200.0
Ryan Haviland,35,3271.0,3271.0,0.0
Martyn Pawelski,18,3270.0,2862.0,408.0
Ko Suzuki,28,3270.0,2493.0,777.0
Julio Cesar Porras,24,3251.0,3065.0,186.0
George Tsivadze,22,3248.0,2628.0,620.0
Greg Ouellette,29,3238.0,2675.0,563.0
Matteo Fago,28,3234.0,2552.0,682.0
Lorenzo Frigerio,26,3214.0,2286.0,928.0
Daniel Yoo,31,3214.0,2556.0,658.0
Michael Zheng,18,3194.0,2846.0,348.0
Tiago Lopes,30,3174.0,2274.0,900.0
Gibril Diarra,25,3172.0,3172.0,0.0
Piotr Lomacki,20,3130.0,2226.0,904.0
Kacper Zuk,17,3127.0,1792.0,1335.0
Kirill Dmitriev,26,3125.0,2545.0,580.0
Guido Ivan Justo,25,3115.0,2863.0,252.0
Carlos Salamanca,32,3101.0,2781.0,320.0
Nicolas Kobelt,18,3094.0,2574.0,520.0
Siddharth Vishwakarma,28,3085.0,2827.0,258.0
Michael Grant,24,3074.0,2728.0,346.0
Rayane Roumane,22,3066.0,2868.0,198.0
Pavel Kotov,18,3051.0,2633.0,418.0
Dejan Katic,27,3038.0,2930.0,108.0
Kunal Anand,23,3012.0,2078.0,934.0
Joy Vigani,20,3008.0,2592.0,416.0
Alvaro Lopez San Martin,20,2995.0,2383.0,612.0
Denys Mylokostov,22,2992.0,2594.0,398.0
Petros Chrysochos,26,2992.0,2362.0,630.0
George Loffhagen,21,2961.0,2961.0,0.0
Yuya Ito,19,2960.0,2606.0,354.0
Youssef Hossam,18,2934.0,2538.0,396.0
Haoyuan Huang,20,2919.0,2619.0,300.0
Nico Matic,24,2907.0,2607.0,300.0
Patrik Rosenholm,27,2898.0,1898.0,1000.0
Nino Ehrenschneider,21,2890.0,2890.0,0.0
Sander Jong,22,2882.0,2350.0,532.0
Alban Meuffels,24,2868.0,2018.0,850.0
Jeroen Vanneste,21,2866.0,2090.0,776.0
Isaac Frost,26,2856.0,2584.0,272.0
Evan Zhu,18,2814.0,2024.0,790.0
Kevin Griekspoor,25,2804.0,2696.0,108.0
Mikelis Libietis,23,2798.0,1992.0,806.0
Valery Rudnev,27,2796.0,2796.0,0.0
Alexander Kotzen,22,2778.0,2358.0,420.0
Colin Van Beem,23,2770.0,2490.0,280.0
Stijn Meulemans,24,2754.0,2466.0,288.0
Shane Vinsant,23,2752.0,2328.0,424.0
Hassan Ndayishimiye,21,2742.0,1900.0,842.0
Thomaz Bellucci,34,2723.0,2723.0,0.0
Ugo Humbert,18,2708.0,2366.0,342.0
Giacomo Dambrosi,21,2704.0,2528.0,176.0
Aliaksandr Bulitski,29,2687.0,2687.0,0.0
Jordan Correia,19,2686.0,2486.0,200.0
Victor Baluda,23,2664.0,2056.0,608.0
Gabriel Donev,20,2630.0,2314.0,316.0
Isaac Becroft,22,2627.0,2155.0,472.0
Hong Chung,22,2588.0,2198.0,390.0
Joshua Goodger,24,2586.0,2316.0,270.0
Christian Trubrig,23,2566.0,2322.0,244.0
Blake Mott,26,2530.0,2370.0,160.0
Yassine Dlimi,19,2527.0,2419.0,108.0
Luca Wiedenmann,24,2457.0,2145.0,312.0
Marek Jaloviec,21,2456.0,1970.0,486.0
Tal Goldengoren,21,2433.0,2433.0,0.0
William Grant,21,2298.0,2148.0,150.0
Tom Farquharson,23,2287.0,2287.0,0.0
Harri Heliovaara,26,2276.0,1464.0,812.0
Boris Fassbender,24,2269.0,2125.0,144.0
Julian Lenz,22,2246.0,1881.0,365.0
Ronald Slobodchikov,22,2198.0,1902.0,296.0
Juraj Masar,25,2186.0,2000.0,186.0
Seydina Andre,19,2164.0,2020.0,144.0
Koki Matsuda,22,2030.0,1850.0,180.0
Mikolaj Jedruszczak,22,1870.0,1312.0,558.0
Takao Suzuki,41,1818.0,1530.0,288.0
Rudy Coco,31,1704.0,1704.0,0.0
Jonas Luetjen,25,1444.0,1280.0,164.0
Cristian Villagran,33,1300.0,1192.0,108.0
Roman Safiullin,18,1032.0,1032.0,0.0
Alexis Klegou,26,849.0,753.0,96.0
JJ Tracy,20,130.0,130.0,0.0
Juan Pablo Varillas,20,0.0,0.0,0.0
Yun seong Chung,19,0.0,0.0,0.0
Yun seong Chung,17,0.0,0.0,0.0
