year,rank,player name,age,singles
2015,1,Novak Djokovic,28,16706125
2015,2,Andy Murray,28,6456153
2015,3,Roger Federer,34,6624892
2015,4,Stan Wawrinka,30,5299265
2015,5,Rafael Nadal,29,3188513
2015,6,Tomas Berdych,30,3090921
2015,7,David Ferrer,33,3043627
2015,8,Kei Nishikori,25,2702325
2015,9,Richard Gasquet,29,2136995
2015,10,Jo-Wilfried Tsonga,30,1936220
2015,11,John Isner,30,1699342
2015,12,Kevin Anderson,29,1790131
2015,13,Marin Cilic,27,2033973
2015,14,Milos Raonic,25,1482983
2015,15,Gilles Simon,31,1437081
2015,16,David Goffin,25,1116561
2015,17,Feliciano Lopez,34,1350027
2015,18,Bernard Tomic,23,1158571
2015,19,Benoit Paire,26,855640
2015,20,Dominic Thiem,22,1052936
2015,21,Fabio Fognini,28,1200275
2015,22,Viktor Troicki,29,1079166
2015,23,Ivo Karlovic,36,1097622
2015,24,Gael Monfils,29,1033015
2015,25,Roberto Bautista Agut,27,1249406
2015,26,Jack Sock,23,902175
2015,27,Guillermo Garcia-Lopez,32,949400
2015,28,Grigor Dimitrov,24,968788
2015,29,Andreas Seppi,31,1028401
2015,30,Nick Kyrgios,20,961017
2015,31,Jeremy Chardy,28,991908
2015,32,Steve Johnson,26,928658
2015,33,Joao Sousa,26,848973
2015,34,Philipp Kohlschreiber,32,761540
2015,35,Leonardo Mayer,28,704175
2015,36,Alexandr Dolgopolov,27,740971
2015,37,Thomaz Bellucci,27,731423
2015,38,Gilles Muller,32,749895
2015,39,Vasek Pospisil,25,856814
2015,40,Pablo Cuevas,29,780570
2015,41,Jiri Vesely,22,694121
2015,42,Tommy Robredo,33,714706
2015,43,Martin Klizan,26,717473
2015,44,Borna Coric,19,667984
2015,45,Aljaz Bedene,26,432041
2015,46,Marcos Baghdatis,30,591440
2015,47,Adrian Mannarino,27,751237
2015,48,Donald Young,26,671719
2015,49,Fernando Verdasco,32,745137
2015,50,Teymuraz Gabashvili,30,557072
2015,51,Hyeon Chung,19,283209
2015,52,Federico Delbonis,25,360187
2015,53,Juan Monaco,31,548046
2015,54,Albert Ramos-Vinolas,27,492582
2015,55,Lukas Rosol,30,709956
2015,56,Victor Estrella Burgos,35,482455
2015,57,Jerzy Janowicz,25,588780
2015,58,Simone Bolelli,30,634088
2015,59,Sam Querrey,28,526081
2015,60,Sam Groth,28,503646
2015,61,Denis Istomin,29,516272
2015,62,Sergiy Stakhovsky,29,629510
2015,63,Andreas Haider-Maurer,28,556485
2015,64,Pablo Andujar,29,701492
2015,65,Mikhail Kukushkin,28,475569
2015,66,Robin Haase,28,434629
2015,67,Pablo Carreno Busta,24,427993
2015,68,Paolo Lorenzi,34,351992
2015,69,Denis Kudla,23,431070
2015,70,Santiago Giraldo,28,573526
2015,71,Nicolas Mahut,33,444016
2015,72,Inigo Cervantes,26,96929
2015,73,Nicolas Almagro,30,388306
2015,74,Guido Pella,25,135533
2015,75,Daniel Munoz de la Nava,33,82264
2015,76,Dusan Lajovic,25,374743
2015,77,Yen-Hsun Lu,32,460007
2015,78,Lucas Pouille,21,389486
2015,79,Andrey Kuznetsov,24,293973
2015,80,Thanasi Kokkinakis,19,436843
2015,81,Ernests Gulbis,27,595540
2015,82,Damir Dzumhur,23,290074
2015,83,Alexander Zverev,18,355607
2015,84,Marcel Granollers,29,515242
2015,85,Ricardas Berankis,25,410559
2015,86,Steve Darcis,31,272363
2015,87,Ivan Dodig,30,267033
2015,88,Diego Schwartzman,23,372110
2015,89,Rajeev Ram,31,258824
2015,90,Marco Cecchinato,23,145162
2015,91,Evgeny Donskoy,25,206823
2015,92,John Millman,26,267266
2015,93,Yuki Bhambri,23,110685
2015,94,Illya Marchenko,28,213200
2015,95,Paul-Henri Mathieu,33,287740
2015,96,Taro Daniel,22,130284
2015,97,Benjamin Becker,34,491232
2015,98,Daniel Gimeno-Traver,30,349476
2015,99,Thiemo de Bakker,27,139122
2015,100,Dudi Sela,30,309376
2015,101,Filip Krajinovic,23,286600
2015,102,Kyle Edmund,20,204794
2015,103,Malek Jaziri,31,388154
2015,104,Austin Krajicek,25,242265
2015,105,Matthew Ebden,28,181296
2015,106,Luca Vanni,30,229245
2015,107,Jan-Lennard Struff,25,311632
2015,108,Ruben Bemelmans,27,298027
2015,109,Tim Smyczek,27,294387
2015,110,Lukas Lacko,28,280485
2015,111,Carlos Berlocq,32,192871
2015,112,Ryan Harrison,23,208422
2015,113,Nikoloz Basilashvili,23,296200
2015,114,Marsel Ilhan,28,364723
2015,115,Michael Berrer,35,258638
2015,116,Albert Montanes,35,151193
2015,117,Yoshihito Nishioka,20,175764
2015,118,Dustin Brown,31,347312
2015,119,Tatsuma Ito,27,212098
2015,120,James Duckworth,23,299891
2015,121,Radu Albot,26,141350
2015,122,Alejandro Falla,32,252446
2015,123,Edouard Roger-Vasselin,32,247224
2015,124,Horacio Zeballos,30,120811
2015,125,Rogerio Dutra Silva,31,55777
2015,126,Yuichi Sugita,27,165717
2015,127,Mikhail Youzhny,33,405766
2015,128,Bjorn Fratangelo,22,130688
2015,129,John-Patrick Smith,26,174029
2015,130,Kimmer Coppejans,21,104751
2015,131,Roberto Carballes Baena,22,85713
2015,132,Go Soeda,31,240250
2015,133,Gastao Elias,25,101836
2015,134,Jared Donaldson,19,172588
2015,135,Mirza Basic,24,58735
2015,136,Elias Ymer,19,229229
2015,137,Facundo Arguello,23,110841
2015,138,Norbert Gombos,25,94132
2015,139,Konstantin Kravchuk,30,99063
2015,140,Facundo Bagnis,25,123072
2015,141,Alejandro Gonzalez,26,200466
2015,142,Joao Souza,27,289545
2015,143,Adrian Menendez-Maceiras,30,127869
2015,144,Blaz Rola,25,172866
2015,145,Igor Sijsling,28,193329
2015,146,Andrej Martin,26,53024
2015,147,Maximo Gonzalez,32,141734
2015,148,Kenny De Schepper,28,201162
2015,149,Andre Ghem,33,75998
2015,150,Dennis Novikov,22,73351
2015,151,Blaz Kavcic,28,217234
2015,152,Karen Khachanov,19,61562
2015,153,Jarkko Nieminen,34,353966
2015,154,Jordan Thompson,21,69986
2015,155,Jurgen Melzer,34,271587
2015,156,James Ward,28,283062
2015,157,Thomas Fabbiano,26,91482
2015,158,Andrea Arnaboldi,28,152810
2015,159,Daniel Brands,28,47049
2015,160,Adam Pavlasek,21,50227
2015,161,Farrukh Dustov,29,75915
2015,162,Aleksandr Nedovyesov,28,138644
2015,163,Jurgen Zopp,27,88683
2015,164,Alexander Kudryavtsev,30,87169
2015,165,Marius Copil,25,154059
2015,166,Gerald Melzer,25,94784
2015,167,Pierre-Hugues Herbert,24,209664
2015,168,David Guez,33,66576
2015,169,Adrian Ungur,30,43147
2015,170,Saketh Myneni,28,47845
2015,171,Mischa Zverev,28,99071
2015,172,Grega Zemlja,29,31037
2015,173,Renzo Olivo,23,60115
2015,174,Taylor Fritz,18,42925
2015,175,Guilherme Clezar,22,84680
2015,176,Frances Tiafoe,17,114407
2015,177,Somdev Devvarman,30,70044
2015,178,Vincent Millot,29,117854
2015,179,Nicolas Kicker,23,41520
2015,180,Matteo Donati,20,84599
2015,181,Henri Laaksonen,23,31243
2015,182,Franko Skugor,28,33031
2015,183,Daniel Evans,25,47053
2015,184,Brydan Klein,25,102219
2015,185,Andrey Rublev,18,157522
2015,186,Laslo Djere,20,49207
2015,187,Luke Saville,21,119124
2015,188,Egor Gerasimov,23,27372
2015,189,Ze Zhang,25,130274
2015,190,Hans Podlipnik-Castillo,27,39676
2015,191,Jordi Samper-Montana,25,40752
2015,192,Filippo Volandri,34,35745
2015,193,Michal Przysiezny,31,84875
2015,194,Peter Gojowczyk,26,92488
2015,195,Aslan Karatsev,22,69406
2015,196,Tristan Lamasine,22,60588
2015,197,Radek Stepanek,37,241037
2015,198,Alexander Sarkissian,25,43994
2015,199,Hiroki Moriya,25,121590
2015,200,Yannick Mertens,28,61959
2015,201,Ti Chen,32,48331
2015,202,James McGee,28,57253
2015,203,Aldin Setkic,28,44212
2015,204,Tsung-Hua Yang,24,37167
2015,205,Quentin Halys,19,68099
2015,206,Andrey Golubev,28,176102
2015,207,Matija Pecotic,26,25274
2015,208,Stephane Robert,35,125974
2015,209,Frank Dancevic,31,63254
2015,210,Giovanni Lapentti,32,42715
2015,211,Dennis Novak,22,47636
2015,212,Amir Weintraub,29,40189
2015,213,Christian Lindell,24,71463
2015,214,Marton Fucsovics,23,81562
2015,215,Uladzimir Ignatik,25,40134
2015,216,Daniel Nguyen,25,39183
2015,217,Florian Mayer,32,226622
2015,218,Nils Langer,25,45823
2015,219,Pere Riba,27,43379
2015,220,Yan Bai,26,53328
2015,221,Gianluca Naso,28,28407
2015,222,Matthias Bachinger,28,127081
2015,223,Marco Trungelliti,25,45023
2015,224,Jan Satral,25,28450
2015,225,Calvin Hemery,20,45830
2015,226,Darian King,23,32418
2015,227,Salvatore Caruso,23,27961
2015,228,Lamine Ouahab,31,38842
2015,229,Duckhee Lee,17,23842
2015,230,Jan Mertl,33,69687
2015,231,Benjamin Mitchell,23,37414
2015,232,Mathias Bourgue,21,57699
2015,233,Pedro Cachin,20,30004
2015,234,Artem Smirnov,27,25127
2015,235,Connor Smith,25,27193
2015,236,Denys Molchanov,28,35492
2015,237,Di Wu,24,69022
2015,238,Oriol Roca Batalla,22,27001
2015,239,Mitchell Krueger,21,43146
2015,240,Nikola Milojevic,20,15988
2015,241,Bastian Trinker,25,26597
2015,242,Riccardo Bellotti,24,24883
2015,243,Pedja Krstin,21,27845
2015,244,Jose Hernandez-Fernandez,25,38814
2015,245,Federico Gaio,23,39437
2015,246,Roberto Marcora,26,40348
2015,247,Eduardo Struvay,25,24701
2015,248,Ramkumar Ramanathan,21,54378
2015,249,Zhe Li,29,22990
2015,250,Jose Pereira,24,21194
2015,251,Yasutaka Uchiyama,23,43299
2015,252,Lorenzo Giustino,24,25087
2015,253,Ruben Ramirez Hidalgo,37,29721
2015,254,Alessandro Giannessi,25,21864
2015,255,Maxime Chazal,22,19188
2015,256,Jason Jung,26,46536
2015,257,Dmitry Popko,19,20255
2015,258,Germain Gigounon,26,67964
2015,259,Jozef Kovalik,23,43767
2015,260,Jonathan Eysseric,25,33932
2015,261,Tennys Sandgren,24,27370
2015,262,Gonzalo Lama,22,23804
2015,263,David Perez Sanz,21,18070
2015,264,Maximilian Marterer,20,32955
2015,265,Gregoire Barrere,21,24868
2015,266,Arthur De Greef,23,32111
2015,267,Guido Andreozzi,24,60033
2015,268,Niels Desein,28,52595
2015,269,Alex Bolt,22,36262
2015,270,Michael Linzer,26,17050
2015,271,Miljan Zekic,27,19576
2015,272,Javier Marti,23,21903
2015,273,Maxime Authom,28,51335
2015,274,Yannick Jankovits,28,18085
2015,275,Kamil Majchrzak,19,18370
2015,276,Tommy Paul,18,57319
2015,277,Tobias Kamke,29,110665
2015,278,Sanam Singh,27,21083
2015,279,Victor Hanescu,34,51013
2015,280,Marek Michalicka,29,24802
2015,281,Mohamed Safwat,25,31905
2015,282,Marco Chiudinelli,34,67026
2015,283,Marcelo Arevalo,25,17404
2015,284,Axel Michon,25,28677
2015,285,Gavin Van Peperzeel,23,22878
2015,286,Jan Hernych,36,72785
2015,287,Juan Ignacio Londero,22,23537
2015,288,Matteo Viola,28,51421
2015,289,Constant Lestienne,23,25522
2015,290,Maxime Teixeira,26,25818
2015,291,Dimitar Kuzmanov,22,15613
2015,292,Sebastien Boltz,22,18528
2015,293,Kevin King,24,19896
2015,294,Nicolas Barrientos,28,29926
2015,295,Sekou Bangoura,24,17843
2015,296,Marinko Matosevic,30,224774
2015,297,Tomislav Brkic,25,29466
2015,298,Frederico Ferreira Silva,20,22742
2015,299,Matthew Barton,24,15960
2015,300,Laurynas Grigelis,24,18411
2015,301,Liam Broady,21,115703
2015,302,Nicolas Meister,26,18605
2015,303,Philip Bester,27,43186
2015,304,Tucker Vorster,27,16230
2015,305,Marko Tepavac,21,13261
2015,306,Gerard Granollers,26,18646
2015,307,Lleyton Hewitt,34,212068
2015,308,Alexey Vatutin,23,17939
2015,309,Ivan Nedelko,29,15611
2015,310,Jimmy Wang,30,58753
2015,311,Omar Jasika,18,31851
2015,312,Dzmitry Zhyrmont,26,22308
2015,313,Aleksandre Metreveli,22,15552
2015,314,Eric Quigley,26,22275
2015,315,Miki Jankovic,21,13378
2015,316,Matt Reid,25,23117
2015,317,Robin Stanek,20,14195
2015,318,Dimitar Kutrovsky,28,19056
2015,319,Emilio Gomez,24,16144
2015,320,Rui Machado,31,32235
2015,321,Cristian Garin,19,20598
2015,322,Caio Zampieri,29,13436
2015,323,Alessandro Bega,24,14263
2015,324,Erik Crepaldi,25,19586
2015,325,Flavio Cipolla,32,16621
2015,326,Gleb Sakharov,27,12605
2015,327,Gianluca Mager,21,19099
2015,328,Pablo Vivero Gonzalez,20,12334
2015,329,Daniil Medvedev,19,16228
2015,330,Tomas Lipovsek Puches,22,14485
2015,331,Alexander Ward,25,20611
2015,332,Maxime Hamou,20,61755
2015,333,Chase Buchanan,24,47074
2015,334,Fernando Romboli,26,16944
2015,335,Michal Konecny,26,12967
2015,336,Noah Rubin,19,28036
2015,337,Maxim Dubarenco,22,15542
2015,338,Edoardo Eremin,22,16568
2015,339,Maxime Janvier,19,15833
2015,340,Scott Griekspoor,24,12061
2015,341,Facundo Mena,23,13305
2015,342,Juan Carlos Saez,24,18427
2015,343,Mikhail Elgin,34,14056
2015,344,Yannik Reuter,24,14304
2015,345,Carlos Eduardo Severino,25,12632
2015,346,Jaroslav Pospisil,34,29234
2015,347,Roberto Ortega-Olmedo,24,13197
2015,348,Vaclav Safranek,21,12961
2015,349,Nikola Mektic,27,26420
2015,350,Alex Kuznetsov,28,31077
2015,351,Stefan Kozlov,17,32155
2015,352,Liang-Chi Huang,23,22082
2015,353,Takuto Niki,28,25557
2015,354,Gonzalo Escobar,26,22019
2015,355,Ilya Ivashka,21,16190
2015,356,Joshua Milton,26,26221
2015,357,Deiton Baughman,19,14759
2015,359,Adrien Bossel,28,19837
2015,360,Marc Giner,24,13709
2015,361,Yann Marti,27,14574
2015,362,Francisco Bahamonde,19,10621
2015,363,Finn Tearney,25,12660
2015,364,Filip Horansky,22,14708
2015,365,Daniel Cox,25,19038
2015,366,Patricio Heras,26,10568
2015,367,Adrien Puget,24,10472
2015,368,Danilo Petrovic,23,11761
2015,369,Hernan Casanova,21,10062
2015,370,Lorenzo Sonego,20,12229
2015,371,Mackenzie McDonald,20,15090
2015,372,Nicolas Jarry,20,41741
2015,373,Tom Jomby,24,11976
2015,374,Lucas Miedler,19,22131
2015,375,Frederik Nielsen,32,14883
2015,376,Hiroyasu Ehara,24,13174
2015,377,Sadio Doumbia,25,12718
2015,379,Cheong-Eui Kim,25,8854
2015,380,Peter Kobelt,25,9406
2015,381,Joris De Loore,22,5134
2015,382,Antal Van Der Duim,28,7976
2015,383,Gianluigi Quinzi,19,19476
2015,384,Steven Diez,24,9084
2015,385,Ivan Endara,27,11331
2015,386,Juan Ignacio Galarza,21,11347
2015,387,Andreas Beck,29,62403
2015,388,Filip Peliwo,21,22746
2015,389,Federico Coria,23,12609
2015,390,Maximilian Neuchrist,24,13463
2015,391,Dusan Lojda,27,12836
2015,393,Ernesto Escobedo,19,13934
2015,394,Pascal Brunner,26,10388
2015,395,Kirill Dmitriev,24,12074
2015,396,Shuichi Sekiguchi,24,14159
2015,397,Marco Bortolotti,24,12453
2015,398,Henrique Cunha,25,16114
2015,399,Sam Barry,23,9669
2015,400,Adrian Sikora,27,12897
2015,401,Remi Boutillier,25,18577
2015,402,Takanyi Garanganga,25,8963
2015,403,Nicolaas Scholtz,24,8493
2015,404,Georgi Rumenov Payakov,26,10278
2015,405,Maximiliano Estevez,26,7319
2015,406,Stefano Napolitano,20,15250
2015,407,Daniel Masur,21,14768
2015,408,Clement Geens,19,11438
2015,409,Carlos Boluda-Purkiss,22,10710
2015,410,Janko Tipsarevic,31,132732
2015,411,Petru-Alexandru Luncanu,26,9877
2015,412,Kento Takeuchi,28,11270
2015,413,Zhizhen Zhang,19,23314
2015,414,Evan King,23,8998
2015,415,Maxime Tabatruong,26,13301
2015,416,Julien Cagnina,21,14505
2015,417,Grzegorz Panfil,27,13791
2015,418,Tom Kocevar-Desman,25,7734
2015,419,Albert Alcaraz Ivorra,20,9772
2015,420,Andriej Kapas,26,11499
2015,421,Sumit Nagal,18,9078
2015,422,Ricardo Rodriguez - Pace,22,10145
2015,423,Mardy Fish,34,110245
2015,424,Tim Puetz,28,55315
2015,425,Peter Torebko,27,17739
2015,426,Kevin Krawietz,23,11200
2015,427,Daniel Elahi Galan,19,20910
2015,428,Jeevan Nedunchezhiyan,27,10658
2015,429,Vladimir Ivanov,28,13930
2015,430,Bastian Malla,19,8448
2015,431,Alexis Musialek,27,15099
2015,432,Yaraslav Shyla,22,22482
2015,433,Maverick Banes,23,14600
2015,434,Enzo Couacaud,20,51833
2015,435,Cem Ilkel,20,22401
2015,436,Jesse Huta Galung,30,34840
2015,437,Christopher Rungkat,25,9101
2015,438,Mate Delic,22,35047
2015,439,Vladyslav Manafov,22,9044
2015,440,Jaume Munar,18,34515
2015,441,Peter Heller,23,8274
2015,442,Alexandar Lazov,25,10562
2015,443,Daniel Smethurst,25,10719
2015,444,Jan Choinski,19,11993
2015,445,Omar Giacalone,23,11073
2015,446,Temur Ismailov,20,12484
2015,447,Agustin Velotti,23,11643
2015,448,Adam El Mihdawy,26,13024
2015,449,Ante Pavic,26,32026
2015,450,Alexandre Sidorenko,27,22063
2015,451,Tigre Hank,24,13155
2015,452,Orlando Luz,17,8925
2015,453,Edward Corrie,27,22832
2015,454,Juan Pablo Paz,20,7876
2015,455,Michael Mmoh,17,16114
2015,456,Ricardo Ojeda Lara,22,8945
2015,457,Stefano Travaglia,24,11176
2015,458,Thales Turini,26,9037
2015,459,Christopher Heyman,22,5860
2015,460,Andre Dome,25,8163
2015,461,Lloyd Glasspool,22,5934
2015,462,Riccardo Ghedin,30,11195
2015,463,Thiago Monteiro,21,9759
2015,464,Matteo Trevisan,26,12026
2015,465,Viktor Durasovic,18,8522
2015,466,Dragos Dima,23,8381
2015,467,Markus Eriksson,26,14247
2015,468,Clay Thompson,23,5271
2015,469,Marcos Giron,22,16631
2015,470,Tommy Haas,37,183560
2015,471,Lukasz Kubot,33,40327
2015,472,Andrea Collarini,23,6792
2015,473,Antonio Veic,27,22631
2015,474,Marcus Willis,25,8916
2015,475,Mario Vilella Martinez,20,9025
2015,476,Antoine Escoffier,23,9037
2015,477,David Vega Hernandez,21,16887
2015,478,Marcos Giraldi Requena,22,7623
2015,479,Enrique Lopez Perez,24,14616
2015,480,Oscar Otte,22,9809
2015,481,Mats Moraing,23,5534
2015,482,Sanjar Fayziev,21,10958
2015,483,Hugo Nys,24,11289
2015,484,Prajnesh Gunneswaran,26,4450
2015,485,Hugo Dellien,22,11316
2015,486,Vishnu Vardhan,28,9047
2015,487,Evgeny Karlovskiy,21,7346
2015,488,Karim-Mohamed Maamoun,24,8853
2015,489,Benjamin Balleret,32,22401
2015,490,Nico Matic,23,7946
2015,491,Julien Dubail,27,8400
2015,492,Johan Tatlot,19,12992
2015,493,Christopher Diaz-Figueroa,25,7015
2015,494,Vasile Antonescu,25,9055
2015,495,Richard Gabb,23,14737
2015,496,Jung-Woong Na,23,8038
2015,497,Daniel Dutra da Silva,27,7377
2015,498,Joao Domingues,22,8209
2015,499,Jeremy Jahn,25,6703
2015,500,Dayne Kelly,25,4934
2015,501,Miliaan Niesten,27,6352
2015,502,Pedro Sakamoto,22,7655
2015,503,Juan Sebastian Gomez,23,8695
2015,504,Alexandre Folie,25,7262
2015,505,Harry Bourchier,19,15628
2015,506,Jaime Pulgar-Garcia,26,7899
2015,507,Luke Bambridge,20,5462
2015,508,Benjamin Bonzi,19,8028
2015,509,Romain Barbosa,21,9718
2015,510,Makoto Ochi,19,7636
2015,511,Michael Geerts,20,7082
2015,512,Libor Salaba,23,6900
2015,513,Bradley Klahn,25,13240
2015,514,Carlos Gomez-Herrera,25,7687
2015,515,Jose Checa-Calvo,30,9066
2015,516,Claudio Fortuna,25,8548
2015,517,Riccardo Bonadio,22,8258
2015,518,Evgeny Elistratov,20,9167
2015,519,Wil Spencer,26,8288
2015,520,David Rice,26,7648
2015,521,Duje Kekez,22,8011
2015,522,Eric Johnson,22,6235
2015,523,Ivan Bjelica,31,8380
2015,524,Karunuday Singh,25,8168
2015,525,Matteo Berrettini,19,8696
2015,526,Kaichi Uchida,21,8563
2015,527,Julien Benneteau,34,74679
2015,528,Sebastian Fanselow,23,4456
2015,529,Laurent Rochette,27,9666
2015,530,Alejandro Gomez,24,17075
2015,531,Sandro Ehrat,24,7083
2015,532,Yanais Laurent,23,6710
2015,534,Richard Becker,24,7710
2015,535,Dane Propoggia,25,21903
2015,536,Filip Veger,21,6663
2015,537,Joran Vliegen,22,6316
2015,538,N.Sriram Balaji,25,7693
2015,539,Lucas Gomez,20,7740
2015,540,Guillermo Rivera-Aranguiz,26,6943
2015,541,Florian Fallert,23,9500
2015,542,Joao Menezes,19,6674
2015,543,Francesco Vilardo,25,6506
2015,544,Jason Kubler,22,29719
2015,545,Jean-Marc Werner,25,7443
2015,546,Lennert Van Der Linden,26,3822
2015,547,Jules Marie,24,13815
2015,548,Marcelo Zormann,19,7429
2015,549,Francesco Picco,24,5610
2015,550,Young Seok Kim,20,7240
2015,551,Evan Song,23,7085
2015,553,Patrik Fabian,21,6716
2015,554,Federico Zeballos,27,6396
2015,555,Neil Pauffley,25,6875
2015,556,Gonzalo Oliveira,20,7405
2015,557,Michael Russell,37,36239
2015,558,Toni Androic,24,17111
2015,559,Bradley Mousley,19,6829
2015,560,Anton Zaitcev,28,9669
2015,561,Dmytro Badanov,27,6766
2015,562,Javier Pulgar-Garcia,26,7766
2015,563,Julian Reister,29,29085
2015,565,Boy Westerhof,30,25061
2015,566,Yusuke Watanuki,25,6996
2015,568,Felipe Mantilla,22,7584
2015,569,Anis Ghorbel,26,5384
2015,570,Christopher O'Connell,21,7790
2015,571,Ricardo Hocevar,30,5751
2015,572,Viktor Galovic,25,6977
2015,573,Juan Lizariturry,24,7739
2015,574,Jacob Grills,20,8041
2015,575,Jorge Aguilar,30,6340
2015,576,Stefanos Tsitsipas,17,4546
2015,577,Petros Chrysochos,19,5039
2015,578,Edan Leshem,18,5900
2015,579,Andres Molteni,27,15099
2015,580,Gianni Mina,23,26156
2015,581,Ivo Klec,35,11413
2015,582,Bar Tzuf Botzer,21,7544
2015,583,Mohit Mayur Jayaprakash,22,5916
2015,584,Victor Crivoi,33,5101
2015,585,Martin Cuevas,23,3390
2015,586,Evan Hoyt,20,4660
2015,587,Andre Gaspar Murta,21,5870
2015,588,Wilson Leite,24,8566
2015,589,Laurent Lokoli,21,38428
2015,590,Juan Martin del Potro,27,23475
2015,592,Andrew Whittington,22,10062
2015,593,Alexander Vasilenko,20,7657
2015,594,Petr Michnev,26,4486
2015,595,Ivan Gakhov,19,12009
2015,596,Mikael Ymer,17,12205
2015,597,Bernabe Zapata Miralles,18,6690
2015,598,Tallon Griekspoor,19,6101
2015,599,Riccardo Sinicropi,25,6901
2015,600,Alexander Igoshin,23,7393
2015,601,Jui-Chen Hung,25,7548
2015,602,Marc Sieber,27,5284
2015,603,Jean-Yves Aubone,27,7222
2015,604,Markos Kalovelonis,21,6456
2015,605,Altug Celikbilek,19,8363
2015,606,Min-Hyeok Cho,28,4296
2015,607,Hans Hach Verdugo,26,7476
2015,609,Nicola Ghedin,27,6734
2015,610,Jarmere Jenkins,25,33589
2015,611,Fritz Wolmarans,29,6555
2015,612,Yannick Thivant,28,5580
2015,613,Yecong He,21,12075
2015,614,Nicolas Alberto Arreche,21,6096
2015,615,Akira Santillan,18,5610
2015,616,Luis David Martinez,26,5843
2015,617,Alexios Halebian,21,5771
2015,618,Pascal Meis,22,6186
2015,619,Gregoire Jacq,23,8317
2015,620,Hubert Hurkacz,18,7551
2015,621,Dennis Nevolo,26,7932
2015,622,Martins Podzus,21,5214
2015,623,Manuel Sanchez,24,6745
2015,624,Jared Hiltzik,21,6018
2015,625,Rafael Camilo,25,5068
2015,626,Arata Onozawa,27,6451
2015,627,Baris Erguden,29,9073
2015,628,Ljubomir Celebic,24,6318
2015,629,Sidharth Rawat,22,5510
2015,630,Potito Starace,34,9138
2015,631,Maciej Rajski,24,4496
2015,632,Martin Blasko,19,6734
2015,633,Marcin Gawron,27,6763
2015,634,Tomislav Ternar,25,5526
2015,635,Theo Fournerie,18,5982
2015,636,Jerome Inzerillo,25,7399
2015,637,Daniel Garza,30,18841
2015,638,Mate Pavic,22,12084
2015,639,Duilio Beretta,23,4747
2015,640,Mauricio Echazu,26,6245
2015,641,Tobias Simon,24,5444
2015,642,Mick Lescure,22,5776
2015,643,Franco Agamenone,22,5426
2015,644,Cristobal Saavedra-Corvalan,25,5362
2015,646,Joe Salisbury,23,5452
2015,647,George Von Massow,25,3454
2015,648,Tak Khunn Wang,24,6192
2015,649,Hugo Grenier,19,5356
2015,650,Jorge Hernando Ruano,28,6773
2015,651,Zdenek Kolar,19,7232
2015,652,Filippo Leonardi,28,6442
2015,653,Sergey Betov,28,5373
2015,654,Yannick Maden,26,5107
2015,655,Juan Pablo Varillas,20,0
2015,656,Omar Salman,19,6300
2015,657,Samuel Bensoussan,24,6272
2015,658,Matias Zukas,19,4922
2015,659,Jonas Merckx,22,5366
2015,660,Yannick Hanfmann,24,6727
2015,661,Micke Kontinen,23,4800
2015,662,Chuhan Wang,23,7885
2015,663,Leonardo Kirche,30,5541
2015,664,Yuya Kibi,29,6160
2015,665,Luka Ilic,20,4340
2015,666,Tomislav Jotovski,25,5610
2015,667,Franjo Raspudic,25,5046
2015,668,Jaume Pla Malfeito,20,6159
2015,669,Brayden Schnur,20,7288
2015,670,Fred Simonsson,21,4783
2015,672,Marvin Netuschil,24,4792
2015,673,Marat Deviatiarov,21,4090
2015,674,Blake Mott,19,12183
2015,675,Mariano Kestelboim,19,5172
2015,676,Vadim Alekseenko,32,6620
2015,677,Guillaume Rufin,25,8776
2015,678,Michael Venus,28,17235
2015,679,Peter Nagy,23,3846
2015,680,Isak Arvidsson,23,4361
2015,681,Andrea Basso,22,6624
2015,682,James Marsalek,23,5386
2015,683,Nik Razborsek,22,5140
2015,684,Romain Arneodo,23,6289
2015,685,Ranjeet Virali-Murugesan,30,4590
2015,686,Tom Schonenberg,24,5129
2015,687,Andrew Harris,21,9070
2015,689,Vasko Mladenov,26,4302
2015,690,Matthias Wunner,22,4908
2015,691,Antoine Bellier,19,5584
2015,692,Vinayak Sharma Kaza,24,5366
2015,693,Mikelis Libietis,23,1992
2015,694,Gonzalo Villanueva,20,5105
2015,695,Jonathan Kanar,21,5144
2015,696,Antoine Hoang,20,4466
2015,697,Juan-Samuel Arauzo-Martinez,25,5828
2015,698,Pirmin Haenle,27,6541
2015,699,Toshihide Matsui,37,7341
2015,700,Antonio Massara,20,4970
2015,702,Jorge Panta,20,4602
2015,703,Anil Yuksel,25,7584
2015,704,Pietro Licciardi,21,6888
2015,705,Martin Fischer,29,9535
2015,706,Daniele Giorgini,31,4218
2015,707,Takashi Saito,20,4546
2015,709,Andres Artunedo Martinavarro,22,4816
2015,710,Pol Toledo Bague,21,5112
2015,711,Eduard Esteve Lobato,21,5618
2015,712,Peter Polansky,27,13724
2015,714,Alexandre Tsuchiya,23,4777
2015,715,Mateo Nicolas Martinez,21,4905
2015,716,Joao Pedro Sorgi,22,5288
2015,717,Cameron Norrie,20,3695
2015,719,Ruan Roelofse,26,5332
2015,720,Robin Kern,22,5542
2015,721,Ugo Nastasi,22,4732
2015,722,Jorge Montero,25,5335
2015,723,Nerman Fatic,21,5228
2015,726,Henrik Sillanpaa,24,4887
2015,727,Keith-Patrick Crowley,27,4522
2015,728,Luca Pancaldi,22,4782
2015,729,Andre Miele,28,5100
2015,730,Ryan Shane,21,42252
2015,731,Michal Schmid,27,4478
2015,732,Andrei Vasilevski,24,5806
2015,734,Anton Galkin,24,4785
2015,735,Sebastian Exequiel Pini,21,4535
2015,737,Johannes Haerteis,19,5694
2015,738,Mico Santiago,21,6181
2015,739,Lukas Mugevicius,21,5278
2015,740,Marcelo Demoliner,26,11910
2015,741,Cristian Rodriguez,25,2732
2015,745,Raymond Sarmiento,23,5035
2015,746,Ryusei Makiguchi,24,4752
2015,747,Toby Martin,22,4882
2015,748,Nino Serdarusic,19,5042
2015,749,Philipp Petzschner,31,15026
2015,750,Adrian Partl,22,3838
2015,751,Sho Katayama,26,3040
2015,753,Elmar Ejupovic,22,4619
2015,754,Daniele Capecchi,20,4628
2015,756,Dekel Bar,22,3672
2015,757,Pietro Rondoni,22,5374
2015,758,Adelchi Virgili,25,2285
2015,759,Maxime Tchoutakian,21,4174
2015,760,Fabiano De Paula,27,11287
2015,762,Sander Gille,24,4418
2015,763,Francois-Arthur Vibert,25,4858
2015,764,Mikhail Ledovskikh,29,7395
2015,765,Yong-Kyu Lim,24,3566
2015,766,Patrick Ofner,22,3076
2015,768,Tiago Lopes,29,3887
2015,770,Niels Lootsma,21,5356
2015,771,Matias Franco Descotte,21,3978
2015,772,Issam Haitham Taweel,26,6348
2015,773,Martin Vaisse,28,3745
2015,774,Hiroki Kondo,33,3272
2015,775,Chu-Huan Yi,28,5219
2015,776,Nicolas Reissig,26,3740
2015,778,Scott Clayton,21,4120
2015,779,Sherif Sabry,29,4832
2015,780,Borja Rodriguez Manzano,23,4739
2015,781,Fabien Reboul,20,4850
2015,782,Masato Shiga,24,4253
2015,783,Rhyne Williams,24,11923
2015,785,Teodor-Dacian Craciun,35,3350
2015,786,Pedro Sousa,27,19189
2015,787,Jurabek Karimov,17,6832
2015,788,Lorenzo Frigerio,26,2286
2015,789,Hiromasa Oku,26,3944
2015,790,Jordan Ubiergo,22,4104
2015,791,Matteo Marfia,28,4033
2015,792,Luis Patino,22,5706
2015,793,Samuel Ribeiro Navarrete,22,3864
2015,794,Karim Hossam,21,3686
2015,796,Matwe Middelkoop,32,3033
2015,798,Pruchya Isaro,20,5110
2015,799,Philipp Davydenko,23,5075
2015,800,Fabricio Neis,25,4652
2015,802,Yuichi Ito,29,3694
2015,805,Alejandro Mendoza,25,3930
2015,806,Gabor Borsos,24,3368
2015,808,Pavel Nejedly,22,4412
2015,809,Eduardo Dischinger,23,4057
2015,810,Ivan Arenas-Gualda,25,5276
2015,811,Gabriel Alejandro Hidalgo,25,2788
2015,812,Daniiar Duldaev,23,4063
2015,814,Ricardo Villacorta-Alonso,30,4160
2015,815,Bowen Ouyang,23,5194
2015,816,Florent Diep,24,4644
2015,817,Takao Suzuki,39,4182
2015,818,Collin Altamirano,20,3600
2015,819,Fedor Chervyakov,22,3717
2015,822,Danylo Kalenichenko,21,3450
2015,823,Juan Ignacio Ameal,21,4064
2015,824,Mike Urbanija,26,4656
2015,825,Eduardo Agustin Torre,21,3880
2015,826,Fabrice Martin,29,18986
2015,827,David Souto,23,3054
2015,828,Antonio Sancic,27,3702
2015,829,Kittipong Wachiramanowong,25,4707
2015,830,Fajing Sun,19,7837
2015,832,Denis Yevseyev,22,4621
2015,833,Jonathan Mridha,20,3256
2015,834,Denis Bejtulahi,28,3624
2015,835,Xin Gao,21,5641
2015,836,Sergio Martos Gornes,21,4024
2015,837,Walter Trusendi,30,2880
2015,839,Jonny O'Mara,20,2481
2015,840,Gibril Diarra,25,3172
2015,841,Marc Polmans,18,9134
2015,842,Andrei Stefan Apostol,20,3346
2015,844,Tal Goldengoren,19,4908
2015,845,Arthur Surreaux,28,4355
2015,846,Yuqing Ning,21,6190
2015,848,Ilija Bozoljac,30,9015
2015,849,Hong Chung,22,2198
2015,850,Ricardo Urzua-Rivera,26,3518
2015,851,Caio Silva,24,3484
2015,852,Jacob Adaktusson,35,3376
2015,853,Denys Mylokostov,22,2594
2015,853,Gustavo Vellbach,23,3182
2015,855,Issei Okamura,23,3891
2015,856,Bruno Santanna,22,3436
2015,857,Matthieu Roy,26,3642
2015,858,Alessandro Colella,23,3784
2015,860,Federico Maccari,21,2964
2015,861,Luca Margaroli,23,4832
2015,863,Harri Heliovaara,26,1464
2015,864,Tom Farquharson,23,2287
2015,866,Denis Matsukevich,29,3039
2015,867,Yun seong Chung,17,0
2015,869,Matthew Short,25,3030
2015,870,Katsuki Nagao,26,3012
2015,871,Damon Gooch,29,3362
2015,872,Teri Groll,23,3975
2015,873,Jannis Kahlke,21,3296
2015,874,Michael Grant,23,4210
2015,876,Timon Reichelt,26,3090
2015,877,Adria Mas Mascolo,22,3794
2015,878,Ryota Tanuma,20,4150
2015,879,Tyler Hochwalt,26,3332
2015,880,Dominik Suc,25,3768
2015,881,Dominik Kellovsky,19,3727
2015,882,Carlos Salamanca,32,2781
2015,883,Victor Baluda,23,2056
2015,884,Roman Safiullin,18,1032
2015,885,Alexandros Jakupovic,34,2282
2015,889,George Tsivadze,22,2628
2015,890,Hannes Wagner,20,2988
2015,891,Milos Sekulic,26,3984
2015,892,Justin S. Shane,23,3453
2015,893,Luca George Tatomir,20,3482
2015,894,Filippo Baldi,19,4595
2015,896,Barkin Yalcinkale,24,5987
2015,898,Divij Sharan,29,1872
2015,899,Julio Peralta,34,1654
2015,900,Ronald Slobodchikov,22,1902
2015,901,Jesse Witten,33,6870
2015,902,Christian Trubrig,23,2322
2015,905,Dejan Katic,27,2930
2015,907,Timur Khabibulin,20,4482
2015,908,Karol Drzewiecki,20,3170
2015,909,Filip Brtnicky,23,3532
2015,910,Ben McLachlan,23,4050
2015,911,Leon Schutt,22,4062
2015,916,Isaac Frost,26,2584
2015,917,Nathan Pasha,23,2733
2015,919,Artur Dubinski,19,3407
2015,920,Zhaoyi Cao,22,4090
2015,921,Chandril Sood,24,2120
2015,922,Miguel Semmler,18,3384
2015,923,Simeon Rossier,20,2952
2015,924,Rudy Coco,31,1704
2015,927,Hassan Ndayishimiye,21,1900
2015,928,Jeroen Vanneste,21,2090
2015,930,Greg Ouellette,29,2675
2015,932,Nikita Kryvonos,29,3294
2015,933,Gengo Kikuchi,24,2660
2015,934,Kunal Anand,23,2078
2015,937,Medy Chettar,23,3610
2015,939,Matej Sabanov,23,3210
2015,940,Leandro Portmann,21,3158
2015,941,Francesco Borgo,30,3988
2015,942,Sarp Agabigun,18,4377
2015,943,Gleb Alekseenko,32,4992
2015,944,Florent Serra,34,2844
2015,946,Alexis Klegou,26,753
2015,947,Valery Rudnev,27,2796
2015,948,Julian Lenz,22,1881
2015,951,Mikolaj Jedruszczak,22,1312
2015,952,Matteo Fago,28,2552
2015,953,Sami Reinwein,23,2914
2015,954,Jarryd Chaplin,23,3196
2015,956,Daniel Glancy,27,3220
2015,958,Nuno Deus,20,3614
2015,959,Guillermo Duran,27,1755
2015,962,Jonas Luetjen,25,1280
2015,963,Ryan Haviland,35,3271
2015,967,Thibault Venturino,26,2506
2015,972,Colin Van Beem,23,2490
2015,973,Cameron Silverman,23,3092
2015,975,Jelle Sels,20,4407
2015,976,Romain Bauvy,21,2730
2015,981,Reilly Opelka,18,11562
2015,983,Elie Rousset,26,3049
2015,984,Piotr Lomacki,20,2226
2015,987,Oscar Jose Gutierrez,22,2483
2015,989,Maciej Smola,22,2276
2015,990,Antonio Campo,22,2746
2015,991,Marek Jaloviec,21,1970
2015,993,Felipe Escobar,21,3784
2015,994,Cristian Villagran,33,1192
2015,995,Robby Ginepri,33,6455
2015,996,Gregoire Burquier,31,2908
2015,998,Miloslav Mecir,27,7149
2015,1000,Patrik Rosenholm,27,1898
2016,1,Andy Murray,29,16327821
2016,2,Novak Djokovic,29,14130464
2016,3,Milos Raonic,25,5562684
2016,4,Stan Wawrinka,31,6849059
2016,5,Kei Nishikori,26,4804963
2016,6,Marin Cilic,28,3405427
2016,7,Gael Monfils,30,3372418
2016,8,Dominic Thiem,23,3047118
2016,9,Rafael Nadal,30,2714278
2016,10,Tomas Berdych,31,2583756
2016,11,David Goffin,26,2302109
2016,12,Jo-Wilfried Tsonga,31,2217645
2016,13,Nick Kyrgios,21,1757289
2016,14,Roberto Bautista Agut,28,1905873
2016,15,Lucas Pouille,22,1673930
2016,16,Roger Federer,35,1527269
2016,17,Grigor Dimitrov,25,1617502
2016,18,Richard Gasquet,30,1302037
2016,19,John Isner,31,1392559
2016,20,Ivo Karlovic,37,1267349
2016,21,David Ferrer,34,1356929
2016,22,Pablo Cuevas,30,1270475
2016,23,Jack Sock,24,1220799
2016,24,Alexander Zverev,19,1324084
2016,25,Gilles Simon,31,1209501
2016,26,Bernard Tomic,24,1085126
2016,27,Albert Ramos-Vinolas,28,1180393
2016,28,Feliciano Lopez,35,1068604
2016,29,Viktor Troicki,30,1092008
2016,30,Pablo Carreno Busta,25,990823
2016,31,Sam Querrey,29,1008633
2016,32,Philipp Kohlschreiber,33,915345
2016,33,Steve Johnson,27,1015212
2016,34,Gilles Muller,33,752158
2016,35,Martin Klizan,27,1051512
2016,36,Marcos Baghdatis,31,948524
2016,37,Marcel Granollers,30,867769
2016,38,Juan Martin del Potro,28,902365
2016,39,Nicolas Mahut,34,869846
2016,40,Paolo Lorenzi,35,704215
2016,41,Federico Delbonis,26,681685
2016,42,Fernando Verdasco,33,771606
2016,43,Joao Sousa,27,977038
2016,44,Nicolas Almagro,31,758290
2016,45,Kyle Edmund,21,729009
2016,46,Andrey Kuznetsov,25,868236
2016,47,Benoit Paire,27,844929
2016,48,Borna Coric,20,672058
2016,49,Fabio Fognini,29,714581
2016,50,Florian Mayer,33,695103
2016,51,Mischa Zverev,29,494173
2016,52,Diego Schwartzman,24,441495
2016,53,Karen Khachanov,20,444991
2016,54,Stephane Robert,36,525757
2016,55,Jiri Vesely,23,636567
2016,56,Facundo Bagnis,26,287121
2016,57,Mikhail Youzhny,34,543619
2016,58,Malek Jaziri,32,511025
2016,59,Robin Haase,29,446909
2016,60,Adrian Mannarino,28,615702
2016,61,Thomaz Bellucci,28,517431
2016,62,Alexandr Dolgopolov,28,553480
2016,63,Jan-Lennard Struff,26,370927
2016,64,Yen-Hsun Lu,33,304610
2016,65,Juan Monaco,32,526668
2016,66,Daniel Evans,26,390475
2016,67,Kevin Anderson,30,636955
2016,68,Gerald Melzer,26,174960
2016,69,Jeremy Chardy,29,656384
2016,70,Guillermo Garcia-Lopez,33,645052
2016,71,Horacio Zeballos,31,336458
2016,72,Dustin Brown,32,344360
2016,73,Paul-Henri Mathieu,34,484843
2016,74,Illya Marchenko,29,580369
2016,75,Adam Pavlasek,22,171483
2016,76,Taylor Fritz,19,473347
2016,77,Damir Dzumhur,24,535650
2016,78,Pierre-Hugues Herbert,25,405112
2016,79,Jordan Thompson,22,278130
2016,80,Guido Pella,26,612906
2016,81,Gastao Elias,26,250017
2016,82,Thiago Monteiro,22,143966
2016,83,Renzo Olivo,24,236126
2016,84,John Millman,27,502179
2016,85,Konstantin Kravchuk,31,157438
2016,86,Steve Darcis,32,232351
2016,87,Andreas Seppi,32,570779
2016,88,Donald Young,27,460911
2016,89,Mikhail Kukushkin,29,418887
2016,90,Ryan Harrison,24,360723
2016,91,Santiago Giraldo,29,311876
2016,92,Ricardas Berankis,26,359596
2016,93,Dusan Lajovic,26,463904
2016,94,Nikoloz Basilashvili,24,234427
2016,95,Carlos Berlocq,33,201474
2016,96,Dudi Sela,31,344437
2016,97,Radu Albot,27,259687
2016,98,Rogerio Dutra Silva,32,210289
2016,99,Daniil Medvedev,20,150270
2016,100,Yoshihito Nishioka,21,289929
2016,101,Aljaz Bedene,27,441999
2016,102,Victor Estrella Burgos,36,388180
2016,103,James Duckworth,24,201084
2016,104,Hyeon Chung,20,237733
2016,105,Jared Donaldson,20,335854
2016,106,Inigo Cervantes,27,413135
2016,107,Radek Stepanek,38,344611
2016,108,Frances Tiafoe,18,182814
2016,109,Sergiy Stakhovsky,30,337453
2016,110,Nicolas Kicker,24,97361
2016,111,Guido Andreozzi,25,121878
2016,112,Yuichi Sugita,28,230393
2016,113,Lukas Rosol,31,440641
2016,114,Bjorn Fratangelo,23,287848
2016,115,Daniel Gimeno-Traver,31,192555
2016,116,Stefan Kozlov,18,104851
2016,117,Jozef Kovalik,24,193073
2016,118,Tobias Kamke,30,157666
2016,119,Benjamin Becker,35,346447
2016,120,Marco Chiudinelli,35,186832
2016,121,Denis Istomin,30,405400
2016,122,Lukas Lacko,29,240526
2016,123,Joao Souza,28,84751
2016,124,Thomas Fabbiano,27,230436
2016,125,Evgeny Donskoy,26,334632
2016,126,Go Soeda,32,100907
2016,127,Taro Daniel,23,261605
2016,128,Alessandro Giannessi,26,148490
2016,129,Rajeev Ram,32,390750
2016,130,Julien Benneteau,35,331430
2016,131,Denis Kudla,24,371613
2016,132,Marius Copil,26,139268
2016,133,Vasek Pospisil,26,478228
2016,134,Arthur De Greef,24,56037
2016,135,Peter Polansky,28,99391
2016,136,Henri Laaksonen,24,121563
2016,137,Andrej Martin,27,199166
2016,138,Teymuraz Gabashvili,31,465810
2016,139,Leonardo Mayer,29,308291
2016,140,Tim Smyczek,28,220291
2016,141,Ernesto Escobedo,20,144172
2016,142,Norbert Gombos,26,77812
2016,143,Vincent Millot,30,137734
2016,144,Janko Tipsarevic,32,311279
2016,145,Roberto Carballes Baena,23,149433
2016,146,Marco Trungelliti,26,174995
2016,147,Ivan Dodig,31,334252
2016,148,Ruben Ramirez Hidalgo,38,60965
2016,149,Duckhee Lee,18,80131
2016,150,Maximo Gonzalez,33,95837
2016,151,Ernests Gulbis,28,403034
2016,152,Darian King,24,70673
2016,153,Quentin Halys,20,214923
2016,154,Jason Jung,27,59305
2016,155,Grega Zemlja,30,93273
2016,156,Andrey Rublev,19,131887
2016,157,Luca Vanni,31,94448
2016,158,Marton Fucsovics,24,117220
2016,159,Di Wu,25,135221
2016,160,Elias Ymer,20,105991
2016,161,Jan Satral,26,136062
2016,162,Kenny De Schepper,29,137645
2016,163,Enrique Lopez Perez,25,74648
2016,164,Albert Montanes,36,190376
2016,165,Constant Lestienne,24,49964
2016,166,Steven Diez,25,97020
2016,167,Ruben Bemelmans,28,125381
2016,168,Daniel Brands,29,179978
2016,169,Dennis Novikov,23,190229
2016,170,Andrew Whittington,23,55741
2016,171,Tatsuma Ito,28,101220
2016,172,Stefano Napolitano,21,43114
2016,173,Hiroki Moriya,26,89519
2016,174,Aleksandr Nedovyesov,29,89159
2016,175,Federico Gaio,24,76508
2016,176,Maximilian Marterer,21,44780
2016,177,Igor Sijsling,29,183396
2016,178,Kimmer Coppejans,22,60064
2016,179,Ilya Ivashka,22,84605
2016,180,Sam Groth,29,248789
2016,181,Mirza Basic,25,120475
2016,182,Michael Berrer,36,150509
2016,183,Mathias Bourgue,22,129685
2016,184,Agustin Velotti,24,36899
2016,185,Laslo Djere,21,80697
2016,186,Marcelo Arevalo,26,65189
2016,187,Marco Cecchinato,24,171578
2016,188,Pedro Sousa,28,39821
2016,189,Peter Gojowczyk,27,96698
2016,190,Uladzimir Ignatik,26,52907
2016,191,Tennys Sandgren,25,54453
2016,192,Saketh Myneni,29,104322
2016,193,Alexander Kudryavtsev,31,117597
2016,194,James McGee,29,60340
2016,195,Joris De Loore,23,48991
2016,196,Matthew Barton,25,131850
2016,197,Michael Mmoh,18,103038
2016,198,Marko Tepavac,22,48352
2016,199,Mohamed Safwat,26,52547
2016,200,Noah Rubin,20,119924
2016,201,Ze Zhang,26,87530
2016,202,Miljan Zekic,28,45263
2016,203,Alexander Sarkissian,26,80722
2016,204,Reilly Opelka,19,106786
2016,205,Alexander Bublik,19,55525
2016,206,Yannik Reuter,25,43339
2016,207,Matteo Donati,21,65353
2016,208,Akira Santillan,19,49173
2016,209,Jordi Samper-Montana,26,87719
2016,210,Stefanos Tsitsipas,18,28959
2016,211,Cristian Garin,20,32519
2016,212,Tristan Lamasine,23,103137
2016,213,Lorenzo Giustino,25,64923
2016,214,Jeremy Jahn,26,27759
2016,215,Franko Skugor,29,124628
2016,216,Mitchell Krueger,22,57340
2016,217,Blaz Kavcic,29,46069
2016,218,Andre Ghem,34,54147
2016,219,Alejandro Gonzalez,27,101820
2016,220,Guilherme Clezar,23,90813
2016,221,Marinko Matosevic,31,40808
2016,222,Marc Polmans,19,33514
2016,223,Dmitry Popko,20,56320
2016,224,Pedja Krstin,22,65864
2016,225,Casper Ruud,18,32031
2016,226,John-Patrick Smith,27,78413
2016,227,Ramkumar Ramanathan,22,68998
2016,228,Riccardo Bellotti,25,22377
2016,229,Andrey Golubev,29,62548
2016,230,Yuya Kibi,30,30199
2016,231,Amir Weintraub,30,79390
2016,232,Daniel Masur,22,28616
2016,233,Yasutaka Uchiyama,24,37286
2016,234,Filip Krajinovic,24,74259
2016,235,Aslan Karatsev,23,70168
2016,236,Adrian Menendez-Maceiras,31,79362
2016,237,Christopher O'Connell,22,26262
2016,238,Nikola Milojevic,21,37369
2016,239,Gonzalo Lama,23,36585
2016,240,Jose Hernandez-Fernandez,26,25719
2016,241,Frank Dancevic,32,70775
2016,242,Jonathan Eysseric,26,38800
2016,243,Kristijan Mesaros,28,22448
2016,244,Zdenek Kolar,20,24893
2016,245,Brian Baker,31,212593
2016,246,Marsel Ilhan,29,118946
2016,247,Gregoire Barrere,22,87634
2016,248,Dennis Novak,23,65436
2016,249,Federico Coria,24,21067
2016,250,Denis Shapovalov,17,52805
2016,251,Yannick Mertens,29,69657
2016,252,Austin Krajicek,26,153657
2016,253,Salvatore Caruso,24,56548
2016,254,Aldin Setkic,29,61817
2016,255,Blaz Rola,26,47887
2016,256,Alexandre Sidorenko,28,60429
2016,257,Thiemo de Bakker,28,184218
2016,258,Maxime Janvier,20,42672
2016,259,Axel Michon,26,60987
2016,260,Marc Sieber,28,21790
2016,261,Vaclav Safranek,22,21972
2016,262,Sekou Bangoura,25,50350
2016,263,Luke Saville,22,82105
2016,264,Caio Zampieri,30,24321
2016,265,Andrea Arnaboldi,28,89981
2016,266,Laurynas Grigelis,25,17365
2016,267,Filippo Volandri,35,45638
2016,268,Maxime Authom,29,20571
2016,269,Sadio Doumbia,26,22290
2016,270,Ti Chen,33,44272
2016,271,Edward Corrie,28,45217
2016,272,Yannick Maden,27,24915
2016,273,Alejandro Falla,33,67292
2016,274,Pere Riba,28,49854
2016,275,Ricardo Ojeda Lara,23,20502
2016,276,Cameron Norrie,21,26745
2016,277,Eduardo Struvay,26,47747
2016,278,Germain Gigounon,27,24826
2016,279,Kamil Majchrzak,20,19642
2016,280,Jerzy Janowicz,26,94252
2016,281,Sam Barry,24,28097
2016,282,Tommy Paul,19,81077
2016,283,Antal Van Der Duim,29,26497
2016,284,Lloyd Harris,19,17119
2016,285,Zhe Li,30,78204
2016,286,Blake Mott,20,28382
2016,287,Petr Michnev,27,17656
2016,288,Sebastian Ofner,20,19856
2016,289,Roberto Quiroz,24,22495
2016,290,Calvin Hemery,21,54239
2016,291,Gianluigi Quinzi,20,21576
2016,292,Jaume Munar,19,27969
2016,293,Edouard Roger-Vasselin,33,134633
2016,294,Emilio Gomez,25,39097
2016,295,Alexey Vatutin,24,29352
2016,296,Clement Geens,20,19281
2016,297,Egor Gerasimov,24,39499
2016,298,Kevin Krawietz,24,15471
2016,299,Laurent Lokoli,22,27750
2016,300,Lorenzo Sonego,21,38237
2016,301,Marek Jaloviec,22,14922
2016,302,Liam Broady,22,72026
2016,303,Dragos Dima,24,21633
2016,304,Michael Linzer,27,34470
2016,306,Jurgen Melzer,35,67594
2016,307,Philip Bester,28,27187
2016,308,Tomas Lipovsek Puches,23,29825
2016,309,Alessandro Bega,25,20801
2016,310,Oriol Roca Batalla,23,36374
2016,311,Adrian Ungur,31,70631
2016,312,Attila Balazs,28,14226
2016,313,Carlos Taberner,19,15841
2016,314,Maxime Hamou,21,23427
2016,315,Yannick Hanfmann,25,21079
2016,316,Frederico Ferreira Silva,21,33976
2016,317,Dzmitry Zhyrmont,27,22742
2016,318,Adam El Mihdawy,27,17914
2016,319,Gianni Mina,24,17525
2016,320,Prajnesh Gunneswaran,27,18499
2016,321,Mackenzie McDonald,21,82188
2016,322,Brydan Klein,26,77087
2016,323,David Perez Sanz,22,31406
2016,324,Max Purcell,18,17236
2016,325,Albano Olivetti,25,70082
2016,326,Stefano Travaglia,24,12051
2016,327,Daniel Nguyen,26,46521
2016,328,Nikola Mektic,28,32734
2016,329,Jurgen Zopp,28,58383
2016,330,Nicolas Jarry,21,37836
2016,331,Alexandre Muller,19,14172
2016,332,Yann Marti,28,23172
2016,333,Yannick Jankovits,29,22416
2016,334,Roman Safiullin,19,14132
2016,335,Gianluca Mager,22,20341
2016,336,Soonwoo Kwon,19,23221
2016,337,Michal Konecny,27,29710
2016,338,Edoardo Eremin,23,17515
2016,339,Shuichi Sekiguchi,25,23901
2016,340,Mikael Torpegaard,22,13356
2016,341,Juan Ignacio Londero,23,24404
2016,342,Joao Domingues,23,16230
2016,343,Joao Pedro Sorgi,23,15065
2016,344,Juan Pablo Paz,21,16982
2016,345,Danilo Petrovic,24,20928
2016,346,Karim-Mohamed Maamoun,25,16545
2016,347,Tallon Griekspoor,20,15819
2016,348,Maxime Chazal,23,31932
2016,349,Alex de Minaur,17,19292
2016,350,Evan King,24,21605
2016,351,Daniel Munoz de la Nava,34,168915
2016,352,Hugo Nys,25,17235
2016,353,Alvaro Lopez San Martin,19,18829
2016,354,Gleb Sakharov,28,22002
2016,355,Marek Michalicka,30,28457
2016,356,Sumit Nagal,19,17392
2016,357,Roberto Ortega-Olmedo,25,25732
2016,358,Tommy Robredo,34,100835
2016,359,Nils Langer,26,34745
2016,360,Andrea Collarini,24,15462
2016,361,Vladyslav Manafov,23,13244
2016,362,Benjamin Bonzi,20,13050
2016,363,Ivan Nedelko,30,23279
2016,364,Andreas Beck,30,21415
2016,365,Cem Ilkel,21,30203
2016,366,Raymond Sarmiento,24,18327
2016,367,Omar Jasika,19,59831
2016,368,Sanjar Fayziev,22,17025
2016,369,Gregoire Jacq,24,14931
2016,370,Peter Torebko,28,16692
2016,371,Marvin Netuschil,25,12128
2016,372,Jan Mertl,34,35264
2016,374,Lamine Ouahab,32,18230
2016,375,Walter Trusendi,31,10487
2016,376,Daniel Elahi Galan,20,13566
2016,377,Takuto Niki,29,18162
2016,378,Matteo Viola,29,20910
2016,379,Christopher Heyman,23,11486
2016,380,Lloyd Glasspool,23,23085
2016,381,Tim van Rijthoven,19,21477
2016,382,Nicolas Meister,27,22395
2016,383,Hubert Hurkacz,19,13792
2016,384,Mikelis Libietis,24,12538
2016,385,Nicolas Barrientos,29,23521
2016,386,Pablo Vivero Gonzalez,21,13143
2016,387,Frederik Nielsen,33,14930
2016,388,Alejandro Gomez,25,13512
2016,389,Jarmere Jenkins,26,15792
2016,390,Jaroslav Pospisil,35,9827
2016,392,Dayne Kelly,26,18926
2016,393,Maximilian Neuchrist,25,12926
2016,394,Maximiliano Estevez,27,12146
2016,395,Maverick Banes,24,19246
2016,396,Eric Quigley,27,22712
2016,397,Marc Giner,25,13574
2016,398,Lukas Mugevicius,22,10918
2016,399,Ante Pavic,27,32288
2016,400,Alex Kuznetsov,29,26697
2016,401,Mario Vilella Martinez,21,11912
2016,402,Botic van de Zandschulp,21,10728
2016,403,Lucas Miedler,20,11967
2016,404,Daniel Altmaier,18,11828
2016,405,Julien Dubail,28,15479
2016,406,Cheong-Eui Kim,26,14024
2016,407,Facundo Mena,24,17081
2016,408,Alexander Ward,26,57208
2016,409,Edan Leshem,19,14468
2016,410,Bernabe Zapata Miralles,19,12295
2016,411,Dmitry Tursunov,34,154898
2016,412,Makoto Ochi,20,14161
2016,413,Temur Ismailov,21,15111
2016,414,Bruno Santanna,23,11157
2016,415,Miki Jankovic,22,19401
2016,416,Christian Lindell,25,29515
2016,417,N.Sriram Balaji,26,16709
2016,418,Remi Boutillier,26,11694
2016,419,Enzo Couacaud,21,10552
2016,420,David Guez,34,45721
2016,421,Tomislav Brkic,26,15675
2016,422,Romain Jouan,31,11468
2016,423,Yusuke Takahashi,19,10330
2016,424,Jan Hernych,37,20933
2016,425,Filip Horansky,23,14221
2016,426,Alexandar Lazov,26,15521
2016,427,Fred Gil,31,10907
2016,428,Michal Przysiezny,32,20070
2016,429,Jimmy Wang,31,18110
2016,430,Peter Nagy,24,11450
2016,431,Kaichi Uchida,22,16844
2016,432,Pablo Andujar,30,86964
2016,433,Dimitar Kuzmanov,23,16883
2016,434,Vishnu Vardhan,29,10822
2016,435,Matteo Berrettini,20,7586
2016,436,Yong-Kyu Lim,25,10278
2016,437,Maxim Dubarenco,23,13659
2016,438,Daniel Dutra da Silva,28,9493
2016,439,Erik Crepaldi,26,11782
2016,440,Facundo Arguello,24,41560
2016,441,Marcus Willis,26,71491
2016,442,Jesse Huta Galung,31,9951
2016,443,Niels Lootsma,22,9069
2016,444,James Ward,29,102078
2016,445,Aleksandre Metreveli,23,15981
2016,446,Brayden Schnur,21,16595
2016,447,Christopher Rungkat,26,13859
2016,448,Vladimir Ivanov,29,11692
2016,449,Bastian Malla,20,12479
2016,450,Tak Khunn Wang,25,12310
2016,451,Robin Stanek,21,13509
2016,452,Xin Gao,22,16381
2016,453,Carl Soderlund,19,17047
2016,454,Mats Moraing,24,10139
2016,455,Markus Eriksson,27,11640
2016,456,Marco Bortolotti,25,11482
2016,457,Franco Agamenone,23,9064
2016,458,Peter Kobelt,26,10461
2016,459,Kuan-Yi Lee,20,11139
2016,462,Tomas Papik,22,9230
2016,463,Pol Toledo Bague,22,10143
2016,464,Simone Bolelli,31,138770
2016,465,Ivan Gakhov,20,8296
2016,466,Hernan Casanova,22,11852
2016,467,Dennis Nevolo,27,15697
2016,468,Romain Barbosa,22,9890
2016,469,Andres Artunedo Martinavarro,23,10308
2016,470,Cedrik-Marcel Stebe,26,29654
2016,471,Gavin Van Peperzeel,24,20161
2016,472,Lorenzo Frigerio,27,9786
2016,473,Jonas Luetjen,26,7934
2016,474,Juan Ignacio Galarza,22,12918
2016,475,Lenny Hampel,20,13909
2016,476,Hans Podlipnik-Castillo,28,33640
2016,477,Antoine Hoang,21,10712
2016,478,Claudio Fortuna,26,9048
2016,479,Corentin Denolly,19,15022
2016,480,Mariano Kestelboim,20,10094
2016,481,Gonzalo Oliveira,21,11638
2016,482,Andrea Pellegrino,19,10658
2016,483,Nino Serdarusic,20,17064
2016,484,Andriej Kapas,27,9813
2016,485,Albert Alcaraz Ivorra,21,10488
2016,486,Christian Harrison,22,53300
2016,487,Ivan Endara,28,10207
2016,488,Adrien Bossel,29,16061
2016,489,Scott Griekspoor,25,12759
2016,490,Hugo Grenier,20,9595
2016,491,Pedro Cachin,21,20777
2016,492,Finn Tearney,26,18800
2016,493,Matthias Bachinger,29,60314
2016,494,Bradley Mousley,20,17074
2016,495,Riccardo Bonadio,23,8555
2016,496,Vit Kopriva,19,9030
2016,497,Mikael Ymer,18,14612
2016,498,Niels Desein,29,26552
2016,499,Benjamin Mitchell,24,36872
2016,500,Shintaro Imai,23,8408
2016,501,Evgeny Karlovskiy,22,12378
2016,502,Alexander Igoshin,24,9582
2016,503,Farrukh Dustov,30,31342
2016,504,Gonzalo Escobar,27,16166
2016,505,Anil Yuksel,26,9890
2016,506,Antoine Escoffier,24,9142
2016,507,Matias Zukas,20,9244
2016,508,Federico Zeballos,28,7540
2016,509,Filip Peliwo,22,12529
2016,510,Denys Mylokostov,23,7666
2016,511,Dominik Kellovsky,20,9628
2016,512,Markos Kalovelonis,22,11985
2016,514,Dominik Koepfer,22,11965
2016,515,Yaraslav Shyla,23,8159
2016,516,Jonny O'Mara,21,7444
2016,517,Nicolaas Scholtz,25,11107
2016,518,Oscar Otte,23,8292
2016,519,Sebastian Fanselow,24,11079
2016,520,Omar Salman,20,8620
2016,521,Petru-Alexandru Luncanu,27,8088
2016,522,Altug Celikbilek,20,9938
2016,523,Matija Pecotic,27,14661
2016,524,Wil Spencer,27,11352
2016,525,Nicolas Santos,28,6528
2016,526,Laurent Rochette,28,7338
2016,527,Gabriel Alejandro Hidalgo,26,7970
2016,528,Takanyi Garanganga,26,12436
2016,529,Corentin Moutet,17,9372
2016,530,Daniel Cukierman,21,10532
2016,531,Antonio Massara,21,9170
2016,532,Yuki Bhambri,24,56660
2016,533,Nikola Cacic,26,16951
2016,534,Juan Sebastian Gomez,24,6354
2016,535,Jay Clarke,18,7508
2016,536,Benjamin Lock,23,8219
2016,537,Bastian Trinker,26,21894
2016,538,Louis Wessels,18,22508
2016,539,Francisco Bahamonde,20,8444
2016,540,Patrik Rosenholm,28,10155
2016,541,Gonzalo Villanueva,21,7344
2016,542,Jaume Pla Malfeito,21,8974
2016,543,Pedro Sakamoto,23,6461
2016,544,Orlando Luz,18,11098
2016,545,Lennert Van Der Linden,27,7063
2016,546,Marcelo Zormann,20,9937
2016,547,Fernando Romboli,27,9829
2016,548,Tobias Simon,25,8112
2016,549,Greg Jones,27,10805
2016,550,Mate Delic,23,5951
2016,551,Jared Hiltzik,22,13189
2016,552,Gerard Granollers,27,14056
2016,553,Adelchi Virgili,26,6221
2016,554,Connor Smith,26,19207
2016,555,Andre Gaspar Murta,22,7431
2016,556,Masato Shiga,25,8022
2016,557,Rhyne Williams,25,10825
2016,558,Ryan Shane,22,22420
2016,559,Fabien Reboul,21,6778
2016,560,Ricardo Hocevar,31,7326
2016,561,Omar Giacalone,24,10544
2016,562,Miliaan Niesten,28,6510
2016,563,Anton Zaitcev,29,7178
2016,565,Lucas Gomez,21,29896
2016,567,Gianluca Naso,29,14307
2016,568,Jose Pereira,25,16469
2016,569,Robin Kern,23,6736
2016,570,Alexis Musialek,28,9628
2016,571,Francesco Vilardo,26,7476
2016,572,Sergey Betov,29,7708
2016,573,Isak Arvidsson,24,11361
2016,574,Andrea Basso,23,6735
2016,575,Michal Schmid,28,7704
2016,576,Julien Cagnina,22,7489
2016,577,Jonas Merckx,23,6704
2016,578,Ljubomir Celebic,25,6668
2016,579,Marcos Giron,23,7324
2016,580,Cristian Rodriguez,26,5988
2016,582,Nicolae Frunza,19,6070
2016,583,Sami Reinwein,24,6186
2016,584,Michael Geerts,21,7923
2016,585,Kento Takeuchi,29,10690
2016,586,Alex Bolt,23,11760
2016,587,Martin Cuevas,24,5348
2016,588,Joao Monteiro,22,5836
2016,589,Danylo Kalenichenko,22,5756
2016,590,Vitaly Kozyukov,22,9210
2016,591,Andrea Vavassori,21,9161
2016,592,Alexander Zhurbin,24,8232
2016,593,Cristobal Saavedra-Corvalan,26,8224
2016,594,Yosuke Watanuki,18,5589
2016,595,Roberto Cid Subervi,23,4400
2016,596,Viktor Galovic,26,5653
2016,598,Evan Song,24,8733
2016,599,Jules Okala,19,6914
2016,600,Alexandar Lazarov,19,6651
2016,601,Patrik Fabian,22,8012
2016,602,Juan Pablo Ficovich,19,7042
2016,603,Daniel Cox,26,17733
2016,604,Alejandro Tabilo,19,7809
2016,605,Jumpei Yamasaki,19,5880
2016,606,Jan Choinski,20,16917
2016,607,David Pichler,20,7471
2016,608,Roberto Marcora,27,13134
2016,609,Yan Bai,27,42164
2016,610,Bar Tzuf Botzer,22,5696
2016,611,Antoine Bellier,20,13310
2016,612,Vadym Ursu,19,6264
2016,613,Felix Auger-Aliassime,16,10248
2016,614,Juan Carlos Saez,25,7196
2016,615,Luke Bambridge,21,9684
2016,616,Carlos Gomez-Herrera,26,6552
2016,617,Sidharth Rawat,23,6684
2016,618,Mick Lescure,23,7018
2016,619,Nerman Fatic,22,5846
2016,620,Pavel Nejedly,23,6751
2016,621,Fajing Sun,20,15086
2016,622,Viktor Durasovic,19,8571
2016,623,Pascal Meis,23,7139
2016,624,Laslo Urrutia Fuentes,26,5693
2016,625,Artem Smirnov,28,19342
2016,626,Gibril Diarra,26,6606
2016,627,Chuhan Wang,24,12683
2016,628,Ben Patael,19,5992
2016,629,Marat Deviatiarov,22,7380
2016,630,Victor Baluda,24,5478
2016,631,Daniel Nolan,19,9280
2016,632,Carlos Boluda-Purkiss,23,7564
2016,633,Lleyton Hewitt,35,45955
2016,634,Hong Chung,23,4454
2016,635,Geoffrey Blancaneaux,18,15212
2016,636,Yecong He,22,14133
2016,637,Julian Reister,30,20684
2016,638,Neil Pauffley,26,5404
2016,639,Jordan Ubiergo,23,5710
2016,640,Filip Veger,22,6058
2016,641,Juan Pablo Varillas,21,5846
2016,642,Issei Okamura,24,6456
2016,643,Tucker Vorster,28,7916
2016,644,Liang-Chi Huang,24,6899
2016,645,Giovanni Lapentti,33,23471
2016,646,Alexander Vasilenko,21,7871
2016,647,Oscar Jose Gutierrez,23,5553
2016,648,Jose Fco. Vidal Azorin,23,6298
2016,649,Christopher Eubanks,20,16086
2016,650,Boy Westerhof,31,5734
2016,651,Maxime Teixeira,27,9383
2016,652,Joran Vliegen,23,5028
2016,653,Marcin Gawron,28,5714
2016,654,Ilya Vasilyev,20,5152
2016,656,Denys Molchanov,29,32578
2016,657,Jacopo Stefanini,20,6055
2016,658,Davide Galoppini,22,6878
2016,659,Patricio Heras,27,3866
2016,660,Sanam Singh,28,7632
2016,661,Alberto Brizzi,32,5319
2016,662,Nam Hoang Ly,19,5140
2016,663,Young Seok Kim,21,6460
2016,664,Gonzales Austin,24,9456
2016,665,Min-Hyeok Cho,29,4572
2016,666,Matt Reid,26,16077
2016,667,Gengo Kikuchi,25,5188
2016,668,Richard Gabb,24,4522
2016,669,Alex Molcan,19,8066
2016,670,Thomas Fancutt,21,8668
2016,671,Filipp Kekercheni,21,6053
2016,672,Clay Thompson,24,8111
2016,673,Pascal Brunner,27,5931
2016,674,Christoph Negritu,22,6118
2016,675,Matwe Middelkoop,33,3144
2016,676,Thai-Son Kwiatkowski,21,10819
2016,677,Thomas Brechemier,20,4372
2016,678,Sho Katayama,27,4488
2016,679,Dragos Nicolae Madaras,19,5073
2016,680,Nick Chappell,24,5816
2016,681,Christopher Diaz-Figueroa,26,5198
2016,682,Fabrizio Ornago,24,5310
2016,683,Miguel Semmler,19,7629
2016,684,Bowen Ouyang,24,14197
2016,685,Tim Puetz,29,2776
2016,686,Reda El Amrani,28,8209
2016,687,Anis Ghorbel,27,4028
2016,688,Juan Manuel Benitez Chavarriaga,21,5014
2016,689,Gianluca Di Nicola,21,5316
2016,690,Jelle Sels,21,6752
2016,691,Alberto Romero De Avila Senise,19,6333
2016,692,David Poljak,20,6425
2016,693,Sebastien Boltz,23,7634
2016,694,Johan Nikles,19,12902
2016,695,Jonathan Kanar,22,5520
2016,696,Flavio Cipolla,33,7486
2016,697,Benjamin Balleret,33,6707
2016,698,Matthew Ebden,29,52639
2016,699,Mateo Nicolas Martinez,22,4452
2016,700,Rigele Te,19,12464
2016,701,Luca Pancaldi,23,4472
2016,702,Vasile Antonescu,26,5514
2016,704,Sang-Woo Noh,24,3564
2016,705,Kenneth Raisma,18,4058
2016,706,Kirill Dmitriev,25,4270
2016,706,Sander Gille,25,6393
2016,708,Yannick Vandenbulcke,26,4626
2016,709,Julian Onken,28,4346
2016,710,Grzegorz Panfil,28,5474
2016,711,Yuichi Ito,30,5132
2016,712,Samuel Bensoussan,25,5380
2016,713,Andres Molteni,28,3280
2016,714,Adrien Puget,25,5454
2016,715,Carlos Eduardo Severino,26,6323
2016,716,Filippo Baldi,20,5420
2016,717,Thales Turini,27,6150
2016,718,Vadim Alekseenko,33,7670
2016,719,Ryan Haviland,36,5145
2016,720,Mikhail Elgin,35,8445
2016,721,Steven De Waard,25,5496
2016,722,Ilija Vucic,26,5452
2016,723,Jose Olivares,19,4664
2016,724,Renta Tokuda,18,4284
2016,725,Borna Gojo,18,4230
2016,726,Alexios Halebian,22,7776
2016,727,Nicola Ghedin,28,4606
2016,728,Marcos Giraldi Requena,23,7760
2016,729,Julian Ocleppo,19,3850
2016,730,Fabiano De Paula,28,6548
2016,731,Dominik Boehler,20,3852
2016,732,James Marsalek,24,4174
2016,733,Naoki Nakagawa,20,4940
2016,734,Luis Patino,23,17109
2016,735,Bogdan Borza,19,6038
2016,736,Winston Lin,23,6609
2016,737,Alexander Lobkov,26,4598
2016,738,Artur Dubinski,20,3062
2016,739,Khumoyun Sultanov,18,5850
2016,740,Zihao Xia,19,7176
2016,741,Dejan Katic,28,4262
2016,741,David Agung Susanto,25,4106
2016,743,Oliver Anderson,18,14375
2016,744,Andrei Vasilevski,25,4941
2016,745,Teodor-Dacian Craciun,36,3818
2016,746,Hugo Dellien,23,3784
2016,747,Patrik Niklas-Salminen,19,4223
2016,748,Johannes Haerteis,20,5837
2016,749,Maxime Tabatruong,27,7531
2016,750,Joao Menezes,20,2700
2016,751,Rishab Agarwal,21,3368
2016,752,Fred Simonsson,22,8661
2016,753,Hugo Voljacques,23,4208
2016,754,Raul Brancaccio,19,5068
2016,755,Johan Tatlot,20,8160
2016,756,Julian Lenz,23,4314
2016,757,Aleksandar Vukic,20,5590
2016,758,Jurabek Karimov,18,6028
2016,759,Evgeny Elistratov,21,4060
2016,760,Oleksandr Bielinskyi,22,3232
2016,761,Franco Emanuel Egea,20,3864
2016,762,Scott Clayton,22,4676
2016,763,David Vega Hernandez,22,6226
2016,764,Matteo Trevisan,27,4297
2016,765,Joshua Milton,27,5934
2016,766,Tsung-Hua Yang,25,12000
2016,767,Alessandro Petrone,26,3081
2016,768,Gijs Brouwer,20,4152
2016,769,Caio Silva,25,4317
2016,770,Ryota Tanuma,21,4436
2016,771,Muhammet Haylaz,21,5782
2016,772,Dan Dowson,20,4592
2016,773,Austin Smith,23,10216
2016,774,Igor Marcondes,19,3394
2016,775,Jakob Sude,25,4132
2016,776,Ryusei Makiguchi,25,3416
2016,777,Ricardo Rodriguez - Pace,23,3950
2016,778,Raleigh Smith,25,5160
2016,779,Martin Beran,21,4626
2016,780,Dominic Weidinger,21,4234
2016,781,Wishaya Trongcharoenchaikul,21,6014
2016,782,Tomislav Jotovski,26,4898
2016,783,Ronan Joncour,19,6570
2016,784,JC Aragone,21,3420
2016,785,Nicola Kuhn,16,3888
2016,786,Richard Muzaev,24,3296
2016,787,Deiton Baughman,20,5345
2016,788,Manuel Sanchez,25,8524
2016,789,Lukas Ollert,24,3578
2016,790,Yusuke Watanuki,26,4442
2016,791,Martins Podzus,22,3666
2016,792,Tomislav Ternar,26,3354
2016,793,Soichiro Moritani,22,3624
2016,794,Denis Matsukevich,30,6955
2016,795,Farris Fathi Gosea,22,5994
2016,796,Aron Hiltzik,20,5164
2016,797,Youssef Hossam,18,2538
2016,798,Miomir Kecmanovic,17,2808
2016,799,Valentin Vacherot,18,3004
2016,800,Timon Reichelt,27,2856
2016,801,Leny Mitjana,22,3068
2016,802,Guillermo Rivera-Aranguiz,27,3300
2016,803,Jorge Montero,26,4080
2016,804,Peter Goldsteiner,26,3588
2016,805,Ivan Davydov,20,3816
2016,806,Matias Franco Descotte,22,3774
2016,807,John Lamble,24,5166
2016,808,George Tsivadze,23,5014
2016,809,Gabor Borsos,25,4334
2016,810,Denis Yevseyev,23,7314
2016,811,Elmar Ejupovic,23,5334
2016,812,Issam Haitham Taweel,27,5852
2016,813,Fabricio Neis,26,2070
2016,815,Aziz Dougaz,19,3312
2016,816,Mike Urbanija,27,3226
2016,817,Stanislav Poplavskyy,25,3689
2016,818,Gian Marco Moroni,18,3712
2016,819,Peter Bothwell,21,3612
2016,820,Mauricio Echazu,27,3654
2016,821,Eduard Esteve Lobato,22,4438
2016,822,Leon Schutt,23,4090
2016,823,Kevin Griekspoor,25,2696
2016,824,Francesco Picco,25,3294
2016,825,Joel Cannell,19,3192
2016,826,Nik Razborsek,23,3326
2016,827,Peter Vajda,20,3348
2016,829,Baptiste Crepatte,22,3430
2016,830,Ilya Lebedev,26,3866
2016,831,Hiroyasu Ehara,25,4780
2016,832,Cameron Silverman,24,3378
2016,833,Moez Echargui,23,4323
2016,834,Simeon Rossier,21,5835
2016,835,Milan Drinic,19,3794
2016,836,Pietro Licciardi,22,4428
2016,837,Frank Moser,40,5339
2016,838,Maxime Mora,19,3187
2016,839,Michael Grant,24,2728
2016,840,Zhizhen Zhang,20,10080
2016,841,Jeroen Vanneste,22,3226
2016,842,Mico Santiago,22,6169
2016,843,Giorgio Ricca,21,2998
2016,844,Libor Salaba,24,3154
2016,845,Filippo Leonardi,29,3196
2016,846,Andrei Stefan Apostol,21,3644
2016,847,Ken Onishi,20,4146
2016,848,Colin Van Beem,24,3944
2016,849,Bernd Kossler,23,3830
2016,850,George Von Massow,26,4336
2016,851,Dekel Bar,23,6168
2016,854,Andre Goransson,22,2850
2016,855,Yuya Ito,19,2606
2016,857,Alejandro Davidovich Fokina,17,2980
2016,858,Jeremy Beale,22,4144
2016,859,Nathan Pasha,24,6073
2016,860,Amine Ahouda,19,9415
2016,861,Louis Tessa,18,3808
2016,862,Luca Margaroli,24,5165
2016,863,Bernardo Saraiva,23,3656
2016,864,Connor Farren,22,4488
2016,865,Bastian Wagner,22,3346
2016,866,Maciej Smola,23,4734
2016,868,Sherif Sabry,30,4564
2016,869,Florian Fallert,24,4230
2016,870,Cristian Carli,20,4436
2016,872,Harry Bourchier,20,11065
2016,873,Marek Gengel,21,2704
2016,874,Mikhail Fufygin,26,2810
2016,875,Francis Casey Alcantara,24,4698
2016,876,Camilo Ugo Carabelli,17,3122
2016,877,Elie Rousset,27,4676
2016,878,Tom Kocevar-Desman,26,3555
2016,879,Juan Lizariturry,25,3780
2016,880,Viktor Filipenko,25,3434
2016,881,Tal Goldengoren,20,4370
2016,882,Patrik Nema,19,4263
2016,883,Gaston-Arturo Grimolizzi,30,3070
2016,884,Duje Kekez,23,4270
2016,885,Jean-Marc Werner,26,4282
2016,886,Felipe Mantilla,23,4628
2016,887,Christian Hirschmueller,23,3590
2016,888,Thomas Statzberger,24,3808
2016,889,Francois-Arthur Vibert,26,4212
2016,890,Wilson Leite,25,6047
2016,891,Rui Machado,32,3063
2016,893,Jarryd Chaplin,24,3644
2016,894,Tiago Lopes,30,2274
2016,895,Demian Raab,23,3654
2016,896,Ranjeet Virali-Murugesan,31,3748
2016,897,Matej Vocel,19,3394
2016,898,Ryota Kishi,23,3210
2016,899,Jonathan Mridha,21,4138
2016,900,Karim Hossam,22,3210
2016,901,Andre Miele,29,3763
2016,902,Marc Fornell-Mestres,34,4368
2016,903,Hunter Callahan,24,3920
2016,904,Daniel Appelgren,20,5113
2016,905,Florent Diep,25,4146
2016,906,Maciej Rajski,25,5048
2016,907,Michal Dembek,19,4496
2016,908,Lukasz Kubot,34,5202
2016,909,Somdev Devvarman,31,15560
2016,910,Tung-Lin Wu,18,3686
2016,912,David Pel,25,3899
2016,913,Romain Arneodo,24,5183
2016,914,Joy Vigani,20,2592
2016,915,Stijn Meulemans,24,2466
2016,916,Maxim Ratniuk,20,3416
2016,917,Eros Siringo,25,3210
2016,918,Vasko Mladenov,27,4124
2016,919,Arata Onozawa,28,3464
2016,920,Javier Pulgar-Garcia,27,2970
2016,921,Mor Bulis,20,3714
2016,922,Lucas Catarina,20,5971
2016,923,Nuno Deus,21,4180
2016,924,Jorge Hernando Ruano,29,4438
2016,925,Petar Conkic,20,4192
2016,926,Sergio Martos Gornes,22,3672
2016,927,Yan Sabanin,26,4906
2016,928,Pirmin Haenle,28,7104
2016,929,Ruben Gonzales,31,2500
2016,930,Roman Jebavy,27,1189
2016,932,Yibing Wu,17,4878
2016,934,Piotr Matuszewski,18,2076
2016,936,Alex Rybakov,19,2958
2016,937,Ivan Bjelica,32,3402
2016,938,Raphael Baltensperger,19,3072
2016,939,Yurii Dzhavakian,23,2836
2016,940,Ricardo Urzua-Rivera,27,2866
2016,941,Jake Delaney,19,4992
2016,941,Franjo Raspudic,26,3592
2016,943,Petr Hajek,19,2918
2016,943,Santiago Maresca,22,3592
2016,945,Riccardo Sinicropi,26,3396
2016,946,Andrew Carter,26,9024
2016,947,Romain Bauvy,22,3914
2016,948,Mateusz Terczynski,20,3448
2016,949,Jui-Chen Hung,26,4580
2016,950,Aria Harajchi,20,3864
2016,951,Riccardo Ghedin,31,1380
2016,957,Pavel Kotov,18,2633
2016,958,Alban Meuffels,24,2018
2016,959,Shane Vinsant,23,2328
2016,960,Orel Ovil,20,3012
2016,961,Jordan Correia,19,2486
2016,961,Rafael Matos,20,3265
2016,961,Keelan Oakley,24,2486
2016,964,Milos Sekulic,27,4374
2016,965,Eduardo Agustin Torre,22,2496
2016,966,Alex Blumenberg,24,2590
2016,967,Anton Galkin,25,3370
2016,968,Ondrej Krstev,19,2954
2016,969,Eduardo Dischinger,24,3227
2016,970,Daniil Zarichanskyy,18,3016
2016,971,Joshua Paris,20,3586
2016,972,Timur Khabibulin,21,6144
2016,973,Alberto Cammarata,23,3432
2016,974,Darko Jandric,22,3630
2016,975,Nils Brinkmann,24,3952
2016,976,Alon Elia,21,3898
2016,977,Oleg Khotkov,26,3692
2016,978,Alessandro Luisi,27,4150
2016,979,Fabrice Martin,30,9837
2016,980,Mikhail Ledovskikh,30,4760
2016,982,Nico Matic,24,2607
2016,983,Kacper Zuk,17,1792
2016,985,Evan Zhu,18,2024
2016,989,Daniel Yoo,31,2556
2016,990,Evan Furness,18,3501
2016,991,Ricardo Villacorta-Alonso,31,2674
2016,992,Ugo Humbert,18,2366
2016,993,Gabriel Donev,20,2314
2016,995,Pietro Rondoni,23,2220
2016,996,Patrick Daciek,26,2470
2016,997,Darren K. Polkinghorne,23,5950
2016,998,Jirat Navasirisomboon,20,3540
2016,999,Matthieu Roy,27,2662
2016,1000,Manuel Guinard,21,3104
2017,1,Rafael Nadal,31,15851340
2017,2,Roger Federer,36,13054856
2017,3,Grigor Dimitrov,26,6575244
2017,4,Alexander Zverev,20,5006313
2017,5,Dominic Thiem,24,4283907
2017,6,Marin Cilic,29,4004923
2017,7,David Goffin,27,3890613
2017,8,Jack Sock,25,3149419
2017,9,Stan Wawrinka,32,3083829
2017,10,Pablo Carreno Busta,26,2843305
2017,11,Juan Martin del Potro,29,2547354
2017,12,Novak Djokovic,30,2083741
2017,13,Sam Querrey,30,2232149
2017,14,Kevin Anderson,31,2842345
2017,15,Jo-Wilfried Tsonga,32,1843647
2017,16,Andy Murray,30,2071625
2017,17,John Isner,32,1707550
2017,18,Lucas Pouille,23,1953511
2017,19,Tomas Berdych,32,1782871
2017,20,Roberto Bautista Agut,29,1753055
2017,21,Nick Kyrgios,22,1787646
2017,22,Kei Nishikori,27,1485482
2017,23,Albert Ramos-Vinolas,29,1643204
2017,24,Milos Raonic,26,1405103
2017,25,Gilles Muller,34,1227494
2017,26,Diego Schwartzman,25,1523297
2017,27,Fabio Fognini,30,1304964
2017,28,Adrian Mannarino,29,1279672
2017,29,Philipp Kohlschreiber,34,1171269
2017,30,Damir Dzumhur,25,1012697
2017,31,Richard Gasquet,31,1020777
2017,32,Pablo Cuevas,31,1124361
2017,33,Mischa Zverev,30,1276820
2017,34,Filip Krajinovic,25,605365
2017,35,Fernando Verdasco,34,1221155
2017,36,Feliciano Lopez,36,1303087
2017,37,David Ferrer,35,1046695
2017,38,Alexandr Dolgopolov,29,934290
2017,39,Andrey Rublev,20,1296168
2017,40,Yuichi Sugita,29,727829
2017,41,Benoit Paire,28,1022828
2017,42,Robin Haase,30,1036252
2017,43,Paolo Lorenzi,36,979470
2017,44,Steve Johnson,28,933228
2017,45,Karen Khachanov,21,1157784
2017,46,Gael Monfils,31,1021555
2017,47,Ryan Harrison,25,780131
2017,48,Borna Coric,21,994482
2017,49,Aljaz Bedene,28,640720
2017,50,Kyle Edmund,22,952699
2017,51,Denis Shapovalov,18,762664
2017,52,Leonardo Mayer,30,655888
2017,53,Jan-Lennard Struff,27,781676
2017,54,Jared Donaldson,21,840088
2017,55,Viktor Troicki,31,886201
2017,56,Julien Benneteau,36,570506
2017,57,Joao Sousa,28,704606
2017,58,Hyeon Chung,21,1040510
2017,59,Nikoloz Basilashvili,25,732876
2017,60,Peter Gojowczyk,28,410401
2017,61,Donald Young,28,713155
2017,62,Jiri Vesely,24,705189
2017,63,Denis Istomin,31,699225
2017,64,Guido Pella,27,460121
2017,65,Daniil Medvedev,21,727579
2017,66,Horacio Zeballos,32,707541
2017,67,Dudi Sela,32,474394
2017,68,Federico Delbonis,27,378265
2017,69,Florian Mayer,34,673616
2017,70,Guillermo Garcia-Lopez,34,403631
2017,71,Yen-Hsun Lu,34,442787
2017,72,Evgeny Donskoy,27,435654
2017,73,Thomas Fabbiano,28,381464
2017,74,Mikhail Kukushkin,29,524936
2017,75,Dusan Lajovic,27,548667
2017,76,Matthew Ebden,30,193408
2017,77,Steve Darcis,33,531591
2017,78,Jeremy Chardy,30,558812
2017,79,Frances Tiafoe,19,499300
2017,80,Ivo Karlovic,38,670230
2017,81,Pierre-Hugues Herbert,26,548422
2017,82,Cedrik-Marcel Stebe,27,201758
2017,83,Victor Estrella Burgos,37,354188
2017,84,Mikhail Youzhny,35,461710
2017,85,Marton Fucsovics,25,284020
2017,86,Andreas Seppi,33,562562
2017,87,Radu Albot,28,467397
2017,88,Laslo Djere,22,139601
2017,89,Gilles Simon,32,666044
2017,90,Maximilian Marterer,22,207490
2017,91,Stefanos Tsitsipas,19,302949
2017,92,Lukas Lacko,30,322215
2017,93,Marius Copil,27,365038
2017,94,Jordan Thompson,23,423584
2017,95,Nicolas Kicker,25,362740
2017,96,Tennys Sandgren,26,227350
2017,97,Blaz Kavcic,30,166752
2017,98,Malek Jaziri,33,582968
2017,99,Taro Daniel,24,336924
2017,100,Gerald Melzer,27,213047
2017,101,Rogerio Dutra Silva,33,451505
2017,102,Marcos Baghdatis,32,486565
2017,103,Nicolas Mahut,35,608164
2017,104,Taylor Fritz,20,380211
2017,105,Janko Tipsarevic,33,301145
2017,106,Roberto Carballes Baena,24,123833
2017,107,Andrey Kuznetsov,26,449285
2017,108,Vasek Pospisil,27,324685
2017,109,Marco Cecchinato,25,180092
2017,110,Bjorn Fratangelo,24,312230
2017,111,Nicolas Jarry,22,159234
2017,112,Carlos Berlocq,34,412192
2017,113,Thomaz Bellucci,29,439419
2017,114,Cameron Norrie,22,226350
2017,115,Gastao Elias,27,229244
2017,116,Yuki Bhambri,25,140913
2017,117,Alexander Bublik,20,217759
2017,118,Ruben Bemelmans,29,289066
2017,119,Yannick Hanfmann,26,144674
2017,120,Ernesto Escobedo,21,369659
2017,121,Henri Laaksonen,25,280186
2017,122,Sergiy Stakhovsky,31,288598
2017,123,Jerzy Janowicz,27,283923
2017,124,Thiago Monteiro,23,452632
2017,125,Dustin Brown,33,455855
2017,126,Pedro Sousa,29,109828
2017,127,Adrian Menendez-Maceiras,32,184957
2017,128,John Millman,28,297602
2017,129,Quentin Halys,21,196467
2017,130,Tim Smyczek,29,201309
2017,131,Oscar Otte,24,86914
2017,132,Norbert Gombos,27,254740
2017,133,Daniel Evans,27,405918
2017,134,Stefano Travaglia,25,184590
2017,135,Matteo Berrettini,21,84668
2017,136,Ricardas Berankis,27,287300
2017,137,Peter Polansky,29,209177
2017,138,Mirza Basic,26,121670
2017,139,Casper Ruud,19,222116
2017,140,Bernard Tomic,25,488564
2017,141,Martin Klizan,28,360936
2017,142,Elias Ymer,21,123167
2017,143,Sebastian Ofner,21,201545
2017,144,Renzo Olivo,25,327412
2017,145,Uladzimir Ignatik,27,96982
2017,146,Akira Santillan,20,133498
2017,147,Yannick Maden,28,75757
2017,148,Ramkumar Ramanathan,23,111048
2017,149,Egor Gerasimov,25,71296
2017,150,Go Soeda,33,150392
2017,151,Nicolas Almagro,32,362841
2017,152,Tommy Paul,20,174593
2017,153,Tatsuma Ito,29,124423
2017,154,Alessandro Giannessi,27,190029
2017,155,Corentin Moutet,18,58270
2017,156,Gleb Sakharov,29,90153
2017,157,Calvin Hemery,22,71881
2017,158,Nikola Milojevic,22,80362
2017,159,Kenny De Schepper,30,116303
2017,160,Andrej Martin,28,71695
2017,161,Mathias Bourgue,23,116165
2017,162,Felix Auger-Aliassime,17,64377
2017,163,Jurgen Zopp,29,47300
2017,164,Tommy Robredo,35,232308
2017,165,Jozef Kovalik,25,132279
2017,166,Yoshihito Nishioka,22,214339
2017,167,Stefan Kozlov,19,173581
2017,168,Soonwoo Kwon,20,61910
2017,169,Joao Domingues,24,55788
2017,170,Liam Broady,23,78968
2017,171,Simone Bolelli,32,214496
2017,172,Alexey Vatutin,25,65352
2017,173,Darian King,25,172397
2017,174,Denis Kudla,25,130621
2017,175,Michael Mmoh,19,147330
2017,176,Mackenzie McDonald,22,92706
2017,177,Marcel Granollers,31,339238
2017,178,Arthur De Greef,25,121330
2017,179,Aldin Setkic,30,80952
2017,180,Matthias Bachinger,30,45706
2017,181,Facundo Bagnis,27,224746
2017,182,Viktor Galovic,27,47714
2017,183,Filip Peliwo,23,46508
2017,184,Jaume Munar,20,43724
2017,185,Carlos Taberner,20,36784
2017,186,Jurgen Melzer,36,80169
2017,187,Benjamin Bonzi,21,122529
2017,188,Vincent Millot,31,176878
2017,189,Alex Bolt,24,81030
2017,190,Marcelo Arevalo,27,67250
2017,191,Mitchell Krueger,23,130818
2017,192,Ze Zhang,27,91205
2017,193,Guido Andreozzi,26,100542
2017,194,Gonzalo Oliveira,22,54166
2017,195,Duckhee Lee,19,96964
2017,196,Illya Marchenko,30,172487
2017,197,Kamil Majchrzak,21,43970
2017,198,Ricardo Ojeda Lara,24,47369
2017,199,Ernests Gulbis,29,317146
2017,200,Attila Balazs,29,57080
2017,201,Noah Rubin,21,105479
2017,202,Adam Pavlasek,23,182240
2017,203,Lukas Rosol,32,150488
2017,204,Salvatore Caruso,25,75793
2017,205,Guilherme Clezar,24,46734
2017,206,Blaz Rola,27,57885
2017,207,Miomir Kecmanovic,18,44481
2017,208,Alex de Minaur,18,204674
2017,209,Thanasi Kokkinakis,21,244533
2017,210,Mohamed Safwat,27,93974
2017,211,Stefano Napolitano,22,152888
2017,212,Lorenzo Sonego,22,34932
2017,213,Evan King,25,96925
2017,214,Bradley Klahn,27,79247
2017,215,Kevin King,26,34941
2017,216,Pedja Krstin,23,44582
2017,217,Brayden Schnur,22,62344
2017,218,Stephane Robert,37,212454
2017,219,John-Patrick Smith,28,147530
2017,220,Marco Trungelliti,27,153809
2017,221,Yasutaka Uchiyama,25,92036
2017,222,Zdenek Kolar,21,44937
2017,223,Sumit Nagal,20,34546
2017,224,Dmitry Popko,21,58513
2017,225,Dennis Novak,24,55826
2017,226,Andrew Whittington,24,155475
2017,227,Santiago Giraldo,30,242497
2017,228,Vaclav Safranek,23,96090
2017,229,Reilly Opelka,20,177579
2017,230,Ilya Ivashka,23,62856
2017,231,Dennis Novikov,24,121563
2017,232,Tallon Griekspoor,21,51532
2017,233,Tobias Kamke,31,102890
2017,234,Andrea Arnaboldi,29,52455
2017,235,Karim-Mohamed Maamoun,26,33382
2017,236,Luca Vanni,32,100525
2017,237,Teymuraz Gabashvili,32,128665
2017,238,Hubert Hurkacz,20,34427
2017,239,Jason Jung,28,55527
2017,240,Tomislav Brkic,27,34538
2017,241,Hugo Dellien,24,29470
2017,242,Nicola Kuhn,17,45447
2017,243,Prajnesh Gunneswaran,28,49729
2017,244,Di Wu,26,141015
2017,245,Andrea Collarini,25,40233
2017,246,Joao Souza,29,71628
2017,247,Christian Harrison,23,64133
2017,248,Sam Groth,30,108347
2017,249,Paul-Henri Mathieu,35,180965
2017,250,Edan Leshem,20,38021
2017,251,Joao Monteiro,23,30401
2017,252,Tommy Haas,39,261904
2017,253,Danilo Petrovic,25,36344
2017,254,Federico Gaio,25,74908
2017,255,Jay Clarke,19,52457
2017,256,Alexander Sarkissian,27,58041
2017,257,Cem Ilkel,22,60979
2017,258,Javier Marti,25,29264
2017,259,Lorenzo Giustino,26,65078
2017,260,Aleksandr Nedovyesov,30,50868
2017,261,Pedro Martinez,20,33797
2017,262,Julien Cagnina,23,26516
2017,263,Austin Krajicek,27,52680
2017,264,Tsung-Hua Yang,26,27297
2017,265,Pedro Cachin,22,26712
2017,266,Matteo Donati,22,60807
2017,267,Kimmer Coppejans,23,58957
2017,268,Marek Jaloviec,23,36713
2017,269,Enrique Lopez Perez,26,57889
2017,270,Zhe Li,31,31347
2017,271,Facundo Arguello,25,25619
2017,272,Dayne Kelly,27,34247
2017,273,Mats Moraing,25,29684
2017,274,Konstantin Kravchuk,32,233163
2017,275,Daniel Altmaier,19,53118
2017,276,Omar Jasika,20,70175
2017,277,Max Purcell,19,39722
2017,278,Joris De Loore,24,85841
2017,279,Roberto Quiroz,25,65016
2017,280,Blake Mott,21,75995
2017,281,Yusuke Takahashi,20,42146
2017,282,Brydan Klein,27,105222
2017,283,Laurynas Grigelis,26,36261
2017,284,Matteo Viola,30,30264
2017,285,Christopher Heyman,24,23648
2017,286,Jose Hernandez-Fernandez,27,33725
2017,287,David Guez,35,25542
2017,288,Ivan Nedelko,31,29043
2017,289,Alexander Ward,27,72495
2017,290,Daniel Munoz de la Nava,35,29728
2017,291,Lloyd Harris,20,38895
2017,292,Rubin Statham,30,35078
2017,293,Ivan Gakhov,21,30366
2017,294,Franko Skugor,30,54997
2017,295,Marcos Giron,24,49815
2017,296,Jan Choinski,21,23654
2017,297,Daniel Elahi Galan,21,23693
2017,298,Ante Pavic,28,30132
2017,299,Youssef Hossam,19,21997
2017,300,Maverick Banes,25,29951
2017,301,Geoffrey Blancaneaux,19,86426
2017,302,Nino Serdarusic,21,27023
2017,303,Christian Lindell,26,24156
2017,304,Bernabe Zapata Miralles,20,32460
2017,305,Dominik Koepfer,23,30235
2017,306,Steven Diez,26,68886
2017,307,Yannick Mertens,30,34027
2017,308,Federico Coria,25,43901
2017,309,Roberto Ortega-Olmedo,26,26190
2017,310,Martin Cuevas,25,21462
2017,311,Cristian Garin,21,87774
2017,312,Markus Eriksson,28,24838
2017,313,Yibing Wu,18,59204
2017,314,Antoine Hoang,22,21156
2017,315,Hernan Casanova,23,23119
2017,316,Constant Lestienne,25,35767
2017,317,Tristan Lamasine,24,46038
2017,318,Michael Linzer,28,27876
2017,319,Ti Chen,34,47591
2017,320,Daniel Brands,30,97964
2017,321,Filip Horansky,24,23635
2017,322,Bradley Mousley,21,35527
2017,323,Marc Polmans,20,80431
2017,324,Marsel Ilhan,30,30904
2017,325,Miljan Zekic,29,61589
2017,326,Evgeny Karlovskiy,23,22293
2017,327,Nicolaas Scholtz,26,18701
2017,328,Carlos Boluda-Purkiss,24,18849
2017,329,Jeremy Jahn,27,43210
2017,330,Inigo Cervantes,28,46407
2017,331,Mario Vilella Martinez,22,21979
2017,332,Sebastian Fanselow,25,23081
2017,333,Andrea Basso,24,22597
2017,334,Daniel Dutra da Silva,29,18837
2017,335,Gianluigi Quinzi,21,80601
2017,336,Ivan Dodig,32,82067
2017,337,Tim Puetz,30,20254
2017,338,Daniel Nguyen,27,29676
2017,339,Raymond Sarmiento,25,36977
2017,340,Axel Michon,27,20682
2017,341,Jason Kubler,24,19737
2017,342,Zhizhen Zhang,21,42285
2017,343,Riccardo Bellotti,26,61153
2017,344,Yannick Jankovits,30,19843
2017,345,Alessandro Bega,26,31130
2017,346,Maxime Hamou,22,55065
2017,347,Christopher Eubanks,21,97890
2017,348,Daniel Masur,23,74414
2017,349,Hiroki Moriya,27,75274
2017,350,Scott Griekspoor,26,15862
2017,351,Kaichi Uchida,23,24032
2017,352,Jan Satral,27,95111
2017,353,Rajeev Ram,33,69490
2017,354,Radek Stepanek,39,94064
2017,355,Frederico Ferreira Silva,22,24474
2017,356,Yosuke Watanuki,19,19866
2017,357,Alexandre Muller,20,61832
2017,358,Edward Corrie,29,29512
2017,359,Andrea Pellegrino,20,25368
2017,360,Carlos Gomez-Herrera,27,17740
2017,361,Juan Ignacio Galarza,23,15672
2017,362,Juan Ignacio Londero,24,17208
2017,363,Frank Dancevic,33,57529
2017,364,Joao Pedro Sorgi,24,25663
2017,365,Lucas Catarina,21,18785
2017,366,Daniel Gimeno-Traver,32,32878
2017,367,James McGee,30,69543
2017,368,Shuichi Sekiguchi,26,21446
2017,369,Lenny Hampel,21,18471
2017,370,Marc Giner,26,20938
2017,371,Albano Olivetti,26,17881
2017,372,Thiemo de Bakker,29,14658
2017,373,Alejandro Gonzalez,28,63239
2017,374,N.Sriram Balaji,27,21945
2017,375,Facundo Mena,25,17648
2017,376,Dzmitry Zhyrmont,28,22039
2017,377,Marinko Matosevic,32,24958
2017,378,Hiroyasu Ehara,26,16103
2017,379,Sora Fukuda,20,15328
2017,380,Filippo Baldi,21,16097
2017,381,Ugo Humbert,19,22330
2017,382,Yannick Vandenbulcke,27,17280
2017,383,Juan Pablo Ficovich,20,19104
2017,384,Dimitar Kuzmanov,24,20248
2017,385,Maxime Janvier,21,51004
2017,386,Antoine Escoffier,25,16725
2017,387,Oriol Roca Batalla,24,15345
2017,388,Petr Michnev,28,37493
2017,389,Renta Tokuda,19,12774
2017,390,Gerard Granollers,28,18396
2017,391,Patricio Heras,28,11913
2017,392,Maximo Gonzalez,34,65665
2017,393,Christopher O'Connell,23,63109
2017,394,Yaraslav Shyla,24,16623
2017,395,Lucas Miedler,21,18066
2017,396,Sergio Gutierrez-Ferrol,28,16368
2017,397,Alejandro Falla,34,22400
2017,398,Sanjar Fayziev,23,21740
2017,399,Alexandar Lazov,27,15261
2017,400,Elliot Benchetrit,19,16602
2017,401,Gonzalo Escobar,28,13833
2017,402,Pol Toledo Bague,23,13732
2017,403,Gonzalo Lama,24,11732
2017,404,Eduard Esteve Lobato,23,15233
2017,405,Marc Sieber,29,17131
2017,406,Maximilian Neuchrist,26,15726
2017,407,Shintaro Imai,24,13394
2017,408,Mariano Kestelboim,21,13957
2017,409,Viktor Durasovic,20,17303
2017,410,Jared Hiltzik,23,26668
2017,411,Hugo Grenier,21,15871
2017,412,Roberto Cid Subervi,24,12021
2017,413,Lloyd Glasspool,24,19695
2017,414,Juan Pablo Paz,22,19724
2017,415,Riccardo Bonadio,24,16648
2017,416,David Pichler,21,15067
2017,417,Mikael Ymer,19,60150
2017,418,Marco Chiudinelli,36,92614
2017,419,Kento Takeuchi,30,18932
2017,420,Adelchi Virgili,27,15358
2017,421,Baptiste Crepatte,23,14352
2017,422,Clement Geens,21,14616
2017,423,Fabrizio Ornago,25,16094
2017,424,Cheong-Eui Kim,27,14168
2017,425,Cristian Rodriguez,27,13522
2017,427,Altug Celikbilek,21,16539
2017,428,Samuel Bensoussan,26,15601
2017,429,Liam Caruana,19,13318
2017,430,Ruben Ramirez Hidalgo,39,32325
2017,431,Yan Bai,28,19726
2017,432,Mate Delic,24,14153
2017,433,Boy Westerhof,32,13054
2017,435,Marko Tepavac,23,27755
2017,436,Robin Kern,24,14122
2017,437,Michal Konecny,28,16373
2017,438,Fabien Reboul,22,12010
2017,439,Ryan Shane,23,13087
2017,440,Gianluca Mager,23,31850
2017,441,Thomas Brechemier,21,13747
2017,442,Andrew Harris,23,13832
2017,443,Yannik Reuter,26,37976
2017,444,Corentin Denolly,20,12917
2017,445,Tomas Lipovsek Puches,24,13157
2017,446,Alexis Musialek,29,14481
2017,447,Sekou Bangoura,26,50346
2017,448,Benjamin Lock,24,13735
2017,449,Guillermo Olaso,29,11206
2017,450,Johan Tatlot,21,9650
2017,451,Jules Okala,20,12699
2017,452,Andreas Haider-Maurer,30,117807
2017,453,Dennis Nevolo,28,13282
2017,454,Vladyslav Manafov,24,17432
2017,456,Agustin Velotti,25,29228
2017,457,Nils Langer,27,11551
2017,458,Pavel Kotov,19,11772
2017,459,Botic van de Zandschulp,22,15168
2017,460,Maxime Chazal,24,15290
2017,461,Alessandro Petrone,27,13331
2017,462,Tom Farquharson,25,11809
2017,463,Sadio Doumbia,27,22184
2017,464,Sam Barry,25,17979
2017,465,Igor Smilansky,22,11030
2017,466,Bruno Santanna,24,14430
2017,467,Aleksandar Vukic,21,13535
2017,468,Dragos Dima,25,11922
2017,469,Leny Mitjana,23,11676
2017,470,Takanyi Garanganga,27,14304
2017,471,Gregoire Jacq,25,14314
2017,472,Takuto Niki,30,19414
2017,473,Adrian Bodmer,22,15674
2017,474,Pablo Vivero Gonzalez,22,13553
2017,475,Jan Mertl,35,13381
2017,476,Andres Artunedo Martinavarro,24,12069
2017,477,Nikola Cacic,27,10477
2017,478,Chuhan Wang,25,19980
2017,479,Maxime Tabatruong,28,14054
2017,480,Pedro Sakamoto,24,11446
2017,481,Jonathan Eysseric,27,38566
2017,482,Wishaya Trongcharoenchaikul,22,13025
2017,483,David Perez Sanz,23,11733
2017,484,Fajing Sun,21,27257
2017,485,Marco Bortolotti,26,13890
2017,486,JC Aragone,22,59260
2017,487,Dmitry Tursunov,35,174837
2017,488,Michal Przysiezny,33,9908
2017,489,Samuel Monette,23,14681
2017,490,Remi Boutillier,27,10245
2017,491,Niels Desein,30,11328
2017,492,Pascal Brunner,28,11201
2017,493,Juan Pablo Varillas,22,12196
2017,494,Jordi Samper-Montana,27,28846
2017,495,Cristian Carli,21,14704
2017,496,Alejandro Davidovich Fokina,18,12683
2017,497,Nam Hoang Ly,20,11580
2017,498,Roman Safiullin,20,16920
2017,499,Alex Molcan,20,11037
2017,500,Laurent Lokoli,23,53548
2017,501,Thomas Statzberger,25,11937
2017,502,Evan Song,25,15060
2017,503,Jurij Rodionov,18,11057
2017,504,Julian Lenz,24,11407
2017,505,Elmar Ejupovic,24,12433
2017,506,Adrian Ungur,32,9388
2017,507,Ulises Blanch,19,12315
2017,508,Emilio Gomez,26,16623
2017,509,Lorenzo Frigerio,28,13521
2017,510,Jonathan Mridha,22,10729
2017,511,Vishnu Vardhan,30,15997
2017,512,Peter Nagy,25,11088
2017,513,Gijs Brouwer,21,10856
2017,514,Fred Gil,32,14276
2017,515,Artem Smirnov,29,10832
2017,516,Mick Lescure,24,11139
2017,517,Miguel Semmler,20,13911
2017,518,Enzo Couacaud,22,8414
2017,519,Benjamin Becker,36,60768
2017,520,Thai-Son Kwiatkowski,22,63937
2017,521,Luke Saville,23,25195
2017,522,Igor Sijsling,30,29494
2017,523,Pietro Rondoni,24,11614
2017,524,Tomas Papik,23,10314
2017,525,Moez Echargui,24,12543
2017,527,Gianluca Di Nicola,22,12112
2017,528,Felipe Mantilla,24,10679
2017,529,Mor Bulis,21,9748
2017,530,Tung-Lin Wu,19,13112
2017,531,Tobias Simon,26,13755
2017,532,Rafael Matos,21,9915
2017,533,Genaro Alberto Olivieri,19,10379
2017,534,Lukas Klein,19,11768
2017,535,Harry Bourchier,21,19726
2017,536,Edoardo Eremin,24,8727
2017,537,Marvin Netuschil,26,9356
2017,538,Adrien Bossel,30,13046
2017,539,Nuno Borges,20,8039
2017,540,Joao Menezes,21,10556
2017,541,Peter Torebko,29,10449
2017,542,Sidharth Rawat,24,12212
2017,543,Matias Franco Descotte,23,9017
2017,544,Ronnie Schneider,23,10531
2017,545,Denis Yevseyev,24,12123
2017,546,Jacob Grills,22,8307
2017,547,Ljubomir Celebic,26,9335
2017,548,Andrea Vavassori,22,13151
2017,549,Peter Kobelt,27,10726
2017,550,Romain Barbosa,23,9790
2017,551,Jelle Sels,22,10530
2017,552,Jonathan Gray,20,9978
2017,553,Pascal Meis,24,11207
2017,554,Gianni Mina,25,10349
2017,555,Manuel Sanchez,26,18032
2017,556,Jonas Merckx,24,8977
2017,557,Makoto Ochi,21,9626
2017,558,Maciej Rajski,26,9400
2017,559,Davide Galoppini,23,11791
2017,560,Alexander Vasilenko,22,11442
2017,561,Martins Podzus,23,9605
2017,562,Raul Brancaccio,20,10082
2017,564,Finn Tearney,27,13804
2017,565,Jeroen Vanneste,23,8402
2017,566,Rudolf Molleker,17,20381
2017,567,Patrik Nema,20,10725
2017,568,Nicholas S. Hu,23,9614
2017,569,Vit Kopriva,20,10425
2017,570,Tomislav Jotovski,27,10263
2017,571,Matthew Barton,26,14805
2017,572,Grega Zemlja,31,30789
2017,573,Luke Bambridge,22,11624
2017,574,Andre Ghem,35,29373
2017,575,Ronald Slobodchikov,24,6955
2017,576,Omar Giacalone,25,10841
2017,577,Danylo Kalenichenko,23,10007
2017,578,Colin Van Beem,25,9372
2017,579,Kevin Krawietz,25,10120
2017,581,Ivan Endara,29,8718
2017,582,Jurabek Karimov,19,10033
2017,583,Yun seong Chung,19,0
2017,584,Evan Furness,19,10308
2017,585,Alexios Halebian,23,15047
2017,586,Federico Zeballos,29,8634
2017,587,Jonathan Kanar,23,9996
2017,588,Andrey Golubev,30,12896
2017,589,Denys Molchanov,30,8598
2017,590,Lamine Ouahab,33,7286
2017,591,Oscar Jose Gutierrez,24,7568
2017,592,Juan Carlos Saez,26,9152
2017,593,Sho Katayama,28,8068
2017,594,Pietro Licciardi,23,9737
2017,595,David Vega Hernandez,23,10821
2017,596,George Von Massow,27,9754
2017,597,Karunuday Singh,27,10392
2017,598,Marcus Willis,27,28389
2017,599,Maxime Authom,30,10356
2017,600,Marc-Andrea Huesler,21,11521
2017,601,Ben Patael,20,9311
2017,602,Yan Sabanin,27,8316
2017,603,Dante Gennaro,24,8917
2017,604,Robin Stanek,22,11844
2017,605,Jose Pereira,26,6280
2017,606,Deiton Baughman,21,8528
2017,607,Nicolae Frunza,20,7602
2017,608,Arjun Kadhe,23,6726
2017,609,Frederik Nielsen,34,7578
2017,610,Sami Reinwein,25,8777
2017,611,Franco Agamenone,24,8825
2017,612,Kristian Lozan,19,7565
2017,613,William Blumberg,19,15795
2017,615,Eric Quigley,28,9928
2017,616,Yecong He,23,11119
2017,617,Nathan Pasha,25,8935
2017,618,Xin Gao,23,13028
2017,619,Vasile Antonescu,27,8221
2017,620,Saketh Myneni,30,16863
2017,621,Aslan Karatsev,24,6163
2017,622,Alexei Popyrin,18,10676
2017,623,Kuan-Yi Lee,21,9936
2017,624,Gregoire Barrere,23,22775
2017,625,Marvin Moeller,18,6673
2017,626,Hong Chung,24,8183
2017,627,Christopher Diaz-Figueroa,27,8080
2017,628,Alejandro Gomez,26,4989
2017,630,Alexander Kudryavtsev,32,23756
2017,632,Vladimir Ivanov,30,9545
2017,633,Naoki Nakagawa,21,10477
2017,634,Yanais Laurent,25,8893
2017,635,Marek Gengel,22,9425
2017,636,Wilson Leite,26,10326
2017,637,Gavin Van Peperzeel,25,13035
2017,638,Roberto Marcora,28,12698
2017,639,Matthias Haim,19,6780
2017,640,Denys Mylokostov,24,7536
2017,641,Louis Wessels,19,11664
2017,642,Miliaan Niesten,29,7160
2017,643,Olexiy Kolisnyk,21,10553
2017,644,Alex Rybakov,20,7576
2017,646,Billy Harris,22,8643
2017,647,Hugo Nys,26,9957
2017,648,Dekel Bar,24,7770
2017,649,Filippo Leonardi,30,8413
2017,650,Antonio Massara,22,7443
2017,651,Ilya Vasilyev,21,8839
2017,652,Andriej Kapas,28,8329
2017,653,Alexander Zhurbin,25,8100
2017,654,Pere Riba,29,5013
2017,655,Eduardo Struvay,27,6331
2017,656,Manuel Pena Lopez,19,8099
2017,657,Francesco Vilardo,27,9700
2017,660,Kristijan Mesaros,29,15654
2017,661,Yann Marti,29,5897
2017,662,Borna Gojo,19,7451
2017,663,Matias Zukas,21,6701
2017,664,Daniiar Duldaev,25,8436
2017,665,Paul Woerner,21,8786
2017,666,Javier Barranco Cosano,19,10448
2017,667,Nicolas Santos,29,8930
2017,668,Anis Ghorbel,28,8948
2017,671,Young Seok Kim,22,5359
2017,673,Milan Drinic,20,7068
2017,674,Juan Manuel Benitez Chavarriaga,22,5807
2017,675,Blake Ellis,18,7293
2017,676,Richard Gabb,25,6257
2017,677,Ryan James Storrie,19,12344
2017,678,Fred Simonsson,23,10285
2017,679,Walter Trusendi,32,10091
2017,680,Florent Diep,26,9256
2017,681,Franco Emanuel Egea,21,6832
2017,682,Gibril Diarra,27,9068
2017,683,Fabiano De Paula,29,4766
2017,684,Jaroslav Pospisil,36,5827
2017,685,Yuya Kibi,31,22106
2017,686,Anil Yuksel,27,21522
2017,687,Dejan Katic,29,5559
2017,688,David Jorda Sanchis,23,8323
2017,689,Laurent Rochette,29,4236
2017,692,Haadin Salim Bava,23,6220
2017,693,Riccardo Balzerani,19,8669
2017,695,Oliver Golding,24,4104
2017,696,Mikael Torpegaard,23,6763
2017,697,Amine Ahouda,20,11449
2017,698,Tom Jomby,26,6081
2017,699,Raphael Baltensperger,20,7565
2017,700,Michiel De Krom,19,7134
2017,701,Dominik Boehler,21,7310
2017,702,Antoine Bellier,21,14492
2017,703,Harri Heliovaara,28,4359
2017,704,Andre Gaspar Murta,23,5488
2017,705,Patrick Kypson,18,55897
2017,706,Tak Khunn Wang,26,2972
2017,707,Gian Marco Moroni,19,6103
2017,708,Marat Deviatiarov,23,6287
2017,709,Roman Khassanov,21,8184
2017,710,Juan Lizariturry,26,8162
2017,711,Erik Crepaldi,27,9407
2017,712,Jaume Pla Malfeito,22,10441
2017,713,Ruan Roelofse,28,4530
2017,714,Martin Redlicki,22,5594
2017,716,Michal Dembek,20,7474
2017,717,Santiago Rodriguez Taverna,18,6839
2017,718,Albert Alcaraz Ivorra,22,7424
2017,719,Christian Hirschmueller,24,6854
2017,720,Lukas Ollert,25,7589
2017,721,Alexander Igoshin,25,7361
2017,722,Reda El Amrani,29,10707
2017,723,Orlando Luz,19,10496
2017,724,Julian Ocleppo,20,7953
2017,725,Mauricio Echazu,28,6008
2017,726,Nerman Fatic,23,6345
2017,727,Manuel Guinard,22,6909
2017,728,Bernardo Saraiva,24,6560
2017,729,Shane Vinsant,24,7383
2017,730,Masato Shiga,26,8571
2017,731,Jacopo Stefanini,21,8965
2017,732,Issam Haitham Taweel,28,8154
2017,733,Marcel Felder,33,4098
2017,734,Benjamin Mitchell,25,4830
2017,735,Or Ram-Harel,22,5170
2017,736,Philip Bester,29,14061
2017,738,Luca Margaroli,25,6121
2017,740,Kirill Kivattsev,20,6138
2017,741,Neil Pauffley,27,12910
2017,742,Marcelo Zormann,21,6928
2017,743,Aryan Goveas,19,7232
2017,744,Christoph Negritu,23,7353
2017,745,Andre Begemann,33,3650
2017,746,Stephan Fransen,29,3592
2017,747,Kaito Uesugi,22,5497
2017,748,Carl Soderlund,20,5215
2017,749,Adam Chadaj,33,4484
2017,750,Vitaly Kozyukov,23,4305
2017,751,Jea Moon Lee,24,3553
2017,752,Anton Zaitcev,30,4065
2017,753,Alexandar Lazarov,20,11235
2017,754,Pavel Nejedly,24,6228
2017,755,Fernando Romboli,28,6444
2017,756,Jaime Fermosell Delgado,20,7698
2017,757,Markos Kalovelonis,23,8011
2017,758,Volodoymyr Uzhylovskyi,29,7753
2017,759,Carlos Salamanca,34,3360
2017,760,Collin Altamirano,22,4071
2017,762,Caio Zampieri,31,10192
2017,764,Julien Dubail,29,5725
2017,765,Bastian Malla,21,3642
2017,767,Thomas Fancutt,22,6533
2017,768,Denis Matsukevich,31,8153
2017,769,Vadym Ursu,20,6794
2017,770,Domagoj Biljesko,20,5796
2017,771,Ken Onishi,21,6112
2017,772,Jakob Sude,26,7506
2017,773,David Poljak,21,8708
2017,775,Aziz Dougaz,20,5366
2017,776,Adam El Mihdawy,28,7004
2017,777,Peter Heller,25,5271
2017,778,Duje Kekez,24,6025
2017,779,Jaime Pulgar-Garcia,28,5929
2017,780,Cameron Silverman,25,6649
2017,781,Hunter Callahan,25,7269
2017,782,Gonzalo Villanueva,22,6530
2017,783,Mikhail Korovin,21,7053
2017,785,Juan Sebastian Gomez,25,3422
2017,786,Pruchya Isaro,22,4647
2017,788,Timur Khabibulin,22,5384
2017,789,Jeremy Beale,23,5146
2017,790,Claudio Fortuna,27,4545
2017,791,Benjamin Sigouin,18,10333
2017,792,Matej Sabanov,25,6772
2017,793,Jorge Montero,27,6224
2017,794,Sebastien Boltz,24,6629
2017,795,Pavel Krainik,25,7725
2017,796,Niels Lootsma,23,9239
2017,797,Oleg Khotkov,27,7353
2017,798,Christopher Rungkat,27,4818
2017,799,Yusuke Watanuki,27,4465
2017,800,Alexander Erler,20,4399
2017,801,Mikhail Fufygin,27,5738
2017,802,Bogdan Borza,20,5582
2017,803,Kevin Griekspoor,26,5352
2017,804,Viktor Filipenko,26,5206
2017,805,Jumpei Yamasaki,20,5927
2017,806,Sem Verbeek,23,5988
2017,807,Nicola Ghedin,29,6298
2017,808,Giovanni Lapentti,34,8386
2017,809,Antal Van Der Duim,30,3776
2017,811,Zihao Xia,20,11035
2017,813,Wil Spencer,28,6377
2017,814,Sebastian Prechtel,21,4554
2017,815,Patrik Brydolf,26,5154
2017,816,Timur Kiyamov,21,4911
2017,817,Petru-Alexandru Luncanu,28,5600
2017,818,Rigele Te,20,16052
2017,819,Gabriel Petit,22,5161
2017,820,Ricardo Rodriguez - Pace,24,6859
2017,821,Bogdan Bobrov,20,6338
2017,822,Peter Bothwell,22,5659
2017,823,Nicolo Turchetti,21,6263
2017,824,Florian Fallert,25,6529
2017,825,Sergio Martos Gornes,23,7374
2017,826,Yurii Dzhavakian,24,6791
2017,828,Jonas Luetjen,27,3146
2017,829,Ryan Haviland,37,3686
2017,831,Nik Razborsek,24,4140
2017,832,Tom Kocevar-Desman,27,4544
2017,833,Germain Gigounon,28,5020
2017,834,Daniel Appelgren,21,5429
2017,835,Igor Marcondes,20,5075
2017,836,Lucas Gomez,22,16908
2017,837,Ricardo Hocevar,32,5262
2017,838,Alejandro Tabilo,20,4748
2017,839,Maciej Smola,24,5051
2017,840,Temur Ismailov,22,9354
2017,841,Alon Elia,22,6074
2017,842,Mikhail Elgin,36,6270
2017,843,James Ward,30,67537
2017,844,Jimmy Wang,32,3920
2017,845,Florian Lakat,22,3554
2017,850,Julian Onken,29,4011
2017,852,Soichiro Moritani,23,5700
2017,854,Peter Goldsteiner,27,4793
2017,855,Oleksandr Bielinskyi,23,4479
2017,856,Omar Salman,21,5753
2017,857,Yuichi Ito,31,5091
2017,858,Raleigh Smith,26,5832
2017,859,Muhammet Haylaz,22,7810
2017,861,Isak Arvidsson,25,4545
2017,863,Cristobal Saavedra-Corvalan,27,3897
2017,864,Wilfredo Gonzalez,24,4092
2017,866,Maxim Ratniuk,21,4793
2017,867,Nicolas Alberto Arreche,23,3462
2017,869,Fran Zvonimir Zgombic,21,5236
2017,870,Ryota Tanuma,22,5541
2017,871,Daniil Zarichanskyy,19,5325
2017,873,Danny Thomas,18,3746
2017,874,Bastian Trinker,27,3210
2017,875,David Souto,25,2978
2017,881,Maxime Tchoutakian,23,4097
2017,882,Jorge Panta,22,3567
2017,883,Matej Vocel,20,4732
2017,884,Vladimir Polyakov,23,5373
2017,885,Sarp Agabigun,20,8632
2017,886,Daniel Nolan,20,7683
2017,887,Adrian Andrzejczuk,21,7198
2017,888,Skander Mansouri,22,3480
2017,889,Harrison Adams,23,3719
2017,891,Andre Miele,30,3387
2017,894,Jake Delaney,20,5035
2017,895,Bogdan Ionut Apostol,21,5038
2017,896,Johannes Haerteis,21,5361
2017,897,Francisco Cabral,20,5249
2017,898,James Frawley,23,6634
2017,899,Johan Nikles,20,5313
2017,900,Francois-Arthur Vibert,27,6054
2017,901,Jose Fco. Vidal Azorin,24,7126
2017,905,Tom Fawcett,22,4480
2017,906,Kenneth Raisma,19,4827
2017,907,Lukas Ruepke,24,3925
2017,908,Mazen Osama,22,3240
2017,912,Jose Olivares,20,4280
2017,915,Caio Silva,26,5074
2017,916,Issei Okamura,25,5737
2017,917,Nuno Deus,22,6020
2017,922,Romain Jouan,32,3252
2017,923,Marcin Gawron,29,5224
2017,924,Alexandre Tsuchiya,25,3261
2017,928,Sherif Sabry,31,3955
2017,929,Federico Moreno,23,3785
2017,930,Dane Propoggia,27,5904
2017,931,Alessandro Luisi,28,4462
2017,932,Dragos Nicolae Madaras,20,5664
2017,933,Mate Pavic,24,10410
2017,934,Nikola Mektic,29,8585
2017,938,Scott Puodziunas,28,3727
2017,939,Khumoyun Sultanov,19,4653
2017,940,James Marsalek,25,3081
2017,942,Ryusei Makiguchi,26,3521
2017,943,Luis Patino,24,4411
2017,945,Vitaliy Sachko,20,3763
2017,946,Marc Fornell-Mestres,35,4670
2017,951,Gabor Borsos,26,5030
2017,953,Dominik Kellovsky,21,5821
2017,954,Winston Lin,24,5726
2017,955,Ivan Davydov,21,5036
2017,956,Alberto Romero De Avila Senise,20,6624
2017,957,Takao Suzuki,41,1530
2017,960,Kirill Dmitriev,26,2545
2017,962,Tal Goldengoren,21,2433
2017,965,Tigre Hank,26,4643
2017,966,Rhyne Williams,26,3047
2017,968,Diego Hidalgo,24,3618
2017,970,Franjo Raspudic,27,4013
2017,971,Francis Casey Alcantara,25,3876
2017,973,Simone Roncalli,21,3722
2017,975,Eduardo Dischinger,25,4076
2017,977,Eduardo Agustin Torre,23,3243
2017,978,Carlos Eduardo Severino,27,3906
2017,979,Enrico Dalla Valle,19,5126
2017,980,Juan Ignacio Ameal,23,4008
2017,981,Connor Farren,23,6072
2017,981,Tim Van Terheijden,27,3946
2017,983,Adria Mas Mascolo,24,5442
2017,984,Nick Chappell,25,4305
2017,986,Aaron Cortes Alcaraz,23,4296
2017,987,Thales Turini,28,5158
2017,988,Jui-Chen Hung,27,5654
2017,989,Hugo Voljacques,24,6076
2017,990,James Duckworth,25,37490
2017,991,Guillermo Duran,29,4472
2017,992,Riccardo Ghedin,32,1998
2017,993,Juraj Masar,25,2000
2017,999,Alvaro Lopez San Martin,20,2383
2018,1,Novak Djokovic,31,15934672
2018,2,Rafael Nadal,32,8663347
2018,3,Roger Federer,37,8629233
2018,4,Alexander Zverev,21,8566914
2018,5,Juan Martin del Potro,30,6445766
2018,6,Kevin Anderson,32,5457699
2018,7,Marin Cilic,30,5187148
2018,8,Dominic Thiem,25,4556745
2018,9,Kei Nishikori,29,4044388
2018,10,John Isner,33,4046875
2018,11,Karen Khachanov,22,3336360
2018,12,Borna Coric,22,3015356
2018,13,Fabio Fognini,31,1926978
2018,14,Kyle Edmund,23,2142514
2018,15,Stefanos Tsitsipas,20,2519614
2018,16,Daniil Medvedev,22,1645300
2018,17,Diego Schwartzman,26,1891302
2018,18,Milos Raonic,28,1783442
2018,19,Grigor Dimitrov,27,1781443
2018,20,Marco Cecchinato,26,1439736
2018,21,Nikoloz Basilashvili,26,2023705
2018,22,David Goffin,28,1720860
2018,23,Pablo Carreno Busta,27,1661863
2018,24,Roberto Bautista Agut,30,1717622
2018,25,Hyeon Chung,22,1550978
2018,26,Richard Gasquet,32,1366584
2018,27,Denis Shapovalov,19,1461155
2018,28,Fernando Verdasco,35,1473493
2018,29,Gael Monfils,32,1245866
2018,30,Gilles Simon,34,1141864
2018,31,Alex de Minaur,19,1229030
2018,32,Lucas Pouille,24,1260218
2018,33,Steve Johnson,29,953195
2018,34,Philipp Kohlschreiber,35,1226421
2018,35,Nick Kyrgios,23,1040332
2018,36,Marton Fucsovics,26,1041076
2018,37,Andreas Seppi,34,976776
2018,38,John Millman,29,971320
2018,39,Frances Tiafoe,20,1026059
2018,40,Jeremy Chardy,31,952070
2018,41,Martin Klizan,29,523626
2018,42,Adrian Mannarino,30,1115101
2018,43,Nicolas Jarry,23,799214
2018,44,Joao Sousa,29,1033433
2018,45,Malek Jaziri,34,887186
2018,46,Matthew Ebden,31,871765
2018,47,Damir Dzumhur,26,1108420
2018,48,Dusan Lajovic,28,921383
2018,49,Taylor Fritz,21,832246
2018,50,Robin Haase,31,942335
2018,51,Sam Querrey,31,1028867
2018,52,Benoit Paire,29,988183
2018,53,Mikhail Kukushkin,31,852741
2018,54,Matteo Berrettini,22,709801
2018,55,Pierre-Hugues Herbert,27,848674
2018,56,Leonardo Mayer,31,938351
2018,57,Jan-Lennard Struff,28,918302
2018,58,Guido Pella,28,799757
2018,59,Peter Gojowczyk,29,848398
2018,60,Marius Copil,28,733335
2018,61,Tennys Sandgren,27,808871
2018,62,Ryan Harrison,26,731632
2018,63,Denis Kudla,26,589704
2018,64,Feliciano Lopez,37,824652
2018,65,Albert Ramos-Vinolas,30,928421
2018,66,Stan Wawrinka,33,834541
2018,67,Aljaz Bedene,29,635628
2018,68,Andrey Rublev,21,1029862
2018,69,Mischa Zverev,31,888180
2018,70,Vasek Pospisil,28,512161
2018,71,Tomas Berdych,33,711846
2018,72,Jordan Thompson,24,330705
2018,73,Roberto Carballes Baena,25,483450
2018,74,Maximilian Marterer,23,789332
2018,75,Yoshihito Nishioka,23,508046
2018,76,Bradley Klahn,28,390324
2018,77,Taro Daniel,25,483044
2018,78,Mackenzie McDonald,23,537013
2018,79,Guido Andreozzi,27,308680
2018,80,Federico Delbonis,28,519663
2018,81,Jaume Munar,21,538099
2018,82,Pablo Andujar,32,309766
2018,83,Bernard Tomic,26,420374
2018,84,Cristian Garin,22,148427
2018,85,Jozef Kovalik,26,277177
2018,86,Hubert Hurkacz,21,467695
2018,87,Mirza Basic,27,445003
2018,88,Pablo Cuevas,32,619800
2018,89,Jiri Vesely,25,554048
2018,90,Cameron Norrie,23,512061
2018,91,Ilya Ivashka,24,324359
2018,92,Denis Istomin,32,493370
2018,93,Laslo Djere,23,435154
2018,94,Filip Krajinovic,26,736524
2018,95,Ernests Gulbis,30,468884
2018,96,Marcel Granollers,32,199664
2018,97,Evgeny Donskoy,28,585987
2018,98,Radu Albot,29,579727
2018,99,Reilly Opelka,21,159848
2018,100,Ivo Karlovic,39,453214
2018,101,Thomas Fabbiano,29,469813
2018,102,Ugo Humbert,20,213252
2018,103,Michael Mmoh,20,283987
2018,104,Pedro Sousa,30,101177
2018,105,Guillermo Garcia-Lopez,35,550437
2018,106,Jack Sock,26,738747
2018,107,Lorenzo Sonego,23,323624
2018,108,Felix Auger-Aliassime,18,290968
2018,109,Paolo Lorenzi,37,462269
2018,110,Prajnesh Gunneswaran,29,158566
2018,111,Jared Donaldson,22,596435
2018,112,Casper Ruud,20,336325
2018,113,Jason Kubler,25,271778
2018,114,Lukas Lacko,31,441739
2018,115,Elias Ymer,22,265819
2018,116,Ricardas Berankis,28,362046
2018,117,Ruben Bemelmans,30,456818
2018,118,Juan Ignacio Londero,25,106141
2018,119,Peter Polansky,30,357551
2018,120,Thiago Monteiro,24,190931
2018,121,Jason Jung,29,159598
2018,122,Hugo Dellien,25,96763
2018,123,Marco Trungelliti,28,235357
2018,124,Marcos Baghdatis,33,578200
2018,125,David Ferrer,36,494455
2018,126,Yannick Maden,29,235254
2018,127,Lloyd Harris,21,176204
2018,128,Quentin Halys,22,163059
2018,129,Adrian Menendez-Maceiras,33,133294
2018,130,Matthias Bachinger,31,218692
2018,131,Miomir Kecmanovic,19,128231
2018,132,Ramkumar Ramanathan,24,192922
2018,133,Stefano Travaglia,27,238391
2018,134,Sergiy Stakhovsky,32,313022
2018,135,Noah Rubin,22,223833
2018,136,Bjorn Fratangelo,25,190414
2018,137,Yuki Bhambri,26,349308
2018,138,Gilles Muller,35,556113
2018,139,Carlos Berlocq,35,148981
2018,140,Dennis Novak,25,320475
2018,141,Simone Bolelli,33,182341
2018,142,Lukas Rosol,33,77884
2018,143,Jurgen Zopp,30,287069
2018,144,Corentin Moutet,19,317189
2018,145,Yuichi Sugita,30,579557
2018,146,Thanasi Kokkinakis,22,245585
2018,147,Alexei Popyrin,19,147265
2018,148,Tatsuma Ito,30,91341
2018,149,Antoine Hoang,23,86982
2018,150,Mats Moraing,26,90784
2018,151,Constant Lestienne,26,106591
2018,152,Yannick Hanfmann,27,172771
2018,153,Facundo Bagnis,28,145773
2018,154,Alex Bolt,25,213240
2018,155,Gianluigi Quinzi,22,54849
2018,156,Pedro Martinez,21,100591
2018,157,Egor Gerasimov,26,120577
2018,158,Salvatore Caruso,26,133731
2018,159,Rogerio Dutra Silva,34,224752
2018,160,Alessandro Giannessi,28,123543
2018,161,Dominik Koepfer,24,94394
2018,162,Alexander Bublik,21,131288
2018,163,Gregoire Barrere,24,182574
2018,164,Tim Smyczek,31,292360
2018,165,Filippo Baldi,22,58291
2018,166,Marc Polmans,21,116764
2018,167,Oscar Otte,25,133409
2018,168,Luca Vanni,33,103661
2018,169,Henri Laaksonen,26,165629
2018,170,Christopher Eubanks,22,98589
2018,171,Pedja Krstin,24,84961
2018,172,Brayden Schnur,23,94303
2018,173,Horacio Zeballos,33,360056
2018,174,Nikola Milojevic,23,99285
2018,175,Alexey Vatutin,26,114321
2018,176,Andrea Arnaboldi,31,75692
2018,177,Kamil Majchrzak,22,92501
2018,178,Nicolas Kicker,26,274486
2018,179,Sebastian Ofner,22,109754
2018,180,Aleksandr Nedovyesov,31,50181
2018,181,Roberto Quiroz,26,72762
2018,182,Daniel Brands,31,72023
2018,183,Andrej Martin,29,83769
2018,184,Mohamed Safwat,28,134493
2018,185,Yasutaka Uchiyama,26,68691
2018,186,James Ward,31,80673
2018,187,Ernesto Escobedo,22,167531
2018,188,Blaz Rola,28,74503
2018,189,Daniel Gimeno-Traver,33,82804
2018,190,Nicolas Mahut,36,239462
2018,191,Hiroki Moriya,28,80845
2018,192,Daniel Evans,28,73703
2018,193,John-Patrick Smith,29,145300
2018,194,Yosuke Watanuki,20,71541
2018,195,Stephane Robert,38,168163
2018,196,Maxime Janvier,22,90619
2018,197,Kenny De Schepper,31,97218
2018,198,Darian King,26,118132
2018,199,Stefano Napolitano,23,102489
2018,200,Adam Pavlasek,24,148349
2018,201,Tommy Robredo,36,116164
2018,202,Tommy Paul,21,73715
2018,203,Matteo Donati,23,60743
2018,204,Arthur De Greef,26,56468
2018,205,Viktor Troicki,32,356714
2018,206,Blaz Kavcic,31,133084
2018,207,Rudolf Molleker,18,95737
2018,208,Ze Zhang,28,83368
2018,209,Zdenek Kolar,22,104313
2018,210,Federico Gaio,26,108001
2018,211,Sergio Gutierrez-Ferrol,29,60613
2018,212,Kimmer Coppejans,24,36775
2018,213,Tobias Kamke,32,78143
2018,214,Go Soeda,34,97588
2018,215,Filip Horansky,25,54730
2018,216,Calvin Hemery,23,173297
2018,217,Jurij Rodionov,19,39585
2018,218,Duckhee Lee,20,100469
2018,219,Enrique Lopez Perez,27,78007
2018,220,Marcelo Arevalo,28,93077
2018,221,Daniel Elahi Galan,22,88327
2018,222,Lorenzo Giustino,27,78778
2018,223,Viktor Galovic,28,101963
2018,224,Joao Domingues,25,60435
2018,225,Thomaz Bellucci,31,110261
2018,226,Gian Marco Moroni,20,41679
2018,227,Facundo Arguello,26,37360
2018,228,Mitchell Krueger,24,139105
2018,229,Kevin Krawietz,26,34715
2018,230,Dustin Brown,34,120014
2018,231,Tallon Griekspoor,22,90835
2018,232,Guilherme Clezar,25,70267
2018,233,Jay Clarke,20,137311
2018,234,James Duckworth,26,223839
2018,235,Soonwoo Kwon,21,84440
2018,236,Dudi Sela,33,240074
2018,237,Alejandro Davidovich Fokina,19,54950
2018,238,Gleb Sakharov,30,85505
2018,239,Jo-Wilfried Tsonga,33,203396
2018,240,Andy Murray,31,238610
2018,241,Christian Harrison,24,124996
2018,242,Thiemo de Bakker,30,55033
2018,243,Filip Peliwo,24,83731
2018,244,Gerald Melzer,28,167453
2018,245,Nicola Kuhn,18,53518
2018,246,Evgeny Karlovskiy,24,63541
2018,247,Norbert Gombos,28,144552
2018,248,Donald Young,29,234359
2018,249,Cem Ilkel,23,59315
2018,250,Uladzimir Ignatik,28,95213
2018,251,Roberto Cid Subervi,25,36834
2018,252,Attila Balazs,30,66188
2018,253,Santiago Giraldo,31,138931
2018,254,JC Aragone,23,76792
2018,255,Mikael Ymer,20,59303
2018,256,Florian Mayer,35,341670
2018,257,Dennis Novikov,25,77928
2018,258,Daniel Masur,24,54890
2018,259,Saketh Myneni,31,33038
2018,260,Alexandr Dolgopolov,30,231436
2018,261,Benjamin Bonzi,22,89701
2018,262,Kevin King,27,104663
2018,263,Gastao Elias,28,133736
2018,264,Nino Serdarusic,22,75406
2018,265,Mathias Bourgue,24,57464
2018,266,Bernabe Zapata Miralles,21,36198
2018,267,Jose Hernandez-Fernandez,28,29043
2018,268,Pedro Cachin,23,45689
2018,269,Johan Tatlot,22,37213
2018,270,Gianluca Mager,24,29858
2018,271,Mario Vilella Martinez,23,34398
2018,272,Ricardo Ojeda Lara,25,95729
2018,273,Liam Broady,24,143260
2018,275,Elliot Benchetrit,20,74309
2018,276,Danilo Petrovic,26,69121
2018,277,Zhe Li,32,72991
2018,278,Victor Estrella Burgos,38,183846
2018,279,Federico Coria,26,24996
2018,280,Max Purcell,20,70915
2018,281,Gonzalo Oliveira,23,78219
2018,282,Kaichi Uchida,24,34867
2018,283,Carlos Taberner,21,86125
2018,284,Enzo Couacaud,23,21286
2018,285,Lucas Miedler,22,58492
2018,286,Evan King,26,90244
2018,287,Laurynas Grigelis,27,30981
2018,288,Jurgen Melzer,37,102038
2018,289,Akira Santillan,21,50491
2018,290,Roberto Marcora,29,21993
2018,291,Matteo Viola,31,38199
2018,292,Jan Choinski,22,47580
2018,293,Vaclav Safranek,24,89975
2018,294,Scott Griekspoor,27,38806
2018,296,Thai-Son Kwiatkowski,23,50508
2018,297,Maverick Banes,26,44898
2018,298,Tsung-Hua Yang,27,45398
2018,299,Ante Pavic,29,34281
2018,300,Andrea Collarini,26,76658
2018,301,Alexander Sarkissian,28,34740
2018,302,Tomislav Brkic,28,57783
2018,303,Joris De Loore,25,27414
2018,304,Aldin Setkic,31,40295
2018,305,Martin Cuevas,26,23163
2018,306,Yibing Wu,19,104910
2018,307,Di Wu,27,55967
2018,308,Marcos Giron,25,36385
2018,309,Tristan Lamasine,25,16905
2018,310,Collin Altamirano,23,78499
2018,311,Mate Valkusz,20,30171
2018,312,Alejandro Gonzalez,29,46544
2018,313,Ulises Blanch,20,25865
2018,314,Jelle Sels,23,28414
2018,315,Carlos Gomez-Herrera,28,17217
2018,316,Stefan Kozlov,20,84779
2018,317,Tim Puetz,31,18439
2018,318,Frank Dancevic,34,34491
2018,319,Roberto Ortega-Olmedo,27,38325
2018,320,Evan Song,26,20758
2018,321,Vincent Millot,32,43529
2018,322,Dragos Dima,26,23347
2018,323,Sebastian Fanselow,27,18925
2018,324,Frederico Ferreira Silva,23,38719
2018,325,Maximilian Neuchrist,27,35569
2018,326,Yusuke Takahashi,21,26972
2018,327,Bradley Mousley,22,53844
2018,328,Roy Smith,20,16608
2018,329,Dimitar Kuzmanov,25,32981
2018,330,Mikael Torpegaard,24,11775
2018,331,Renzo Olivo,26,48896
2018,332,Roman Safiullin,21,41275
2018,333,Tak Khunn Wang,27,19357
2018,334,Andrea Pellegrino,21,16823
2018,335,Borna Gojo,20,13755
2018,336,David Guez,36,23875
2018,337,Renta Tokuda,20,21800
2018,338,Zsombor Piros,19,38837
2018,339,Miljan Zekic,30,26743
2018,340,Sumit Nagal,21,45149
2018,341,Hugo Grenier,22,21585
2018,342,Alexandre Muller,21,43527
2018,343,Andrew Harris,24,15900
2018,344,Pavel Kotov,20,13430
2018,346,Dayne Kelly,28,27686
2018,347,Alex Molcan,21,15936
2018,348,Aleksandar Vukic,22,16455
2018,349,Sergey Betov,31,16561
2018,350,Juan Pablo Varillas,23,20691
2018,351,Dmitry Popko,22,23073
2018,352,Blake Ellis,19,22171
2018,353,Carlos Boluda-Purkiss,25,26852
2018,354,Zihao Xia,21,19246
2018,355,Antoine Escoffier,26,11093
2018,356,Jared Hiltzik,24,18323
2018,357,Franko Skugor,31,31689
2018,358,Makoto Ochi,22,14601
2018,359,Denis Yevseyev,25,30157
2018,360,Zhizhen Zhang,22,30317
2018,361,Ryan Shane,24,10537
2018,362,Luke Saville,24,15600
2018,363,Gonzalo Escobar,29,13707
2018,365,Tung-Lin Wu,20,11828
2018,367,Andrea Basso,25,17866
2018,368,Teymuraz Gabashvili,33,29405
2018,369,Emilio Gomez,27,22191
2018,370,Daniel Altmaier,20,7893
2018,371,Marc-Andrea Huesler,22,23393
2018,372,Jan Satral,28,13410
2018,373,Rubin Statham,31,13738
2018,374,Andrew Whittington,25,28474
2018,375,Benjamin Hassan,23,13354
2018,376,Harri Heliovaara,29,20284
2018,377,Pedro Sakamoto,25,13388
2018,378,Petros Chrysochos,22,13576
2018,379,Jeremy Jahn,28,13160
2018,380,Liam Caruana,20,65511
2018,381,Daniel Munoz de la Nava,36,19028
2018,382,Alessandro Bega,27,32619
2018,383,Oriol Roca Batalla,25,33999
2018,384,Viktor Durasovic,21,10186
2018,385,Emil Ruusuvuori,19,17836
2018,386,Khumoyun Sultanov,20,10635
2018,387,Johannes Haerteis,22,11448
2018,388,Guillermo Olaso,30,10738
2018,389,Yan Bai,29,19253
2018,390,Alexis Galarneau,19,13470
2018,391,Andreas Haider-Maurer,31,170339
2018,392,Arjun Kadhe,24,22488
2018,393,Illya Marchenko,31,29293
2018,394,Tom Jomby,27,18375
2018,395,Julian Lenz,25,7315
2018,396,Shuichi Sekiguchi,27,7768
2018,397,Ivan Gakhov,22,27251
2018,398,Joao Menezes,22,18469
2018,399,Sekou Bangoura,27,19776
2018,400,Joao Souza,30,36478
2018,401,N.Sriram Balaji,28,6315
2018,402,Joao Monteiro,25,32375
2018,403,Chien-hsun Lo,20,8294
2018,404,Alexander Ward,28,24586
2018,405,Michael Redlicki,25,15956
2018,406,Youssef Hossam,20,17214
2018,407,Brydan Klein,28,11011
2018,408,Rigele Te,21,26812
2018,409,Ivan Nedelko,32,61921
2018,410,Marinko Matosevic,33,11500
2018,411,Jacob Grills,23,16518
2018,412,Tim van Rijthoven,21,13604
2018,413,Jordi Samper-Montana,28,25852
2018,414,Gerard Granollers,29,8338
2018,415,Alen Avidzba,18,13402
2018,416,Steven Diez,27,28154
2018,417,Andres Artunedo Martinavarro,25,19415
2018,418,Zizou Bergs,19,19041
2018,419,Wishaya Trongcharoenchaikul,23,11262
2018,420,Geoffrey Blancaneaux,20,31373
2018,421,Sadio Doumbia,28,20207
2018,422,Cristian Rodriguez,28,7337
2018,423,Arthur Rinderknech,23,17307
2018,424,Igor Sijsling,31,12970
2018,425,Markus Eriksson,29,16935
2018,426,Corentin Denolly,21,29024
2018,427,Tobias Simon,27,12922
2018,428,Lloyd Glasspool,25,30965
2018,429,Javier Barranco Cosano,20,28455
2018,430,Marvin Netuschil,27,10530
2018,431,Albano Olivetti,27,12546
2018,432,Sidharth Rawat,25,5705
2018,433,Frederik Nielsen,35,5606
2018,434,Nam Hoang Ly,21,13403
2018,435,Takanyi Garanganga,28,15824
2018,436,Enrico Dalla Valle,20,11434
2018,437,Karue Sell,25,15445
2018,438,Karim-Mohamed Maamoun,27,34313
2018,439,Maximo Gonzalez,35,3647
2018,440,William Blumberg,20,4890
2018,441,Lamine Ouahab,34,19509
2018,442,Tom Fawcett,23,20125
2018,443,Fabrizio Ornago,26,17296
2018,444,Austin Krajicek,28,11580
2018,445,Martin Redlicki,23,18455
2018,446,Harrison Adams,24,12463
2018,447,Hernan Casanova,24,22829
2018,448,Miliaan Niesten,30,8309
2018,449,Thiago Seyboth Wild,18,17586
2018,450,Edan Leshem,21,24204
2018,451,Bastian Malla,22,10636
2018,452,Patrick Kypson,19,11495
2018,453,Gregoire Jacq,26,15976
2018,454,Flavio Cipolla,35,4654
2018,455,Andrea Vavassori,23,3600
2018,456,Ji Hoon Son,24,7413
2018,457,Manuel Guinard,23,18084
2018,458,Benjamin Mitchell,26,5725
2018,459,Alafia Ayeni,19,7170
2018,460,Patricio Heras,29,10569
2018,461,Antoine Cornut-Chauvinc,18,16389
2018,462,Yannick Jankovits,31,18871
2018,463,Harry Bourchier,22,7765
2018,464,Louis Wessels,20,21507
2018,465,Edoardo Eremin,25,8338
2018,466,Evan Furness,20,21271
2018,467,Christopher Heyman,25,21325
2018,468,Ronnie Schneider,24,17412
2018,469,Michael Vrbensky,19,11397
2018,470,Omar Jasika,21,11200
2018,471,Altug Celikbilek,22,13101
2018,472,Juan Ignacio Galarza,24,11975
2018,473,Orlando Luz,20,15073
2018,474,Alejandro Gomez,27,11283
2018,474,Konstantin Kravchuk,33,17499
2018,476,Fabien Reboul,23,21502
2018,477,Manuel Pena Lopez,20,8074
2018,478,Riccardo Bellotti,27,9805
2018,479,Manuel Sanchez,27,4996
2018,480,Lucas Catarina,22,35727
2018,481,Robin Kern,25,5145
2018,482,Camilo Ugo Carabelli,19,15809
2018,483,Alexandar Lazov,28,13093
2018,483,Felipe Mantilla,25,5398
2018,485,Aslan Karatsev,25,18985
2018,486,Chun-Hsin Tseng,17,24812
2018,487,Yuta Shimizu,19,17730
2018,488,Francesco Forti,19,8412
2018,489,Raul Brancaccio,21,27671
2018,490,Alex Rybakov,21,12355
2018,491,Peter Torebko,30,16837
2018,492,Evan Hoyt,23,15747
2018,493,Jacopo Berrettini,20,14038
2018,494,Thomas Fancutt,23,11228
2018,495,Pavel Krainik,26,11962
2018,496,Gijs Brouwer,22,19157
2018,497,Riccardo Balzerani,20,14145
2018,498,Pietro Rondoni,25,15036
2018,499,Marc Sieber,30,9058
2018,500,Ruan Roelofse,29,6642
2018,501,Jules Okala,21,9289
2018,502,Ti Chen,35,9388
2018,503,Riccardo Bonadio,25,21219
2018,504,Matteo Martineau,19,18183
2018,505,Hiroyasu Ehara,27,16123
2018,505,Giovanni Fonio,20,14308
2018,507,Cedrik-Marcel Stebe,28,59852
2018,508,Nathan Pasha,26,1290
2018,509,Kirill Kivattsev,21,8726
2018,510,Hugo Nys,27,5625
2018,511,Lucas Gerch,24,6369
2018,511,Ben Patael,21,8396
2018,511,Abhinav Sanjeev Shanmugam,20,5100
2018,514,Luca Giacomini,21,8074
2018,515,Inigo Cervantes,29,4939
2018,516,Gerardo Lopez Villasenor,23,7504
2018,517,Jeremy Beale,24,13633
2018,517,Lucas Gomez,23,28996
2018,519,Germain Gigounon,29,18679
2018,520,Lukas Klein,20,11709
2018,521,Pol Toledo Bague,24,14959
2018,522,Yannick Mertens,31,24534
2018,523,Juan Pablo Ficovich,21,14614
2018,524,Sebastian Korda,18,38332
2018,525,Remi Boutillier,28,9931
2018,526,Yecong He,24,12017
2018,527,Andrej Glvac,21,3714
2018,527,Brandon Nakashima,17,20800
2018,529,Artem Smirnov,30,7241
2018,531,Farrukh Dustov,32,4150
2018,532,Brandon Holt,20,6340
2018,532,Yen-Hsun Lu,35,26594
2018,536,Pavel Nejedly,25,8128
2018,537,Botic van de Zandschulp,23,13375
2018,538,Evgenii Tiurnev,21,24150
2018,539,Tigre Hank,27,9414
2018,540,Nicolaas Scholtz,27,8932
2018,541,Danny Thomas,19,7161
2018,542,Daniel Nguyen,28,5580
2018,543,Marsel Ilhan,31,15824
2018,545,Shinji Hazawa,19,4035
2018,545,Pruchya Isaro,23,8956
2018,545,Nicolas Meister,29,1810
2018,548,Artem Dubrivnyy,19,8899
2018,548,John McNally,20,3138
2018,548,Christian Seraphim,23,2777
2018,551,Jannik Sinner,17,7157
2018,552,Gabor Borsos,27,5873
2018,553,Patrik Rikl,19,13777
2018,554,Benjamin Lock,25,17696
2018,554,Benjamin Sigouin,19,9095
2018,557,Xin Gao,24,8407
2018,557,Samuel Monette,24,7221
2018,559,Jakub Paul,19,10394
2018,560,Fred Gil,33,25894
2018,561,Jack Draper,17,18493
2018,562,Agustin Velotti,26,3495
2018,563,Ergi Kirkin,19,9870
2018,564,Yuya Kibi,32,3086
2018,564,Gianni Mina,26,5311
2018,566,Marko Miladinovic,18,12057
2018,567,Nicolas Alvarez,22,8417
2018,567,Francesco Vilardo,29,13707
2018,569,Luis Patino,25,10776
2018,570,Fajing Sun,22,10396
2018,571,Nicolae Frunza,21,11783
2018,572,Marco Bortolotti,27,14347
2018,573,Aziz Dougaz,21,16218
2018,574,Sander Gille,27,1093
2018,574,Luis David Martinez,29,936
2018,574,Vishnu Vardhan,31,2705
2018,579,Colin Sinclair,24,10157
2018,580,Sergey Fomin,17,2964
2018,581,Manish Sureshkumar,19,11962
2018,581,Pablo Vivero Gonzalez,23,10087
2018,583,Daniel Dutra da Silva,30,10070
2018,583,Or Ram-Harel,23,7419
2018,583,Laurent Rochette,30,7835
2018,586,Vladyslav Manafov,25,12934
2018,587,Alberto Romero De Avila Senise,21,9431
2018,588,Sandro Ehrat,27,9487
2018,589,Patrik Niklas-Salminen,21,14021
2018,590,Skander Mansouri,23,11244
2018,591,Sanjar Fayziev,24,17281
2018,592,Maxime Cressy,21,13511
2018,592,Alvaro Lopez San Martin,21,13771
2018,594,Nathaniel Lammons,25,780
2018,594,Joao Lucas Reis Da Silva,18,8772
2018,597,Oliver Crawford,19,4016
2018,597,Baptiste Crepatte,24,21841
2018,597,Nik Razborsek,25,14802
2018,597,Takashi Saito,23,9203
2018,601,Alexander Erler,21,14669
2018,601,Peter Heller,26,24206
2018,601,Jonathan Kanar,24,6572
2018,601,Yuki Mochizuki,21,5637
2018,601,David Poljak,22,13349
2018,606,Michael Geerts,23,10481
2018,606,David Vega Hernandez,24,5547
2018,608,Peter Bothwell,23,8293
2018,608,Axel Geller,19,9135
2018,608,Niki Kaliyanda Poonacha,23,7464
2018,608,Martins Podzus,24,12404
2018,612,Ricardo Rodriguez - Pace,25,9788
2018,614,Lorenzo Frigerio,29,8024
2018,614,Mikhail Fufygin,28,10199
2018,614,Antonio Massara,23,9522
2018,614,Gonzalo Villanueva,23,14817
2018,618,Yu Hsiou Hsu,19,10723
2018,618,Jumpei Yamasaki,21,10051
2018,620,Nick Chappell,26,8594
2018,620,Alexander Ritschard,24,12733
2018,622,Bogdan Ionut Apostol,22,10987
2018,622,Walter Trusendi,33,8062
2018,624,Danylo Kalenichenko,24,9717
2018,625,Trent Bryde,19,6792
2018,625,Lenny Hampel,22,9574
2018,625,Joao Pedro Sorgi,25,8774
2018,628,Evan Zhu,20,8210
2018,629,Marc Giner,27,12164
2018,630,Eduard Esteve Lobato,24,20190
2018,631,Bruno Santanna,25,18287
2018,632,Gonzalo Lama,25,5904
2018,633,Moez Echargui,25,18823
2018,634,Tiago Cacao,20,18541
2018,635,Peter Kobelt,28,9233
2018,636,Stefano Baldoni,21,5085
2018,636,Nuno Borges,21,10467
2018,636,Denys Molchanov,31,2850
2018,636,Nikolas Sanchez Izquierdo,19,9055
2018,641,Tomas Martin Etcheverry,19,12596
2018,641,Genaro Alberto Olivieri,20,11947
2018,641,Tadeas Paroulek,19,12094
2018,641,Ryan James Storrie,20,5543
2018,641,Matej Vocel,21,5267
2018,647,Rio Noguchi,20,15225
2018,647,Yaraslav Shyla,25,6387
2018,647,Jeroen Vanneste,24,14794
2018,650,Adrian Bodmer,23,6973
2018,650,Linus Frost,23,3945
2018,650,Suraj R Prabodh,23,5511
2018,653,Jordan Correia,21,14017
2018,653,Sora Fukuda,21,8543
2018,653,Stephan Gerritsen,22,8228
2018,653,Hong Kit Wong,20,5342
2018,657,Jaimee Floyd Angele,18,15109
2018,657,Deiton Baughman,22,4490
2018,657,Jie Cui,20,5838
2018,657,Shintaro Imai,25,12808
2018,661,Niels Desein,31,6744
2018,661,Andrew Watson,22,8919
2018,661,Michael Zhu,26,7830
2018,664,Felix Corwin,22,6954
2018,664,Jack Findel-Hawkins,24,9164
2018,664,Michael Look,31,10260
2018,664,Pascal Meis,25,12203
2018,664,Johan Nikles,21,11548
2018,664,Jose Pereira,27,12163
2018,664,Jaume Pla Malfeito,23,12560
2018,664,Sam Riffice,19,7975
2018,672,Oscar Jose Gutierrez,25,16857
2018,672,Strong Kirchheimer,23,12620
2018,672,Paul Oosterbaan,23,7108
2018,672,Alessandro Petrone,28,15642
2018,676,Ryan Peniston,23,10447
2018,677,Jordi Arconada,22,11744
2018,677,Sebastien Boltz,25,14026
2018,677,Omar Salman,22,14898
2019,1,Rafael Nadal,33,16349586
2019,2,Novak Djokovic,32,13277228
2019,3,Roger Federer,38,8716975
2019,4,Dominic Thiem,26,7836322
2019,5,Daniil Medvedev,23,7833320
2019,6,Stefanos Tsitsipas,21,7272204
2019,7,Alexander Zverev,22,4143723
2019,8,Matteo Berrettini,23,3363218
2019,9,Roberto Bautista Agut,31,2911522
2019,10,Gael Monfils,33,2901347
2019,11,David Goffin,29,2694717
2019,12,Fabio Fognini,32,2796971
2019,13,Kei Nishikori,30,2144457
2019,14,Diego Schwartzman,27,2154554
2019,15,Denis Shapovalov,20,2010869
2019,16,Stan Wawrinka,34,2089648
2019,17,Karen Khachanov,23,2097841
2019,18,Alex de Minaur,20,1895709
2019,19,John Isner,34,1709328
2019,20,Grigor Dimitrov,28,2092433
2019,21,Felix Auger-Aliassime,19,1476501
2019,22,Lucas Pouille,25,1573714
2019,23,Andrey Rublev,22,1408761
2019,24,Benoit Paire,30,1413171
2019,25,Guido Pella,29,1471932
2019,26,Nikoloz Basilashvili,27,1571101
2019,27,Pablo Carreno Busta,28,1301797
2019,28,Borna Coric,23,1519236
2019,29,Jo-Wilfried Tsonga,34,1054107
2019,30,Nick Kyrgios,24,1312870
2019,31,Milos Raonic,29,1277207
2019,32,Taylor Fritz,22,1170678
2019,33,Cristian Garin,23,1101786
2019,34,Dusan Lajovic,29,1439206
2019,35,Jan-Lennard Struff,29,1416549
2019,36,Reilly Opelka,22,1042624
2019,37,Hubert Hurkacz,22,1169651
2019,38,Laslo Djere,24,1186499
2019,39,Marin Cilic,31,1344292
2019,40,Filip Krajinovic,27,891166
2019,41,Albert Ramos-Vinolas,31,895042
2019,42,Daniel Evans,29,820080
2019,43,Adrian Mannarino,31,1052411
2019,44,Sam Querrey,32,949123
2019,45,Pablo Cuevas,33,863321
2019,46,Radu Albot,30,996200
2019,47,Frances Tiafoe,21,1366632
2019,48,John Millman,30,958074
2019,49,Fernando Verdasco,36,1205500
2019,50,Juan Ignacio Londero,26,883097
2019,51,Jeremy Chardy,32,971178
2019,52,Lorenzo Sonego,24,779098
2019,53,Cameron Norrie,24,868847
2019,54,Casper Ruud,21,800656
2019,55,Gilles Simon,35,1151769
2019,56,Alexander Bublik,22,676470
2019,57,Ugo Humbert,21,784272
2019,58,Aljaz Bedene,30,729818
2019,59,Miomir Kecmanovic,20,1046628
2019,60,Joao Sousa,30,951347
2019,61,Richard Gasquet,33,894028
2019,62,Feliciano Lopez,38,1054528
2019,63,Jordan Thompson,25,832033
2019,64,Pablo Andujar,33,709916
2019,65,Pierre-Hugues Herbert,28,868371
2019,66,Ricardas Berankis,29,541314
2019,67,Mikhail Kukushkin,32,991890
2019,68,Tennys Sandgren,28,735549
2019,69,Kyle Edmund,24,923876
2019,70,Marton Fucsovics,27,879451
2019,71,Marco Cecchinato,27,844166
2019,72,Andreas Seppi,35,731463
2019,73,Yoshihito Nishioka,24,789919
2019,74,Mikael Ymer,21,368649
2019,75,Hugo Dellien,26,507211
2019,76,Federico Delbonis,29,576086
2019,77,Nicolas Jarry,24,654171
2019,78,Jannik Sinner,18,636952
2019,79,Philipp Kohlschreiber,36,757046
2019,80,Roberto Carballes Baena,26,585167
2019,81,Yasutaka Uchiyama,27,249443
2019,82,Gregoire Barrere,25,417236
2019,83,Corentin Moutet,20,445525
2019,84,Stefano Travaglia,28,269963
2019,85,Steve Johnson,30,622680
2019,86,Jaume Munar,22,581185
2019,87,Alejandro Davidovich Fokina,20,291128
2019,88,Soonwoo Kwon,22,286064
2019,89,Thiago Monteiro,25,333699
2019,90,Tommy Paul,22,255912
2019,91,Kevin Anderson,33,560921
2019,92,Leonardo Mayer,32,734918
2019,93,Damir Dzumhur,27,640500
2019,94,Dominik Koepfer,25,494438
2019,95,Ivo Karlovic,40,590971
2019,96,Salvatore Caruso,27,374237
2019,97,Alexei Popyrin,20,676289
2019,98,Egor Gerasimov,27,344164
2019,99,Lloyd Harris,22,454174
2019,100,James Duckworth,27,178696
2019,101,Kamil Majchrzak,23,380872
2019,102,Marcos Giron,26,263183
2019,103,Yuichi Sugita,31,206980
2019,104,Henri Laaksonen,27,396541
2019,105,Jiri Vesely,26,420236
2019,106,Brayden Schnur,24,302792
2019,107,Andrej Martin,30,90209
2019,108,Dennis Novak,26,202965
2019,109,Norbert Gombos,29,134716
2019,110,Taro Daniel,26,392915
2019,111,Marcel Granollers,33,371083
2019,112,Evgeny Donskoy,29,283914
2019,113,Denis Kudla,27,625529
2019,114,Thomas Fabbiano,30,611516
2019,115,Paolo Lorenzi,38,374217
2019,116,Antoine Hoang,24,384507
2019,117,Peter Gojowczyk,30,520956
2019,118,Gianluca Mager,25,114004
2019,119,Christopher O'Connell,25,72920
2019,120,Federico Coria,27,79349
2019,121,Go Soeda,35,164020
2019,122,Juan Martin del Potro,31,511796
2019,123,Emil Ruusuvuori,20,50459
2019,124,Prajnesh Gunneswaran,30,375183
2019,125,Andy Murray,32,369319
2019,126,Yannick Maden,30,211318
2019,127,Jason Jung,30,173729
2019,128,Hyeon Chung,23,391115
2019,129,Mackenzie McDonald,24,343893
2019,130,Sumit Nagal,22,113009
2019,131,Ilya Ivashka,25,305478
2019,132,Guido Andreozzi,28,361609
2019,133,Attila Balazs,31,145025
2019,134,Marc Polmans,22,162457
2019,135,Bradley Klahn,29,443098
2019,136,Steven Diez,28,121254
2019,137,Facundo Bagnis,29,125179
2019,138,Zhizhen Zhang,23,148968
2019,139,Jozef Kovalik,27,271992
2019,140,Pedro Sousa,31,149895
2019,141,Martin Klizan,30,566752
2019,142,Dudi Sela,34,71667
2019,143,Juan Pablo Varillas,24,56881
2019,144,Guillermo Garcia-Lopez,36,286541
2019,145,Blaz Rola,29,136437
2019,146,Emilio Gomez,28,97605
2019,147,Tatsuma Ito,31,167484
2019,148,Alessandro Giannessi,29,102287
2019,149,Vasek Pospisil,29,308955
2019,150,Sergiy Stakhovsky,33,220401
2019,151,Lorenzo Giustino,28,83577
2019,152,Federico Gaio,27,97926
2019,153,Marius Copil,29,500069
2019,154,Jay Clarke,21,196089
2019,155,Nikola Milojevic,24,101379
2019,156,Sebastian Ofner,23,124303
2019,157,Steve Darcis,35,318968
2019,158,Viktor Troicki,33,177205
2019,159,Alex Bolt,26,227511
2019,160,Kimmer Coppejans,25,169802
2019,161,Andrew Harris,25,87642
2019,162,Robin Haase,32,520976
2019,163,Oscar Otte,26,206240
2019,164,Rudolf Molleker,19,210311
2019,165,Cedrik-Marcel Stebe,29,321245
2019,166,Darian King,27,130264
2019,167,Mitchell Krueger,25,152583
2019,168,Mikael Torpegaard,25,90394
2019,169,Danilo Petrovic,27,39265
2019,170,Pedro Martinez,22,174731
2019,171,Filip Horansky,26,84905
2019,172,Yannick Hanfmann,28,135741
2019,173,Joao Domingues,26,117969
2019,174,Ramkumar Ramanathan,25,145639
2019,175,Mohamed Safwat,29,91140
2019,176,Elias Ymer,23,126727
2019,177,Denis Istomin,33,251725
2019,178,Tallon Griekspoor,23,125552
2019,179,Marcos Baghdatis,34,183077
2019,180,Lukas Rosol,34,210240
2019,181,Roberto Marcora,30,68165
2019,182,Enrique Lopez Perez,28,89347
2019,183,Lukas Lacko,32,136525
2019,184,Peter Polansky,31,161000
2019,185,Bernard Tomic,27,366309
2019,186,Dmitry Popko,23,39190
2019,187,Mats Moraing,27,118115
2019,188,J.J. Wolf,21,52555
2019,189,Joao Menezes,23,65427
2019,190,Carlos Taberner,22,31012
2019,191,Daniel Elahi Galan,23,145674
2019,192,Enzo Couacaud,24,110267
2019,193,Zhe Li,33,188080
2019,194,Nicolas Mahut,37,279008
2019,195,Andrea Collarini,27,36110
2019,196,Maxime Cressy,22,50661
2019,197,Mario Vilella Martinez,24,64696
2019,198,Botic van de Zandschulp,24,36629
2019,199,Thanasi Kokkinakis,23,218475
2019,200,Bernabe Zapata Miralles,22,53785
2019,201,Malek Jaziri,35,367133
2019,202,Frederico Ferreira Silva,24,38443
2019,203,Dustin Brown,35,119135
2019,204,Constant Lestienne,27,107970
2019,205,Tommy Robredo,37,80011
2019,206,Maxime Janvier,23,147263
2019,207,Bjorn Fratangelo,26,235788
2019,208,Facundo Mena,27,32469
2019,209,Marco Trungelliti,29,162220
2019,210,Noah Rubin,23,158548
2019,211,Thiago Seyboth Wild,19,55944
2019,212,Alexey Vatutin,27,152546
2019,213,Alejandro Tabilo,22,40500
2019,214,Nicola Kuhn,19,105081
2019,215,Yan Bai,30,56723
2019,216,Hiroki Moriya,29,104157
2019,217,Elliot Benchetrit,21,189839
2019,218,Michael Mmoh,21,120605
2019,219,Janko Tipsarevic,35,356442
2019,220,Quentin Halys,23,133680
2019,221,Max Purcell,21,64062
2019,222,Tristan Lamasine,26,39866
2019,223,Matthias Bachinger,32,120053
2019,224,Ernesto Escobedo,23,106974
2019,225,Matteo Viola,32,62670
2019,226,Ernests Gulbis,31,362554
2019,227,Adrian Menendez-Maceiras,34,124854
2019,228,Christopher Eubanks,23,220711
2019,229,Stefano Napolitano,24,96791
2019,230,Donald Young,30,123156
2019,231,Zdenek Kolar,23,79789
2019,232,Mathias Bourgue,25,52560
2019,233,Julian Lenz,26,50227
2019,234,Alexandre Muller,22,79361
2019,235,Tung-Lin Wu,21,33377
2019,236,Rogerio Dutra Silva,35,79651
2019,237,Juan Pablo Ficovich,22,33465
2019,238,Duckhee Lee,21,45425
2019,239,Maximilian Marterer,24,254740
2019,240,Liam Broady,25,59917
2019,241,Filippo Baldi,23,103450
2019,242,Tobias Kamke,33,102503
2019,243,Thai-Son Kwiatkowski,24,53622
2019,244,Matthew Ebden,32,350058
2019,245,Roberto Ortega-Olmedo,28,34740
2019,246,Pedja Krstin,25,88404
2019,248,Francisco Cerundolo,21,37729
2019,249,Sebastian Korda,19,55552
2019,250,Viktor Galovic,29,105451
2019,251,Pavel Kotov,21,24149
2019,252,Hugo Gaston,19,54213
2019,253,Daniel Masur,25,38129
2019,254,Akira Santillan,22,79960
2019,255,Roman Safiullin,22,39488
2019,256,Illya Marchenko,32,47439
2019,257,Evgeny Karlovskiy,25,70263
2019,258,Roberto Cid Subervi,26,44490
2019,259,Gian Marco Moroni,21,46451
2019,260,Ruben Bemelmans,31,133552
2019,261,Jason Kubler,26,116720
2019,262,Shuichi Sekiguchi,28,34728
2019,263,Yosuke Watanuki,21,112062
2019,264,Jan Choinski,23,32800
2019,265,Renzo Olivo,27,25030
2019,266,Roberto Quiroz,27,76471
2019,267,Mukund Sasikumar,22,31547
2019,268,Hugo Grenier,23,33977
2019,269,Jenson Brooksby,19,119237
2019,270,Lucas Miedler,23,72925
2019,271,Teymuraz Gabashvili,34,31444
2019,272,Gonzalo Oliveira,24,45174
2019,273,Aleksandar Vukic,23,37601
2019,274,Santiago Giraldo,32,118838
2019,275,JC Aragone,24,60955
2019,276,Borna Gojo,21,25119
2019,277,Marc-Andrea Huesler,23,38318
2019,278,Nino Serdarusic,23,45499
2019,279,Daniel Altmaier,21,37330
2019,280,Denis Yevseyev,26,27583
2019,281,Mischa Zverev,32,317534
2019,282,Filip Peliwo,25,30699
2019,283,Cem Ilkel,24,73846
2019,284,Jose Hernandez-Fernandez,29,24843
2019,285,Jeremy Jahn,29,24463
2019,286,Kaichi Uchida,25,62324
2019,287,Alex Molcan,22,19646
2019,288,Tsung-Hua Yang,28,30795
2019,289,Aslan Karatsev,26,29057
2019,290,Harry Bourchier,23,30708
2019,291,Tim van Rijthoven,22,24699
2019,292,Arthur De Greef,27,53252
2019,293,Markus Eriksson,30,27422
2019,294,Mirza Basic,28,151177
2019,295,Facundo Arguello,27,47558
2019,296,Shintaro Imai,26,25540
2019,297,Manuel Guinard,24,53984
2019,298,Kevin King,28,34585
2019,299,Jurij Rodionov,20,68601
2019,300,Orlando Luz,21,27851
2019,301,Nicolas Alvarez,23,26651
2019,302,Ryan Harrison,27,166405
2019,303,Lukas Klein,21,24464
2019,304,Aleksandr Nedovyesov,32,74512
2019,305,Chun-Hsin Tseng,18,52377
2019,306,Luca Vanni,34,87605
2019,307,John-Patrick Smith,30,69131
2019,308,Pedro Sakamoto,26,28584
2019,309,Uladzimir Ignatik,29,34642
2019,310,Andrea Arnaboldi,32,115250
2019,311,Gonzalo Escobar,30,22069
2019,312,Benjamin Hassan,24,19997
2019,313,Javier Barranco Cosano,21,25372
2019,314,Michael Redlicki,26,23245
2019,316,Sekou Bangoura,28,27227
2019,317,Di Wu,28,47580
2019,318,James Ward,32,158999
2019,319,Thomaz Bellucci,32,33838
2019,320,Oriol Roca Batalla,26,25167
2019,321,Luke Saville,25,39925
2019,323,Geoffrey Blancaneaux,21,49275
2019,324,Ivan Nedelko,33,29835
2019,325,Corentin Denolly,22,39775
2019,326,Altug Celikbilek,23,26482
2019,327,Arthur Rinderknech,24,22880
2019,328,Igor Sijsling,32,22805
2019,329,Guilherme Clezar,26,36076
2019,330,Khumoyun Sultanov,21,21901
2019,331,Sandro Ehrat,28,33463
2019,332,Viktor Durasovic,22,19081
2019,333,Vaclav Safranek,25,24153
2019,334,Simone Bolelli,34,96402
2019,335,Daniel Nguyen,29,21145
2019,336,Jeroen Vanneste,25,20886
2019,337,Peter Torebko,31,27361
2019,338,Jack Draper,18,35484
2019,339,Andrea Pellegrino,22,21716
2019,340,Evan King,27,23820
2019,341,Tomas Martin Etcheverry,20,21854
2019,342,Skander Mansouri,24,24086
2019,343,Konstantin Kravchuk,34,24433
2019,344,Collin Altamirano,24,22689
2019,345,Blaz Kavcic,32,46294
2019,346,Raul Brancaccio,22,20912
2019,347,Laurent Lokoli,25,21479
2019,348,Maxime Hamou,24,23678
2019,349,Christian Lindell,28,23370
2019,350,Karim-Mohamed Maamoun,28,28813
2019,351,Baptiste Crepatte,25,20770
2019,352,Vit Kopriva,22,23778
2019,353,Marcelo Arevalo,29,50047
2019,354,Sadio Doumbia,29,20149
2019,355,Tim Smyczek,32,86414
2019,356,Ze Zhang,29,122381
2019,357,Tomas Machac,19,15388
2019,358,Maverick Banes,27,35153
2019,359,Benjamin Bonzi,23,24054
2019,360,Lorenzo Musetti,17,22317
2019,361,Andrea Vavassori,24,16943
2019,362,Dayne Kelly,29,22865
2019,363,Pedro Cachin,24,57240
2019,364,Rayane Roumane,19,29896
2019,365,Nerman Fatic,25,20846
2019,366,Gianluigi Quinzi,23,49726
2019,367,Brandon Nakashima,18,14330
2019,368,Fajing Sun,23,28145
2019,369,Alexander Ritschard,25,19422
2019,370,Antoine Escoffier,27,22353
2019,371,Jules Okala,22,21394
2019,372,Jelle Sels,24,19252
2019,373,Gastao Elias,29,18024
2019,374,Yuta Shimizu,20,20268
2019,375,Diego Hidalgo,26,21028
2019,376,Pablo Vivero Gonzalez,24,21531
2019,377,Hernan Casanova,25,23630
2019,378,Brydan Klein,29,21515
2019,379,Oscar Jose Gutierrez,26,22218
2019,380,Maxime Chazal,26,22895
2019,381,Giulio Zeppieri,18,16268
2019,382,Agustin Velotti,27,20085
2019,383,Matias Franco Descotte,25,15120
2019,384,Dan Added,20,22027
2019,385,Michael Geerts,24,18588
2019,386,Adam Pavlasek,25,41228
2019,387,Edan Leshem,22,19646
2019,388,Ulises Blanch,21,21085
2019,389,Ryan Peniston,24,32042
2019,390,Saketh Myneni,32,37941
2019,392,Juan Manuel Cerundolo,18,18266
2019,393,Peter Heller,27,21186
2019,394,Martin Redlicki,24,19543
2019,395,Gonzalo Villanueva,24,22889
2019,396,Matija Pecotic,30,13816
2019,397,Eduardo Struvay,29,18717
2019,398,Sebastian Baez,19,18957
2019,399,Artem Dubrivnyy,20,26969
2019,400,Christopher Heyman,26,21624
2019,401,Bruno Santanna,26,19216
2019,402,Yshai Oliel,19,17142
2019,403,Lloyd Glasspool,26,17267
2019,404,Alessandro Bega,28,18890
2019,405,Julian Ocleppo,22,25654
2019,406,Riccardo Bonadio,26,18055
2019,407,Evan Hoyt,24,30588
2019,408,Daniel Gimeno-Traver,34,39420
2019,409,Camilo Ugo Carabelli,20,16410
2019,410,Genaro Alberto Olivieri,21,19619
2019,411,Nicolas Mejia,19,21876
2019,412,Calvin Hemery,24,30909
2019,413,Jan Satral,29,16139
2019,414,Gleb Sakharov,31,65065
2019,415,Nikolas Sanchez Izquierdo,20,19698
2019,416,Enrico Dalla Valle,21,21394
2019,417,Sanjar Fayziev,25,16569
2019,418,Laurynas Grigelis,28,17212
2019,419,Yannick Mertens,32,20065
2019,420,Alen Avidzba,19,31227
2019,421,Hugo Nys,28,22969
2019,422,Stefan Kozlov,21,23378
2019,423,Dimitar Kuzmanov,26,18548
2019,424,Zsombor Piros,20,14008
2019,425,Marko Tepavac,25,16494
2019,426,Filip Cristian Jianu,18,16993
2019,427,Rio Noguchi,21,19848
2019,428,Michael Vrbensky,20,17758
2019,429,Louis Wessels,21,20509
2019,430,Fabrizio Ornago,27,21879
2019,431,Johannes Haerteis,23,17341
2019,432,Yusuke Takahashi,22,19180
2019,433,Ronald Slobodchikov,26,16862
2019,434,Makoto Ochi,23,19833
2019,435,Renta Tokuda,21,18889
2019,436,Jesper de Jong,19,16282
2019,437,Daniel Michalski,19,14427
2019,438,Vladyslav Orlov,24,17545
2019,439,Evgenii Tiurnev,22,20236
2019,440,Evan Furness,21,18942
2019,441,Ivan Gakhov,23,14852
2019,442,Danylo Kalenichenko,25,12947
2019,443,Sho Shimabukuro,22,11183
2019,444,Jurgen Zopp,31,37876
2019,445,Alexander Sarkissian,29,19460
2019,446,Bogdan Bobrov,22,14750
2019,447,Pol Toledo Bague,25,18297
2019,448,Carlos Boluda-Purkiss,26,16359
2019,449,Jacob Grills,24,22134
2019,450,Kacper Zuk,20,15905
2019,451,Gijs Brouwer,23,15426
2019,452,Manuel Pena Lopez,21,17485
2019,453,Andres Artunedo Martinavarro,26,14466
2019,454,Adam Moundir,24,15549
2019,455,Jumpei Yamasaki,22,16544
2019,456,Marko Miladinovic,19,14585
2019,457,Alexandru Jecan,31,12450
2019,458,Aziz Dougaz,22,13868
2019,459,Francesco Forti,20,14338
2019,460,Tobias Simon,28,17899
2019,461,Martins Podzus,25,14155
2019,462,Fred Gil,34,16115
2019,463,Pavel Nejedly,26,12041
2019,464,Lucas Gerch,25,15034
2019,465,Daniel Brands,32,70330
2019,466,Johan Nikles,22,16750
2019,467,Niels Lootsma,25,14407
2019,468,Alejandro Gonzalez,30,14774
2019,469,Jordi Arconada,23,17175
2019,470,Nick Chappell,27,13217
2019,471,Johan Tatlot,23,24634
2019,472,Scott Griekspoor,28,14871
2019,473,Rafael Matos,23,18808
2019,474,Riccardo Balzerani,21,19289
2019,475,David Poljak,23,15606
2019,476,Matteo Martineau,20,30274
2019,477,Carlos Gomez-Herrera,29,15360
2019,478,Matthieu Perchicot,27,16382
2019,479,Ricardo Ojeda Lara,26,15363
2019,480,Cristian Rodriguez,29,14266
2019,481,Eduard Esteve Lobato,25,16030
2019,482,David Pichler,23,12049
2019,483,Jacopo Berrettini,21,17545
2019,484,Quentin Robert,25,15170
2019,485,Benjamin Lock,26,16572
2019,486,Alexander Zhurbin,27,17437
2019,487,Michail Pervolarakis,23,14415
2019,488,Jorge Panta,24,12698
2019,489,Evan Song,27,21480
2019,490,Gage Brymer,24,15016
2019,491,Petros Chrysochos,23,13500
2019,492,Carlos Alcaraz,16,12211
2019,493,Alvaro Lopez San Martin,22,7979
2019,494,Sebastian Fanselow,28,11829
2019,495,Ergi Kirkin,20,16767
2019,496,Patrik Niklas-Salminen,22,11844
2019,497,Alexey Zakharov,19,12647
2019,498,Yu Hsiou Hsu,20,16220
2019,499,Brandon Holt,21,12170
2019,500,Paul Jubb,20,75030
2019,501,Tak Khunn Wang,28,11597
2019,502,Facundo Diaz Acosta,19,13928
2019,503,Sidharth Rawat,26,16294
2019,504,Lucas Catarina,23,35285
2019,505,Matias Zukas,23,13588
2019,506,Antoine Cornut-Chauvinc,19,30920
2019,507,Carlos Berlocq,36,76583
2019,508,Aldin Setkic,32,15650
2019,509,Wilson Leite,28,16644
2019,511,Thiemo de Bakker,31,42441
2019,512,Takanyi Garanganga,29,13839
2019,513,Nick Hardt,19,12641
2019,514,Blake Mott,23,8920
2019,515,Gerardo Lopez Villasenor,24,27620
2019,516,Alexander Erler,22,18840
2019,517,Alexandar Lazarov,22,15855
2019,518,Gabriel Petit,24,10715
2019,519,Thomas Fancutt,24,12839
2019,520,Jaume Pla Malfeito,24,13047
2019,521,Simon Carr,20,18078
2019,522,Ricardo Rodriguez - Pace,26,13815
2019,523,Martin Cuevas,27,10101
2019,524,Bastian Malla,23,12360
2019,525,Maximiliano Estevez,30,11957
2019,526,Mick Veldheer,23,10421
2019,527,Roy Smith,21,17615
2019,528,Alex Rybakov,22,22385
2019,529,Marek Gengel,24,12596
2019,530,Pol Martin Tiffon,20,11123
2019,531,Govind Nanda,18,22130
2019,532,Mate Valkusz,21,16320
2019,533,Jordan Correia,22,11247
2019,534,Marvin Netuschil,28,12245
2019,535,Vladyslav Manafov,26,13607
2019,536,Jonas Forejtek,18,10755
2019,537,Liam Caruana,21,11817
2019,538,Elmar Ejupovic,26,12092
2019,539,Juan Ignacio Galarza,25,11640
2019,540,Tom Jomby,28,13683
2019,541,Fabian Marozsan,20,9161
2019,542,Mariano Kestelboim,23,9622
2019,543,Gilbert Klier Junior,19,10942
2019,544,Pietro Rondoni,26,12877
2019,545,Federico Zeballos,31,10856
2019,546,Ben Patael,22,12701
2019,547,Alexis Galarneau,20,13155
2019,548,Tomislav Brkic,29,9952
2019,549,Marsel Ilhan,32,10753
2019,550,Peter Nagy,27,11391
2019,551,Jonathan Mridha,24,10915
2019,552,Alejandro Gomez,28,10700
2019,553,Marco Bortolotti,28,12759
2019,554,Strong Kirchheimer,24,14803
2019,555,Sam Riffice,20,19480
2019,556,Nicholas David Ionel,17,10336
2019,557,Miljan Zekic,31,10509
2019,558,Zizou Bergs,20,9124
2019,559,Dennis Novikov,26,13340
2019,560,Vitaliy Sachko,22,8646
2019,561,Raymond Sarmiento,27,12595
2019,562,Aleksandar Kovacevic,21,9226
2019,563,Joao Lucas Reis Da Silva,19,12281
2019,564,Andrea Basso,26,31227
2019,565,Adam El Mihdawy,30,11277
2019,566,Facundo Juarez,22,7773
2019,567,Fermin Tenti,22,8911
2019,568,Alexander Donski,21,9790
2019,569,Takuto Niki,32,10260
2019,570,Petr Nouza,21,10777
2019,571,Colin Sinclair,25,14423
2019,572,Mauricio Echazu,30,11766
2019,573,Arklon Huertas Del Pino Cordova,25,10731
2019,574,Yuki Mochizuki,22,9505
2019,575,Jie Cui,21,19981
2019,576,Imanol Lopez Morillo,20,9310
2019,577,Emiliano Maggioli,18,10580
2019,578,Arnaud Bovy,19,10266
2019,579,Carlos Gimeno Valero,18,8308
2019,580,Daniel Dutra da Silva,31,9570
2019,581,Anton Matusevich,18,8708
2019,582,Tomas Lipovsek Puches,26,8127
2019,583,Nikita Mashtakov,20,10106
2019,584,Timofey Skatov,18,12183
2019,585,Aidan McHugh,19,21029
2019,586,Ryan Shane,25,11170
2019,587,Nik Razborsek,26,11283
2019,588,Alexis Gautier,22,10123
2019,589,Pedro Vives Marcos,18,9529
2019,591,Christian Langmo,23,10975
2019,592,Nicolas Alberto Arreche,25,10219
2019,593,Kai Wehnelt,24,9416
2019,594,Duje Ajdukovic,18,6954
2019,595,Savriyan Danilov,19,10150
2019,596,Yecong He,25,24705
2019,597,Arjun Kadhe,25,16416
2019,598,Felix Corwin,23,12114
2019,599,Giovanni Fonio,21,11405
2019,600,Erik Crepaldi,29,10060
2019,601,Benjamin Sigouin,20,7273
2019,602,Constantin Schmitz,24,8427
2019,603,Santiago Rodriguez Taverna,20,7076
2019,604,Arthur Reymond,20,10434
2019,605,Peter Kobelt,29,8923
2019,606,Jose Fco. Vidal Azorin,26,11648
2019,607,Axel Geller,20,8453
2019,608,Harri Heliovaara,30,7724
2019,609,Antoine Bellier,23,7909
2019,610,Georgii Kravchenko,19,7740
2019,611,Cheong-Eui Kim,29,8726
2019,612,Ryan Nijboer,20,13721
2019,613,Luca Castelnuovo,22,10546
2019,614,Evan Zhu,21,13972
2019,615,Juan Sebastian Gomez,27,7791
2019,616,Joao Pedro Sorgi,26,9227
2019,617,Yan Bondarevskiy,19,8749
2019,618,Ryota Tanuma,24,9999
2019,619,Tiago Cacao,21,9661
2019,620,Kevin Krawietz,27,34703
2019,621,Thomas Laurent,22,4756
2019,622,Jurabek Karimov,21,7513
2019,623,Jiri Lehecka,18,7491
2019,624,Kyrian Jacquet,18,8675
2019,625,Wishaya Trongcharoenchaikul,24,11017
2019,626,Alexander Weis,22,9819
2019,627,Dusty H. Boyer,26,9481
2019,628,Marat Deviatiarov,25,9639
2019,629,Naoki Tajima,19,9425
2019,630,Mats Rosenkranz,21,11519
2019,631,Lucas Poullain,24,8690
2019,632,Nicolas Moreno De Alboran,22,5889
2019,633,Maximilian Neuchrist,28,8742
2019,634,Adrian Obert,24,9342
2019,635,Filip Bergevi,25,9029
2019,636,Michal Dembek,22,8709
2019,637,Denis Klok,21,9136
2019,638,Clement Tabur,19,9728
2019,639,Davide Galoppini,25,10840
2019,640,Maxime Tchoutakian,25,10911
2019,641,Vincent Millot,33,5830
2019,642,John McNally,21,11230
2019,643,Bradley Mousley,23,6692
2019,644,Nicolae Frunza,22,8265
2019,645,Henry Craig,25,7497
2019,646,Luca Giacomini,22,7220
2019,647,Karl Friberg,20,7690
2019,648,Dennis Uspensky,23,8083
2019,649,Patrik Rikl,20,5896
2019,650,Alexander Brown,20,4618
2019,651,Lamine Ouahab,35,8851
2019,652,Jared Hiltzik,25,7670
2019,653,Inigo Cervantes,30,6758
2019,654,Gregoire Jacq,27,8413
2019,655,Nam Hoang Ly,22,8462
2019,656,Jaroslav Pospisil,38,7584
2019,657,Kuan-Yi Lee,23,7963
2019,658,Adrian Andreev,18,13553
2019,659,Alexander Shevchenko,19,7222
2019,660,Jean Thirouin,22,8290
2019,661,Oleksii Krutykh,19,7570
2019,662,Alexander Igoshin,27,8390
2019,663,Alessandro Petrone,29,10538
2019,664,Christian Harrison,25,24434
2019,665,Artem Smirnov,31,4777
2019,666,Youssef Hossam,21,6626
2019,667,Gustav Hansson,24,5946
2019,668,Nathan Ponwith,21,9078
2019,669,Ruan Roelofse,30,7057
2019,670,Robin Stanek,24,8060
2019,671,Manish Sureshkumar,20,8550
2019,672,Ronan Joncour,22,8922
2019,673,Giorgio Ricca,24,7416
2019,674,Robert Strombachs,20,8746
2019,675,Nuno Borges,22,6526
2019,676,Gerard Granollers,30,5564
2019,677,Daniele Capecchi,24,6331
2019,678,Runhao Hua,23,13824
2019,679,Aleksandre Metreveli,26,6966
2019,680,David Perez Sanz,25,8421
2019,681,Jose Olivares,22,7449
2019,682,Jakub Paul,20,9641
2019,683,Jonathan Gray,22,8734
2019,684,Dimitriy Voronin,20,8271
2019,685,Kirill Kivattsev,22,9066
2019,686,Michal Konecny,30,8931
2019,687,Kento Takeuchi,32,9257
2019,688,Andrey Chepelev,21,9655
2019,689,Rubin Statham,32,10950
2019,690,Harold Mayot,17,7280
2019,691,Jonathan Eysseric,29,8727
2019,692,Eric Vanshelboim,18,6662
2019,693,Ante Pavic,30,14299
2019,694,Kenny De Schepper,32,24753
2019,695,Vasil Kirkov,20,4580
2019,696,Mark Whitehouse,26,18286
2019,697,Bogdan Ionut Apostol,23,8015
2019,698,Xin Gao,25,12754
2019,699,Oleg Prihodko,22,7184
2019,700,Benjamin Dhoe,23,7875
2019,701,Austin Rapp,23,8280
2019,702,Ignacio Monzon,21,7296
2019,703,Ivan Davydov,23,7630
2019,704,Paul Woerner,23,8098
2019,705,Simone Roncalli,23,7021
2019,706,Franko Skugor,32,21090
2019,707,Ezekiel Clark,21,6818
2019,708,Stephane Robert,39,23349
2019,709,Nicolas Alvarez Varona,18,5419
2019,710,Kelsey Stevenson,29,6752
2019,712,Harrison Adams,25,8366
2019,713,Jaimee Floyd Angele,19,7948
2019,714,Carlos Sanchez Jover,19,7790
2019,715,Simon Freund,23,7131
2019,716,Kristian Lozan,21,7515
2019,717,Dominik Boehler,23,7489
2019,718,Shalva Dzhanashiya,27,7916
2019,719,Alec Adamson,25,8943
2019,720,Jared Donaldson,23,36755
2019,721,Joao Souza,31,6445
2019,722,Sergio Gutierrez-Ferrol,30,35002
2019,723,Kristjan Tamm,21,6327
2019,724,Sergey Fomin,18,9418
2019,726,Benjamin Winter Lopez,21,7993
2019,727,Maksim Tikhomirov,29,9180
2019,728,Beibit Zhukayev,19,5450
2019,729,Oliver Crawford,20,6350
2019,730,Gauthier Onclin,18,5292
2019,731,Naoki Nakagawa,23,5947
2019,732,Guy Orly Iradukunda,23,5114
2019,733,Marco Miceli,21,6372
2019,734,Lenny Hampel,23,7312
2019,735,Alexander Crnokrak,19,18665
2019,736,Fabien Reboul,24,9156
2019,737,Carlos Lopez Montagud,19,8255
2019,738,Lorenzo Bocchi,22,7022
2019,739,Albert Alcaraz Ivorra,24,5922
2019,740,Thiago Agustin Tirante,18,5141
2019,741,Andrey Golubev,32,7659
2019,742,Rinky Hijikata,18,18003
2019,743,Taisei Ichikawa,19,6062
2019,744,Maxim Ratniuk,23,7122
2019,745,Alexis Musialek,31,6269
2019,746,Francesco Vilardo,30,6634
2019,747,Markos Kalovelonis,25,7400
2019,748,Leny Mitjana,25,5381
2019,749,Laurent Rochette,31,5959
2019,750,Hady Habib,21,5205
2019,751,Stefan Seifert,34,4618
2019,752,Mateo Nicolas Martinez,25,5244
2019,753,Gianluca Di Nicola,24,6311
2019,754,Paul Oosterbaan,24,6444
2019,755,Bart Stevens,21,5249
2019,756,Connor Farren,25,6944
2019,757,Conner Huertas del Pino,24,7716
2019,758,Keegan Smith,21,3086
2019,759,Toshihide Matsui,41,3720
2019,760,Clement Geens,23,4273
2019,761,Juan Bautista Otegui,20,6925
2019,762,Andrea Guerrieri,21,5927
2019,763,Hiroyasu Ehara,28,5909
2019,764,Lorenzo Frigerio,30,6202
2019,765,Kazuki Nishiwaki,25,5915
2019,766,Francisco Comesana,19,5414
2019,767,Luke Johnson,25,6812
2019,768,Michel Vernier,27,4768
2019,769,Riccardo Maiga,30,6930
2019,770,Nicolo Turchetti,23,8358
2019,771,Matteo Donati,24,28155
2019,772,Tigre Hank,28,4305
2019,773,Alexander Vasilenko,24,7965
2019,774,Victor Estrella Burgos,39,7540
2019,775,Dejan Katic,31,5592
2019,776,Quentin Folliot,20,4794
2019,777,Peter Bertran,23,3565
2019,778,Jonas Trinker,24,5895
2019,779,Damien Wenger,19,5675
2019,780,Takashi Saito,24,6131
2019,781,Vladimir Ivanov,32,6666
2019,782,Brandon Walkin,25,6927
2019,783,Guido Ivan Justo,22,5845
2019,784,Michiel De Krom,21,6077
2019,785,Ondrej Krstev,22,5638
2019,786,Peter Bothwell,24,7444
2019,787,Maxime Pauwels,21,7485
2019,788,Alejandro Mendoza,29,5892
2019,789,Nicolas Barrientos,32,5648
2019,790,Tom Kocevar-Desman,29,4323
2019,791,Julius Tverijonas,25,5039
2019,792,Ljubomir Celebic,28,5074
2019,793,Joshua Ortlip,22,4542
2019,794,Raphael Baltensperger,22,7186
2019,795,Franco Emanuel Egea,23,4330
2019,796,Ye Cong Mo,19,6847
2019,797,Boris Pokotilov,22,3380
2019,798,Chukang Wang,20,6928
2019,799,Federico Iannaccone,20,6222
2019,800,Dragos Dima,27,6526
2019,801,Luis Faria,20,6279
2019,802,Tomas Jirousek,19,6372
2019,803,Finn Tearney,29,6016
2019,804,Andrew Paulson,18,4568
2019,805,Sem Verbeek,25,5098
2019,806,Shinji Hazawa,20,4462
2019,807,Stuart Parker,22,3624
2019,808,Matej Sabanov,27,4601
2019,809,Sandro Kopp,19,6978
2019,810,Mwendwa Mbithi,21,4572
2019,811,Alessandro Ingarao,20,5565
2019,812,Andrew Watson,23,6978
2019,813,Gabriele Maria Noce,24,4972
2019,814,Alafia Ayeni,20,9690
2019,815,Simon Yitbarek,19,7089
2019,816,Adelchi Virgili,29,6519
2019,817,Sebastian Prechtel,23,4757
2019,818,Alexandr Cozbinov,24,7424
2019,819,Chien-hsun Lo,21,9074
2019,820,Carl Soderlund,22,5187
2019,821,Valentin Royer,18,4146
2019,822,Martin Beran,24,4186
2019,823,Gergely Madarasz,25,4296
2019,824,Calum Puttergill,26,4960
2019,825,Dragos Nicolae Madaras,22,4805
2019,826,Mehluli Don Ayanda Sibanda,20,4746
2019,827,Dan Alexandru Tomescu,20,4765
2019,828,Guy Den Heijer,22,4476
2019,829,Tadeas Paroulek,20,5387
2019,830,Louis Tessa,21,5303
2019,831,Anas Fattar,32,4825
2019,832,Tsung-Hao Huang,20,6227
2019,833,Albano Olivetti,28,9927
2019,834,Toby Martin,26,6662
2019,835,Aryan Goveas,21,6747
2019,836,Grigoriy Lomakin,21,8020
2019,837,Haru Inoue,23,3586
2019,838,Manuel Sanchez,28,3900
2019,839,Sanhui Shin,22,4105
2019,840,Gonzalo Lama,26,2930
2019,841,Shintaro Mochizuki,16,2191
2019,842,Justin Roberts,23,4660
2019,843,Jan Zielinski,23,4503
2019,844,Jung-Woong Na,27,4145
2019,845,Vlad Andrei Dancu,20,4260
2019,846,Calin Manda,21,3524
2019,847,Duje Kekez,26,5315
2019,848,David Jorda Sanchis,25,4272
2019,849,Blake Ellis,20,17745
2019,850,Soichiro Moritani,25,5233
2019,851,Justin Butsch,24,4445
2019,852,Stefano Battaglino,21,4364
2019,853,Daniel Cukierman,24,2850
2019,855,Gengo Kikuchi,28,3944
2019,856,Gabriel Alejandro Hidalgo,29,2871
2019,857,Jack Findel-Hawkins,25,4417
2019,858,David Volfson,22,3992
2019,859,Ray Ho,19,6376
2019,860,George Tsivadze,26,4596
2019,861,Sora Fukuda,22,5007
2019,862,Dominik Palan,19,4473
2019,863,Alexander Lebedev,22,6288
2019,865,Tristan Schoolkate,18,2800
2019,866,Patrick Kypson,20,3518
2019,866,Matias Soto,20,3256
2019,870,Cannon Kingsley,18,4607
2019,871,Liam Draxl,18,3760
2019,872,Petr Michnev,30,3824
2019,873,Zachary Eisinga,19,3051
2019,874,Matvey Khomentovskiy,25,4084
2019,875,Federico Arnaboldi,19,4786
2019,876,Yan Sabanin,29,4903
2019,877,Dostanbek Tashbulatov,19,5809
2019,878,Pierre Delage,18,4881
2019,880,Valentin Guenther,21,4442
2019,881,Niklas Guttau,19,4827
2019,882,Hong Kit Wong,21,6163
2019,883,Luca Prevosto,21,5586
2019,884,Julian Bradley,27,5105
2019,885,Ignacio Carou,20,4994
2019,888,Samuele Ramazzotti,20,3204
2019,889,Ryan James Storrie,21,3740
2019,890,Christian Samuelsson,23,3526
2019,891,Sumit Sarkar,20,4277
2019,892,Alibek Kachmazov,17,10228
2019,893,Isaiah Strode,22,4145
2019,894,Maciej Rajski,28,3630
2019,895,Ivan Liutarevich,23,4563
2019,896,Alan Kohen,26,4500
2019,897,Jacob Dunbar,24,4610
2019,898,Mariano Navone,18,3478
2019,899,Marco Brugnerotto,23,4053
2019,900,Yuanfeng Li,26,6652
2019,901,Luca Gelhardt,25,2844
2019,902,Saida'Lo Saidkarimov,22,4660
2019,903,Vladimir Korolev,24,3876
2019,904,Koray Kirci,21,3729
2019,905,Yanais Laurent,27,5301
2019,906,Anis Ghorbel,30,5720
2019,908,Martin Damm,16,668
2019,909,Billy Harris,24,3063
2019,910,Matheus Pucinelli De Almeida,18,2858
2019,911,Pascal Meis,26,3665
2019,912,Mick Lescure,26,4174
2019,914,Zachary Svajda,17,62662
2019,915,Hugo Schott,23,3553
2019,916,Giacomo Dambrosi,18,3997
2019,917,Kenneth Raisma,21,3987
2019,918,Sarp Agabigun,22,4248
2019,919,Simon Beaupain,20,4039
2019,920,Juan Pablo Paz,24,3995
2019,921,Rishab Agarwal,24,4112
2019,922,Franco Feitt,27,3024
2019,923,Matvey Minin,18,5127
2019,924,Ugo Blanchet,20,4655
2019,925,Florian Lakat,24,4584
2019,926,Max Houkes,19,4098
2019,927,Alex Blumenberg,27,4091
2019,928,Sidane Pontjodikromo,19,4008
2019,929,Rhett Purcell,23,6321
2019,930,Simon Anthony Ivanov,19,4390
2019,931,Sergi Perez Contri,21,5717
2019,932,Mikhail Fufygin,29,5088
2019,933,Aziz Ouakaa,20,5445
2019,934,Maxime Mora,22,5463
2019,935,Luis Patino,26,10398
2019,937,Edris Fetisleam,20,2990
2019,939,Igor Marcondes,22,2610
2019,940,Andrea Bolla,21,2835
2019,941,Gianni Mina,27,3683
2019,942,Justin Boulais,18,2654
2019,943,Alfredo Perez,22,3051
2019,944,Emilio Nava,18,17997
2019,945,Chuhan Wang,27,4482
2019,946,Vadym Ursu,22,3431
2019,947,S D Prajwal Dev,23,2691
2019,948,Luka Pavlovic,19,2958
2019,949,Shao-Fan Liu,22,3847
2019,950,Jordi Samper-Montana,29,4306
2019,951,Rimpei Kawakami,19,3178
2019,952,Moez Echargui,26,4492
2019,953,Christoph Negritu,25,4102
2019,954,William Bushamuka,23,4506
2019,955,Luca Tomasetto,23,4048
2019,956,Jakob Aichhorn,21,3754
2019,957,Dhruv Sunish,20,3148
2019,958,Bart Van Den Berg,26,3384
2019,959,Kalman L. Boyd,22,4122
2019,960,Albert Roglan,21,4817
2019,961,Yanki Erel,19,4365
2019,962,Cameron Green,23,4550
2019,963,Adrian Bodmer,24,4119
2019,964,Majed Kilani,22,4187
2019,965,Alexis Canter,21,5050
2019,966,Sagadat Ayap,24,5134
2019,967,Issei Okamura,27,7106
2019,969,Riccardo Bellotti,28,2408
2019,971,Ko Suzuki,28,2493
2019,972,Yuta Kawahashi,21,3044
2019,973,Karue Sell,26,2936
2019,974,Wojciech Marek,18,2905
2019,977,Cengiz Aksu,21,2880
2019,978,Taha Baadi,18,3949
2019,979,Pierre Faivre,23,3486
2019,982,Hamidreza Nadaf,27,3074
2019,983,Florent Diep,28,7332
2019,985,Matthew  Mendez,24,2305
2019,985,Alejo Vilaro,24,2972
2019,987,Marius Ruzgas,23,3074
2019,988,Giovani Samaha,25,3864
2019,989,Gabriel Donev,23,4851
2019,990,Dragos Constantin Ignat,26,4182
2019,991,Matyas Fuele,21,3812
2019,992,Lucas Gomez,24,15232
2019,993,Luigi Sorrentino,21,3523
2019,994,Tyler Mercier,28,3698
2019,995,Kazuma Kawachi,25,3792
2019,997,Aaron Schmid,19,3932
2019,998,Mikalai Haliak,21,4329
2019,999,Timur Kiyamov,23,4218
2019,1000,Zihao Xia,22,8003
2022,1,Carlos Alcaraz,19,7627613
2022,2,Rafael Nadal,36,7440806
2022,3,Casper Ruud,24,6930042
2022,4,Stefanos Tsitsipas,24,5479442
2022,5,Novak Djokovic,35,9934582
2022,6,Felix Auger-Aliassime,22,4107342
2022,7,Daniil Medvedev,26,4146312
2022,8,Andrey Rublev,25,4106247
2022,9,Taylor Fritz,25,4489807
2022,10,Hubert Hurkacz,25,3011575
2022,11,Holger Rune,19,2335215
2022,12,Alexander Zverev,25,2585002
2022,13,Pablo Carreno Busta,31,2842960
2022,14,Cameron Norrie,27,2846575
2022,15,Jannik Sinner,21,2818491
2022,16,Matteo Berrettini,26,2183648
2022,17,Marin Cilic,34,1955408
2022,18,Denis Shapovalov,23,2409460
2022,19,Frances Tiafoe,24,2032406
2022,20,Karen Khachanov,26,1889330
2022,21,Roberto Bautista Agut,34,1787924
2022,22,Nick Kyrgios,27,2916349
2022,23,Lorenzo Musetti,20,1620201
2022,24,Alex de Minaur,23,1990039
2022,25,Diego Schwartzman,30,1863280
2022,26,Borna Coric,26,1603586
2022,27,Daniel Evans,32,1612801
2022,28,Grigor Dimitrov,31,1488481
2022,29,Miomir Kecmanovic,23,1492670
2022,30,Francisco Cerundolo,24,1113269
2022,31,Alejandro Davidovich Fokina,23,1531719
2022,32,Tommy Paul,25,1408362
2022,33,Sebastian Korda,22,1070744
2022,34,Maxime Cressy,25,1080806
2022,35,Botic van de Zandschulp,27,1378752
2022,36,Yoshihito Nishioka,27,946014
2022,37,Alexander Bublik,25,1134816
2022,38,Reilly Opelka,25,874633
2022,39,Albert Ramos-Vinolas,34,957144
2022,40,Emil Ruusuvuori,23,995458
2022,41,John Isner,37,1076536
2022,42,Jack Draper,21,882161
2022,43,Sebastian Baez,21,888761
2022,44,Arthur Rinderknech,27,827542
2022,45,Lorenzo Sonego,27,1087388
2022,46,Adrian Mannarino,34,980387
2022,47,Brandon Nakashima,21,1646923
2022,48,Jenson Brooksby,22,1062932
2022,49,Andy Murray,35,933978
2022,50,Alex Molcan,25,908924
2022,51,Corentin Moutet,23,680435
2022,52,Gael Monfils,36,729145
2022,53,David Goffin,32,1268574
2022,54,Filip Krajinovic,30,1069728
2022,55,Fabio Fognini,35,875606
2022,56,Marc-Andrea Huesler,26,464788
2022,57,Pedro Cachin,27,453201
2022,58,Jaume Munar,25,755098
2022,59,Aslan Karatsev,29,938837
2022,60,Benjamin Bonzi,26,768834
2022,61,Marcos Giron,29,861391
2022,62,Pedro Martinez,25,815619
2022,63,Mackenzie McDonald,27,991866
2022,64,Quentin Halys,26,461898
2022,65,Constant Lestienne,30,272851
2022,66,J.J. Wolf,24,522712
2022,67,Daniel Elahi Galan,26,583071
2022,68,Richard Gasquet,36,807643
2022,69,Mikael Ymer,24,689504
2022,70,Laslo Djere,27,764798
2022,71,Thiago Monteiro,28,528540
2022,72,Bernabe Zapata Miralles,25,605262
2022,73,Ilya Ivashka,28,751088
2022,74,Roberto Carballes Baena,29,569003
2022,75,Federico Coria,30,641108
2022,76,Oscar Otte,29,816158
2022,77,Kamil Majchrzak,26,690601
2022,78,Christopher O'Connell,28,481166
2022,79,Tomas Martin Etcheverry,23,437117
2022,80,Dusan Lajovic,32,854402
2022,81,Jiri Lehecka,21,793848
2022,82,Joao Sousa,33,636911
2022,83,Soonwoo Kwon,25,781001
2022,84,Jordan Thompson,28,581069
2022,85,Cristian Garin,26,1408343
2022,86,Ugo Humbert,24,826460
2022,87,Marton Fucsovics,30,702250
2022,88,Roman Safiullin,25,348280
2022,89,Facundo Bagnis,32,469052
2022,90,Gregoire Barrere,28,237149
2022,91,Nikoloz Basilashvili,30,1061681
2022,92,Taro Daniel,29,646181
2022,93,Thanasi Kokkinakis,26,590958
2022,94,Daniel Altmaier,24,531921
2022,95,Tallon Griekspoor,26,719705
2022,96,Ben Shelton,20,221555
2022,97,Tomas Machac,22,278774
2022,98,Vasek Pospisil,32,179850
2022,99,Zhizhen Zhang,26,199671
2022,100,Alejandro Tabilo,25,526079
2022,101,Marco Cecchinato,30,281399
2022,102,Dominic Thiem,29,421122
2022,103,Radu Albot,33,455300
2022,104,Emilio Gomez,31,228723
2022,105,Juan Pablo Varillas,27,218466
2022,106,Denis Kudla,30,523545
2022,107,Jason Kubler,29,586151
2022,108,Hugo Gaston,22,631992
2022,109,Jiri Vesely,29,734492
2022,110,Steve Johnson,33,683610
2022,111,Tim van Rijthoven,25,568339
2022,112,Nuno Borges,25,312606
2022,113,Michael Mmoh,24,223699
2022,114,Norbert Gombos,32,323219
2022,115,Chun-Hsin Tseng,21,495390
2022,116,Yibing Wu,23,232988
2022,117,Pavel Kotov,24,239733
2022,118,Dominic Stricker,20,401783
2022,119,Francesco Passaro,21,253848
2022,120,Alexei Popyrin,23,575195
2022,121,Pablo Andujar,36,480929
2022,122,Jurij Rodionov,23,171236
2022,123,Christopher Eubanks,26,307616
2022,124,Fernando Verdasco,39,326906
2022,125,Federico Delbonis,32,730622
2022,126,Camilo Ugo Carabelli,23,188942
2022,127,Elias Ymer,26,291738
2022,128,Yannick Hanfmann,31,308258
2022,129,Zizou Bergs,23,203243
2022,130,Aleksandar Vukic,26,239420
2022,131,Jack Sock,30,396917
2022,132,Hugo Dellien,29,301365
2022,133,Jelle Sels,27,66841
2022,134,Matteo Arnaldi,21,222234
2022,135,Luca Nardi,19,163638
2022,136,Lukas Klein,24,103616
2022,137,Jozef Kovalik,30,173006
2022,138,Franco Agamenone,29,208511
2022,139,Luca Van Assche,18,66064
2022,140,Vit Kopriva,25,132496
2022,141,Hugo Grenier,26,341638
2022,142,Timofey Skatov,21,142106
2022,143,Gilles Simon,37,359745
2022,144,Borna Gojo,24,192966
2022,145,Yosuke Watanuki,24,92579
2022,146,Manuel Guinard,27,213428
2022,147,John Millman,33,503275
2022,148,Stan Wawrinka,37,525515
2022,149,Filip Misolic,21,142688
2022,150,Jan-Lennard Struff,32,398906
2022,151,Juan Manuel Cerundolo,21,212248
2022,152,Nicolas Jarry,27,207942
2022,153,Mattia Bellucci,21,46942
2022,154,Alexander Shevchenko,22,140531
2022,155,James Duckworth,30,510131
2022,156,Gijs Brouwer,26,189803
2022,157,Leandro Riedi,20,50432
2022,158,Aleksandar Kovacevic,24,117322
2022,159,Maximilian Marterer,27,309664
2022,160,Alexandre Muller,25,126696
2022,161,Giulio Zeppieri,21,194503
2022,162,Zsombor Piros,23,135493
2022,163,Liam Broady,28,431626
2022,164,Rinky Hijikata,21,211126
2022,165,Carlos Taberner,25,359174
2022,166,Felipe Meligeni Alves,24,122859
2022,167,Ryan Peniston,27,253657
2022,168,Ricardas Berankis,32,447331
2022,169,Alexander Ritschard,28,216236
2022,170,Geoffrey Blancaneaux,24,209644
2022,171,Flavio Cobolli,20,211373
2022,172,Henri Laaksonen,30,435922
2022,173,Fabian Marozsan,23,32476
2022,174,Enzo Couacaud,27,233056
2022,175,Otto Virtanen,21,44255
2022,176,Facundo Mena,30,144613
2022,177,Juan Pablo Ficovich,25,115493
2022,178,Emilio Nava,21,188959
2022,179,Benoit Paire,33,612067
2022,180,Dennis Novak,29,224264
2022,181,Andrea Pellegrino,25,116874
2022,182,Renzo Olivo,30,150182
2022,183,Antoine Bellier,26,110874
2022,184,Tung-Lin Wu,24,111104
2022,185,Oleksii Krutykh,22,38082
2022,186,Damir Dzumhur,30,154449
2022,187,Riccardo Bonadio,29,131400
2022,188,Mikhail Kukushkin,35,274791
2022,189,Adrian Andreev,21,37341
2022,190,Santiago Rodriguez Taverna,23,147551
2022,191,Facundo Diaz Acosta,22,69548
2022,192,Juncheng Shang,17,89131
2022,193,Sebastian Ofner,26,177892
2022,194,Raul Brancaccio,25,84873
2022,195,Nicolas Kicker,30,127653
2022,196,Dimitar Kuzmanov,29,184442
2022,197,Kaichi Uchida,28,111396
2022,198,Stefan Kozlov,24,373053
2022,199,Dominik Koepfer,28,298650
2022,200,Francesco Maestrelli,20,81300
2022,201,Frederico Ferreira Silva,27,68806
2022,202,Nick Hardt,22,34511
2022,203,Cedrik-Marcel Stebe,32,111068
2022,204,Laurent Lokoli,28,74585
2022,205,Antoine Escoffier,30,90502
2022,206,Luciano Darderi,20,52031
2022,207,Alexis Galarneau,23,53000
2022,208,Rio Noguchi,23,57668
2022,209,Evan Furness,24,88421
2022,210,Li Tu,26,63333
2022,211,Matheus Pucinelli De Almeida,21,107576
2022,212,Gianluca Mager,28,181348
2022,213,Andrea Vavassori,27,161658
2022,214,Mitchell Krueger,28,179631
2022,215,Nicolas Moreno De Alboran,25,70779
2022,216,Lukas Rosol,37,100578
2022,217,Brandon Holt,24,162607
2022,218,Kimmer Coppejans,28,51777
2022,219,Paul Jubb,23,173090
2022,220,Max Purcell,24,243157
2022,221,Yu Hsiou Hsu,23,35157
2022,222,Dalibor Svrcina,20,110844
2022,223,Marco Trungelliti,32,158782
2022,224,Genaro Alberto Olivieri,24,68513
2022,225,Thiago Agustin Tirante,21,134716
2022,226,Ernesto Escobedo,26,183729
2022,227,Gabriel Diallo,21,36225
2022,228,Omar Jasika,25,33765
2022,229,Nicholas David Ionel,20,42647
2022,230,Tomas Barrios Vera,25,139494
2022,231,Nikola Milojevic,27,168443
2022,232,Gastao Elias,32,139560
2022,233,Miljan Zekic,34,47082
2022,234,Nino Serdarusic,26,119488
2022,235,Peter Gojowczyk,33,425896
2022,236,Altug Celikbilek,26,141057
2022,237,Lloyd Harris,25,464528
2022,238,Skander Mansouri,27,36315
2022,239,Roman Andres Burruchaga,20,27477
2022,240,Jay Clarke,24,150811
2022,241,Nerman Fatic,28,34393
2022,242,Ivan Gakhov,26,30618
2022,243,Mariano Navone,21,26925
2022,244,Nam Hoang Ly,25,30381
2022,245,Kacper Zuk,23,83347
2022,246,Andrea Collarini,30,96087
2022,247,Zdenek Kolar,26,229939
2022,248,Jan Choinski,26,24466
2022,249,Dane Sweeny,21,61451
2022,250,Matteo Gigante,20,27391
2022,251,Arthur Fils,18,59443
2022,253,Juan Bautista Torres,20,47050
2022,254,Michael Geerts,27,56570
2022,255,Hamad Medjedovic,19,52457
2022,256,Harold Mayot,20,50550
2022,257,Hernan Casanova,28,36023
2022,258,Robin Haase,35,61272
2022,259,Nicolas Mejia,22,35501
2022,260,Daniel Michalski,22,27991
2022,261,Gonzalo Lama,29,52081
2022,262,Alessandro Giannessi,32,148924
2022,263,Jonas Forejtek,21,58937
2022,264,Sho Shimabukuro,25,43200
2022,265,Tennys Sandgren,31,77517
2022,266,Alastair Gray,24,134818
2022,267,Nikolas Sanchez Izquierdo,23,32152
2022,268,Oriol Roca Batalla,29,27857
2022,269,Pablo Cuevas,36,162770
2022,270,Hiroki Moriya,32,84177
2022,271,Francisco Comesana,22,47548
2022,272,Steven Diez,31,32084
2022,273,Aziz Dougaz,25,45248
2022,274,Maximilian Neuchrist,31,22608
2022,275,Mate Valkusz,24,35061
2022,276,Juan Ignacio Londero,29,123953
2022,277,Yunchaokete Bu,20,28141
2022,278,Egor Gerasimov,30,199013
2022,279,Timo Stodder,26,28525
2022,280,Raphael Collignon,20,27398
2022,281,Lorenzo Giustino,31,85846
2022,282,Marek Gengel,27,26015
2022,283,Lucas Gerch,28,25839
2022,284,Nicolas Alvarez Varona,21,51073
2022,285,Dan Added,23,27545
2022,286,Titouan Droguet,21,30453
2022,287,Joao Domingues,29,41509
2022,288,Jesper de Jong,22,143737
2022,289,Daniel Masur,28,165771
2022,290,Valentin Vacherot,24,31067
2022,291,Evan Zhu,24,25119
2022,292,Denis Yevseyev,29,30045
2022,293,Pol Martin Tiffon,23,27784
2022,294,Salvatore Caruso,30,171030
2022,295,Ugo Blanchet,23,32271
2022,296,Lukas Neumayer,20,36044
2022,297,Alexandar Lazarov,25,27214
2022,298,Javier Barranco Cosano,24,49343
2022,299,Terence Atmane,20,29639
2022,300,Daniel Dutra da Silva,34,53827
2022,301,Zachary Svajda,20,63381
2022,302,Mats Moraing,30,126775
2022,303,Benjamin Hassan,27,24908
2022,304,Filip Cristian Jianu,21,27598
2022,305,Pierre-Hugues Herbert,31,65910
2022,306,Roberto Quiroz,30,25491
2022,307,Ernests Gulbis,34,46727
2022,308,Beibit Zhukayev,22,38582
2022,309,Louis Wessels,24,34702
2022,310,Stefano Travaglia,30,190589
2022,311,Gonzalo Villanueva,27,36541
2022,312,Gian Marco Moroni,24,98125
2022,313,Evgeny Karlovskiy,28,57376
2022,314,Alejandro Moro Canas,22,34915
2022,315,Joao Lucas Reis Da Silva,22,21091
2022,316,Bjorn Fratangelo,29,153377
2022,317,Thomas Fabbiano,33,114459
2022,318,Ulises Blanch,24,52756
2022,319,Shintaro Mochizuki,19,55087
2022,320,Yasutaka Uchiyama,30,58643
2022,321,Clement Tabur,22,36737
2022,322,Oliver Crawford,23,48191
2022,323,Gabriel Decamps,23,23246
2022,324,Alexey Vatutin,30,36838
2022,325,Nicolas Alvarez,26,21038
2022,326,Elmar Ejupovic,29,21432
2022,327,Murkel Dellien,25,25084
2022,328,Dragos Nicolae Madaras,25,29891
2022,329,Sam Querrey,35,344667
2022,330,Dmitry Popko,26,124869
2022,331,Max Houkes,22,20760
2022,332,Valentin Royer,21,23694
2022,333,Rudolf Molleker,22,29313
2022,334,Marc Polmans,25,66389
2022,336,Alibek Kachmazov,20,21119
2022,337,Vitaliy Sachko,25,71128
2022,338,Carlos Lopez Montagud,22,23501
2022,339,Gauthier Onclin,21,24926
2022,340,Mukund Sasikumar,25,23217
2022,341,Joris De Loore,29,23872
2022,342,Andrea Arnaboldi,34,95441
2022,343,Viktor Durasovic,25,41737
2022,344,Maxime Janvier,26,57290
2022,345,Christian Harrison,28,119730
2022,346,Filip Horansky,29,114380
2022,347,Aljaz Bedene,33,355127
2022,348,Prajnesh Gunneswaran,33,54742
2022,349,Pedro Boscardin Dias,19,18926
2022,350,Kenny De Schepper,35,19386
2022,351,Alexander Weis,25,24679
2022,352,Pablo Llamas Ruiz,20,15947
2022,353,Giovanni Oradini,25,24577
2022,354,Andreas Seppi,38,244189
2022,355,Billy Harris,27,39136
2022,356,Remy Bertola,24,18068
2022,357,Henri Squire,22,38125
2022,358,Moez Echargui,29,22450
2022,359,Daniel Cukierman,27,26013
2022,360,Michael Vrbensky,23,22579
2022,361,Antoine Hoang,27,69485
2022,362,Mathys Erhard,21,22751
2022,363,Sergey Fomin,21,18599
2022,364,Filip Peliwo,28,23828
2022,365,Andrew Paulson,21,21423
2022,366,Edoardo Lavagno,24,22671
2022,367,Tristan Schoolkate,21,39919
2022,368,Benjamin Lock,29,22372
2022,369,Andrey Chepelev,24,25651
2022,370,Giovanni Mpetshi Perricard,19,16674
2022,371,Alex Rybakov,25,40999
2022,372,Aidan McHugh,22,47134
2022,373,Gerald Melzer,32,60925
2022,374,Marius Copil,32,63873
2022,375,Stuart Parker,25,34101
2022,376,Charles Broom,24,37752
2022,377,Oleksandr Ovcharenko,21,22904
2022,378,Cem Ilkel,27,79203
2022,379,Edan Leshem,25,33650
2022,380,Dominik Palan,22,18707
2022,381,Lucas Pouille,28,235281
2022,382,Arthur Cazaux,20,30128
2022,383,Jason Jung,33,107538
2022,384,Ergi Kirkin,23,20463
2022,385,Maks Kasnikowski,19,17163
2022,386,Alvaro Lopez San Martin,25,21293
2022,387,Guido Andreozzi,31,16145
2022,388,Evgeny Donskoy,32,51424
2022,389,Alberto Barroso Campos,26,20776
2022,390,Akira Santillan,25,38323
2022,391,Govind Nanda,21,55033
2022,392,Mirza Basic,31,76881
2022,393,Vladyslav Orlov,27,20652
2022,394,Giovanni Fonio,24,21346
2022,395,Daniel Cox,32,22695
2022,396,Duje Ajdukovic,21,87520
2022,397,Johan Nikles,25,27891
2022,398,Yuta Shimizu,23,32114
2022,399,Juan Bautista Otegui,23,18189
2022,400,Sebastian Fanselow,30,22776
2022,401,Cezar Cretu,21,19852
2022,402,Mark Lajal,19,14822
2022,403,Kyle Seelig,25,20166
2022,404,Keegan Smith,24,21615
2022,405,James McCabe,19,35982
2022,406,Ben Patael,25,20288
2022,407,Jakub Mensik,17,17538
2022,408,Jose Pereira,31,15601
2022,409,Mathias Bourgue,28,33594
2022,410,Jurgen Briand,23,16692
2022,411,Illya Marchenko,35,75994
2022,412,Gianmarco Ferrari,22,30112
2022,413,Gustavo Heide,20,24117
2022,414,Matteo Martineau,23,20437
2022,415,Damien Wenger,22,19511
2022,416,Philipp Kohlschreiber,39,190914
2022,417,Thiago Seyboth Wild,22,76883
2022,418,Carlos Sanchez Jover,22,16161
2022,419,Alex Marti Pujolras,23,17008
2022,420,Daniel Rincon,19,27493
2022,421,Sascha Gueymard Wayenburg,19,35361
2022,422,Matias Franco Descotte,28,20000
2022,423,Max Hans Rehberg,19,34752
2022,424,Eduardo Ribeiro,24,16040
2022,425,Federico Gaio,30,84732
2022,426,Juan Pablo Paz,27,19096
2022,427,Facundo Juarez,25,16348
2022,428,Jerome Kym,19,21633
2022,429,Adrian Menendez-Maceiras,37,12345
2022,430,Samuel Vincent Ruggeri,20,17363
2022,431,Adam Walton,23,16404
2022,432,Alafia Ayeni,23,14792
2022,433,Malek Jaziri,38,61139
2022,434,Ramkumar Ramanathan,28,127759
2022,435,Oscar Jose Gutierrez,29,16258
2022,436,Strong Kirchheimer,27,14499
2022,437,Martin Krumich,20,16200
2022,438,Wilson Leite,31,17292
2022,439,Karl Friberg,23,21723
2022,440,Oleg Prihodko,25,17039
2022,441,Andrey Kuznetsov,31,98198
2022,442,Carlos Gimeno Valero,21,42400
2022,443,Mats Rosenkranz,24,25261
2022,444,Andrej Martin,33,81718
2022,445,Lucas Miedler,26,26021
2022,446,Kyrian Jacquet,21,14909
2022,447,Hady Habib,24,22472
2022,448,Nick Chappell,30,24173
2022,449,Omni Kumar,21,16052
2022,450,David Poljak,26,16405
2022,451,Valerio Aboian,20,17632
2022,452,Marko Topo,19,33669
2022,453,Sandro Kopp,22,16393
2022,454,Ethan Quinn,18,46714
2022,455,Martin Damm,19,42994
2022,456,Dayne Kelly,32,16137
2022,457,Martin Cuevas,30,14146
2022,458,Francesco Forti,23,21132
2022,459,Jorge Panta,27,13400
2022,460,Robin Bertrand,19,18732
2022,461,Mateus Alves,21,13195
2022,462,Bernard Tomic,30,35731
2022,463,Naoki Nakagawa,26,12922
2022,464,Rimpei Kawakami,22,13158
2022,465,Corentin Denolly,25,13617
2022,466,Shintaro Imai,29,18573
2022,467,Denis Istomin,36,28113
2022,468,Leonardo Aboian,24,15088
2022,469,Ajeet Rai,23,11316
2022,470,Abdullah Shelbayh,19,8328
2022,471,Calvin Hemery,27,14874
2022,472,Felix Gill,20,30969
2022,473,Arthur Fery,20,40407
2022,474,David Pichler,26,15180
2022,475,Dino Prizmic,17,12559
2022,476,JiSung Nam,29,24475
2022,477,Colin Sinclair,28,12747
2022,478,Yshai Oliel,22,23544
2022,479,Alexis Gautier,25,15662
2022,480,Federico Arnaboldi,22,16685
2022,481,Ilya Snitari,20,12166
2022,482,August Holmgren,24,10356
2022,483,Matias Zukas,26,11829
2022,484,Robert Strombachs,23,15617
2022,485,Luca Potenza,22,15290
2022,486,Elliot Benchetrit,24,21500
2022,487,Jules Marie,31,13532
2022,488,Aldin Setkic,35,12062
2022,489,Khumoyun Sultanov,24,13298
2022,490,Eliakim Coulibaly,20,13471
2022,491,Arklon Huertas Del Pino Cordova,28,12501
2022,492,Ezekiel Clark,24,16796
2022,493,Sam Riffice,23,9868
2022,494,Konstantin Kravchuk,37,12051
2022,495,Pedro Sousa,34,104769
2022,496,Eduard Esteve Lobato,28,18998
2022,497,Yanki Erel,22,13210
2022,498,Stefano Napolitano,27,17766
2022,499,Sebastian Gima,20,14813
2022,500,Julian Lenz,29,19219
2022,501,Gage Brymer,27,19325
2022,502,Sumit Nagal,25,47622
2022,503,Nicola Kuhn,22,110985
2022,504,Michail Pervolarakis,26,71924
2022,505,Gonzalo Oliveira,27,19297
2022,506,Alfredo Perez,25,10913
2022,507,Leo Borg,19,23356
2022,508,Inaki Montes-De La Torre,20,10483
2022,509,Nicolas Barrientos,35,15649
2022,510,Alejo Lorenzo Lingua Lavallen,21,11751
2022,511,Mili Poljicak,18,16108
2022,512,Christian Langmo,26,13600
2022,513,Eric Vanshelboim,21,13754
2022,514,Bogdan Bobrov,25,12593
2022,515,Ignacio Monzon,24,13333
2022,516,Kris Van Wyk,26,9080
2022,517,Stefan Palosi,22,13530
2022,518,Daniel Merida,18,21931
2022,519,Simon Beaupain,23,14247
2022,520,Marcello Serafini,20,13690
2022,521,Patrick Kypson,23,10471
2022,522,Murphy Cassone,20,30550
2022,523,Rubin Statham,35,17201
2022,524,Mark Whitehouse,29,14265
2022,525,Gergely Madarasz,28,12132
2022,526,Aidan Mayo,19,9773
2022,527,Sekou Bangoura,31,14511
2022,528,Makoto Ochi,26,13249
2022,529,Orlando Luz,24,13798
2022,530,Thomas Fancutt,27,13930
2022,531,Alexandr Cozbinov,27,12230
2022,532,Harry Wendelken,21,14086
2022,533,Imanol Lopez Morillo,23,11297
2022,534,Giles Hussey,25,13992
2022,535,Shinji Hazawa,23,11790
2022,536,Toby Samuel,20,10424
2022,537,Matias Soto,23,9861
2022,538,Timo Legout,20,13325
2022,539,Yuki Mochizuki,25,16143
2022,540,Kalin Ivanovski,18,10295
2022,541,Gabriele Piraino,19,12662
2022,542,Adria Soriano Barrera,23,13112
2022,543,Philip Sekulic,19,38428
2022,544,Constantin Bittoun Kouzmine,23,11942
2022,545,Gonzalo Bueno,18,11151
2022,546,Cannon Kingsley,21,8783
2022,547,Alec Deckers,22,10580
2022,548,Daniele Capecchi,27,12167
2022,549,JC Aragone,27,12695
2022,550,Shuichi Sekiguchi,31,10356
2022,551,Yuki Bhambri,30,109551
2022,552,Johannus Monday,20,9471
2022,553,Justin Boulais,21,8486
2022,554,Digvijaypratap Singh,22,11081
2022,555,Georgii Kravchenko,22,12146
2022,556,Tristan Lamasine,29,10109
2022,557,Jakub Paul,23,12230
2022,558,Nathan Ponwith,24,11623
2022,559,Tsung-Hao Huang,23,10995
2022,560,Arthur Weber,30,8572
2022,561,Luke Saville,28,12705
2022,562,Andres Andrade,24,9821
2022,563,Jaimee Floyd Angele,22,11095
2022,564,Rigele Te,25,10350
2022,565,Max Alcala Gurri,20,17211
2022,566,Tao Mu,22,12430
2022,567,Saba Purtseladze,21,12842
2022,568,Noah Rubin,26,12922
2022,569,Sean Cuenin,18,40315
2022,570,Amr Elsayed,23,9311
2022,571,Maxime Chazal,29,12782
2022,572,Matthew Dellavedova,22,15033
2022,573,Duarte Vale,23,10203
2022,574,Jose Fco. Vidal Azorin,29,10866
2022,575,Mirko Martinez,24,11084
2022,576,Conner Huertas del Pino,27,10116
2022,577,Jorge Martinez Martinez,27,12137
2022,578,Andres Martin,21,18728
2022,579,Donald Young,33,14075
2022,580,Peter Heller,30,11592
2022,581,Kyle Edmund,27,101990
2022,582,Marvin Moeller,23,8584
2022,583,Jack Pinnington Jones,19,9209
2022,584,Henry Patten,26,10153
2022,585,Liam Draxl,21,15080
2022,586,David Jorda Sanchis,28,10320
2022,587,Lucas Catarina,26,36185
2022,588,Sidharth Rawat,29,9729
2022,589,Jaime Faria,19,10267
2022,590,Fajing Sun,26,11788
2022,591,Sebastian Prechtel,26,11331
2022,592,Igor Marcondes,25,5150
2022,593,Roberto Cid Subervi,29,8164
2022,594,Ryan Harrison,30,10018
2022,595,James Trotter,23,7666
2022,596,Jonathan Mridha,27,13534
2022,597,Riccardo Balzerani,24,9613
2022,598,Arjun Kadhe,28,13744
2022,599,Alex Michelsen,18,7668
2022,600,Uisung Park,22,9503
2022,601,Tristan McCormick,23,8687
2022,602,Kasidit Samrej,21,9434
2022,603,Ryota Tanuma,27,14596
2022,604,Alexander Bernard,19,9850
2022,605,Alexander Donski,24,12002
2022,606,Go Soeda,38,34584
2022,607,Gilbert Klier Junior,22,9290
2022,608,Matyas Fuele,24,9354
2022,609,Blu Baker,21,10276
2022,610,Peter Bertran,26,12039
2022,611,Alex Hernandez,23,37416
2022,612,Alex Knaff,25,10727
2022,613,Aleksandre Metreveli,29,25495
2022,614,Fausto Tabacco,20,12527
2022,615,Savva Polukhin,24,6403
2022,616,Rrezart Cungu,24,8252
2022,617,Viacheslav Bielinskyi,19,9879
2022,618,Giorgio Tabacco,19,11213
2022,619,Peter Fajta,20,10017
2022,620,Tomas Farjat,21,8653
2022,621,Pedja Krstin,28,18630
2022,622,Hanwen Li,20,11460
2022,623,Kai Wehnelt,27,10501
2022,624,Fermin Tenti,25,10472
2022,625,Cristian Rodriguez,32,8662
2022,626,Petr Nouza,24,8038
2022,627,Christopher Heyman,29,8933
2022,628,Evgenii Tiurnev,25,8682
2022,629,Gabriel Debru,17,29219
2022,630,Benjamin Winter Lopez,24,10943
2022,631,Quentin Folliot,23,11370
2022,632,Colin Markes,25,10766
2022,633,Jerzy Janowicz,32,6872
2022,634,Bruno Kuzuhara,18,53483
2022,635,Arthur Reymond,23,11173
2022,636,Alex Bolt,29,102266
2022,637,Clement Chidekh,21,9238
2022,638,Cheong-Eui Kim,32,9106
2022,639,Felix Corwin,26,7420
2022,640,Nicolae Frunza,25,7905
2022,641,Luca Tomasetto,26,7957
2022,642,Simone Roncalli,26,9435
2022,643,Tim Handel,26,10580
2022,644,Stefan Popovic,19,9506
2022,645,Ruben Bemelmans,34,28669
2022,646,Miguel Damas,23,5203
2022,647,Jeremy Jahn,32,8727
2022,648,Bekkhan Atlangeriev,21,8625
2022,649,Duckhee Lee,24,11844
2022,650,Dominik Boehler,26,8211
2022,651,Nicolas Zanellato,20,9345
2022,652,Pedro Araujo,20,13116
2022,653,Lukas Krainer,22,8908
2022,654,Stefan Dostanic,21,5966
2022,655,Hazem Naw,22,8226
2022,656,Johannes Haerteis,26,9100
2022,657,Federico Agustin Gomez,26,10464
2022,658,Tibo Colson,22,7854
2022,659,Koray Kirci,24,7641
2022,660,Federico Iannaccone,23,10262
2022,661,Oscar Weightman,21,10171
2022,662,Manish Sureshkumar,23,10499
2022,663,Sahar Simon,21,9791
2022,664,Kiranpal Pannu,25,6771
2022,665,Christoph Negritu,28,7346
2022,666,Arthur Bouquier,22,9334
2022,667,Mikael Torpegaard,28,25646
2022,668,Mohamed Safwat,32,33927
2022,669,Tommaso Compagnucci,23,9934
2022,670,Lukas Pokorny,20,10172
2022,671,Davide Galoppini,28,11407
2022,672,Edward Winter,18,33007
2022,673,Tobias Kamke,36,42506
2022,674,Garrett Johns,22,6106
2022,675,Zhe Li,36,8764
2022,676,Emilien Voisin,22,8304
2022,677,Alex Barrena,20,9240
2022,678,Tomas Lipovsek Puches,29,7814
2022,679,Franco Emanuel Egea,26,7764
2022,680,Shunsuke Mitsui,20,6416
2022,681,Andrew Harris,28,42007
2022,682,Bor Artnak,18,6472
2022,683,Andrea Picchione,24,10629
2022,684,Roberto Marcora,33,62903
2022,685,Tatsuma Ito,34,13565
2022,686,Olle Wallin,21,5815
2022,687,Enzo Wallart,25,7215
2022,688,Adam Moundir,27,7611
2022,689,Sidane Pontjodikromo,22,6012
2022,690,Ignacio Carou,23,8014
2022,691,Victor Lilov,18,9819
2022,692,Kirill Kivattsev,25,9774
2022,693,Marco Miceli,24,8609
2022,694,Matteo Donati,27,6507
2022,696,Duje Kekez,29,7351
2022,697,Alec Beckley,21,7943
2022,698,Keisuke Saitoh,21,7804
2022,699,Simon Anthony Ivanov,22,7835
2022,700,Zura Tkemaladze,22,8411
2022,701,Matthieu Perchicot,30,8962
2022,702,William Blumberg,24,9010
2022,703,Juan Ignacio Galarza,28,6865
2022,704,Cyril Vandermeersch,23,6641
2022,705,Xiaofei Wang,19,7398
2022,706,Szymon Kielan,20,8669
2022,707,Anton Matusevich,21,25103
2022,708,Fernando Yamacita,25,7575
2022,709,Marcelo Zormann,26,6086
2022,710,Yusuke Takahashi,25,14834
2022,711,Thomas Deschamps,24,8529
2022,712,Luigi Sorrentino,24,8472
2022,713,Mick Veldheer,26,9347
2022,714,Ivan Nedelko,36,6440
2022,715,Manuel Mazza,23,7745
2022,716,Ryuki Matsuda,22,6757
2022,717,Orel Kimhi,19,7781
2022,718,Attila Balazs,34,131233
2022,719,Chris Rodesch,21,4838
2022,720,Alexander Erler,25,12837
2022,721,Ignacio Buse,18,4855
2022,722,Elmer Moller,19,6647
2022,723,Palaphoom Kovapitukted,23,6304
2022,724,Daniel Rodrigues,22,5591
2022,725,Emil Reinberg,25,7421
2022,726,Lorenzo Bocchi,25,7788
2022,727,Alvaro Guillen Meza,19,7619
2022,728,Jiri Barnat,21,6992
2022,729,Niki Kaliyanda Poonacha,27,8081
2022,730,Maxence Beauge,22,9495
2022,731,Hynek Barton,18,4882
2022,732,Tadeas Paroulek,22,5230
2022,733,Renta Tokuda,24,7965
2022,734,Simon Carr,23,6687
2022,735,S D Prajwal Dev,26,7283
2022,736,Sergi Perez Contri,24,7813
2022,737,Savriyan Danilov,22,7930
2022,738,Yan Bondarevskiy,22,12266
2022,739,Florent Bax,23,9134
2022,740,Matthew Ebden,35,58827
2022,741,Patrik Rikl,23,4917
2022,742,Yuta Kikuchi,23,5320
2022,743,Maxime Mora,25,5627
2022,745,Khololwam Montsi,20,6056
2022,746,Adolfo Daniel Vallejo,18,6240
2022,747,John Echeverria,21,7903
2022,748,Calin Manda,24,7596
2022,749,Andrea Guerrieri,24,7319
2022,750,Roko Horvat,21,4054
2022,751,Michiel De Krom,24,4712
2022,752,Pedro Rodenas,18,5226
2022,753,Vilius Gaubas,17,6780
2022,754,Daisuke Sumizawa,23,6432
2022,755,Andrea Basso,29,6868
2022,756,Kareem Al Allaf,24,5718
2022,757,Ryan Nijboer,23,7415
2022,758,Pavel Nejedly,29,8415
2022,759,Lorenzo Rottoli,20,7389
2022,760,Jea Moon Lee,29,8301
2022,761,Guy Den Ouden,20,5312
2022,762,Santiago De La Fuente,20,5620
2022,763,Roy Smith,24,6732
2022,764,Enrico Dalla Valle,24,5891
2022,765,Vlad Andrei Dancu,23,6606
2022,766,Blaise Bicknell,21,7631
2022,767,Niklas Schell,23,6869
2022,768,Mathieu Scaglia,24,6621
2022,769,Alejandro Manzanera Pertusa,19,7166
2022,770,Daniil Glinka,22,8124
2022,771,Micah Braswell,21,3860
2022,772,Christian Sigsgaard,25,6130
2022,773,Mariano Kestelboim,26,6125
2022,774,Deney Wassermann,21,5447
2022,775,Ilia Simakin,19,5264
2022,776,Aleksandre Bakshi,25,11054
2022,777,Leopold Zima,22,7100
2022,778,Osgar O'Hoisin,26,7966
2022,779,Aaron Addison,27,9523
2022,780,Juan Carlos Prado Angelo,17,4312
2022,781,Blake Ellis,23,5135
2022,782,Maciej Rajski,31,5415
2022,783,Evgeny Philippov,20,5228
2022,784,Nicolas Buitrago,24,6905
2022,785,Ivan Liutarevich,26,8393
2022,786,Bruno Pujol Navarro,21,7125
2022,787,Stefano Battaglino,24,6361
2022,788,Luis Patino,29,5625
2022,789,Alex Martinez,21,5049
2022,790,John McNally,24,6607
2022,791,Olaf Pieczkowski,18,5122
2022,792,Jarno Jans,22,5321
2022,793,Luciano Emanuel Ambrogi,19,5564
2022,794,Tom Gentzsch,19,5641
2022,795,Franco Roncadelli,22,6604
2022,796,Alejandro Hoyos,23,5867
2022,797,Johannes Ingildsen,25,7473
2022,798,Bogdan Ionut Apostol,26,6895
2022,799,Kristjan Tamm,24,7148
2022,800,Denis Klok,24,8032
2022,801,Pedro Sakamoto,29,2778
2022,802,Federico Zeballos,34,6140
2022,803,Martyn Pawelski,18,2862
2022,804,Mario Gonzalez Fernandez,20,5773
2022,805,Lorenzo Joaquin Rodriguez,23,5396
2022,806,Mitchell Harper,25,6188
2022,807,Juan Sebastian Gomez,30,8519
2022,808,Marat Sharipov,20,5286
2022,809,Masamichi Imamura,24,6972
2022,810,Marco Brugnerotto,26,6848
2022,811,Joao Victor Couto Loureiro,19,5949
2022,812,Ray Ho,22,7757
2022,813,Stefanos Sakellaridis,18,8740
2022,814,Alejandro Gonzalez,33,3835
2022,815,Matthias Bachinger,35,22777
2022,816,Davide Pontoglio,30,4145
2022,818,Filippo Baldi,26,23697
2022,819,Petr Nesterov,19,6654
2022,820,Filip Bergevi,28,6330
2022,821,Buvaysar Gadamauri,22,6632
2022,822,Francesco Vilardo,32,5917
2022,823,Svyatoslav Gulin,20,6615
2022,824,Arnaud Bovy,22,6675
2022,825,Kazuma Kawachi,28,5508
2022,826,Dali Blanch,19,7621
2022,827,Daniel Little,25,8824
2022,828,Calum Puttergill,29,7346
2022,829,Nicolas Tepmahc,21,6008
2022,830,Feliciano Lopez,41,243348
2022,831,Matija Pecotic,33,5796
2022,832,Joao Fonseca,16,3140
2022,833,Max Basing,20,3914
2022,834,Fabrizio Andaloro,21,3306
2022,835,Tyler Zink,21,4998
2022,836,Oleksandr Bielinskyi,28,6022
2022,837,Illya Beloborodko,21,6135
2022,838,Dan Alexandru Tomescu,23,6324
2022,839,Mikalai Haliak,24,7396
2022,840,Ricardo Rodriguez - Pace,29,6513
2022,841,Guido Ivan Justo,25,2863
2022,843,Kosuke Ogura,26,5679
2022,844,Nitin Kumar Sinha,23,6492
2022,845,Nino Ehrenschneider,21,2890
2022,846,Darian King,30,3610
2022,847,Taha Baadi,21,4064
2022,848,Alexandre Aubriot,23,4579
2022,849,Alexandru Jecan,34,5509
2022,850,Henrique Rocha,18,4813
2022,851,Raphael Lambling,22,5275
2022,852,Lilian Marmousez,20,5420
2022,853,Cayetano March,22,6826
2022,854,Philip Florig,19,6854
2022,855,Dusan Obradovic,21,5645
2022,856,Jonathan Eysseric,32,2473
2022,857,Melios Efstathiou,23,4022
2022,858,Inigo Cervantes,33,4222
2022,859,Patrick Maloney,22,3609
2022,860,Learner Tien,17,84225
2022,861,Karim-Mohamed Maamoun,31,4837
2022,862,Alan Fernando Rubio Fierros,23,3970
2022,863,Omar Giacalone,30,4356
2022,864,Takuya Kumasaka,24,4902
2022,865,Stefano Reitano,25,4753
2022,866,Takuto Niki,35,5947
2022,867,Connor Farren,28,5301
2022,868,Pierre Delage,21,5514
2022,869,Gabriel Donev,26,4982
2022,870,Domagoj Biljesko,25,8000
2022,871,Amaury Raynel,20,5835
2022,872,Boris Butulija,23,8044
2022,873,Bradley Klahn,32,67993
2022,873,Matej Vocel,25,2441
2022,875,Koki Matsuda,22,1850
2022,876,Nicolas Kobelt,18,2574
2022,877,Jumpei Yamasaki,25,4692
2022,878,Axel Garcian,20,4781
2022,879,Nicolas Parizzia,24,5755
2022,880,Taisei Ichikawa,22,5803
2022,881,Filippo Speziali,22,5235
2022,882,Moerani Bouzige,23,7417
2022,883,Taiyo Yamanaka,21,4864
2022,884,Diego Augusto Barreto Sanchez,20,6177
2022,885,Vladislav Ivanov,23,5178
2022,886,Lukas Palovic,20,5600
2022,887,Gabriele Maria Noce,27,4833
2022,888,Marsel Ilhan,35,6322
2022,889,Joshua Goodger,24,2316
2022,890,Juan Manuel Benitez Chavarriaga,27,3503
2022,891,Mika Brunold,18,3405
2022,892,Jacopo Berrettini,24,6233
2022,893,Gabriel Alejandro Hidalgo,32,4288
2022,894,Yanaki Milev,18,2094
2022,895,Kazuki Nishiwaki,28,4364
2022,896,Thiago Cigarran,22,4351
2022,897,Kyle Kang,17,4691
2022,898,Gabriele Pennaforti,22,3881
2022,899,Leonid Sheyngezikht,22,5183
2022,900,Lucas Bouquet,25,6180
2022,901,Paul Woerner,26,5118
2022,902,Oscar Moraing,22,7526
2022,903,Giacomo Dambrosi,21,2528
2022,903,Haoyuan Huang,20,2619
2022,905,Carlos Gomez-Herrera,32,10748
2022,906,Yeong-Seok Jeong,22,2579
2022,907,Thomaz Bellucci,34,2723
2022,908,Aliaksandr Bulitski,29,2687
2022,909,Lautaro Midon,18,3503
2022,910,Brayden Schnur,27,129833
2022,911,Radu Mihai Papoe,20,3476
2022,912,Aziz Kijametovic,26,3815
2022,913,Yuichi Sugita,34,42564
2022,914,Jie Cui,24,3548
2022,915,Yuichiro Inui,27,3186
2022,916,Kristijan Juhas,21,3892
2022,917,Arvid Nordquist,24,4490
2022,918,Nathan Seateun,25,3924
2022,919,Karan Singh,19,4665
2022,920,Aleksi Lofman,20,5407
2022,921,Kokoro Isomura,19,4340
2022,922,Peter Benjamin Privara,18,5390
2022,923,Ken Cavrak,21,4763
2022,924,Grigoriy Lomakin,24,9790
2022,925,Diego Fernandez Flores,22,7106
2022,926,Maik Steiner,28,4932
2022,927,Kelsey Stevenson,32,11623
2022,928,Viktor Jovic,20,5070
2022,929,Michael Zheng,18,2846
2022,930,Sander Jong,22,2350
2022,931,Vito Tonejc,23,3260
2022,932,Cash Hanzlik,20,3117
2022,933,Luca Giacomini,25,3306
2022,933,Jordan Hasson,23,3202
2022,936,Sebastian Dominko,19,3263
2022,937,Kilian Feldbausch,17,4311
2022,938,A.J. Catanzariti,27,3368
2022,939,Inaki Cabrera Bello,20,3314
2022,940,Kody Pearson,23,3600
2022,941,Alexander Zgirovsky,21,4486
2022,942,Milan Welte,21,4345
2022,943,Lorenzo Gagliardo,22,4293
2022,944,Rishab Agarwal,27,5345
2022,945,Noah Lopez,20,5405
2022,946,Alexander Crnokrak,22,5707
2022,947,Neil Oberleitner,23,6772
2022,948,Maximus Jones,18,6508
2022,949,Boris Fassbender,24,2125
2022,950,William Grant,21,2148
2022,951,Joao Menezes,26,43341
2022,952,Julian Ocleppo,25,3847
2022,953,Adrian Bodmer,27,2946
2022,954,Yassine Dlimi,19,2419
2022,955,Julio Cesar Porras,24,3065
2022,956,Florian Broska,24,3025
2022,957,Joshua Sheehy,25,3362
2022,958,Seydina Andre,19,2020
2022,959,Niccolo Catini,25,3932
2022,960,Alexis Musialek,34,4835
2022,961,Yannick Mertens,35,6778
2022,962,Lorenzo Claverie,20,4484
2022,963,Yuttana Charoenphon,22,4665
2022,964,Filip Duda,24,4194
2022,964,Mwendwa Mbithi,24,3642
2022,966,Xavi Matas Ortega,20,5184
2022,967,Maxence Broville,23,4785
2022,968,Wishaya Trongcharoenchaikul,27,4416
2022,969,Adrian Oetzbach,25,3314
2022,970,Brandon Walkin,28,6780
2022,971,Maxim Zhukov,17,3920
2022,972,Igor Gimenez,22,4175
2022,973,Marlon Vankan,22,4497
2022,974,Seita Watanabe,22,5668
2022,975,Daniel Siniakov,19,5904
2022,976,Alexandros Skorilas,22,6006
2022,977,Aziz Ouakaa,23,7404
2022,978,Markos Kalovelonis,28,1377
2022,979,Albano Olivetti,31,1745
2022,980,Patrick Zahraj,23,2661
2022,981,Blake Mott,26,2370
2022,982,Alexander Kotzen,22,2358
2022,982,George Loffhagen,21,2961
2022,984,Isaac Becroft,22,2155
2022,984,JJ Tracy,20,130
2022,986,Luca Wiedenmann,24,2145
2022,987,Petros Chrysochos,26,2362
2022,987,Rayane Roumane,22,2868
2022,989,Siddharth Vishwakarma,28,2827
2022,990,Jeremy Jin,18,3460
2022,991,Lukas Lacko,35,57857
2022,992,Lorenzo Bresciani,22,3856
2022,993,Jasza Szajrych,20,3350
2022,994,Tobias Franco,20,3705
2022,995,Ji Hoon Son,28,4149
2022,996,Fabio Coelho,22,4890
2022,997,Guy Orly Iradukunda,26,3911
2022,998,Sebastian Sorger,17,4458
2022,999,Ignasi De Rueda De Genover,24,4423
2022,1000,Isaiah Strode,25,4636
2023,1,Novak Djokovic,36,15936097
2023,2,Carlos Alcaraz,20,15196504
2023,3,Daniil Medvedev,27,11548023
2023,4,Jannik Sinner,22,10405251
2023,5,Andrey Rublev,26,6203527
2023,6,Stefanos Tsitsipas,25,5336859
2023,7,Alexander Zverev,26,5539326
2023,8,Holger Rune,20,4924364
2023,9,Hubert Hurkacz,26,4705395
2023,10,Taylor Fritz,26,3923569
2023,11,Casper Ruud,25,3447195
2023,12,Alex de Minaur,24,3291391
2023,13,Tommy Paul,26,2866093
2023,14,Grigor Dimitrov,32,3137978
2023,15,Karen Khachanov,27,2668214
2023,16,Frances Tiafoe,25,2880094
2023,17,Ben Shelton,21,2323394
2023,18,Cameron Norrie,28,2089231
2023,19,Nicolas Jarry,28,1925489
2023,20,Ugo Humbert,25,1678103
2023,21,Francisco Cerundolo,25,2216286
2023,22,Adrian Mannarino,35,1886777
2023,23,Tallon Griekspoor,27,1500660
2023,24,Sebastian Korda,23,1686722
2023,25,Jan-Lennard Struff,33,1701464
2023,26,Alejandro Davidovich Fokina,24,2152466
2023,27,Lorenzo Musetti,21,2146772
2023,28,Sebastian Baez,22,1252472
2023,29,Felix Auger-Aliassime,23,1637948
2023,30,Tomas Martin Etcheverry,24,1438980
2023,31,Jiri Lehecka,22,1603119
2023,32,Alexander Bublik,26,1570556
2023,33,Laslo Djere,28,1286152
2023,34,Christopher Eubanks,27,1384763
2023,35,Aslan Karatsev,30,1463565
2023,36,Arthur Fils,19,1203404
2023,37,Borna Coric,27,1569364
2023,38,Daniel Evans,33,1519445
2023,39,Roman Safiullin,26,1183000
2023,40,Alexei Popyrin,24,1300830
2023,41,Mackenzie McDonald,28,1468275
2023,42,Andy Murray,36,989396
2023,43,Sebastian Ofner,27,804727
2023,44,Matteo Arnaldi,22,936895
2023,45,Max Purcell,25,817031
2023,46,Lorenzo Sonego,28,1270396
2023,47,Yoshihito Nishioka,28,1224203
2023,48,Alexander Shevchenko,23,714693
2023,49,Stan Wawrinka,38,1185643
2023,50,Botic van de Zandschulp,28,1093151
2023,51,Yannick Hanfmann,32,943931
2023,52,Dusan Lajovic,33,924020
2023,53,J.J. Wolf,25,1085194
2023,54,Miomir Kecmanovic,24,1008471
2023,55,Jordan Thompson,29,824861
2023,56,Daniel Altmaier,25,1192030
2023,57,Roberto Bautista Agut,35,1003925
2023,58,Zhizhen Zhang,27,1068482
2023,59,Marton Fucsovics,31,1025073
2023,60,Marcos Giron,30,1004691
2023,61,Jack Draper,22,737907
2023,62,Aleksandar Vukic,27,679334
2023,63,Roberto Carballes Baena,30,862959
2023,64,Fabian Marozsan,24,636107
2023,65,Thanasi Kokkinakis,27,725994
2023,66,Nuno Borges,26,643942
2023,67,Pavel Kotov,25,533537
2023,68,Christopher O'Connell,29,866807
2023,69,Emil Ruusuvuori,24,1141161
2023,70,Pedro Cachin,28,789113
2023,71,Rinky Hijikata,22,658607
2023,72,Borna Gojo,25,724040
2023,73,Benjamin Bonzi,27,728042
2023,74,Gael Monfils,37,742309
2023,75,Taro Daniel,30,748148
2023,76,Richard Gasquet,37,816090
2023,77,Dominik Koepfer,29,375124
2023,78,Tomas Machac,23,430579
2023,79,Thiago Seyboth Wild,23,373679
2023,80,Bernabe Zapata Miralles,26,897206
2023,81,Alexandre Muller,26,635217
2023,82,Cristian Garin,27,603465
2023,83,Juan Pablo Varillas,28,817006
2023,84,Gregoire Barrere,29,851092
2023,85,Alejandro Tabilo,26,331517
2023,86,Jaume Munar,26,690989
2023,87,Constant Lestienne,31,648750
2023,88,Federico Coria,31,502895
2023,89,Albert Ramos-Vinolas,35,727241
2023,90,Luca Van Assche,19,849446
2023,91,Maximilian Marterer,28,435995
2023,92,Matteo Berrettini,27,1023735
2023,93,Daniel Elahi Galan,27,779165
2023,94,Dominic Stricker,21,813644
2023,95,Facundo Diaz Acosta,23,321667
2023,96,Arthur Rinderknech,28,826761
2023,97,Alex Michelsen,19,425147
2023,98,Dominic Thiem,30,753726
2023,99,Yosuke Watanuki,25,547554
2023,100,Quentin Halys,27,739132
2023,101,Flavio Cobolli,21,458612
2023,102,Jason Kubler,30,745575
2023,103,Tomas Barrios Vera,26,318730
2023,104,Hugo Gaston,23,446233
2023,105,Michael Mmoh,25,676099
2023,106,Pedro Martinez,26,433175
2023,107,Fabio Fognini,36,512733
2023,108,Liam Broady,29,412562
2023,109,Denis Shapovalov,24,845646
2023,110,Aleksandar Kovacevic,25,383543
2023,111,David Goffin,33,532543
2023,112,Hugo Dellien,30,510782
2023,113,Hamad Medjedovic,20,849495
2023,114,Diego Schwartzman,31,984538
2023,115,Jurij Rodionov,24,331781
2023,116,James Duckworth,31,290064
2023,117,Benoit Paire,34,318357
2023,118,Luca Nardi,20,450412
2023,119,Alex Molcan,26,703495
2023,120,Juan Manuel Cerundolo,22,386314
2023,121,Yibing Wu,24,661630
2023,122,Thiago Monteiro,29,536898
2023,123,Thiago Agustin Tirante,22,299202
2023,124,Francisco Comesana,23,128448
2023,125,Mariano Navone,22,147657
2023,126,Maxime Cressy,26,664727
2023,127,Zsombor Piros,24,216657
2023,128,Luciano Darderi,21,172798
2023,129,Zizou Bergs,24,308039
2023,130,Arthur Cazaux,21,285026
2023,131,Radu Albot,34,453480
2023,132,Vit Kopriva,26,185877
2023,133,Corentin Moutet,24,656917
2023,134,Brandon Nakashima,22,684336
2023,135,Giulio Zeppieri,22,311963
2023,136,Mikael Ymer,25,536540
2023,137,Shintaro Mochizuki,20,282568
2023,138,Sumit Nagal,26,116398
2023,139,Gabriel Diallo,22,226318
2023,140,Lloyd Harris,26,585039
2023,141,Camilo Ugo Carabelli,24,161901
2023,142,Zachary Svajda,21,216949
2023,143,Duje Ajdukovic,22,76414
2023,144,Terence Atmane,21,169203
2023,145,Joris De Loore,30,149440
2023,146,Filip Misolic,22,233971
2023,147,Emilio Nava,22,327090
2023,148,Felipe Meligeni Alves,25,385886
2023,149,Sho Shimabukuro,26,249878
2023,150,Marc Polmans,26,234734
2023,151,Benjamin Hassan,28,88695
2023,152,Nicolas Moreno De Alboran,26,229900
2023,153,Jesper de Jong,23,172233
2023,154,Damir Dzumhur,31,186706
2023,155,Elias Ymer,27,320888
2023,156,Andrea Pellegrino,26,149555
2023,157,Andrea Vavassori,28,290161
2023,158,Pablo Llamas Ruiz,21,131638
2023,159,Antoine Escoffier,31,143144
2023,160,Jan Choinski,27,274249
2023,161,Titouan Droguet,22,198436
2023,162,Gijs Brouwer,27,324928
2023,163,Denis Kudla,31,303098
2023,164,Dalibor Svrcina,21,264293
2023,165,Dennis Novak,30,192374
2023,166,Harold Mayot,21,219626
2023,167,Jakub Mensik,18,239579
2023,168,Otto Virtanen,22,280245
2023,169,Vitaliy Sachko,26,103952
2023,170,Lukas Klein,25,192019
2023,171,Yunchaokete Bu,21,104721
2023,172,John Isner,38,558040
2023,173,Genaro Alberto Olivieri,25,264834
2023,174,Zdenek Kolar,27,162825
2023,175,Hugo Grenier,27,272489
2023,176,Adam Walton,24,83896
2023,177,Mattia Bellucci,22,241796
2023,178,Dino Prizmic,18,88514
2023,179,Ryan Peniston,28,218433
2023,180,Ivan Gakhov,27,164333
2023,181,Matteo Gigante,21,160160
2023,182,Ilya Ivashka,29,638076
2023,183,Juncheng Shang,18,397940
2023,184,Roman Andres Burruchaga,21,62270
2023,185,Raul Brancaccio,26,177411
2023,186,Kimmer Coppejans,29,233081
2023,187,Daniel Rincon,20,83661
2023,188,Beibit Zhukayev,23,94792
2023,189,Calvin Hemery,28,56638
2023,190,Denis Yevseyev,30,78341
2023,191,Patrick Kypson,24,156620
2023,192,Guido Pella,33,593718
2023,193,Stefano Travaglia,31,141710
2023,194,Marc-Andrea Huesler,27,675577
2023,195,Abdullah Shelbayh,20,308165
2023,196,Soonwoo Kwon,26,296211
2023,197,Federico Gaio,31,117907
2023,198,Marco Cecchinato,31,452676
2023,199,Billy Harris,28,107699
2023,200,Francesco Passaro,22,228019
2023,201,Rudolf Molleker,23,74687
2023,202,Alexis Galarneau,24,129955
2023,203,Alessandro Giannessi,33,118188
2023,204,Tung-Lin Wu,25,184279
2023,205,Giovanni Mpetshi Perricard,20,184615
2023,206,Mark Lajal,20,82390
2023,207,Dimitar Kuzmanov,30,209129
2023,208,Yu Hsiou Hsu,24,315672
2023,209,Santiago Rodriguez Taverna,24,97963
2023,210,Enzo Couacaud,28,316791
2023,211,Yuta Shimizu,24,89230
2023,212,Franco Agamenone,30,144619
2023,213,Oriol Roca Batalla,30,64102
2023,214,Kyrian Jacquet,22,54392
2023,215,Oliver Crawford,24,48229
2023,216,Mate Valkusz,25,78772
2023,217,Nerman Fatic,29,81488
2023,218,Riccardo Bonadio,30,156272
2023,219,Ugo Blanchet,24,57866
2023,220,Illya Marchenko,36,54559
2023,221,Alexander Ritschard,29,149497
2023,222,Timofey Skatov,22,321038
2023,223,Francesco Maestrelli,21,133947
2023,224,Gonzalo Oliveira,28,54071
2023,225,Li Tu,27,125037
2023,226,Jules Marie,32,50614
2023,227,Dragos Nicolae Madaras,26,80432
2023,228,Jozef Kovalik,31,188732
2023,229,Marco Trungelliti,33,142475
2023,230,Andrea Collarini,31,137564
2023,231,Gauthier Onclin,22,133144
2023,232,Stefano Napolitano,28,81205
2023,233,Geoffrey Blancaneaux,25,187123
2023,234,Aziz Dougaz,26,103390
2023,235,Clement Tabur,23,44965
2023,236,Lukas Neumayer,21,56568
2023,237,Pierre-Hugues Herbert,32,132461
2023,238,Ricardas Berankis,33,103003
2023,239,Laurent Lokoli,29,250656
2023,240,Edoardo Lavagno,25,75139
2023,241,Steve Johnson,34,203616
2023,242,Facundo Bagnis,33,267582
2023,243,Alejandro Moro Canas,23,45065
2023,244,Jason Jung,34,66680
2023,245,Antoine Bellier,27,121864
2023,246,Henrique Rocha,19,48232
2023,247,Gustavo Heide,21,44315
2023,248,Guido Andreozzi,32,67724
2023,249,Joao Sousa,34,208393
2023,250,Lucas Poullain,28,40090
2023,251,Evgeny Donskoy,33,71884
2023,252,Oscar Otte,30,478412
2023,254,Juan Pablo Ficovich,26,123267
2023,255,Cem Ilkel,28,113561
2023,256,Dane Sweeny,22,133987
2023,257,Martin Damm,20,79175
2023,258,Maxime Janvier,27,58998
2023,259,Tennys Sandgren,32,84050
2023,260,Tristan Schoolkate,22,76280
2023,261,Leandro Riedi,21,199632
2023,262,Henri Squire,23,56329
2023,263,Brandon Holt,25,257204
2023,264,Mikhail Kukushkin,35,134424
2023,265,Adrian Andreev,22,171709
2023,266,Matteo Martineau,24,52171
2023,267,Nicholas David Ionel,21,120058
2023,268,Tristan Boyer,22,59828
2023,269,Yasutaka Uchiyama,31,72681
2023,270,Alibek Kachmazov,21,70479
2023,271,Arthur Fery,21,113508
2023,272,James McCabe,20,74298
2023,273,Seongchan Hong,26,122371
2023,274,Giovanni Fonio,25,41347
2023,275,Daniel Michalski,23,74055
2023,276,Valentin Royer,22,37008
2023,277,Philip Sekulic,20,90924
2023,278,Mathias Bourgue,29,45744
2023,279,Federico Delbonis,33,126926
2023,280,Valentin Vacherot,25,67872
2023,281,Renzo Olivo,31,110670
2023,282,Moez Echargui,30,39381
2023,283,Mitchell Krueger,29,85345
2023,284,Murkel Dellien,26,40688
2023,285,Enrico Dalla Valle,25,36244
2023,286,Michael Geerts,28,78072
2023,287,Lorenzo Giustino,32,82538
2023,288,Salvatore Caruso,31,43563
2023,289,Bernard Tomic,31,38646
2023,290,Maximilian Neuchrist,32,103063
2023,291,Nikolas Sanchez Izquierdo,24,41459
2023,292,Jiri Vesely,30,398035
2023,293,Aidan Mayo,20,74177
2023,294,Emilio Gomez,32,211909
2023,295,Oleksii Krutykh,23,195022
2023,296,August Holmgren,25,29303
2023,297,Jenson Brooksby,23,192502
2023,298,Chun-Hsin Tseng,22,199307
2023,299,Marvin Moeller,24,35290
2023,300,Michael Vrbensky,23,31902
2023,301,Hady Habib,25,29817
2023,302,Liam Draxl,22,33174
2023,303,Francesco Forti,24,34327
2023,304,Dan Added,24,69010
2023,305,Altug Celikbilek,27,90230
2023,306,Luke Saville,29,53607
2023,307,Kaichi Uchida,29,154782
2023,308,Alexander Weis,26,33678
2023,309,Tristan Lamasine,30,27469
2023,310,Gabriel Debru,18,49590
2023,311,Filip Krajinovic,31,292926
2023,312,Alvaro Guillen Meza,20,26603
2023,313,Joao Lucas Reis Da Silva,23,42030
2023,314,Steven Diez,32,54983
2023,315,Norbert Gombos,33,126335
2023,316,Andrew Paulson,22,30511
2023,317,Milos Raonic,32,290922
2023,318,Nino Serdarusic,27,62873
2023,319,Toby Kodat,20,28984
2023,320,Marius Copil,33,26261
2023,321,Sebastian Fanselow,31,30269
2023,322,Thai-Son Kwiatkowski,28,44224
2023,323,Manuel Guinard,28,64170
2023,324,Samuel Vincent Ruggeri,21,26188
2023,325,Maks Kasnikowski,20,29221
2023,326,Kalin Ivanovski,19,34371
2023,327,Timo Stodder,27,33586
2023,328,Charles Broom,25,57639
2023,329,Alex Bolt,30,110716
2023,330,Lucas Pouille,29,163671
2023,331,Dominik Palan,23,47800
2023,332,Guy Den Ouden,21,25777
2023,333,David Jorda Sanchis,29,32434
2023,334,Mathys Erhard,22,46090
2023,335,Yanki Erel,23,29352
2023,336,Frederico Ferreira Silva,28,161437
2023,337,Gastao Elias,33,50424
2023,338,Gianluca Mager,29,56311
2023,339,Ergi Kirkin,24,33658
2023,340,Hernan Casanova,29,34954
2023,341,Pedro Sakamoto,30,25976
2023,342,Matheus Pucinelli De Almeida,22,59619
2023,343,Omar Jasika,26,62633
2023,344,Ethan Quinn,19,123030
2023,345,George Loffhagen,22,103210
2023,346,Robert Strombachs,24,30654
2023,347,Carlos Sanchez Jover,23,27326
2023,348,Louis Wessels,25,54322
2023,349,Alexander Blockx,18,32278
2023,350,Aidan McHugh,23,27644
2023,351,Filip Cristian Jianu,22,36511
2023,352,Kei Nishikori,33,36620
2023,353,Raphael Collignon,21,70636
2023,354,Arthur Weber,31,38902
2023,355,Benjamin Lock,30,54152
2023,356,Gilbert Klier Junior,23,22758
2023,357,Naoki Nakagawa,27,30160
2023,358,Mohamed Safwat,33,27700
2023,359,Blake Ellis,24,25037
2023,360,Carlos Taberner,26,55726
2023,361,Bogdan Bobrov,26,23298
2023,362,Juan Bautista Torres,21,25399
2023,363,Cezar Cretu,22,24217
2023,364,Max Houkes,23,34099
2023,365,Karl Friberg,24,35675
2023,366,Egor Gerasimov,31,118983
2023,367,Khumoyun Sultanov,25,21485
2023,368,Orlando Luz,25,23680
2023,369,Yan Bai,34,28858
2023,370,Vilius Gaubas,18,24232
2023,371,Felix Gill,21,22655
2023,372,Omni Kumar,22,41949
2023,373,Yun seong Chung,25,30175
2023,374,Nick Hardt,23,94267
2023,375,Nicolas Mejia,23,49552
2023,376,Federico Agustin Gomez,27,21210
2023,377,Peter Gojowczyk,34,63752
2023,378,Gerard Campana Lee,19,24383
2023,379,Rio Noguchi,24,113568
2023,380,Alex Barrena,21,25859
2023,381,Clement Chidekh,22,30042
2023,382,Javier Barranco Cosano,25,23700
2023,383,Alberto Barroso Campos,27,24631
2023,384,Marat Sharipov,21,22417
2023,385,Mikalai Haliak,25,33191
2023,386,Marko Topo,20,37343
2023,387,Christian Langmo,27,23737
2023,388,Nick Chappell,31,57651
2023,389,Tim Handel,27,23669
2023,390,Alexis Gautier,26,23180
2023,391,Martin Krumich,20,20368
2023,392,Akira Santillan,26,25591
2023,393,Jay Clarke,25,23670
2023,394,Eric Vanshelboim,22,22218
2023,395,Pol Martin Tiffon,24,29861
2023,396,Leo Borg,20,42001
2023,397,Elmer Moller,20,19549
2023,398,Maxime Chazal,30,24409
2023,399,Blaise Bicknell,22,19798
2023,400,Colin Sinclair,29,32268
2023,401,Remy Bertola,25,32846
2023,402,Matija Pecotic,34,27680
2023,403,Giovanni Oradini,26,24532
2023,404,Skander Mansouri,28,42094
2023,405,Ernesto Escobedo,27,101250
2023,406,Hiroki Moriya,33,39475
2023,407,Blake Mott,27,17781
2023,408,Lucas Gerch,29,24663
2023,409,Eduardo Ribeiro,25,38202
2023,410,Damien Wenger,23,21751
2023,411,Jaime Faria,20,25350
2023,412,Elmar Ejupovic,30,35242
2023,413,Gonzalo Villanueva,28,30001
2023,414,Pedro Boscardin Dias,20,23683
2023,415,Kacper Zuk,24,52494
2023,416,Stefanos Sakellaridis,19,77066
2023,417,Strong Kirchheimer,28,23290
2023,418,Gonzalo Bueno,19,23779
2023,419,Tibo Colson,23,21056
2023,420,Miljan Zekic,35,58320
2023,421,Yshai Oliel,23,21491
2023,422,Alvaro Lopez San Martin,26,28873
2023,423,Kris Van Wyk,27,20890
2023,424,Daniel Masur,29,30920
2023,425,Evan Zhu,25,30630
2023,426,Evan Furness,25,38550
2023,427,Julian Ocleppo,26,23144
2023,428,Mateus Alves,22,38340
2023,429,Lorenzo Rottoli,21,22158
2023,430,Cannon Kingsley,22,39503
2023,431,Anton Matusevich,22,17923
2023,432,Viktor Durasovic,26,46510
2023,433,Robin Bertrand,20,23410
2023,434,Svyatoslav Gulin,21,18205
2023,435,Fajing Sun,27,30293
2023,436,Daniel Cox,33,35851
2023,437,Vasek Pospisil,33,172549
2023,438,Ulises Blanch,25,22410
2023,440,Ramkumar Ramanathan,29,27020
2023,441,Kilian Feldbausch,18,22228
2023,442,Carlos Lopez Montagud,23,19648
2023,443,Giles Hussey,26,20291
2023,444,Ignacio Buse,19,18287
2023,445,Daniel Dutra da Silva,35,23337
2023,446,Yusuke Takahashi,26,19550
2023,447,Mats Rosenkranz,25,23090
2023,448,Valerio Aboian,21,21129
2023,449,Martin Landaluce,17,51175
2023,450,Miguel Damas,24,21663
2023,451,Blaz Rola,33,16632
2023,452,Learner Tien,18,106469
2023,453,Rubin Statham,36,35590
2023,454,Sascha Gueymard Wayenburg,20,45533
2023,455,Dmitry Popko,27,21964
2023,456,Saba Purtseladze,22,23508
2023,457,Nishesh Basavareddy,18,13914
2023,458,Alexey Vatutin,31,24044
2023,459,Eliakim Coulibaly,21,19269
2023,460,Luciano Emanuel Ambrogi,20,16699
2023,461,Vadym Ursu,26,15187
2023,462,Arthur Gea,18,35144
2023,463,Filip Peliwo,29,27202
2023,464,James Trotter,24,17805
2023,465,Toby Samuel,21,44235
2023,466,Lucas Catarina,27,21122
2023,467,Alex Marti Pujolras,24,26155
2023,468,Feliciano Lopez,42,85730
2023,469,Ryan Nijboer,24,18879
2023,470,Jacopo Berrettini,25,35948
2023,471,Adolfo Daniel Vallejo,19,19881
2023,472,Hazem Naw,23,17307
2023,473,Sebastian Gima,21,21036
2023,474,Facundo Mena,31,44295
2023,475,Garrett Johns,23,15586
2023,476,Imanol Lopez Morillo,24,16917
2023,477,Hynek Barton,19,17899
2023,478,Kenny De Schepper,36,18990
2023,479,Thomas Fancutt,28,16748
2023,480,Sandro Kopp,23,23006
2023,481,Marcello Serafini,21,23177
2023,482,Kirill Kivattsev,26,19638
2023,483,John Millman,34,159161
2023,484,Jerome Kym,20,15769
2023,485,Rigele Te,26,35693
2023,486,Makoto Ochi,27,18626
2023,487,Gianmarco Ferrari,23,30027
2023,488,Daniel Cukierman,28,17331
2023,489,Bruno Kuzuhara,19,43591
2023,490,Gilles Arnaud Bailly,18,25126
2023,491,Nicolas Zanellato,21,17574
2023,492,Elliot Benchetrit,25,21769
2023,493,Nathan Ponwith,25,20237
2023,494,Federico Iannaccone,24,18428
2023,495,Matthew Dellavedova,23,22844
2023,496,Andrey Chepelev,25,25749
2023,497,Pedro Sousa,35,19418
2023,498,Matej Dodig,18,15316
2023,499,Daniil Glinka,23,14718
2023,500,Lautaro Midon,19,15903
2023,501,Neil Oberleitner,24,21908
2023,502,Ignacio Monzon,25,17588
2023,503,Alex Knaff,26,17454
2023,504,Jea Moon Lee,30,15233
2023,505,Jie Cui,25,34634
2023,506,Daniel Merida,19,19644
2023,507,Inaki Montes-De La Torre,21,13268
2023,508,Jakub Paul,24,18068
2023,509,Nicolas Kicker,31,57598
2023,510,Andres Martin,22,23153
2023,511,Viacheslav Bielinskyi,20,14220
2023,512,Ajeet Rai,24,20448
2023,513,Yurii Dzhavakian,30,15986
2023,514,Jake Delaney,26,15775
2023,515,Darian King,31,14311
2023,516,Radu Mihai Papoe,21,12496
2023,517,Sergi Perez Contri,25,15690
2023,518,Gonzalo Lama,30,33516
2023,519,Jeremy Chardy,36,221967
2023,520,Alastair Gray,25,11535
2023,521,Zhe Li,37,23980
2023,522,Timo Legout,21,12277
2023,523,Luka Mikrut,19,13537
2023,524,Yanaki Milev,19,17293
2023,525,Sidane Pontjodikromo,23,20817
2023,526,Sanhui Shin,26,15032
2023,527,Christian Harrison,29,18943
2023,528,Corentin Denolly,26,14218
2023,529,Fausto Tabacco,21,17980
2023,530,Bor Artnak,19,16385
2023,531,Roberto Cid Subervi,30,15727
2023,532,Andrea Picchione,25,17564
2023,533,Michael Zheng,19,44721
2023,534,Jakub Nicod,19,13242
2023,535,Antoine Hoang,28,18350
2023,536,Lorenzo Joaquin Rodriguez,24,15211
2023,537,Vlad Andrei Dancu,24,15098
2023,538,Kyle Edmund,28,152948
2023,539,Dayne Kelly,33,12884
2023,540,Jonas Forejtek,22,18578
2023,541,Gabriele Piraino,20,20409
2023,542,Gabriele Pennaforti,23,14841
2023,543,Martyn Pawelski,19,14705
2023,544,Evgeny Philippov,21,12754
2023,545,Hanwen Li,21,27109
2023,546,Harry Wendelken,22,33626
2023,547,Alexandr Cozbinov,28,21062
2023,548,Matias Franco Descotte,29,16285
2023,549,Alafia Ayeni,24,16577
2023,550,Olaf Pieczkowski,19,13684
2023,551,Stefan Popovic,20,14782
2023,552,Buvaysar Gadamauri,23,16054
2023,553,Peter Heller,31,12963
2023,554,Yuki Mochizuki,26,16449
2023,555,Orel Kimhi,20,13453
2023,556,Emilien Voisin,23,13429
2023,557,Mukund Sasikumar,26,42841
2023,558,Petr Nesterov,20,13761
2023,559,Denis Klok,25,14768
2023,560,Edas Butvilas,19,15053
2023,561,Peter Fajta,21,12378
2023,562,Nam Hoang Ly,26,24875
2023,563,Alex Rybakov,26,23809
2023,564,Gerald Melzer,33,12648
2023,565,Adrien Gobat,22,14270
2023,566,Tom Paris,21,15872
2023,567,Henri Laaksonen,31,79936
2023,568,Mika Brunold,19,21826
2023,569,M Rifki Fitriadi,24,12315
2023,570,Constantin Bittoun Kouzmine,24,16304
2023,571,Jose Pereira,32,13225
2023,572,Renta Tokuda,25,14329
2023,573,Luca Wiedenmann,25,12977
2023,574,Victor Lilov,19,14277
2023,575,Evgeny Karlovskiy,29,15475
2023,576,Max Hans Rehberg,20,29078
2023,577,Matyas Fuele,25,12485
2023,578,John Echeverria,22,14478
2023,579,Duarte Vale,24,19263
2023,580,Juan Pablo Paz,28,16301
2023,581,Pedro Vives Marcos,22,9596
2023,582,Arklon Huertas Del Pino Cordova,29,13695
2023,583,Florent Bax,24,10298
2023,584,Lukas Pokorny,21,16708
2023,585,Kai Wehnelt,28,17179
2023,586,Stefan Dostanic,22,9605
2023,587,Luka Pavlovic,23,10730
2023,588,Shuichi Sekiguchi,32,11602
2023,589,Wilson Leite,32,17003
2023,590,Adria Soriano Barrera,24,14535
2023,591,Marlon Vankan,23,11808
2023,592,Marek Gengel,28,32866
2023,593,Keegan Smith,25,17498
2023,594,Federico Arnaboldi,23,17234
2023,595,Andrej Nedic,19,12147
2023,596,Nikoloz Basilashvili,31,163909
2023,597,Mats Moraing,31,13507
2023,598,Alfredo Perez,26,13020
2023,599,Tommaso Compagnucci,24,14519
2023,600,Sebastian Prechtel,27,13125
2023,601,Vladyslav Orlov,28,22833
2023,602,Adrian Oetzbach,26,13689
2023,603,Juan Ignacio Londero,30,9280
2023,604,Sander Jong,23,12120
2023,605,Ezekiel Clark,25,14996
2023,606,Pablo Carreno Busta,32,143059
2023,607,Yassine Dlimi,20,9897
2023,608,Pedro Rodenas,19,10396
2023,609,Juan Carlos Prado Angelo,18,11458
2023,610,Guido Ivan Justo,26,10737
2023,611,Tsung-Hao Huang,24,11594
2023,612,Digvijaypratap Singh,23,12649
2023,613,Dan Alexandru Tomescu,24,12712
2023,614,Tomas Farjat,22,13503
2023,615,S D Prajwal Dev,27,14623
2023,616,Ryuki Matsuda,23,14331
2023,617,Jaimee Floyd Angele,23,14354
2023,618,Jiri Barnat,22,13777
2023,619,Franco Roncadelli,23,13574
2023,620,Edan Leshem,26,14203
2023,621,Alec Deckers,23,13221
2023,622,Mirza Basic,32,11920
2023,623,Andrea Guerrieri,25,12758
2023,624,Jeremy Jahn,33,13575
2023,625,Luca Giacomini,26,10878
2023,626,Nikolay Vylegzhanin,23,13088
2023,627,Kevin Anderson,37,61780
2023,628,Justin Boulais,22,19058
2023,629,Ryan Seggerman,24,9079
2023,630,Kyle Kang,18,9986
2023,631,Tatsuma Ito,35,12992
2023,632,Sidharth Rawat,30,11506
2023,633,Luca Potenza,23,13984
2023,634,Diego Augusto Barreto Sanchez,21,14242
2023,635,Amaury Raynel,21,13397
2023,636,Kiranpal Pannu,26,21096
2023,637,Egor Agafonov,21,10189
2023,638,Georgii Kravchenko,23,13660
2023,639,Quinn Vandecasteele,21,31855
2023,640,Sora Fukuda,26,9296
2023,641,Alexander Zgirovsky,22,9879
2023,642,Luca Castelnuovo,26,10630
2023,643,David Pichler,27,14495
2023,644,Tom Gentzsch,20,14691
2023,645,Jacob Fearnley,22,7665
2023,646,Chris Rodesch,22,11397
2023,647,Ozan Baris,19,10946
2023,648,Maximus Jones,19,10970
2023,649,Daniel Little,26,13649
2023,650,Christoph Negritu,29,11329
2023,651,Fernando Verdasco,40,91080
2023,653,Hamish Stewart,24,10831
2023,654,Dali Blanch,20,13998
2023,655,Maxence Beauge,23,12370
2023,656,Ye Cong Mo,23,21637
2023,657,Andre Ilagan,23,7842
2023,658,Johan Alexander Rodriguez,20,10921
2023,659,Lorenzo Claverie,21,10051
2023,660,Kasidit Samrej,22,10372
2023,661,Kazuki Nishiwaki,29,10298
2023,662,Matias Soto,24,12353
2023,663,Lorenzo Bocchi,26,11580
2023,664,Kyle Seelig,26,12654
2023,665,Justin Barki,23,8101
2023,666,Paul Jubb,24,28043
2023,667,Hikaru Shiraishi,23,12614
2023,669,Rishab Agarwal,28,10388
2023,670,Rafael Nadal,37,310797
2023,671,Jack Sock,31,59960
2023,672,Marin Cilic,35,26138
2023,673,David Perez Sanz,29,9723
2023,674,Sergey Fomin,22,12616
2023,675,Jorge Martinez Martinez,28,10349
2023,676,JiSung Nam,30,11887
2023,677,Evgenii Tiurnev,26,10250
2023,678,Conner Huertas del Pino,28,9970
2023,679,Daniel Paty,24,9969
2023,680,Dusan Obradovic,22,10127
2023,681,Tao Mu,23,29413
2023,682,Petr Nouza,25,10205
2023,683,Yuta Kawahashi,25,9417
2023,684,Luca Castagnola,21,12358
2023,685,Duckhee Lee,25,12129
2023,686,Leonardo Aboian,25,11337
2023,687,Moerani Bouzige,24,12662
2023,688,Ilia Simakin,20,9233
2023,689,Thiemo de Bakker,35,9525
2023,690,Sebastian Sorger,18,12119
2023,692,Rodrigo Pacheco Mendez,18,40216
2023,693,Lorenzo Carboni,17,10498
2023,694,Fabrizio Andaloro,22,11237
2023,695,Joshua Sheehy,26,11907
2023,696,Jakob Schnaitter,27,11058
2023,697,Patrik Rikl,24,7104
2023,698,Bjorn Fratangelo,30,16485
2023,699,Enzo Wallart,26,8048
2023,700,Alejo Sanchez Quilez,18,7659
2023,701,Facundo Juarez,26,9454
2023,702,Mario Gonzalez Fernandez,21,11089
2023,703,Aleksandr Braynin,24,15861
2023,704,Jacob Bradshaw,21,12729
2023,705,Marcel Zielinski,23,8795
2023,706,Mili Poljicak,19,31309
2023,707,Prajnesh Gunneswaran,34,11020
2023,708,Jack Pinnington Jones,20,7440
2023,709,Nicola Kuhn,23,7207
2023,710,Arthur Reymond,24,8966
2023,711,Oleg Prihodko,26,10474
2023,712,Deney Wassermann,22,8217
2023,713,Daisuke Sumizawa,24,11332
2023,714,Jacob Brumm,25,10911
2023,715,Zura Tkemaladze,23,11337
2023,716,Nicolas Alvarez Varona,22,7176
2023,717,Shinji Hazawa,24,8972
2023,718,Gabriel Decamps,24,9725
2023,719,Giorgio Tabacco,20,12593
2023,720,Arthur Bouquier,22,10317
2023,721,Lilian Marmousez,21,7967
2023,722,Stuart Parker,26,25710
2023,723,Jimmy Yang,26,8627
2023,724,Jeremy Jin,19,27186
2023,725,Leonardo Rossi,21,10134
2023,726,Peter Benjamin Privara,19,11495
2023,727,Joao Fonseca,17,21959
2023,728,Alexey Zakharov,23,15678
2023,729,Eliot Spizzirri,22,59103
2023,730,Johannus Monday,21,37580
2023,731,Andrea Arnaboldi,35,14336
2023,732,Alejandro Manzanera Pertusa,20,8499
2023,733,Lewie Lane,22,8857
2023,734,Niels Visker,22,8930
2023,735,Liam Gavrielides,19,11167
2023,736,Amr Elsayed,24,10317
2023,737,Aziz Ouakaa,24,11801
2023,738,Mariano Kestelboim,27,6779
2023,739,Carlos Gimeno Valero,22,7918
2023,740,Linang Xiao,23,17145
2023,741,Jelle Sels,28,89368
2023,742,Adam Moundir,28,14913
2023,743,Antoine Ghibaudo,18,27196
2023,744,Maxime Mora,26,10575
2023,745,Millen Hurrion,24,10345
2023,746,Max Alcala Gurri,21,16009
2023,747,Siddharth Vishwakarma,29,6522
2023,748,Maxence Rivet,20,7143
2023,749,Palaphoom Kovapitukted,24,8641
2023,750,Tristan McCormick,24,8301
2023,751,Edward Winter,19,27906
2023,752,Simon Beaupain,24,9828
2023,753,Ilya Snitari,21,10819
2023,754,Alexandros Skorilas,23,8816
2023,755,Tiago Pereira,19,13171
2023,756,Robin Haase,36,18313
2023,757,Philip Henning,23,5205
2023,758,Julio Cesar Porras,25,6248
2023,759,Giuseppe La Vela,23,7118
2023,760,Brandon Walkin,29,8421
2023,761,Aldin Setkic,36,11416
2023,762,Xiaofei Wang,20,8706
2023,763,Juan Carlos Aguilar,25,9569
2023,764,Simon Anthony Ivanov,23,9303
2023,765,Alexandre Aubriot,24,9564
2023,766,Alec Beckley,22,9295
2023,767,Colin Markes,26,11466
2023,768,Alex Martinez,22,5925
2023,769,Aoran Wang,26,7096
2023,770,Juan Bautista Otegui,24,12155
2023,771,Igor Gimenez,23,9610
2023,772,Cash Hanzlik,21,6257
2023,773,Sean Cuenin,19,6813
2023,774,Peter Bertran,27,8498
2023,775,Hanyi Liu,22,9353
2023,776,Takuya Kumasaka,25,8539
2023,777,Ray Ho,23,9396
2023,778,Florian Broska,25,9078
2023,779,Boris Butulija,24,8883
2023,780,Calin Manda,25,8648
2023,781,Jeremy Beale,29,3685
2023,782,Gian Marco Moroni,25,6970
2023,783,Shunsuke Mitsui,21,6151
2023,784,Maxence Broville,24,6503
2023,785,Viktor Jovic,21,6976
2023,786,Niki Kaliyanda Poonacha,28,9477
2023,787,Stefan Kozlov,25,30706
2023,788,Franco Emanuel Egea,27,5888
2023,789,Patrick Kaukovalta,25,8107
2023,790,Aidan Kim,19,6340
2023,791,Max Wiskandt,21,7348
2023,792,Justin Roberts,27,8212
2023,793,Taisei Ichikawa,23,10822
2023,794,Karan Singh,20,7730
2023,795,Grigoriy Lomakin,25,8975
2023,796,Nicolas Tepmahc,22,7792
2023,797,Kokoro Isomura,20,9813
2023,798,Nikola Milojevic,28,29404
2023,799,Petr Bar Biryukov,21,5726
2023,800,Yeong-Seok Jeong,23,6326
2023,801,Riccardo Balzerani,25,6977
2023,802,Jonathan Mridha,28,9070
2023,803,Dominik Kellovsky,27,7216
2023,804,Szymon Kielan,21,7507
2023,805,Joao Domingues,30,14554
2023,806,Derek Pham,19,24456
2023,807,Uisung Park,23,4810
2023,808,Pierre Yves Bailly,20,4534
2023,809,Karim-Mohamed Maamoun,32,4742
2023,810,Filippo Moroni,22,6731
2023,811,Dan  Martin,24,14485
2023,812,Kristjan Tamm,25,6151
2023,813,Shintaro Imai,30,4432
2023,814,Alexander Stater,24,5109
2023,815,Felix Corwin,27,5626
2023,816,Alejo Lorenzo Lingua Lavallen,22,6033
2023,817,Jorge Panta,28,12018
2023,818,Seydina Andre,20,7174
2023,819,Daniel Rodrigues,23,7477
2023,820,Aleksandre Bakshi,26,5792
2023,821,Patrick Brady,19,8781
2023,822,Diego Fernandez Flores,23,8159
2023,823,Mitsuki Wei Kang Leong,19,7966
2023,825,Roberto Marcora,34,30585
2023,826,Pablo Cuevas,37,52462
2023,827,Tauheed Browning,21,4601
2023,828,Ignacio Antonio Becerra Otarola,23,5863
2023,829,Massimo Giunta,19,6844
2023,830,Michiel De Krom,25,6453
2023,831,Kody Pearson,24,6705
2023,832,Alan Fernando Rubio Fierros,24,8493
2023,833,Ishaque Eqbal,25,5786
2023,834,Alejandro Hoyos,24,9286
2023,835,Samir Hamza Reguig,21,8220
2023,836,Harrison Adams,29,4847
2023,837,Adam Neff,22,4958
2023,838,Simone Roncalli,27,5783
2023,839,William Grant,22,4819
2023,840,Gergely Madarasz,29,5261
2023,841,Bang Shuo Yin,24,5851
2023,842,Calum Puttergill,30,7663
2023,843,Cyril Vandermeersch,24,5392
2023,844,Alexander Binda,22,4838
2023,845,Johannes Haerteis,27,8773
2023,846,Kai Lemstra,24,5791
2023,847,Mateo Barreiros Reyes,23,7751
2023,848,Erik Arutiunian,19,7692
2023,849,Wishaya Trongcharoenchaikul,28,8571
2023,850,Matthew William Donald,19,7791
2023,851,Ryan Harrison,31,6910
2023,852,Alexandar Lazarov,26,37078
2023,853,Luke Simkiss,25,5709
2023,854,Manuel Mazza,24,5421
2023,855,Alessandro Pecci,22,6878
2023,856,François Musitelli,25,6104
2023,857,Milos Karol,21,8378
2023,858,Luigi Sorrentino,25,7445
2023,859,Oscar Jose Gutierrez,30,11263
2023,860,Pedro Araujo,21,11159
2023,863,Iliyan Radulov,18,5108
2023,864,Ofek Shimanov,18,4915
2023,865,Boris Pokotilov,26,5131
2023,866,Aliaksandr Liaonenka,24,4376
2023,867,Emile Hudd,23,5727
2023,868,Yunseok Jang,20,7311
2023,869,Mark Whitehouse,30,9809
2023,870,Pietro Marino,22,6865
2023,871,Aleksandre Metreveli,30,7774
2023,872,Ignacio Carou,24,8925
2023,873,Gage Brymer,28,12759
2023,874,Tim van Rijthoven,26,46428
2023,876,Brayden Schnur,28,16775
2023,877,Bradley Klahn,33,54760
2023,879,Luciano Carraro,25,4485
2023,880,Isaac Becroft,23,4484
2023,881,Max Dahlin,17,7639
2023,882,Christian Sigsgaard,26,5906
2023,883,Guy Den Heijer,26,5699
2023,884,Joao Eduardo Schiessl,19,6138
2023,885,Lukas Rosol,38,33112
2023,886,Leo Vithoontien,24,5811
2023,887,Thomas Braithwaite,24,6917
2023,888,Andrea Bacaloni,21,7210
2023,890,Bogdan Pavel,24,4030
2023,891,Samir Banerjee,20,5565
2023,892,Tuncay Duran,19,6719
2023,893,Vito Tonejc,24,7131
2023,894,Koray Kirci,25,6786
2023,895,Fermin Tenti,26,8196
2023,897,Amit Vales,18,3943
2023,898,Jayden Court,23,4809
2023,899,Henrik Wiersholm,26,4732
2023,900,Daniel Antonio Nunez,22,5197
2023,901,Fabien Salle,24,4468
2023,902,Yi Zhou,18,48582
2023,903,Jesse Flores,28,6002
2023,904,Noah Schachter,24,5954
2023,905,Patrick Zahraj,24,5532
2023,906,Chukang Wang,24,9486
2023,907,Benjamin Winter Lopez,25,7494
2023,908,Juan Manuel La Serna,19,5953
2023,909,Marco Miceli,25,5348
2023,910,Pierre Delage,22,7799
2023,912,Matthias Bachinger,36,3100
2023,914,Henry Searle,17,4622
2023,915,Mirko Martinez,25,4644
2023,916,Alexander Kotzen,23,5237
2023,917,Daniil Ostapenkov,20,5100
2023,918,Alexandre Reco,24,5242
2023,919,Fernando Yamacita,26,5139
2023,920,Kalman L. Boyd,26,4771
2023,921,Collin Altamirano,28,5807
2023,922,Manish Sureshkumar,24,6089
2023,923,John Sperle,21,6676
2023,924,Tomas Lanik,21,6215
2023,925,Maxim Zhukov,18,6310
2023,926,Kosuke Ogura,27,7214
2023,928,Arjun Kadhe,29,5642
2023,930,Francisco Rocha,24,6393
2023,931,Gian Matias Di Natale,26,5498
2023,932,Adit Sinha,20,4982
2023,933,Ryotaro Taguchi,23,4749
2023,934,Luca Fantini,23,5026
2023,935,Jasza Szajrych,21,5973
2023,936,Yannik Steinegger,23,6087
2023,937,Louis Tessa,25,5361
2023,938,Rrezart Cungu,25,5750
2023,938,Michael Zhu,31,6001
2023,940,Niccolo Catini,26,5632
2023,941,Samuele Pieri,21,6801
2023,942,Bruno Pujol Navarro,22,7423
2023,945,Marcelo Zormann,27,5726
2023,946,Oleksandr Ovcharenko,22,4418
2023,947,Rei Sakamoto,17,4867
2023,948,Axel Nefve,23,4517
2023,949,Keshav Chopra,22,7132
2023,950,David Poljak,27,6326
2023,951,Kareem Al Allaf,25,11536
2023,952,Stefan Palosi,23,4869
2023,953,Gabriele Bosio,23,5075
2023,954,Keisuke Saitoh,22,7991
2023,955,Johannes Ingildsen,26,6651
2023,956,Nikolay Nedelchev,20,6230
2023,957,Niklas Schell,24,7806
2023,958,Ben Jones,25,7935
2023,961,Guy Orly Iradukunda,27,3357
2023,962,Sekou Bangoura,32,4051
2023,963,Elgin Khoeblal,22,3452
2023,965,Fons Van Sambeek,21,4254
2023,966,George Houghton,25,4505
2023,968,Juan Sebastian Gomez,31,7187
2023,969,Lucas Renard,31,5171
2023,970,Paulo Andre Saraiva Dos Santos,23,5937
2023,971,Jake Van Emburgh,25,5584
2023,972,Matias Zukas,27,6315
2023,973,A.J. Catanzariti,28,4889
2023,974,Philip Florig,20,7753
2023,975,Maik Steiner,29,5374
2023,976,Dax Donders,23,6320
2023,977,Matej Vocel,26,3157
2023,981,Eero Vasa,26,5531
2023,982,Federico Bondioli,18,4623
2023,983,Maciej Rajski,32,4433
2023,984,Dylan Dietrich,19,6039
2023,985,Daniel De Jonge,24,3715
2023,986,Rafael Tosetto,24,4880
2023,987,Sheng Tang,23,5827
2023,988,Daniel Bagnolini,20,5453
2023,989,Tomas Curras Abasolo,23,5568
2023,990,Alexander Donski,25,8023
2023,991,Stefano Reitano,26,6036
2023,992,Aleksandr Lobanov,22,5788
2023,998,Rimpei Kawakami,23,4192
2023,999,Daniele Capecchi,28,3779
2023,1000,Matthias Ujvary,19,6087
2024,1,Jannik Sinner,23,16914035
2024,2,Alexander Zverev,27,8839406
2024,3,Carlos Alcaraz,21,9850338
2024,4,Taylor Fritz,27,6915586
2024,5,Daniil Medvedev,28,5573010
2024,6,Casper Ruud,26,5010351
2024,7,Novak Djokovic,37,4421915
2024,8,Andrey Rublev,27,4067753
2024,9,Alex de Minaur,25,4041718
2024,10,Grigor Dimitrov,33,3169105
2024,11,Stefanos Tsitsipas,26,3392603
2024,12,Tommy Paul,27,2912091
2024,13,Holger Rune,21,2673232
2024,14,Ugo Humbert,26,2767446
2024,15,Jack Draper,23,2707707
2024,16,Hubert Hurkacz,27,2701708
2024,17,Lorenzo Musetti,22,2646694
2024,18,Frances Tiafoe,26,2699718
2024,19,Karen Khachanov,28,2413465
2024,20,Arthur Fils,20,2174206
2024,21,Ben Shelton,22,2222233
2024,22,Sebastian Korda,24,1902107
2024,23,Alejandro Tabilo,27,1648299
2024,24,Alexei Popyrin,25,2301802
2024,25,Tomas Machac,24,1800531
2024,26,Jordan Thompson,30,1683840
2024,27,Sebastian Baez,24,1683092
2024,28,Jiri Lehecka,23,1527318
2024,29,Felix Auger-Aliassime,24,1753111
2024,30,Francisco Cerundolo,26,1686753
2024,31,Giovanni Mpetshi Perricard,21,1397441
2024,32,Flavio Cobolli,22,1544117
2024,33,Alexander Bublik,27,1527508
2024,34,Matteo Berrettini,28,917656
2024,35,Nicolas Jarry,29,1721544
2024,36,Nuno Borges,27,1375761
2024,37,Matteo Arnaldi,23,1599342
2024,38,Brandon Nakashima,23,1391107
2024,39,Tomas Martin Etcheverry,25,1452743
2024,40,Tallon Griekspoor,28,1570029
2024,41,Alex Michelsen,20,1192328
2024,42,Jan-Lennard Struff,34,1309920
2024,43,Pedro Martinez,27,960850
2024,44,Luciano Darderi,22,1027095
2024,45,Zhizhen Zhang,28,1448941
2024,46,Marcos Giron,31,1111370
2024,47,Mariano Navone,23,1005889
2024,48,Jakub Mensik,19,1136947
2024,49,Cameron Norrie,29,1263998
2024,50,Juncheng Shang,19,1083923
2024,51,Roberto Bautista Agut,36,1131745
2024,52,David Goffin,34,973915
2024,53,Lorenzo Sonego,29,1169347
2024,54,Miomir Kecmanovic,25,1306225
2024,55,Gael Monfils,38,1305034
2024,56,Denis Shapovalov,25,1138879
2024,57,Roberto Carballes Baena,31,981230
2024,58,Fabian Marozsan,25,1270317
2024,59,Arthur Rinderknech,29,1002430
2024,60,Roman Safiullin,27,1049432
2024,61,Alejandro Davidovich Fokina,25,1217056
2024,62,Jaume Munar,27,904013
2024,63,Arthur Cazaux,22,870129
2024,64,Christopher O'Connell,30,913238
2024,65,Yunchaokete Bu,22,528475
2024,66,Adrian Mannarino,36,1308732
2024,67,Alexandre Muller,27,912510
2024,68,Aleksandar Vukic,28,890517
2024,69,Yoshihito Nishioka,29,823181
2024,70,Corentin Moutet,25,698154
2024,71,Zizou Bergs,25,773790
2024,72,Quentin Halys,28,616179
2024,73,Rinky Hijikata,23,806579
2024,74,Thiago Seyboth Wild,24,875066
2024,75,Benjamin Bonzi,28,373440
2024,76,Hugo Gaston,24,703597
2024,77,Thanasi Kokkinakis,28,815852
2024,78,Alexander Shevchenko,24,963622
2024,79,Facundo Diaz Acosta,24,710179
2024,80,Botic van de Zandschulp,29,905495
2024,81,Dusan Lajovic,34,850185
2024,82,James Duckworth,32,543657
2024,83,Damir Dzumhur,32,292448
2024,84,Taro Daniel,31,767225
2024,85,Francisco Comesana,24,566517
2024,86,Pavel Kotov,26,897558
2024,87,Gabriel Diallo,23,587565
2024,88,Sebastian Ofner,28,878443
2024,89,Daniel Altmaier,26,813689
2024,90,Borna Coric,28,870059
2024,91,Fabio Fognini,37,698100
2024,92,Luca Nardi,21,589328
2024,93,Adam Walton,25,599313
2024,94,Otto Virtanen,23,501164
2024,95,Emil Ruusuvuori,25,703219
2024,96,Yannick Hanfmann,33,704099
2024,97,Camilo Ugo Carabelli,25,334614
2024,98,Sumit Nagal,27,668440
2024,99,Jacob Fearnley,23,269205
2024,100,Federico Coria,32,585355
2024,101,Lucas Pouille,30,383886
2024,102,Dominik Koepfer,30,714815
2024,103,Mattia Bellucci,23,495055
2024,104,Marton Fucsovics,32,670589
2024,105,Max Purcell,26,773141
2024,106,Kei Nishikori,35,543994
2024,107,Christopher Eubanks,28,732872
2024,108,Francesco Passaro,23,246883
2024,109,Thiago Monteiro,30,561875
2024,110,Nicolas Moreno De Alboran,27,357696
2024,111,Aleksandar Kovacevic,26,739160
2024,112,Jesper de Jong,24,459584
2024,113,Mikhail Kukushkin,37,325443
2024,114,Hamad Medjedovic,21,468177
2024,115,Laslo Djere,29,634279
2024,116,Harold Mayot,22,396102
2024,117,Thiago Agustin Tirante,23,335991
2024,118,Alexander Ritschard,30,215985
2024,119,Chun-Hsin Tseng,23,167085
2024,120,Kamil Majchrzak,28,145003
2024,121,Raphael Collignon,22,90235
2024,122,Learner Tien,19,188800
2024,123,Jaime Faria,21,145016
2024,124,Hugo Dellien,31,214194
2024,125,Billy Harris,29,369016
2024,126,Daniel Elahi Galan,28,563463
2024,127,Jozef Kovalik,32,318936
2024,128,Luca Van Assche,20,634733
2024,129,Richard Gasquet,38,533369
2024,130,Vit Kopriva,27,336386
2024,131,Mackenzie McDonald,29,542653
2024,132,Lloyd Harris,27,265184
2024,133,Tristan Boyer,23,138807
2024,134,Jerome Kym,21,156714
2024,135,Leandro Riedi,22,181903
2024,136,Lukas Klein,26,377898
2024,137,Federico Agustin Gomez,28,137312
2024,138,Nishesh Basavareddy,19,119085
2024,139,Juan Manuel Cerundolo,23,152815
2024,140,Valentin Vacherot,26,251280
2024,141,Matteo Gigante,22,202279
2024,142,Duje Ajdukovic,23,249572
2024,143,Marco Trungelliti,34,241257
2024,144,Facundo Bagnis,34,203626
2024,145,Joao Fonseca,18,253093
2024,146,Yasutaka Uchiyama,32,169994
2024,147,Mitchell Krueger,30,252373
2024,148,Pierre-Hugues Herbert,33,296037
2024,149,Felipe Meligeni Alves,26,343593
2024,150,Seongchan Hong,27,183045
2024,151,Martin Landaluce,18,140951
2024,152,Cristian Garin,28,349684
2024,153,Rafael Nadal,38,301661
2024,154,Tomas Barrios Vera,27,187836
2024,155,Hugo Grenier,28,412174
2024,156,Roman Andres Burruchaga,22,278834
2024,157,Alex Bolt,31,205964
2024,158,Terence Atmane,22,411817
2024,159,Marc-Andrea Huesler,28,185031
2024,160,Elmer Moller,21,62875
2024,161,Stan Wawrinka,39,683581
2024,162,Gregoire Barrere,30,343890
2024,163,Radu Albot,35,318249
2024,164,Daniel Evans,34,724212
2024,165,Albert Ramos-Vinolas,36,340793
2024,166,Zachary Svajda,22,356107
2024,167,Stefano Napolitano,29,239183
2024,168,Tristan Schoolkate,23,269561
2024,169,Alejandro Moro Canas,24,191424
2024,170,Coleman Wong,20,213539
2024,171,Henrique Rocha,20,145274
2024,172,Gustavo Heide,22,212730
2024,173,Jan Choinski,28,290019
2024,174,Li Tu,28,235848
2024,175,Jurij Rodionov,25,222121
2024,176,Gijs Brouwer,28,150847
2024,177,Henri Squire,24,246136
2024,178,Omar Jasika,27,157188
2024,179,Marin Cilic,36,347667
2024,180,Maks Kasnikowski,21,170194
2024,181,Dmitry Popko,28,92516
2024,182,Titouan Droguet,23,172611
2024,183,Murkel Dellien,27,122960
2024,184,Maximilian Marterer,29,586935
2024,185,Paul Jubb,25,215055
2024,186,Vilius Gaubas,20,115598
2024,187,Juan Pablo Ficovich,27,95082
2024,188,Constant Lestienne,32,508882
2024,189,Clement Chidekh,23,53369
2024,190,Sho Shimabukuro,27,182896
2024,191,Timofey Skatov,23,237580
2024,192,Yuta Shimizu,25,84181
2024,193,James Trotter,25,53821
2024,194,Alibek Kachmazov,22,121314
2024,195,Carlos Taberner,27,66232
2024,196,Pablo Carreno Busta,33,427008
2024,197,Valentin Royer,23,128395
2024,198,Brandon Holt,26,119315
2024,199,Nick Hardt,24,129685
2024,200,August Holmgren,26,60027
2024,201,Calvin Hemery,29,118792
2024,202,Ethan Quinn,20,141535
2024,203,Alexander Blockx,19,100481
2024,204,Andrea Collarini,32,83145
2024,205,Alexis Galarneau,25,101827
2024,206,Enzo Couacaud,29,124425
2024,207,Antoine Escoffier,32,171098
2024,208,Nikoloz Basilashvili,32,63183
2024,209,Juan Pablo Varillas,29,221525
2024,210,Matteo Martineau,25,128703
2024,211,Patrick Kypson,25,269077
2024,212,Emilio Nava,23,241977
2024,213,Bernard Tomic,32,63030
2024,214,Filip Cristian Jianu,23,60622
2024,215,Facundo Mena,32,47455
2024,216,Hady Habib,26,35957
2024,217,Adrian Andreev,23,78404
2024,218,Benjamin Hassan,29,199827
2024,219,Nicolas Mejia,24,63298
2024,220,Oriol Roca Batalla,31,148014
2024,221,Stefano Travaglia,33,106859
2024,222,Ugo Blanchet,25,158969
2024,223,Khumoyun Sultanov,26,41163
2024,224,Javier Barranco Cosano,26,89201
2024,225,Dalibor Svrcina,22,121339
2024,226,Lukas Neumayer,22,84247
2024,227,Aziz Dougaz,27,137487
2024,228,Eliot Spizzirri,23,154020
2024,229,Mark Lajal,21,148462
2024,230,Gianluca Mager,30,54634
2024,231,Federico Arnaboldi,24,57733
2024,232,Gauthier Onclin,23,65438
2024,233,Adolfo Daniel Vallejo,20,58936
2024,234,Ignacio Buse,20,56652
2024,235,Shintaro Mochizuki,21,366787
2024,236,Tung-Lin Wu,26,84336
2024,237,Giulio Zeppieri,23,332920
2024,238,Milos Raonic,34,243119
2024,239,Yu Hsiou Hsu,25,159350
2024,240,Gonzalo Bueno,20,51166
2024,242,Francesco Maestrelli,22,107808
2024,243,Beibit Zhukayev,24,225998
2024,244,Maxime Cressy,27,249479
2024,245,Gonzalo Oliveira,29,70143
2024,246,Denis Yevseyev,31,197898
2024,247,Liam Draxl,23,46509
2024,248,Matias Soto,25,43806
2024,249,Zsombor Piros,25,141596
2024,250,Abdullah Shelbayh,21,203305
2024,251,Pol Martin Tiffon,25,49150
2024,252,Edas Butvilas,20,39053
2024,253,Gabriel Debru,19,41692
2024,254,Daniel Masur,30,52254
2024,255,Yan Bai,35,59326
2024,256,James McCabe,21,147163
2024,257,Marek Gengel,29,28847
2024,258,Manuel Guinard,29,71183
2024,259,Karue Sell,31,38051
2024,260,Andrea Pellegrino,27,133266
2024,261,J.J. Wolf,26,326642
2024,262,Lorenzo Giustino,33,38289
2024,263,Robin Bertrand,21,44723
2024,264,Jay Clarke,26,68641
2024,265,Kyrian Jacquet,23,189081
2024,266,Matej Dodig,19,52921
2024,267,Denis Kudla,32,149704
2024,268,Rudolf Molleker,24,171230
2024,269,Alvaro Guillen Meza,21,68206
2024,270,Max Hans Rehberg,21,61393
2024,271,Aidan Mayo,21,75998
2024,272,Bernabe Zapata Miralles,27,245503
2024,273,Daniel Rincon,21,120342
2024,274,Andrea Vavassori,29,199530
2024,275,Samuel Vincent Ruggeri,22,59571
2024,276,Charles Broom,26,125684
2024,277,Fajing Sun,28,58528
2024,278,Santiago Rodriguez Taverna,25,94022
2024,279,Geoffrey Blancaneaux,26,75160
2024,280,Juan Bautista Torres,22,37210
2024,281,Mateus Alves,23,44896
2024,282,Remy Bertola,26,40522
2024,283,Enrico Dalla Valle,26,51533
2024,284,Pablo Llamas Ruiz,22,93856
2024,285,Ergi Kirkin,25,37600
2024,286,Pedro Cachin,29,434615
2024,287,Aslan Karatsev,31,362389
2024,288,Juan Carlos Prado Angelo,19,31844
2024,289,Gastao Elias,34,45397
2024,290,Mathys Erhard,23,33253
2024,291,Martin Klizan,35,35071
2024,292,Dino Prizmic,19,188648
2024,293,Reilly Opelka,27,236175
2024,294,Philip Sekulic,21,79081
2024,295,Mili Poljicak,20,40055
2024,296,Rio Noguchi,26,43857
2024,297,Daniel Merida,20,32029
2024,298,Michael Geerts,29,49994
2024,299,Dominic Stricker,22,264522
2024,300,Chris Rodesch,23,26655
2024,301,Matheus Pucinelli De Almeida,23,45166
2024,302,Jelle Sels,29,33610
2024,303,Daniel Dutra da Silva,36,31854
2024,304,Corentin Denolly,27,28247
2024,305,Maxime Janvier,28,158601
2024,306,Carlos Sanchez Jover,24,32488
2024,307,Cezar Cretu,23,31488
2024,308,Frederico Ferreira Silva,29,33165
2024,309,Ivan Gakhov,28,71872
2024,310,Oleksandr Ovcharenko,23,25978
2024,311,Benjamin Lock,31,31405
2024,312,Max Houkes,24,27627
2024,313,Oleg Prihodko,27,24719
2024,314,Ricardas Berankis,34,32665
2024,315,Genaro Alberto Olivieri,26,66662
2024,316,Filip Misolic,23,180077
2024,317,Michael Mmoh,26,114154
2024,318,Ilia Simakin,21,24059
2024,319,Jacopo Berrettini,26,36189
2024,320,Alexey Vatutin,32,40920
2024,321,Marc Polmans,27,197218
2024,322,Renzo Olivo,32,39085
2024,323,Nicholas David Ionel,22,33104
2024,324,Philip Henning,24,20122
2024,325,Alexey Zakharov,24,31002
2024,326,Martin Damm,21,118558
2024,327,Elias Ymer,28,199065
2024,328,Joris De Loore,31,138139
2024,329,Hazem Naw,24,33626
2024,330,Joel Schwaerzler,18,62691
2024,331,Egor Gerasimov,32,59420
2024,332,Alex Marti Pujolras,25,28282
2024,333,Giovanni Fonio,26,41520
2024,334,Pedro Sakamoto,31,38118
2024,335,Murphy Cassone,22,26580
2024,336,Dimitar Kuzmanov,31,55908
2024,337,Eliakim Coulibaly,22,28115
2024,338,Blake Ellis,25,31932
2024,339,Jules Marie,33,87413
2024,340,Toby Kodat,21,34381
2024,341,Jiri Vesely,31,151025
2024,342,Marat Sharipov,22,25051
2024,343,Guy Den Ouden,22,35046
2024,344,Andrea Picchione,26,36623
2024,345,Dane Sweeny,23,132145
2024,346,Jakub Nicod,20,28004
2024,347,Sandro Kopp,24,33575
2024,348,Soonwoo Kwon,27,441949
2024,349,Christoph Negritu,30,17526
2024,350,Nikolas Sanchez Izquierdo,25,52016
2024,351,Dennis Novak,31,59828
2024,352,Masamichi Imamura,26,26269
2024,353,Nicola Kuhn,24,23859
2024,354,Stefan Kozlov,26,28360
2024,355,Maxime Chazal,31,28966
2024,356,Nicolas Alvarez Varona,23,30415
2024,357,Kyle Edmund,29,27083
2024,358,Evgenii Tiurnev,27,20821
2024,359,Kris Van Wyk,28,37518
2024,360,Jie Cui,26,39979
2024,361,Kaichi Uchida,30,31788
2024,362,Luka Pavlovic,24,24863
2024,363,Yi Zhou,19,103393
2024,365,Colton Smith,21,22231
2024,366,Franco Roncadelli,24,26858
2024,367,Mukund Sasikumar,27,33695
2024,368,Rodrigo Pacheco Mendez,19,58926
2024,369,Michael Vrbensky,25,31451
2024,370,Diego Schwartzman,32,261218
2024,371,Johannus Monday,22,21156
2024,372,Naoki Nakagawa,28,23058
2024,373,Mats Rosenkranz,26,17511
2024,374,Yosuke Watanuki,26,164445
2024,375,Marco Cecchinato,32,59136
2024,376,Jack Pinnington Jones,21,42848
2024,377,Clement Tabur,24,78463
2024,378,Adria Soriano Barrera,25,21533
2024,379,Matthew Dellavedova,24,30511
2024,380,Luka Mikrut,20,33491
2024,381,Gerard Campana Lee,20,37239
2024,382,Arthur Gea,19,29681
2024,383,Nerman Fatic,30,84250
2024,384,David Jorda Sanchis,30,48444
2024,385,Mika Brunold,20,28782
2024,386,Alejo Lorenzo Lingua Lavallen,23,19323
2024,387,Vitaliy Sachko,27,89034
2024,388,Lautaro Midon,20,20166
2024,389,Lilian Marmousez,22,20536
2024,390,Ryan Nijboer,25,24998
2024,391,Franco Agamenone,31,73552
2024,392,Vadym Ursu,27,39996
2024,393,Marko Topo,21,36347
2024,394,Roberto Cid Subervi,31,20633
2024,395,Ramkumar Ramanathan,30,54921
2024,396,Justin Engel,17,37054
2024,397,Christian Langmo,28,22684
2024,398,Hiroki Moriya,34,28798
2024,399,Kimmer Coppejans,30,69802
2024,400,Andre Ilagan,24,21475
2024,401,Joao Lucas Reis Da Silva,24,31663
2024,402,Robert Strombachs,25,16994
2024,403,Oliver Crawford,25,113816
2024,404,Jonas Forejtek,23,24549
2024,405,Arthur Bouquier,24,20090
2024,406,Daniel Michalski,24,25289
2024,407,Luciano Emanuel Ambrogi,21,24303
2024,408,Yibing Wu,25,84595
2024,409,Michael Agwi,21,18142
2024,410,Zdenek Kolar,28,49467
2024,411,Thai-Son Kwiatkowski,29,34039
2024,412,Jakub Paul,25,23573
2024,413,Rei Sakamoto,18,20194
2024,414,Hernan Casanova,30,21685
2024,415,Benoit Paire,35,144336
2024,416,Kasidit Samrej,23,27214
2024,417,Pedro Araujo,22,21004
2024,418,Viktor Durasovic,27,25813
2024,419,Ryan Seggerman,25,25991
2024,420,Petr Bar Biryukov,22,19735
2024,421,Giles Hussey,27,23286
2024,422,Milos Karol,22,19917
2024,423,Gonzalo Villanueva,29,25755
2024,424,Bor Artnak,20,22385
2024,425,Miguel Damas,25,23038
2024,426,Evgeny Karlovskiy,30,20319
2024,427,Andrej Martin,35,13301
2024,428,Ryan Peniston,29,70819
2024,429,Tommaso Compagnucci,25,17661
2024,430,Neil Oberleitner,25,22251
2024,431,Norbert Gombos,34,23936
2024,432,Bogdan Bobrov,27,20335
2024,433,Alexander Weis,27,33496
2024,434,Valerio Aboian,22,22239
2024,435,Govind Nanda,23,19127
2024,436,Felix Gill,22,42451
2024,437,Tom Gentzsch,21,20154
2024,438,Gabriele Pennaforti,24,21782
2024,439,Petr Nesterov,21,18595
2024,440,Guido Ivan Justo,27,16746
2024,441,Laurent Lokoli,30,42453
2024,442,Altug Celikbilek,28,18036
2024,443,Gianluca Cadenasso,20,19990
2024,444,Saba Purtseladze,23,22252
2024,445,Ernesto Escobedo,28,48225
2024,446,Tristan Lamasine,31,31428
2024,447,Borna Gojo,26,69643
2024,448,Hynek Barton,20,19317
2024,449,Alessandro Pecci,23,17811
2024,450,Michiel De Krom,26,17025
2024,451,Sebastian Fanselow,33,38110
2024,452,Raul Brancaccio,27,48336
2024,453,Orlando Luz,26,25110
2024,454,Lucas Poullain,29,22892
2024,455,Federico Iannaccone,25,16393
2024,456,Dan Alexandru Tomescu,25,16342
2024,457,Max Alcala Gurri,22,22966
2024,458,Omni Kumar,23,20308
2024,459,Mohamed Safwat,34,18174
2024,460,Anton Matusevich,23,35020
2024,461,Peter Bertran,28,17770
2024,462,Micah Braswell,23,17270
2024,463,Mathias Bourgue,30,26033
2024,464,Kokoro Isomura,21,18723
2024,465,Shintaro Imai,31,17057
2024,466,Carlos Lopez Montagud,24,20006
2024,467,Patrick Zahraj,25,18142
2024,468,Sascha Gueymard Wayenburg,21,22328
2024,469,Tomas Farjat,23,16365
2024,470,Gabriele Piraino,21,20105
2024,471,Svyatoslav Gulin,22,14629
2024,472,Alex Molcan,27,86943
2024,473,Karan Singh,21,17585
2024,474,Giovanni Oradini,27,27677
2024,475,Blake Mott,28,23250
2024,476,Stefan Popovic,21,16020
2024,477,Pawel Juszczak,30,14585
2024,478,Aidan McHugh,24,21587
2024,479,Dan Added,25,21808
2024,480,Marvin Moeller,25,23771
2024,481,Alafia Ayeni,25,17440
2024,482,Marcello Serafini,22,18204
2024,483,Arthur Fery,22,99736
2024,484,Riccardo Bonadio,31,46992
2024,485,Lucas Gerch,30,17642
2024,486,Ajeet Rai,25,14286
2024,487,Patrick Maloney,24,14434
2024,488,Daniil Glinka,24,18012
2024,489,Stefanos Sakellaridis,20,30371
2024,490,Facundo Juarez,27,10750
2024,491,Kiranpal Pannu,27,28331
2024,492,Aleksandre Bakshi,27,16187
2024,493,Duarte Vale,25,21121
2024,494,Mariano Kestelboim,28,15034
2024,495,Damien Wenger,24,17709
2024,496,Florent Bax,25,15213
2024,497,Andrew Paulson,23,17168
2024,498,Tyler Zink,23,12710
2024,499,Stefan Palosi,24,13993
2024,500,Yanaki Milev,20,16050
2024,501,Pedro Boscardin Dias,21,18507
2024,502,Moez Echargui,31,21509
2024,503,Lucas Bouquet,27,13006
2024,504,Jake Delaney,27,18778
2024,505,Stefan Dostanic,23,16592
2024,506,Tennys Sandgren,33,20890
2024,507,Jose Pereira,33,17738
2024,508,Stijn Slump,25,14410
2024,509,Max Wiskandt,22,16748
2024,510,Stuart Parker,27,32050
2024,511,Henry Searle,18,103686
2024,512,Takuya Kumasaka,26,15192
2024,513,Lukas Pokorny,22,18514
2024,514,Niels Visker,23,15446
2024,515,Tiago Pereira,20,17930
2024,516,Yurii Dzhavakian,31,17390
2024,517,Moerani Bouzige,25,15227
2024,518,Nicolai Budkov Kjaer,18,13261
2024,519,Andrea Guerrieri,26,15648
2024,520,Yshai Oliel,24,16436
2024,521,Federico Bondioli,19,15403
2024,522,Federico Cina,17,19452
2024,523,Yanki Erel,24,20059
2024,524,Dominic Thiem,31,270952
2024,525,Orel Kimhi,21,14486
2024,526,Kirill Kivattsev,27,16692
2024,527,Daniel Cukierman,29,12830
2024,528,Evgeny Donskoy,34,18512
2024,529,Peter Fajta,22,13460
2024,530,Yusuke Takahashi,27,18683
2024,531,Emile Hudd,24,12677
2024,532,Bruno Kuzuhara,20,45300
2024,533,Nikolay Vylegzhanin,24,14878
2024,534,Eric Vanshelboim,23,19237
2024,535,Joao Domingues,31,16739
2024,536,Garrett Johns,24,13868
2024,537,Dominik Palan,24,18686
2024,538,Egor Agafonov,22,15195
2024,539,Illya Marchenko,37,81025
2024,540,Harrison Adams,30,13188
2024,541,Joao Eduardo Schiessl,20,14970
2024,542,Iliyan Radulov,19,13326
2024,543,Oleksii Krutykh,24,16178
2024,544,Viacheslav Bielinskyi,21,12832
2024,545,Ryuki Matsuda,25,16365
2024,546,Liam Broady,30,159675
2024,547,Leo Borg,21,27649
2024,548,Keegan Smith,26,12695
2024,549,Julio Cesar Porras,26,10917
2024,550,Elmar Ejupovic,31,14105
2024,551,Cannon Kingsley,23,14443
2024,552,Eduardo Ribeiro,26,13558
2024,553,Inaki Montes-De La Torre,22,12592
2024,554,Arthur Weber,32,14633
2024,555,Alberto Barroso Campos,28,16454
2024,556,Alexis Gautier,27,19536
2024,557,Martin Krumich,22,19810
2024,558,Juan Carlos Aguilar,26,7619
2024,559,Felix Corwin,28,12666
2024,560,Juan Pablo Paz,29,13986
2024,561,Lorenzo Joaquin Rodriguez,25,10128
2024,562,Mirza Basic,33,13916
2024,563,Ryotaro Taguchi,24,11198
2024,564,Antoine Ghibaudo,19,13997
2024,565,Dominik Kellovsky,28,14179
2024,566,Blaise Bicknell,23,22274
2024,567,Alex Barrena,22,10607
2024,568,Alec Beckley,23,11731
2024,569,Strong Kirchheimer,29,18091
2024,570,Alexander Binda,23,10586
2024,571,Leonardo Aboian,26,11737
2024,572,Alejo Sanchez Quilez,19,16678
2024,573,Alex Martinez,23,12045
2024,574,Woobin Shin,20,11781
2024,575,Sergey Fomin,23,13145
2024,576,Jacob Bradshaw,22,18112
2024,577,Mario Gonzalez Fernandez,22,14151
2024,578,Radu Mihai Papoe,22,10564
2024,579,George Loffhagen,23,41571
2024,580,Alex Rybakov,27,13521
2024,581,Nick Chappell,32,15143
2024,582,Sanhui Shin,27,12456
2024,583,Keisuke Saitoh,23,11142
2024,584,Tim Handel,28,14831
2024,585,Filip Peliwo,30,11953
2024,586,Rigele Te,27,35063
2024,587,Andres Martin,23,21272
2024,588,Luke Saville,30,19947
2024,589,Nino Serdarusic,28,18850
2024,591,Aryan Shah,19,10458
2024,592,Edward Winter,20,40713
2024,593,Ye Cong Mo,24,14147
2024,594,Ilya Snitari,22,11472
2024,595,Maximilian Neuchrist,33,10182
2024,596,Max Basing,22,9027
2024,597,Kilian Feldbausch,19,9870
2024,598,Carlos Gimeno Valero,23,9967
2024,599,Arthur Reymond,25,13987
2024,600,Aristotelis Thanos,23,9560
2024,601,Hamish Stewart,25,12231
2024,602,Hikaru Shiraishi,24,12508
2024,603,Gianmarco Ferrari,24,14167
2024,604,Eero Vasa,27,11706
2024,605,Elliot Benchetrit,26,17919
2024,606,Bautista Vilicich,23,11233
2024,607,Liam Gavrielides,20,14428
2024,608,Vladyslav Orlov,29,11473
2024,609,Juan Estevez,19,10897
2024,610,Steven Diez,33,36978
2024,611,Juan Manuel La Serna,20,10171
2024,612,Antoine Cornut-Chauvinc,24,11177
2024,613,Mikalai Haliak,26,19919
2024,614,Igor Gimenez,24,12256
2024,615,Constantin Bittoun Kouzmine,25,13599
2024,616,Diego Augusto Barreto Sanchez,22,11059
2024,617,Tristan McCormick,25,13946
2024,618,Federico Gaio,32,51843
2024,619,Edoardo Lavagno,26,17563
2024,620,Andrej Nedic,20,8974
2024,621,Nam Hoang Ly,27,11258
2024,622,Louis Wessels,26,20787
2024,623,Antoine Hoang,29,10665
2024,624,Alastair Gray,26,10385
2024,625,Florian Broska,26,10270
2024,626,Fabrizio Andaloro,23,10553
2024,627,Louis Dussin,25,11468
2024,628,Yuki Mochizuki,27,10090
2024,629,Dusan Obradovic,23,11487
2024,630,Olaf Pieczkowski,20,15190
2024,631,Emilien Demanet,19,13433
2024,632,Mate Valkusz,26,85006
2024,633,Aidan Kim,20,8509
2024,634,Dev Javia,22,9648
2024,635,Kenny De Schepper,37,14609
2024,636,Yaroslav Demin,19,14693
2024,637,Adrian Oetzbach,27,14263
2024,638,Jason Kubler,31,92130
2024,639,Oliver Tarvet,21,5524
2024,640,Filip Krajinovic,32,42415
2024,641,Peter Heller,32,11378
2024,642,Alvin Nicholas Tudorica,22,6973
2024,643,Mitsuki Wei Kang Leong,20,14689
2024,644,Sebastian Gima,22,13941
2024,645,Alessandro Giannessi,34,45469
2024,646,Mae Malige,18,12740
2024,647,Tibo Colson,24,13100
2024,648,Johan Nikles,27,13419
2024,649,Martyn Pawelski,20,11699
2024,650,Mariano Tammaro,20,11240
2024,651,Jacob Brumm,26,11023
2024,652,Trevor Svajda,18,11383
2024,653,Timo Legout,22,7985
2024,654,Mateo Barreiros Reyes,24,9958
2024,655,Ben Jones,26,12103
2024,656,Aziz Ouakaa,25,13798
2024,657,Juan Sebastian Gomez,32,7848
2024,658,Gerald Melzer,34,9849
2024,659,Kenta Miyoshi,20,9672
2024,660,Savva Polukhin,26,8516
2024,661,Ewen Lumsden,24,8294
2024,662,Sebastian Sorger,19,12063
2024,663,Imanol Lopez Morillo,25,12102
2024,664,Leonardo Rossi,22,9682
2024,665,Quinn Vandecasteele,22,10550
2024,666,Gergely Madarasz,30,9281
2024,667,Branko Djuric,19,15911
2024,668,Denis Klok,26,9718
2024,669,Buvaysar Gadamauri,24,13992
2024,670,Amr Elsayed,25,10395
2024,671,Wishaya Trongcharoenchaikul,29,14698
2024,672,Harry Wendelken,23,12910
2024,673,Olle Wallin,23,7447
2024,674,Karl Poling,25,7382
2024,675,Thanapet Chanta,25,11682
2024,676,Evan Zhu,26,10094
2024,677,Deney Wassermann,23,9708
2024,678,Franco Ribero,25,9248
2024,679,Maik Steiner,30,9801
2024,680,Kyle Kang,19,7529
2024,681,Samir Banerjee,21,8264
2024,682,Antoine Bellier,28,20035
2024,683,Sander Jong,24,7697
2024,684,Alex Hernandez,25,9941
2024,685,Maxwell Mckennon,22,9334
2024,686,John Sperle,22,9942
2024,687,Luca Potenza,24,7570
2024,688,Colin Sinclair,30,10212
2024,689,David Pichler,28,12579
2024,690,Alejandro Manzanera Pertusa,21,9752
2024,691,Tom Paris,22,5678
2024,692,Siddharth Vishwakarma,30,8959
2024,693,Loann Massard,19,8107
2024,694,Aleksandr Braynin,25,8919
2024,695,Noah Schachter,25,10127
2024,696,Diego Fernandez Flores,24,11765
2024,697,Samir Hamza Reguig,22,10098
2024,698,Christian Sigsgaard,27,6137
2024,699,Ulises Blanch,26,4816
2024,700,Adam Neff,23,16944
2024,701,Linang Xiao,24,26406
2024,702,Peter Buldorini,20,11969
2024,703,Massimo Giunta,20,9265
2024,704,Luca Castagnola,22,10313
2024,705,John Echeverria,23,9385
2024,706,Ignacio Monzon,26,8452
2024,707,Tsung-Hao Huang,25,13341
2024,708,Devin Badenhorst,20,5909
2024,709,Marius Copil,34,11466
2024,710,Theo Papamalamis,18,10684
2024,711,Maxence Beauge,24,12107
2024,712,Maxence Rivet,21,10211
2024,713,Albert Pedrico Kravtsov,19,9523
2024,714,William Grant,23,9849
2024,715,Erik Arutiunian,20,8160
2024,716,Niccolo Catini,27,10507
2024,717,Duckhee Lee,26,6456
2024,718,Taisei Ichikawa,24,7540
2024,719,Cem Ilkel,29,13161
2024,720,Lautaro Agustin Falabella,26,6822
2024,721,Jack Loge,20,9507
2024,722,Fares Zakaria,23,6928
2024,723,Zura Tkemaladze,24,10481
2024,724,Sergi Perez Contri,26,11133
2024,725,Alex Knaff,27,11059
2024,726,Joao Sousa,35,13069
2024,727,JiSung Nam,31,10076
2024,728,Trey Hilderbrand,24,8235
2024,729,Johan Alexander Rodriguez,21,9992
2024,730,Andrey Chepelev,26,7721
2024,731,Marlon Vankan,24,10362
2024,732,Rudy Quan,18,6949
2024,733,Vasek Pospisil,34,47045
2024,734,Ozan Baris,20,8998
2024,735,Dali Blanch,21,10762
2024,736,Kosuke Ogura,28,8875
2024,737,Oscar Otte,31,25772
2024,738,Karlis Ozolins,22,6479
2024,739,Mikhail Gorokhov,20,7331
2024,740,Samuele Pieri,22,9643
2024,741,Juan Bautista Otegui,25,8431
2024,742,Wilson Leite,33,11667
2024,743,Simon Beaupain,25,10437
2024,744,Gavin Young,22,5630
2024,745,Lorenzo Bocchi,27,5577
2024,746,Patrick Brady,20,6648
2024,747,Filip Jeff Planinsek,23,8698
2024,748,Taha Baadi,23,15570
2024,749,Alexander Donski,26,6586
2024,750,Lorenzo Rottoli,22,9566
2024,751,Luca Wiedenmann,26,7261
2024,752,Nicolas Zanellato,22,10768
2024,753,Ioan Alexandru Chirita,22,8212
2024,754,Ivan Marrero Curbelo,26,8250
2024,755,Nathan Ponwith,26,10832
2024,756,Giuseppe La Vela,24,8757
2024,757,Maximus Jones,20,9697
2024,758,Ezekiel Clark,26,9375
2024,759,Michael Zheng,20,31221
2024,760,Gian Marco Moroni,26,5834
2024,761,Alfredo Perez,27,4800
2024,762,Miljan Zekic,36,5926
2024,763,Salvatore Caruso,32,7042
2024,764,Adam Heinonen,22,7934
2024,765,Bogdan Pavel,25,8955
2024,766,Alexander Stater,25,6653
2024,767,Khololwam Montsi,22,5129
2024,768,Martin Borisiouk,24,6769
2024,769,Gabriel Decamps,25,5216
2024,770,Cengiz Aksu,26,6554
2024,771,Jakub Filip,19,6952
2024,772,Tomohiro Masabayashi,26,7119
2024,773,Francisco Rocha,25,13070
2024,774,Adhithya Ganesan,19,8313
2024,775,Kane Bonsach Ganley,20,7182
2024,776,S D Prajwal Dev,28,10581
2024,777,Joshua Sheehy,27,9305
2024,778,Leo Vithoontien,25,8874
2024,779,Alan Fernando Rubio Fierros,25,14838
2024,780,Fabien Salle,25,7226
2024,781,Evan Furness,26,11311
2024,782,Vuk Radjenovic,19,7119
2024,783,Axel Garcian,22,8974
2024,784,Fausto Tabacco,22,6736
2024,785,Alexandre Reco,25,9690
2024,786,Henry Bernet,17,15103
2024,787,Blaz Rola,34,7843
2024,788,Nicolas Kicker,32,72316
2024,789,James Story,23,6607
2024,790,Thomas Fancutt,29,9491
2024,791,Georgii Kravchenko,24,5438
2024,792,Alexander Klintcharov,28,7276
2024,793,Stefan Adrian Andreescu,23,6656
2024,794,Maxim Zhukov,19,7225
2024,795,Louis Tessa,26,7780
2024,796,Alexandre Aubriot,25,9166
2024,797,Maxence Bertimon,25,9217
2024,798,Jason Jung,35,5250
2024,799,Guido Andreozzi,33,16667
2024,801,Adrian Bodmer,29,5284
2024,802,Gilles Arnaud Bailly,19,13569
2024,803,Pavle Marinkov,18,29068
2024,804,Darwin Blanch,17,52927
2024,805,Peter Benjamin Privara,20,8396
2024,806,Luca Castelnuovo,27,7225
2024,807,Yanis Ghazouani Durand,24,7090
2024,808,Carlo Alberto Caniato,19,8126
2024,809,Michele Ribecai,21,8692
2024,810,Conner Huertas del Pino,29,4889
2024,811,Pedro Vives Marcos,23,5215
2024,812,Etienne Donnet,23,6506
2024,813,Amaury Raynel,22,7036
2024,814,Aliaksandr Liaonenka,25,6602
2024,815,Joaquin Aguilar Cardozo,19,8087
2024,816,Matt Hulme,25,9285
2024,817,Miles Jones,24,5867
2024,818,Kai Wehnelt,29,7590
2024,819,Paulo Andre Saraiva Dos Santos,24,9072
2024,820,Noah Perfetti,23,9019
2024,821,Alexander Bernard,21,4799
2024,822,Ioannis Xilas,23,5178
2024,823,Yun seong Chung,26,10266
2024,824,James Watt,24,5956
2024,825,Evgeny Philippov,22,6054
2024,826,Enzo Wallart,27,9005
2024,827,Preston Brown,23,7841
2024,828,Matthew William Donald,20,8244
2024,830,Jack Loutit,20,6263
2024,832,Kaylan Bigun,18,32700
2024,833,Philip Hjorth,25,5145
2024,834,Filip Pieczonka,20,5909
2024,835,Axel Nefve,24,8263
2024,836,Benjamin Winter Lopez,26,7239
2024,837,Makoto Ochi,28,9317
2024,838,Lorenzo Carboni,18,10296
2024,839,Vlad Andrei Dancu,25,7686
2024,840,Stefano D'Agostino,21,7746
2024,841,Filippo Romano,19,9378
2024,842,Skander Mansouri,29,7998
2024,843,Juan Ignacio Londero,31,7570
2024,844,Tianhui Zhang,18,6340
2024,845,Guillaume Dalmasso,22,5473
2024,846,Daniel Antonio Nunez,23,8079
2024,847,Ignacio Parisca Romera,19,5678
2024,848,Francesco Ferrari,27,7588
2024,849,Jasza Szajrych,22,6280
2024,850,Gabriele Maria Noce,29,7521
2024,851,Saveliy Ivanov,20,7166
2024,853,Luis Carlos Alvarez,20,4626
2024,854,Nikola Milojevic,29,5219
2024,855,Jesse Flores,29,5887
2024,856,Lasse Poertner,19,7544
2024,857,Dan  Martin,25,8411
2024,858,Michael Zhu,32,7908
2024,860,Matias Franco Descotte,30,5014
2024,861,Diogo Marques,25,7338
2024,862,Adil Kalyanpur,24,7526
2024,863,Sebastian Eriksson,19,7218
2024,864,Dragos Nicolae Cazacu,20,5970
2024,865,Dhakshineswar Suresh,24,5037
2024,866,Alexander Kotzen,24,4419
2024,867,Mees Rottgering,17,4741
2024,868,Cyril Vandermeersch,25,4877
2024,869,Karim-Mohamed Maamoun,33,4362
2024,870,Yuta Kikuchi,25,3814
2024,871,Sheng Tang,24,7532
2024,872,Sasa Markovic,19,5975
2024,873,Matthew Summers,26,5251
2024,874,Luca Giacomini,27,7632
2024,875,Collin Altamirano,29,7320
2024,876,Michael Bassem Sobhy,20,6462
2024,877,Mihai Razvan Marinescu,23,6800
2024,879,Timo Stodder,28,7539
2024,880,Maxim Mrva,17,4310
2024,881,Kuan-Yi Lee,28,5781
2024,882,Seita Watanabe,24,5120
2024,883,Alessandro Bellifemine,23,4998
2024,884,Nikita Mashtakov,25,5160
2024,885,Luca Fantini,24,5063
2024,886,Illya Beloborodko,23,5942
2024,887,Toby Martin,31,7341
2024,888,Kristjan Tamm,26,6226
2024,889,Taiyo Yamanaka,23,5358
2024,890,Jesse Delaney,26,8473
2024,891,Oscar Jose Gutierrez,31,8458
2024,892,Seydina Andre,21,5946
2024,893,Grigoriy Lomakin,26,9060
2024,895,Niki Kaliyanda Poonacha,29,7099
2024,897,Kaito Uesugi,29,4443
2024,901,Alec Deckers,24,4975
2024,902,Pawit Sornlaksup,25,4274
2024,903,Cooper Williams,19,7368
2024,906,Niels Lootsma,30,4200
2024,907,Sebastian Prechtel,28,4986
2024,908,Petr Brunclik,18,5531
2024,909,Iannis Miletich,19,5112
2024,910,Sidane Pontjodikromo,24,6818
2024,911,Amit Vales,19,5999
2024,912,Kuzey Cekirge,24,6625
2024,913,Gabriele Bosio,24,6345
2024,914,Pietro Marino,23,7453
2024,917,Patrick Schoen,19,4091
2024,921,Viktor Jovic,22,4258
2024,922,Niccolo Baroni,21,4758
2024,923,Elgin Khoeblal,23,3824
2024,923,Victor Lilov,20,6541
2024,925,Matyas Cerny,23,4601
2024,926,Ignacio Antonio Becerra Otarola,24,5934
2024,926,Oliver Ojakaar,19,5795
2024,928,Mwendwa Mbithi,26,4950
2024,929,Daniel Paty,25,5796
2024,930,Tomasz Berkieta,18,7515
2024,931,Hayato Matsuoka,19,5826
2024,932,Niccolò Ciavarella,20,6644
2024,938,Adit Sinha,21,4463
2024,939,Alan Magadan,23,3602
2024,940,Yuta Kawahashi,26,4218
2024,941,Manish Sureshkumar,25,5456
2024,942,Adrien Gobat,23,5307
2024,943,Gregor Ramskogler,26,3926
2024,945,Josip Simundza,20,5595
2024,946,Artur Kukasian,20,4560
2024,947,Nicolas Jadoun,22,4362
2024,948,Brian Bozemoj,21,5287
2024,949,Patrick Kaukovalta,26,8282
2024,950,Corban Crowther,21,6566
2024,951,Niklas Schell,25,7751
2024,953,Rubin Statham,37,6803
2024,955,Emilien Voisin,24,5075
2024,958,Benjamin Thomas George,22,4567
2024,959,Mert Naci Turker,26,4749
2024,960,Tomas Curras Abasolo,24,5021
2024,961,Daisuke Sumizawa,25,5129
2024,962,Chirag Duhan,20,3524
2024,963,Andrew Fenty,24,8261
2024,964,Ali Habib,22,5673
2024,965,Thiago Cigarran,24,5374
2024,966,Sergio Callejon Hernando,20,5486
2024,967,Pablo Trochu,21,6279
2024,973,Hayden Jones,18,26101
2024,975,Andrin Casanova,20,4554
2024,975,Milan Welte,23,4186
2024,978,Isaac Becroft,24,5100
2024,979,Fermin Tenti,27,3953
2024,980,Stefan Latinovic,25,4060
2024,981,Mert Alkaya,24,3988
2024,982,M Rifki Fitriadi,25,4136
2024,984,Benjamin Pietri,28,4377
2024,985,Gian Marco Ortenzi,24,5834
2024,986,Gabriel Donev,28,4354
2024,987,Matteo De Vincentis,26,4406
2024,989,Zhenxiong Dong,26,6874
2024,990,Thijmen Loof,22,5589
2024,991,Luc Fomba,25,4217
2024,991,Jan Kupcic,23,4441
2024,993,Fernando Cavallo,19,5478
2024,994,Abel Forger,19,4793
2024,994,Aldin Setkic,37,4242
2024,996,Juan Sebastian Osorio,27,5422
2024,998,Uisung Park,24,3573
2024,999,Guy Orly Iradukunda,28,3973
2025,1,Carlos Alcaraz,22,21354778
2025,2,Jannik Sinner,24,19114396
2025,3,Alexander Zverev,28,7384324
2025,4,Novak Djokovic,38,5127245
2025,5,Felix Auger-Aliassime,25,5786377
2025,6,Taylor Fritz,28,5919347
2025,7,Alex de Minaur,26,6616603
2025,8,Lorenzo Musetti,23,6176026
2025,9,Ben Shelton,23,5528128
2025,10,Jack Draper,24,3421704
2025,11,Alexander Bublik,28,3031579
2025,12,Casper Ruud,27,3947549
2025,13,Daniil Medvedev,29,3505933
2025,14,Alejandro Davidovich Fokina,26,3363815
2025,15,Holger Rune,22,3333784
2025,16,Andrey Rublev,28,3485060
2025,17,Karen Khachanov,29,3170381
2025,18,Jiri Lehecka,24,2596590
2025,19,Jakub Mensik,20,3052560
2025,20,Tommy Paul,28,2334222
2025,21,Francisco Cerundolo,27,2580508
2025,22,Flavio Cobolli,23,2623372
2025,23,Denis Shapovalov,26,2018950
2025,24,Joao Fonseca,19,1757191
2025,25,Luciano Darderi,23,1625078
2025,26,Tallon Griekspoor,29,1790038
2025,27,Cameron Norrie,30,1972588
2025,28,Learner Tien,20,2245561
2025,29,Arthur Rinderknech,30,2312833
2025,30,Frances Tiafoe,27,2069592
2025,31,Valentin Vacherot,27,1945447
2025,32,Tomas Machac,25,2161964
2025,33,Jaume Munar,28,1795515
2025,34,Corentin Moutet,26,1531711
2025,35,Brandon Nakashima,24,2040627
2025,36,Stefanos Tsitsipas,27,2174910
2025,37,Ugo Humbert,27,1635293
2025,38,Alex Michelsen,21,1464284
2025,39,Arthur Fils,21,1464031
2025,40,Lorenzo Sonego,30,1661931
2025,41,Gabriel Diallo,24,1694023
2025,42,Zizou Bergs,26,1382401
2025,43,Alexandre Muller,28,1421571
2025,44,Grigor Dimitrov,34,1735659
2025,45,Sebastian Baez,25,1389186
2025,46,Daniel Altmaier,27,1481497
2025,47,Nuno Borges,28,1530329
2025,48,Sebastian Korda,25,1182353
2025,49,Camilo Ugo Carabelli,26,1107687
2025,50,Jenson Brooksby,25,1123768
2025,51,Miomir Kecmanovic,26,1323725
2025,52,Reilly Opelka,28,1206053
2025,53,Alexei Popyrin,26,1707310
2025,54,Fabian Marozsan,26,1396753
2025,55,Marton Fucsovics,33,841447
2025,56,Matteo Berrettini,29,1178756
2025,57,Valentin Royer,24,792575
2025,58,Giovanni Mpetshi Perricard,22,1183294
2025,59,Tomas Martin Etcheverry,26,1352402
2025,60,Aleksandar Kovacevic,27,888532
2025,61,Matteo Arnaldi,24,1198472
2025,62,Kamil Majchrzak,29,1028358
2025,63,Terence Atmane,23,781868
2025,64,Arthur Cazaux,23,798644
2025,65,Marcos Giron,32,1286363
2025,66,Damir Dzumhur,33,1050929
2025,67,Francisco Comesana,25,1034833
2025,68,Gael Monfils,39,1127483
2025,69,Adrian Mannarino,37,1131766
2025,70,Ethan Quinn,21,899486
2025,71,Jacob Fearnley,24,1083543
2025,72,Hubert Hurkacz,28,1148175
2025,73,Marin Cilic,37,875928
2025,74,Jesper de Jong,25,782720
2025,75,Mariano Navone,24,980327
2025,76,Mattia Bellucci,24,960121
2025,77,Botic van de Zandschulp,30,877775
2025,78,Adam Walton,26,922589
2025,79,Cristian Garin,29,545939
2025,80,Filip Misolic,24,514836
2025,81,Hamad Medjedovic,22,845346
2025,82,Alejandro Tabilo,28,945627
2025,83,Jan-Lennard Struff,35,1179841
2025,84,Aleksandar Vukic,29,1066368
2025,85,Raphael Collignon,23,597961
2025,86,Juan Manuel Cerundolo,24,545736
2025,87,James Duckworth,33,723695
2025,88,Emilio Nava,24,552129
2025,89,Eliot Spizzirri,24,513824
2025,90,Roberto Bautista Agut,37,1019026
2025,91,Quentin Halys,29,1101440
2025,92,Pedro Martinez,28,1110036
2025,93,Pablo Carreno Busta,34,823119
2025,94,Benjamin Bonzi,29,1094928
2025,95,Dalibor Svrcina,23,408641
2025,96,Hugo Gaston,25,818904
2025,97,Alexander Shevchenko,25,999897
2025,98,Laslo Djere,30,630259
2025,99,Shintaro Mochizuki,22,568549
2025,100,Tristan Schoolkate,24,690910
2025,101,Carlos Taberner,28,336196
2025,102,Ignacio Buse,21,368731
2025,103,Vit Kopriva,28,674433
2025,104,Yannick Hanfmann,34,573434
2025,105,Roman Andres Burruchaga,23,358621
2025,106,Thiago Agustin Tirante,24,434611
2025,107,Luca Nardi,22,805795
2025,108,Jordan Thompson,31,1028560
2025,109,Nikoloz Basilashvili,33,578777
2025,110,Yoshihito Nishioka,30,778758
2025,111,Tomas Barrios Vera,28,364087
2025,112,Brandon Holt,27,494503
2025,113,Rinky Hijikata,24,773367
2025,114,Mackenzie McDonald,30,710040
2025,115,Borna Coric,29,480135
2025,116,Christopher O'Connell,31,824301
2025,117,Alexander Blockx,20,740405
2025,118,Patrick Kypson,26,211569
2025,119,David Goffin,35,860325
2025,120,Elmer Moller,22,474385
2025,121,Dusan Lajovic,35,585625
2025,122,Nicolas Jarry,30,895466
2025,123,Yunchaokete Bu,23,891149
2025,124,Chun-Hsin Tseng,24,558310
2025,125,Jan Choinski,29,241233
2025,126,Otto Virtanen,24,384806
2025,127,Dino Prizmic,20,433479
2025,128,Billy Harris,30,594003
2025,129,Roberto Carballes Baena,32,736646
2025,130,Vilius Gaubas,20,319635
2025,131,Marco Trungelliti,35,298448
2025,132,Sebastian Ofner,29,732506
2025,133,Liam Draxl,24,236676
2025,134,Moez Echargui,32,119745
2025,135,Martin Landaluce,19,554125
2025,136,Nicolai Budkov Kjaer,19,423590
2025,137,Kyrian Jacquet,24,329839
2025,138,Francesco Passaro,24,535635
2025,139,Francesco Maestrelli,23,176134
2025,140,Hugo Dellien,32,552666
2025,141,Andrea Pellegrino,28,182176
2025,142,Lukas Klein,27,356756
2025,143,Zachary Svajda,23,378810
2025,144,Adolfo Daniel Vallejo,21,144243
2025,145,Ugo Blanchet,26,524926
2025,146,Colton Smith,22,285202
2025,147,Sho Shimabukuro,28,213436
2025,148,Matteo Gigante,23,508601
2025,149,Mark Lajal,22,277776
2025,150,Coleman Wong,21,571700
2025,151,Jaime Faria,22,567313
2025,152,Daniel Elahi Galan,29,451683
2025,153,Titouan Droguet,24,306039
2025,154,Giulio Zeppieri,24,396277
2025,155,Pierre-Hugues Herbert,34,377130
2025,156,Kei Nishikori,36,350428
2025,157,Stan Wawrinka,40,464651
2025,158,Henrique Rocha,21,412868
2025,159,Yosuke Watanuki,27,377594
2025,160,Guy Den Ouden,23,162367
2025,161,Juan Pablo Ficovich,28,304721
2025,162,Luka Mikrut,21,89374
2025,163,Harold Mayot,23,293425
2025,164,Zsombor Piros,26,209843
2025,165,Daniel Merida,21,164029
2025,166,Luca Van Assche,21,262099
2025,167,Nishesh Basavareddy,20,787523
2025,168,Rafael Jodar,19,303614
2025,169,Vitaliy Sachko,28,172170
2025,170,Nicolas Mejia,25,123136
2025,171,Alex Bolt,32,262124
2025,172,Roman Safiullin,28,741826
2025,173,Elias Ymer,29,172132
2025,174,Martin Damm,22,214458
2025,175,Jay Clarke,27,229407
2025,176,Jurij Rodionov,26,246919
2025,177,Hugo Grenier,29,243581
2025,178,Zdenek Kolar,29,84953
2025,179,Leandro Riedi,23,524069
2025,180,Tristan Boyer,24,560537
2025,181,Yibing Wu,26,254218
2025,182,Dane Sweeny,24,94646
2025,183,Federico Agustin Gomez,29,407107
2025,184,Rei Sakamoto,19,190358
2025,185,Daniel Evans,35,402022
2025,186,Justin Engel,18,369450
2025,187,Jerome Kym,22,402695
2025,188,Michael Zheng,21,106910
2025,189,Arthur Fery,23,205633
2025,190,August Holmgren,27,383332
2025,191,Alex Barrena,23,98533
2025,192,Bernard Tomic,33,231225
2025,193,James McCabe,22,388075
2025,194,Stefano Travaglia,34,121993
2025,195,Jason Kubler,32,191282
2025,196,Alvaro Guillen Meza,22,143900
2025,197,Thiago Monteiro,31,387803
2025,198,Daniil Glinka,25,64761
2025,199,Sascha Gueymard Wayenburg,22,160446
2025,200,Oliver Crawford,26,209593
2025,201,Dan Added,26,79973
2025,202,Clement Tabur,25,190445
2025,203,Jack Pinnington Jones,22,240499
2025,204,Alex Molcan,28,70290
2025,205,Alexis Galarneau,26,253820
2025,206,Mitchell Krueger,31,370205
2025,207,Joao Lucas Reis Da Silva,25,106649
2025,208,Gilles Arnaud Bailly,20,64157
2025,209,Chris Rodesch,24,208592
2025,210,Juan Carlos Prado Angelo,20,79936
2025,211,George Loffhagen,24,188026
2025,212,Facundo Diaz Acosta,25,254615
2025,213,Pablo Llamas Ruiz,23,285021
2025,214,Lorenzo Giustino,34,74737
2025,215,Gonzalo Bueno,21,82261
2025,216,Murphy Cassone,23,182613
2025,217,Thiago Seyboth Wild,25,374809
2025,218,Luka Pavlovic,25,187807
2025,219,Ryan Peniston,30,94699
2025,220,Yu Hsiou Hsu,26,107551
2025,221,Lukas Neumayer,23,208296
2025,222,Lloyd Harris,28,451874
2025,223,Dmitry Popko,29,203316
2025,224,Nerman Fatic,31,68640
2025,225,Felipe Meligeni Alves,27,171501
2025,226,Santiago Rodriguez Taverna,26,130441
2025,227,Arthur Bouquier,25,152741
2025,228,Marco Cecchinato,33,72402
2025,229,Rio Noguchi,27,107145
2025,230,Genaro Alberto Olivieri,27,78114
2025,231,Rodrigo Pacheco Mendez,20,212623
2025,232,Matej Dodig,20,86571
2025,233,Lautaro Midon,21,62962
2025,234,Johannus Monday,23,195377
2025,235,Kimmer Coppejans,31,205354
2025,236,Federico Cina,18,200654
2025,237,Timofey Skatov,24,183925
2025,238,Marko Topo,22,79673
2025,239,Daniel Rincon,22,131955
2025,240,Alejandro Moro Canas,25,166048
2025,241,Gustavo Heide,23,100821
2025,242,Viktor Durasovic,28,123108
2025,243,Marc-Andrea Huesler,29,220254
2025,244,Arthur Gea,20,113811
2025,245,Hady Habib,27,342741
2025,246,Andrea Collarini,33,210907
2025,247,Max Houkes,25,66163
2025,248,Clement Chidekh,24,143608
2025,249,Murkel Dellien,28,144659
2025,250,Yi Zhou,20,114448
2025,251,Daniel Michalski,25,61045
2025,252,Kaichi Uchida,31,49476
2025,253,Juncheng Shang,20,386705
2025,254,Benjamin Hassan,30,278041
2025,255,Juan Pablo Varillas,30,75547
2025,256,Joel Schwaerzler,19,75536
2025,257,Remy Bertola,27,79474
2025,258,Geoffrey Blancaneaux,27,134693
2025,259,Calvin Hemery,30,184345
2025,260,Nicolas Kicker,33,50875
2025,261,Ivan Gakhov,29,72071
2025,262,Toby Samuel,23,37133
2025,263,Dimitar Kuzmanov,32,74794
2025,264,Christopher Eubanks,29,350565
2025,265,Frederico Ferreira Silva,30,65743
2025,266,Patrick Zahraj,26,85204
2025,267,Tiago Pereira,21,65833
2025,268,Gauthier Onclin,24,244980
2025,269,Federico Coria,33,193013
2025,270,Tom Paris,23,55137
2025,271,Andres Martin,24,104772
2025,272,Andres Andrade,27,57724
2025,273,Ilia Simakin,22,56362
2025,274,Edas Butvilas,21,145646
2025,275,Pedro Boscardin Dias,22,50423
2025,276,Fajing Sun,29,145111
2025,277,Sumit Nagal,28,216829
2025,278,Henri Squire,25,129200
2025,279,Beibit Zhukayev,25,249814
2025,280,Filip Cristian Jianu,24,173875
2025,281,Alex Rybakov,28,45283
2025,282,Stefanos Sakellaridis,21,52548
2025,283,Florent Bax,26,41862
2025,284,Alastair Gray,27,60322
2025,285,Marat Sharipov,23,54539
2025,286,Saba Purtseladze,24,71985
2025,287,Michael Mmoh,27,139839
2025,288,James Trotter,26,260967
2025,289,Stefan Kozlov,27,49162
2025,290,Andrej Nedic,21,34754
2025,291,Tom Gentzsch,22,50005
2025,292,Fabrizio Andaloro,24,38227
2025,293,Abdullah Shelbayh,22,77625
2025,294,Garrett Johns,25,101991
2025,295,Borna Gojo,27,215053
2025,296,Tyler Zink,24,88469
2025,297,Michael Geerts,30,61050
2025,298,Mikhail Kukushkin,38,242990
2025,299,Norbert Gombos,35,56880
2025,300,Darwin Blanch,18,175367
2025,301,Matheus Pucinelli De Almeida,24,50932
2025,302,Sandro Kopp,25,44205
2025,303,Jacopo Berrettini,27,43842
2025,304,Hynek Barton,21,54536
2025,305,Robin Bertrand,22,83009
2025,306,Liam Broady,31,34222
2025,307,Nikolas Sanchez Izquierdo,26,52319
2025,308,Petr Brunclik,19,44297
2025,309,Yasutaka Uchiyama,33,250022
2025,310,Lilian Marmousez,23,35914
2025,311,Aziz Dougaz,28,213435
2025,312,Gianluca Cadenasso,21,37954
2025,313,Richard Gasquet,39,240347
2025,314,Eliakim Coulibaly,23,45192
2025,315,Harry Wendelken,24,38330
2025,316,Jie Cui,27,59150
2025,317,Akira Santillan,28,35250
2025,318,Charles Broom,27,44546
2025,319,Duje Ajdukovic,24,160330
2025,320,Carlos Sanchez Jover,25,56701
2025,321,Matteo Martineau,26,123510
2025,322,Miguel Damas,26,42839
2025,323,Mats Rosenkranz,27,48432
2025,324,Facundo Mena,33,128249
2025,325,Renta Tokuda,27,34758
2025,327,Philip Henning,25,31470
2025,328,Petr Bar Biryukov,23,45899
2025,329,Omar Jasika,28,226516
2025,330,Mathys Erhard,24,85069
2025,331,Li Tu,29,279802
2025,332,Giles Hussey,28,55038
2025,333,Oliver Tarvet,22,153280
2025,334,Franco Agamenone,32,36660
2025,335,Andrej Martin,36,44921
2025,336,Andrea Vavassori,30,66850
2025,337,Alfredo Perez,28,45495
2025,338,Hamish Stewart,26,87122
2025,339,Jelle Sels,30,50318
2025,340,Daniel Dutra da Silva,37,56739
2025,341,Sergey Fomin,24,34164
2025,342,Jakub Paul,26,42932
2025,343,Gabriele Piraino,22,42522
2025,344,Maxim Mrva,18,43520
2025,345,Gonzalo Villanueva,30,44798
2025,346,Mika Brunold,21,52733
2025,347,Cedrik-Marcel Stebe,35,32643
2025,348,Martin Krumich,23,33141
2025,349,Andre Ilagan,25,45384
2025,350,Constant Lestienne,33,142567
2025,351,Yuta Shimizu,26,173248
2025,352,Franco Roncadelli,25,37152
2025,353,Antoine Ghibaudo,20,37772
2025,354,Maximus Jones,21,37020
2025,355,Javier Barranco Cosano,27,68684
2025,356,Moerani Bouzige,26,51863
2025,357,Henry Searle,19,136953
2025,358,Patrick Maloney,25,79182
2025,359,Sanhui Shin,28,32529
2025,360,Christian Langmo,29,43078
2025,361,Adria Soriano Barrera,26,29742
2025,362,Nicolas Alvarez Varona,24,41292
2025,363,Hayato Matsuoka,20,29938
2025,364,Hyeon Chung,29,35403
2025,365,Dominic Stricker,23,263847
2025,366,Juan Bautista Torres,23,45988
2025,367,Denis Yevseyev,32,70042
2025,368,Samir Banerjee,22,29330
2025,369,Aslan Karatsev,32,34482
2025,370,Alibek Kachmazov,23,166940
2025,371,Gastao Elias,35,41654
2025,372,Hernan Casanova,31,29308
2025,373,Corentin Denolly,28,48432
2025,374,Christoph Negritu,31,53292
2025,375,Luca Potenza,25,32819
2025,376,Taro Daniel,32,363306
2025,377,Felix Gill,23,25547
2025,378,Viacheslav Bielinskyi,22,22916
2025,379,Alexey Vatutin,33,46016
2025,380,Guido Ivan Justo,28,34929
2025,381,Pol Martin Tiffon,26,132866
2025,382,Paul Jubb,26,91163
2025,383,Kilian Feldbausch,20,41253
2025,384,Pedro Sakamoto,32,32410
2025,385,Tung-Lin Wu,27,42719
2025,386,Diego Dedura,17,102643
2025,387,Cezar Cretu,24,28951
2025,388,Federico Arnaboldi,25,168616
2025,389,Trevor Svajda,19,56030
2025,390,Raul Brancaccio,28,33880
2025,391,Max Alcala Gurri,23,33532
2025,392,Aidan McHugh,25,26877
2025,393,Mili Poljicak,21,49130
2025,394,David Jorda Sanchis,31,34824
2025,395,Matias Soto,26,48972
2025,396,Marc Polmans,28,48148
2025,397,Rudolf Molleker,25,37110
2025,398,Facundo Bagnis,35,140785
2025,399,Ioannis Xilas,24,23330
2025,400,Carlo Alberto Caniato,20,33017
2025,401,Andrea Picchione,27,33528
2025,402,Aryan Shah,20,35472
2025,403,Albert Ramos-Vinolas,37,162181
2025,404,Igor Marcondes,28,21257
2025,405,Daniel Milavsky,24,27963
2025,406,Robert Strombachs,26,28819
2025,407,Raphael Perot,24,21932
2025,408,Lucas Poullain,30,34429
2025,409,Maks Kasnikowski,22,61758
2025,410,Zhizhen Zhang,29,378404
2025,411,Mariano Kestelboim,29,30344
2025,412,Inaki Montes-De La Torre,23,31030
2025,413,Mert Alkaya,25,23086
2025,414,Alex Hernandez,26,50071
2025,415,Oriol Roca Batalla,32,55966
2025,416,Luca Castelnuovo,28,27504
2025,417,Alex Martinez,24,29699
2025,418,Arthur Weber,33,19574
2025,419,Stuart Parker,28,26926
2025,420,Florian Broska,27,25630
2025,421,Marek Gengel,30,51010
2025,422,Kasidit Samrej,24,115705
2025,423,Max Basing,23,19019
2025,424,Ricardas Berankis,35,29146
2025,425,Michele Ribecai,22,26514
2025,426,Dan  Martin,26,48400
2025,427,Lorenzo Carboni,19,34389
2025,428,Antoine Escoffier,33,112144
2025,429,Hikaru Shiraishi,25,24810
2025,430,Keegan Smith,27,22734
2025,431,Neil Oberleitner,26,37067
2025,432,Vadym Ursu,28,27660
2025,433,Etienne Donnet,24,23229
2025,434,Radu Albot,36,95780
2025,435,Erik Arutiunian,21,21337
2025,436,Roberto Cid Subervi,32,25860
2025,437,Juan Manuel La Serna,21,24355
2025,438,Luciano Emanuel Ambrogi,22,29634
2025,439,Oleg Prihodko,28,40463
2025,440,Milos Karol,23,31682
2025,441,Mae Malige,19,62075
2025,442,Buvaysar Gadamauri,25,24926
2025,443,Federico Bondioli,20,40080
2025,444,Jonas Forejtek,24,24559
2025,445,Yusuke Takahashi,28,29026
2025,446,Max Wiskandt,23,40070
2025,447,Olle Wallin,24,29400
2025,448,Cyril Vandermeersch,26,21452
2025,449,Alexander Binda,24,27272
2025,450,Lorenzo Joaquin Rodriguez,26,24572
2025,451,Bernabe Zapata Miralles,28,42073
2025,452,Stefano Napolitano,30,131221
2025,453,Yanki Erel,25,20142
2025,454,Thanasi Kokkinakis,29,143435
2025,455,Dali Blanch,22,23931
2025,456,Gianmarco Ferrari,25,21704
2025,457,Svyatoslav Gulin,23,18619
2025,458,Giovanni Fonio,27,29960
2025,459,Olaf Pieczkowski,21,21732
2025,460,Maxim Zhukov,20,23826
2025,461,Andrew Fenty,25,25143
2025,462,Andrey Chepelev,27,21995
2025,463,Marvin Moeller,26,23894
2025,464,Mateus Alves,24,41412
2025,465,Pavel Kotov,27,233256
2025,466,Eduardo Ribeiro,27,24950
2025,467,Enrico Dalla Valle,27,37011
2025,468,James Story,24,45923
2025,469,Ognjen Milic,18,15813
2025,470,Hiroki Moriya,35,27316
2025,471,Karan Singh,22,29910
2025,472,Carlos Lopez Montagud,25,27153
2025,473,Takuya Kumasaka,27,21351
2025,474,Juan Estevez,20,21809
2025,475,Eric Vanshelboim,24,24818
2025,476,Jake Delaney,28,24341
2025,477,Pedro Vives Marcos,24,16922
2025,478,Filippo Moroni,24,16986
2025,479,Lukas Pokorny,23,24437
2025,480,Filip Peliwo,31,24397
2025,481,Laurent Lokoli,31,21770
2025,482,Nikolay Vylegzhanin,25,25025
2025,483,Mirza Basic,34,18412
2025,484,Edward Winter,21,42564
2025,485,Pietro Fellin,24,19365
2025,486,Soonwoo Kwon,28,18036
2025,487,Yan Bai,36,40289
2025,488,Tsung-Hao Huang,26,25783
2025,489,Tadeas Paroulek,25,21892
2025,490,Blaise Bicknell,24,23264
2025,491,Joao Eduardo Schiessl,21,24684
2025,492,Eero Vasa,28,24786
2025,493,Alexander Weis,28,21428
2025,494,Jack Loge,21,19948
2025,495,Lui Maxted,22,18095
2025,496,Aristotelis Thanos,24,22124
2025,497,Branko Djuric,20,18909
2025,498,Alexander Ritschard,31,55258
2025,499,Bor Artnak,21,18643
2025,500,Vladyslav Orlov,30,21704
2025,501,Jay Friend,22,18758
2025,502,Maxime Janvier,29,41820
2025,503,Tristan McCormick,26,25936
2025,504,Nicolas Arseneault,18,50114
2025,505,Sean Cuenin,21,18589
2025,506,Tibo Colson,25,22445
2025,507,Alex Marti Pujolras,26,23367
2025,508,Stefan Palosi,25,18205
2025,509,Dominik Koepfer,31,100021
2025,510,Henry Bernet,18,49180
2025,511,Blake Ellis,26,65703
2025,512,Andrea Guerrieri,27,18635
2025,513,Egor Agafonov,23,19953
2025,514,Renzo Olivo,33,27292
2025,515,Ryan Nijboer,26,34059
2025,516,Gregoire Barrere,31,93745
2025,517,Thomas Faurel,19,19136
2025,518,Stefan Adrian Andreescu,24,18749
2025,519,Matthew Dellavedova,25,52943
2025,520,Daniel Masur,31,47842
2025,521,Philip Sekulic,22,26084
2025,522,Mukund Sasikumar,28,21156
2025,523,Dhakshineswar Suresh,25,18749
2025,524,Samuele Pieri,23,16803
2025,525,Carl Emil Overbeck,24,15616
2025,526,Valerio Aboian,23,17304
2025,527,Ryuki Matsuda,26,24770
2025,528,Sergio Callejon Hernando,21,18117
2025,529,Tommaso Compagnucci,26,21185
2025,530,Khumoyun Sultanov,27,87310
2025,531,Oleksandr Ovcharenko,24,24868
2025,532,Alberto Barroso Campos,29,21502
2025,533,Bruno Kuzuhara,21,22206
2025,534,Tristan Lamasine,32,17344
2025,535,Leo Borg,22,35103
2025,536,Dennis Novak,32,21382
2025,537,Masamichi Imamura,27,30902
2025,538,Sebastian Gima,23,24886
2025,539,Cannon Kingsley,24,24702
2025,540,Peter Fajta,23,14653
2025,541,Georgii Kravchenko,25,16667
2025,542,Fares Zakaria,24,18833
2025,543,Stefan Popovic,22,17993
2025,544,Yuki Mochizuki,28,19244
2025,545,Maximilian Neuchrist,34,25343
2025,546,Ivan Marrero Curbelo,27,16731
2025,547,Gabriele Pennaforti,25,22738
2025,548,Kokoro Isomura,22,25822
2025,549,Emil Ruusuvuori,26,146318
2025,550,Aleksandre Bakshi,28,19530
2025,551,Nino Ehrenschneider,24,15667
2025,552,Ergi Kirkin,26,29338
2025,553,Johan Nikles,28,17495
2025,554,Lucas Pouille,31,106962
2025,555,Govind Nanda,24,34543
2025,556,Elmar Ejupovic,32,18574
2025,557,Karue Sell,32,38258
2025,558,Dominik Palan,25,15962
2025,559,Maxwell Mckennon,23,19483
2025,560,Woobin Shin,21,20415
2025,561,Amr Elsayed,26,16339
2025,562,Max Hans Rehberg,22,34148
2025,563,Justin Boulais,24,41614
2025,564,Tomasz Berkieta,19,17863
2025,565,Pavle Marinkov,19,41412
2025,566,Igor Gimenez,25,19264
2025,567,Sebastian Sorger,20,19457
2025,568,Dominik Kellovsky,29,18311
2025,569,Dusan Obradovic,24,15622
2025,570,Paulo Andre Saraiva Dos Santos,25,21160
2025,571,Kirill Kivattsev,28,19503
2025,572,Arda Azkara,22,12594
2025,573,Oleksii Krutykh,25,14971
2025,574,Filippo Romano,20,17803
2025,575,Taha Baadi,24,28022
2025,576,Radu Mihai Papoe,23,13399
2025,577,Anton Matusevich,24,17248
2025,578,Robin Catry,23,16804
2025,579,Arthur Nagel,22,14697
2025,580,Maxime Chazal,32,20978
2025,581,Alvin Nicholas Tudorica,23,37351
2025,582,Michal Krajci,20,15687
2025,583,Juan Sebastian Gomez,33,13577
2025,584,Filip Jeff Planinsek,24,15596
2025,585,Manuel Mazza,26,14848
2025,586,Michael Vrbensky,26,27910
2025,587,Petr Nesterov,22,17938
2025,588,Manas Dhamne,18,27539
2025,589,Stefan Dostanic,24,131132
2025,590,Enzo Couacaud,30,43924
2025,591,Cem Ilkel,30,12152
2025,592,Dan Alexandru Tomescu,26,12525
2025,593,Jozef Kovalik,33,157660
2025,594,Adhithya Ganesan,20,21330
2025,595,Miguel Tobon,19,23040
2025,596,Constantin Bittoun Kouzmine,26,17090
2025,597,Lucas Gerch,31,14308
2025,598,Digvijaypratap Singh,25,14068
2025,599,Joaquin Aguilar Cardozo,20,16562
2025,600,Tai Sach,23,16547
2025,601,Millen Hurrion,26,14374
2025,602,Matthew William Donald,21,15598
2025,603,Karl Poling,26,20651
2025,604,Emilien Demanet,20,13223
2025,605,Adrian Oetzbach,28,16279
2025,606,Shunsuke Mitsui,23,11510
2025,607,Nick Hardt,25,40242
2025,608,Koki Matsuda,25,12545
2025,609,Andres Santamarta Roig,18,16581
2025,610,Juan Carlos Aguilar,27,41956
2025,611,Lucio Ratti,21,15046
2025,612,Carlos Maria Zarate,20,15883
2025,613,Loann Massard,20,18687
2025,614,Louis Wessels,27,15904
2025,615,Luis Carlos Alvarez,21,23361
2025,616,Max Schoenhaus,18,20502
2025,617,Alan Fernando Rubio Fierros,26,15646
2025,618,Aidan Mayo,22,41203
2025,619,Maxence Beauge,25,16539
2025,620,Gerard Campana Lee,21,23261
2025,621,Nicholas David Ionel,23,17613
2025,622,Yassine Dlimi,22,11673
2025,623,Damien Wenger,25,12650
2025,624,Mees Rottgering,18,42614
2025,625,Mario Gonzalez Fernandez,23,17240
2025,626,Yurii Dzhavakian,32,20209
2025,627,Mikael Ymer,27,34830
2025,628,Jakub Nicod,21,13795
2025,629,Shintaro Imai,32,13318
2025,630,Lorenzo Sciahbasi,20,15031
2025,631,Yuta Kawahashi,27,9530
2025,632,S D Prajwal Dev,29,18282
2025,633,Kenta Miyoshi,21,16351
2025,634,Alec Deckers,25,12669
2025,635,Toby Kodat,22,18164
2025,636,Ryan Fishback,23,13583
2025,637,Christian Sigsgaard,28,12489
2025,638,Johan Alexander Rodriguez,22,11702
2025,639,Daniel Siniakov,22,11757
2025,640,Juan Cruz Martin Manzano,21,11873
2025,641,Ye Cong Mo,25,15930
2025,642,Kuan-Yi Lee,29,13832
2025,643,Andrew Paulson,24,20920
2025,644,Mate Valkusz,27,10090
2025,645,Reda Bennani,18,10293
2025,646,Yusuke Kusuhara,28,12746
2025,647,Rigele Te,28,31367
2025,648,Santiago De La Fuente,23,14177
2025,649,Igor Kudriashov,22,11762
2025,650,Denis Klok,27,12067
2025,651,Massimo Giunta,21,13465
2025,652,Karol Filar,27,10406
2025,653,Facundo Juarez,28,14548
2025,654,Arthur Reymond,26,17227
2025,655,Chase Ferguson,26,12879
2025,656,Axel Garcian,23,13262
2025,657,Aziz Ouakaa,26,18151
2025,658,Kyle Kang,20,10928
2025,659,Aidan Kim,21,13389
2025,660,Alafia Ayeni,26,18668
2025,661,Tim Handel,29,17093
2025,662,Duncan Chan,20,12558
2025,663,Jacopo Vasami,18,26145
2025,664,Iliyan Radulov,20,11625
2025,665,Stijn Slump,26,13190
2025,666,Imanol Lopez Morillo,26,12673
2025,667,Giuseppe La Vela,25,11554
2025,668,Luca Castagnola,23,15366
2025,669,Quinn Vandecasteele,23,17187
2025,670,Giovanni Oradini,28,16631
2025,671,Nick Kyrgios,30,148315
2025,672,Dragos Nicolae Madaras,28,8374
2025,673,Michael Agwi,22,12002
2025,674,Jan Kumstat,18,13085
2025,675,Radu David Turcanu,19,10456
2025,676,Daniel Antonio Nunez,24,13720
2025,677,Pawit Sornlaksup,26,10845
2025,678,Alexander Donski,27,14475
2025,679,Francesco Forti,26,18423
2025,680,Matisse Bobichon,23,11208
2025,681,Felix Corwin,29,16582
2025,682,Alejo Sanchez Quilez,20,12923
2025,683,Alejandro Manzanera Pertusa,22,11022
2025,684,Pierre Delage,24,13466
2025,685,Ryan Dickerson,28,13160
2025,686,Abel Forger,20,12083
2025,687,Pedro Cachin,30,17389
2025,688,Joshua Sheehy,28,12750
2025,689,Braden Shick,22,12055
2025,690,Blu Baker,24,8953
2025,691,Yuta Kikuchi,26,13038
2025,692,Rodrigo Alujas,23,17176
2025,693,Pedro Araujo,23,29233
2025,694,Sergi Perez Contri,27,15379
2025,695,Sidharth Rawat,32,14056
2025,696,Strong Kirchheimer,30,20296
2025,697,Nicolas Moreno De Alboran,28,80776
2025,698,Cooper Williams,20,8868
2025,699,Pierluigi Basile,18,29297
2025,700,Tuncay Duran,21,9101
2025,701,Tianhui Zhang,19,14954
2025,702,Marcel Zielinski,25,10441
2025,703,Niels Visker,24,14501
2025,704,Kyle Edmund,30,10783
2025,705,Pablo Martinez Gomez,19,9239
2025,706,James Watt,25,14095
2025,707,Peter Bertran,29,12982
2025,708,Naoki Nakagawa,29,20113
2025,709,Sora Fukuda,28,9749
2025,710,Semen Pankin,26,9372
2025,711,Gabriel Ghetu,18,11217
2025,712,Ali Yazdani,22,9997
2025,713,Federico Iannaccone,26,16364
2025,714,Kenny De Schepper,38,16246
2025,715,Guillaume Dalmasso,23,12564
2025,716,Kaylan Bigun,19,18322
2025,717,Uisung Park,25,12540
2025,718,Jose Pereira,34,14665
2025,719,Felix Balshaw,19,10418
2025,720,Diego Augusto Barreto Sanchez,23,12446
2025,721,Michiel De Krom,27,15919
2025,722,Leo Vithoontien,26,13137
2025,723,Pedro Rodrigues,19,9008
2025,724,Joris De Loore,32,11951
2025,725,Matthew Summers,27,11108
2025,726,Michael Bassem Sobhy,21,11604
2025,727,Maik Steiner,31,13622
2025,728,Manuel Guinard,30,24151
2025,729,Conner Huertas del Pino,30,9465
2025,730,JiSung Nam,32,11242
2025,731,Ignacio Monzon,27,11215
2025,732,Kai Wehnelt,30,12431
2025,733,Yanaki Milev,21,13745
2025,734,Fausto Tabacco,23,13473
2025,735,Cruz Hewitt,17,33279
2025,736,John Echeverria,24,12571
2025,737,Daniil Ostapenkov,22,11722
2025,738,Dinko Dinev,21,11417
2025,739,Maximilian Marterer,30,135922
2025,740,Micah Braswell,24,11092
2025,741,Theo Papamalamis,19,17919
2025,742,Luca Staeheli,25,8269
2025,743,Alex Knaff,28,9103
2025,744,Alessandro Pecci,24,12774
2025,745,Tomas Farjat,24,10401
2025,746,Josip Simundza,21,9482
2025,747,Matteo Covato,20,13292
2025,748,Maxence Bertimon,26,10934
2025,749,Amaury Raynel,23,12393
2025,750,Dimitris Sakellaridis,19,14897
2025,751,Cesar Bouchelaghem,21,7428
2025,752,Timofei Derepasko,18,8283
2025,753,Tiago Torres,23,12129
2025,754,Samuel Alejandro Linde Palacios,18,12909
2025,755,Samuel Heredia,19,13625
2025,756,Taisei Ichikawa,25,14608
2025,757,Tomas Curras Abasolo,25,14648
2025,758,Evan Zhu,27,21268
2025,759,Mika Petkovic,19,19956
2025,760,Alexis Gautier,28,9389
2025,761,Trey Hilderbrand,25,12534
2025,762,Mwendwa Mbithi,27,9678
2025,763,Adrien Gobat,24,10217
2025,764,Yanis Ghazouani Durand,25,11972
2025,765,Nicolas Tepmahc,24,9811
2025,766,Joshua Charlton,26,11833
2025,767,Mitsuki Wei Kang Leong,21,14092
2025,768,Kris Van Wyk,29,13331
2025,769,Leo Raquillet,20,13420
2025,770,Luca Preda,19,16537
2025,771,Shinji Hazawa,26,13440
2025,772,Naoya Honda,19,13333
2025,773,John Sperle,23,11745
2025,774,Jack Anthrop,22,8734
2025,775,Victor Lilov,21,10401
2025,776,Francisco Rocha,26,17241
2025,777,Matt Kuhar,29,11490
2025,778,Aleksandr Braynin,26,11219
2025,779,Leonardo Rossi,23,12341
2025,780,Lucas Andrade Da Silva,20,6915
2025,781,Roger Pascual Ferra,19,7346
2025,782,Egor Gerasimov,33,10853
2025,783,Matyas Fuele,27,7645
2025,784,Attila Boros,22,7230
2025,785,Alec Beckley,24,10017
2025,786,M Rifki Fitriadi,26,7657
2025,787,Martin Van Der Meerschen,25,9637
2025,788,Colin Sinclair,31,12543
2025,789,Melios Efstathiou,26,9060
2025,790,Oscar Jose Gutierrez,32,12309
2025,791,Samir Hamza Reguig,23,11889
2025,792,Wishaya Trongcharoenchaikul,30,15358
2025,793,Fryderyk Lechno-Wasiutynski,20,7688
2025,794,Ilya Ivashka,31,11721
2025,795,Gustavo Ribeiro De Almeida,19,9732
2025,796,Benoit Paire,36,24928
2025,797,Mikalai Haliak,27,10037
2025,798,Alan Magadan,24,23906
2025,799,Bautista Vilicich,24,9704
2025,800,Linang Xiao,25,20729
2025,801,Duckhee Lee,27,9754
2025,802,William Grant,24,12660
2025,803,Artur Kukasian,21,9504
2025,804,J.J. Wolf,27,10453
2025,805,Oscar Weightman,24,7414
2025,806,Albert Pedrico Kravtsov,20,7065
2025,807,Karim Bennani,18,8048
2025,808,Pedro Rodenas,21,7202
2025,809,Evgeny Karlovskiy,31,13077
2025,810,Oliver Bonding,18,42400
2025,811,Aleksandr Lobanov,24,6501
2025,812,Lucas Bouquet,28,9957
2025,813,Emile Hudd,25,9618
2025,814,Alejandro Juan Mano,20,10101
2025,815,Toufik Sahtali,26,8611
2025,816,Wilson Leite,34,14388
2025,817,Jacob Brumm,27,12296
2025,818,Nikita Belozertsev,17,6806
2025,819,Bruno Fernandez,21,9495
2025,820,Ajeet Rai,26,14235
2025,821,Keisuke Saitoh,24,13280
2025,822,Maximilian Homberg,22,8799
2025,823,Thanapet Chanta,26,10827
2025,824,Lorenzo Rottoli,23,9472
2025,825,Taiyo Yamanaka,24,8578
2025,826,Iannis Miletich,20,10248
2025,827,Kosuke Ogura,29,13647
2025,828,Jacob Bradshaw,23,11763
2025,829,Petros Tsitsipas,25,11307
2025,830,Amir Omarkhanov,18,19796
2025,831,Michel Hopp,27,7643
2025,832,Vincent Marysko,19,8667
2025,833,Benjamin Torrealba,20,11319
2025,834,Niccolo Catini,28,9140
2025,835,Martin Klizan,36,13062
2025,836,Gian Luca Tanner,24,7522
2025,837,Kristijan Juhas,24,6352
2025,838,Alejandro Turriziani Alvarez,22,8489
2025,839,Maximo Zeitune,19,9026
2025,840,Marlon Vankan,25,8692
2025,841,Evgenii Tiurnev,28,7662
2025,842,Julio Cesar Porras,27,9051
2025,843,Jorge Plans,23,8161
2025,844,Rafael Izquierdo Luque,25,9196
2025,845,Mert Naci Turker,27,7786
2025,846,Thiago Cigarran,25,11087
2025,847,Noah Schachter,26,12461
2025,848,Ben Jones,27,12169
2025,849,Marko Maksimovic,19,9625
2025,850,Dong Ju Kim,23,5860
2025,851,Patrick Schoen,20,5922
2025,852,Matt Ponchet,21,7211
2025,852,Hoyoung Roh,19,9930
2025,854,Marc Van Der Merwe,31,6715
2025,855,Xiaofei Wang,22,8186
2025,856,Ryotaro Taguchi,25,10565
2025,857,Izan Almazan Valiente,19,8315
2025,858,Ignacio Parisca Romera,20,9329
2025,859,Niklas Schell,26,10021
2025,860,Alexandre Aubriot,26,10015
2025,862,Ryan Seggerman,26,23305
2025,863,Luca Wiedenmann,27,6227
2025,864,Shunsuke Nakagawa,25,7039
2025,865,Isaiah Strode,28,9825
2025,866,Charlie Robertson,19,10255
2025,867,Jeffrey Von Der Schulenburg,23,7861
2025,868,Giorgio Tabacco,22,8039
2025,869,Lautaro Agustin Falabella,27,8969
2025,870,Jakub Filip,20,8490
2025,871,Amit Vales,20,8280
2025,872,Nikita Mashtakov,26,8618
2025,873,Dragos Nicolae Cazacu,21,8908
2025,874,Manuel Plunger,23,6057
2025,874,Emon Van Loben Sels,21,6847
2025,876,Moise Kouame,16,44167
2025,877,Scott Jones,27,7513
2025,878,Kalin Ivanovski,21,11817
2025,879,Nikola Slavic,25,9569
2025,880,Matyas Cerny,24,9090
2025,881,Daisuke Sumizawa,26,7873
2025,882,Joao Victor Couto Loureiro,22,7511
2025,883,Andrea Fiorentini,24,8074
2025,884,Diego Schwartzman,33,13640
2025,885,Nicolas Ian Kotzen,22,7645
2025,886,Arklon Huertas Del Pino Cordova,31,9620
2025,887,Aoran Wang,28,16390
2025,888,Tiago Cacao,27,7710
2025,889,Enzo Wallart,28,7137
2025,890,Jumpei Yamasaki,28,6454
2025,891,Dev Javia,23,9115
2025,892,Orlando Luz,27,7700
2025,893,Ilya Snitari,23,5801
2025,895,Ivan Nedelko,39,7283
2025,896,Fernando Cavallo,20,8345
2025,897,Miles Jones,25,6106
2025,898,Tomas Serrano Luis,23,10537
2025,899,Anas Mazdrashki,19,8498
2025,900,Alexander Klintcharov,29,12460
2025,901,Daniel De Jonge,26,7633
2025,902,Ezekiel Clark,27,8825
2025,903,Seydina Andre,22,8942
2025,904,Nicolas Jadoun,23,8376
2025,905,Jesse Delaney,27,10831
2025,906,Anton Shepp,23,5484
2025,907,Mathias Bourgue,31,9459
2025,907,Peter Makk,24,5764
2025,909,Enzo Kohlmann De Freitas,19,6483
2025,910,Kasra Rahmani,19,5530
2025,911,Marcus Walters,27,6414
2025,912,Carles Hernandez,24,8001
2025,913,Finn Murgett,24,8119
2025,914,Nitin Kumar Sinha,26,10324
2025,915,Grigoriy Lomakin,27,11372
2025,921,Lorenzo Bocchi,28,8152
2025,922,Yaojie Zeng,23,8584
2025,923,Salvador Price,20,8712
2025,924,Adan Freire Da Silva,26,8389
2025,925,Evan Bynoe,26,7303
2025,926,Romain Faucon,23,7314
2025,927,Kristjan Tamm,27,8213
2025,928,Pietro Marino,24,6967
2025,930,Gianluca Mager,31,33304
2025,932,Rudy Quan,19,18539
2025,933,Filip Pieczonka,21,8945
2025,935,Stijn Paardekooper,22,5014
2025,936,Marc Majdandzic,20,5933
2025,937,Juan Sebastian Osorio,28,6569
2025,938,Benjamin Pietri,29,6650
2025,939,Yaroslav Demin,20,7117
2025,940,Chirag Duhan,21,8364
2025,941,Gijs Brouwer,29,84418
2025,943,Yun seong Chung,27,6222
2025,944,Ivan Ivanov,17,16542
2025,945,Qian Sun,24,7131
2025,946,Brian Bozemoj,22,5949
2025,947,Finn Bass,26,9461
2025,948,John Hallquist Lithen,24,7162
2025,949,Axel Nefve,25,8114
2025,950,Diego Fernandez Flores,25,9324
2025,951,Giannicola Misasi,25,7378
2025,952,Michael Zhu,33,8595
2025,953,David Pichler,29,7218
2025,954,Johannes Ingildsen,28,5235
2025,955,Georgi Georgiev,19,13192
2025,956,Luca Pow,20,6078
2025,957,Ozan Baris,21,5001
2025,958,Matt Hulme,26,6963
2025,959,Jea Moon Lee,32,4207
2025,960,Manish Sureshkumar,26,6802
2025,961,Pietro Romeo Scomparin,24,5870
2025,962,Adrian Andreev,24,41058
2025,963,Thantub Suksumrarn,24,4741
2025,964,Karlis Ozolins,23,5449
2025,965,Bekkhan Atlangeriev,24,6309
2025,966,Marcello Serafini,23,7171
2025,967,Ewen Lumsden,25,7326
2025,968,Nicolas Zanellato,23,7809
2025,969,Tomas Martinez,22,8397
2025,970,Justin Schlageter,24,6720
2025,971,Lucas Marionneau,19,8775
2025,972,Jeremy Gschwendtner,27,6264
2025,973,Mihai Razvan Marinescu,24,7641
2025,974,Nicolas Barrientos,38,3660
2025,978,Jack Kennedy,17,31860
2025,979,Mateo Barreiros Reyes,25,6052
2025,981,Alejo Lorenzo Lingua Lavallen,24,7868
2025,982,Leonardo Aboian,27,6256
2025,983,Samuel Vincent Ruggeri,23,9609
2025,984,Maxim Shin,22,5496
2025,986,Younes Lalami,24,12882
2025,987,Thomas Braithwaite,26,7454
2025,988,Lorenzo Lorusso,25,6365
2025,989,Lorenzo Angelini,19,6821
2025,990,Nicolas Villalon,21,10112
2025,991,Gabriel Debru,20,5380
2025,998,William Rejchtman Vinciguerra,18,13485
2025,999,Dominik Recek,30,5074
