year,rank,player name,age,singles,singles_2025
2015,1,Novak Djokovic,28,16706125,35324485.740922816
2015,2,Roger Federer,34,6624892,14008090.02621216
2015,3,Andy Murray,28,6456153,13651297.628248086
2015,4,Stan Wawrinka,30,5299265,11205100.580168732
2015,5,Rafael Nadal,29,3188513,6741993.25117267
2015,6,Tomas Berdych,30,3090921,6535638.563150873
2015,7,David Ferrer,33,3043627,6435637.142795692
2015,8,Kei Nishikori,25,2702325,5713966.639770698
2015,9,Richard Gasquet,29,2136995,4518597.185518686
2015,10,Marin Cilic,27,2033973,4300760.96257642
2015,11,Jo-Wilfried Tsonga,30,1936220,4094065.845987
2015,12,Kevin Anderson,29,1790131,3785166.0384370345
2015,13,John Isner,30,1699342,3593196.0432446934
2015,14,Milos Raonic,25,1482983,3135712.909937579
2015,15,Gilles Simon,31,1437081,3038654.8222912913
2015,16,Feliciano Lopez,34,1350027,2854582.3469751845
2015,17,Roberto Bautista Agut,27,1249406,2641822.9500631304
2015,18,Fabio Fognini,28,1200275,2537937.260895997
2015,19,Bernard Tomic,23,1158571,2449755.689565754
2015,20,David Goffin,25,1116561,2360927.092510712
2015,21,Ivo Karlovic,36,1097622,2320881.2748571667
2015,22,Viktor Troicki,29,1079166,2281856.7429064913
2015,23,Dominic Thiem,22,1052936,2226394.3744048546
2015,24,Gael Monfils,29,1033015,2184272.1539351214
2015,25,Andreas Seppi,31,1028401,2174516.0209474526
2015,26,Jeremy Chardy,28,991908,2097352.917107185
2015,27,Grigor Dimitrov,24,968788,2048466.529011194
2015,28,Nick Kyrgios,20,961017,2032035.0358496911
2015,29,Guillermo Garcia-Lopez,32,949400,2007471.317401978
2015,30,Steve Johnson,26,928658,1963613.1226836804
2015,31,Jack Sock,23,902175,1907615.7950043497
2015,32,Vasek Pospisil,25,856814,1811701.631923803
2015,33,Benoit Paire,26,855640,1809219.2521822504
2015,34,Joao Sousa,26,848973,1795122.1263415942
2015,35,Pablo Cuevas,29,780570,1650486.503290986
2015,36,Philipp Kohlschreiber,32,761540,1610248.2694905228
2015,37,Adrian Mannarino,27,751237,1588462.9556257739
2015,38,Gilles Muller,32,749895,1585625.3460745274
2015,39,Fernando Verdasco,32,745137,1575564.730392835
2015,40,Alexandr Dolgopolov,27,740971,1566755.8768976838
2015,41,Thomaz Bellucci,27,731423,1546566.9827134053
2015,42,Martin Klizan,26,717473,1517070.2217298814
2015,43,Tommy Robredo,33,714706,1511219.5021856942
2015,44,Lukas Rosol,30,709956,1501175.8022092255
2015,45,Leonardo Mayer,28,704175,1488952.090722075
2015,46,Pablo Andujar,29,701492,1483278.9860827348
2015,47,Jiri Vesely,22,694121,1467693.2781824083
2015,48,Donald Young,26,671719,1420325.0746302288
2015,49,Borna Coric,19,667984,1412427.554753995
2015,50,Simone Bolelli,30,634088,1340755.7117219144
2015,51,Sergiy Stakhovsky,29,629510,1331075.6994077514
2015,52,Ernests Gulbis,27,595540,1259247.386102353
2015,53,Marcos Baghdatis,30,591440,1250578.087175296
2015,54,Jerzy Janowicz,25,588780,1244953.6151884734
2015,55,Santiago Giraldo,28,573526,1212699.5942535147
2015,56,Teymuraz Gabashvili,30,557072,1177908.217535027
2015,57,Andreas Haider-Maurer,28,556485,1176667.027664251
2015,58,Juan Monaco,31,548046,1158823.0731165835
2015,59,Sam Querrey,28,526081,1112378.8899622394
2015,60,Denis Istomin,29,516272,1091638.1208950432
2015,61,Marcel Granollers,29,515242,1089460.2238475143
2015,62,Sam Groth,28,503646,1064940.9091260128
2015,63,Albert Ramos-Vinolas,27,492582,1041546.4888018761
2015,64,Benjamin Becker,34,491232,1038691.963545406
2015,65,Victor Estrella Burgos,35,482455,1020133.3204520447
2015,66,Mikhail Kukushkin,28,475569,1005573.1271808946
2015,67,Yen-Hsun Lu,32,460007,972667.8515948302
2015,68,Nicolas Mahut,33,444016,938855.4713161541
2015,69,Thanasi Kokkinakis,19,436843,923688.4271201099
2015,70,Robin Haase,28,434629,919007.0056994989
2015,71,Aljaz Bedene,26,432041,913534.7750596883
2015,72,Denis Kudla,23,431070,911481.6313381827
2015,73,Pablo Carreno Busta,24,427993,904975.4282165839
2015,74,Ricardas Berankis,25,410559,868111.8776082144
2015,75,Mikhail Youzhny,33,405766,857977.2557161691
2015,76,Lucas Pouille,21,389486,823553.7955862932
2015,77,Nicolas Almagro,30,388306,821058.7290658231
2015,78,Malek Jaziri,31,388154,820737.3306665762
2015,79,Dusan Lajovic,25,374743,792380.2653224873
2015,80,Diego Schwartzman,23,372110,786812.8838407942
2015,81,Marsel Ilhan,28,364723,771193.3445300207
2015,82,Federico Delbonis,25,360187,761602.1396682813
2015,83,Alexander Zverev,18,355607,751917.8984278125
2015,84,Jarkko Nieminen,34,353966,748448.0643938367
2015,85,Paolo Lorenzi,34,351992,744274.1141299315
2015,86,Daniel Gimeno-Traver,30,349476,738954.1248371326
2015,87,Dustin Brown,31,347312,734378.4265741687
2015,88,Jan-Lennard Struff,25,311632,658934.3812772416
2015,89,Dudi Sela,30,309376,654164.1524042073
2015,90,James Duckworth,23,299891,634108.469398564
2015,91,Ruben Bemelmans,27,298027,630167.1100814823
2015,92,Nikoloz Basilashvili,23,296200,626303.9859010595
2015,93,Tim Smyczek,27,294387,622470.4642047778
2015,94,Andrey Kuznetsov,24,293973,621595.0764594604
2015,95,Damir Dzumhur,23,290074,613350.7846261442
2015,96,Joao Souza,27,289545,612232.2336182386
2015,97,Paul-Henri Mathieu,33,287740,608415.6276271805
2015,98,Filip Krajinovic,23,286600,606005.139632828
2015,99,Hyeon Chung,19,283209,598834.9950812059
2015,100,James Ward,28,283062,598524.1689977235
2015,101,Lukas Lacko,28,280485,593075.1974525951
2015,102,Steve Darcis,31,272363,575901.52772441
2015,103,Jurgen Melzer,34,271587,574260.704317728
2015,104,John Millman,26,267266,565124.109033871
2015,105,Ivan Dodig,30,267033,564631.4391192357
2015,106,Rajeev Ram,31,258824,547273.8110967448
2015,107,Michael Berrer,35,258638,546880.5209502978
2015,108,Alejandro Falla,32,252446,533787.7651072885
2015,109,Edouard Roger-Vasselin,32,247224,522746.0385226318
2015,110,Austin Krajicek,25,242265,512260.41574719845
2015,111,Radek Stepanek,37,241037,509663.85499538714
2015,112,Go Soeda,31,240250,507999.7724940228
2015,113,Luca Vanni,30,229245,484730.10549590946
2015,114,Elias Ymer,19,229229,484696.27408546244
2015,115,Florian Mayer,32,226622,479183.8686457458
2015,116,Marinko Matosevic,30,224774,475276.34073911124
2015,117,Blaz Kavcic,28,217234,459333.2885659377
2015,118,Illya Marchenko,28,213200,450803.5442069746
2015,119,Tatsuma Ito,27,212098,448473.40581243386
2015,120,Lleyton Hewitt,34,212068,448409.97191784566
2015,121,Pierre-Hugues Herbert,24,209664,443326.80249817605
2015,122,Ryan Harrison,23,208422,440700.63926222356
2015,123,Evgeny Donskoy,25,206823,437319.6126806713
2015,124,Kyle Edmund,20,204794,433029.3669433544
2015,125,Kenny De Schepper,28,201162,425349.6367718735
2015,126,Alejandro Gonzalez,26,200466,423877.9704174267
2015,127,Igor Sijsling,28,193329,408787.04689488834
2015,128,Carlos Berlocq,32,192871,407818.62277084147
2015,129,Tommy Haas,37,183560,388130.8563538099
2015,130,Matthew Ebden,28,181296,383343.71177555196
2015,131,Andrey Golubev,28,176102,372361.1901591775
2015,132,Yoshihito Nishioka,20,175764,371646.50161348353
2015,133,John-Patrick Smith,26,174029,367977.9080431313
2015,134,Blaz Rola,25,172866,365518.7873962611
2015,135,Jared Donaldson,19,172588,364930.9666397436
2015,136,Yuichi Sugita,27,165717,350402.4903158875
2015,137,Andrey Rublev,18,157522,333074.4647775378
2015,138,Marius Copil,25,154059,325752.0788789039
2015,139,Andrea Arnaboldi,28,152810,323111.1144008808
2015,140,Albert Montanes,35,151193,319692.02748257556
2015,141,Marco Cecchinato,23,145162,306939.7002071897
2015,142,Maximo Gonzalez,32,141734,299691.32051890873
2015,143,Radu Albot,26,141350,298879.36666817946
2015,144,Thiemo de Bakker,27,139122,294168.3427634274
2015,145,Aleksandr Nedovyesov,28,138644,293157.62937632174
2015,146,Guido Pella,25,135533,286579.53450752294
2015,147,Janko Tipsarevic,31,132732,280656.9232161358
2015,148,Bjorn Fratangelo,22,130688,276334.96053152485
2015,149,Taro Daniel,22,130284,275480.71741773677
2015,150,Ze Zhang,25,130274,275459.57278620737
2015,151,Adrian Menendez-Maceiras,30,127869,270374.2889033848
2015,152,Matthias Bachinger,28,127081,268708.09193886747
2015,153,Stephane Robert,35,125974,266367.38122856204
2015,154,Facundo Bagnis,25,123072,260231.20915872787
2015,155,Hiroki Moriya,25,121590,257097.57476606962
2015,156,Horacio Zeballos,30,120811,255450.40796992875
2015,157,Luke Saville,21,119124,251883.30863091766
2015,158,Vincent Millot,29,117854,249197.94042668288
2015,159,Liam Broady,21,115703,244649.73018470724
2015,160,Frances Tiafoe,17,114407,241909.385938496
2015,161,Facundo Arguello,23,110841,234369.21033510918
2015,162,Yuki Bhambri,23,110685,234039.35408325042
2015,163,Tobias Kamke,29,110665,233997.0648201916
2015,164,Mardy Fish,34,110245,233108.99029595646
2015,165,Kimmer Coppejans,21,104751,221492.1297336998
2015,166,Brydan Klein,25,102219,216138.30903045376
2015,167,Gastao Elias,25,101836,215328.46964287743
2015,168,Mischa Zverev,28,99071,209481.97902499617
2015,169,Konstantin Kravchuk,30,99063,209465.06331977266
2015,170,Inigo Cervantes,26,96929,204952.798951397
2015,171,Gerald Melzer,25,94784,200417.27548833904
2015,172,Norbert Gombos,25,94132,199038.64551262165
2015,173,Peter Gojowczyk,26,92488,195562.468089187
2015,174,Thomas Fabbiano,26,91482,193435.31815732858
2015,175,Jurgen Zopp,27,88683,187516.93579224733
2015,176,Alexander Kudryavtsev,30,87169,184315.63857869498
2015,177,Roberto Carballes Baena,22,85713,181236.9802280132
2015,178,Michal Przysiezny,31,84875,179465.06010584882
2015,179,Guilherme Clezar,22,84680,179052.73979102538
2015,180,Matteo Donati,20,84599,178881.4682756372
2015,181,Daniel Munoz de la Nava,33,82264,173944.19681352045
2015,182,Marton Fucsovics,23,81562,172459.84368015602
2015,183,Andre Ghem,33,75998,160694.97069719352
2015,184,Farrukh Dustov,29,75915,160519.47025549944
2015,185,Julien Benneteau,34,74679,157905.99379846462
2015,186,Dennis Novikov,22,73351,155097.98673135927
2015,187,Jan Hernych,36,72785,153901.2005867948
2015,188,Christian Lindell,24,71463,151105.88029860708
2015,189,Somdev Devvarman,30,70044,148105.4570845841
2015,190,Jordan Thompson,21,69986,147982.81822171353
2015,191,Jan Mertl,33,69687,147350.59373898426
2015,192,Aslan Karatsev,22,69406,146756.4295930079
2015,193,Di Wu,24,69022,145944.47574227862
2015,194,Quentin Halys,19,68099,143992.8262521143
2015,195,Germain Gigounon,26,67964,143707.37372646728
2015,196,Marco Chiudinelli,34,67026,141724.00728900882
2015,197,David Guez,33,66576,140772.49887018546
2015,198,Frank Dancevic,31,63254,133748.2522761162
2015,199,Andreas Beck,29,62403,131948.8441329636
2015,200,Yannick Mertens,28,61959,131010.02249305788
2015,201,Maxime Hamou,20,61755,130578.67200985797
2015,202,Karen Khachanov,19,61562,130170.5806213404
2015,203,Tristan Lamasine,22,60588,128111.09351037607
2015,204,Renzo Olivo,23,60115,127110.95243903509
2015,205,Guido Andreozzi,24,60033,126937.56646049394
2015,206,Jimmy Wang,30,58753,124231.05362472974
2015,207,Mirza Basic,24,58735,124192.9932879768
2015,208,Mathias Bourgue,21,57699,122002.40946153016
2015,209,Tommy Paul,18,57319,121198.91346341265
2015,210,James McGee,28,57253,121059.35889531857
2015,211,Rogerio Dutra Silva,31,55777,117938.41128157798
2015,212,Tim Puetz,28,55315,116961.52930491933
2015,213,Ramkumar Ramanathan,21,54378,114980.27733061383
2015,214,Yan Bai,26,53328,112760.091020026
2015,215,Andrej Martin,26,53024,112117.294221532
2015,216,Niels Desein,28,52595,111210.18952892041
2015,217,Enzo Couacaud,20,51833,109598.96860637954
2015,218,Matteo Viola,28,51421,108727.80978736794
2015,219,Maxime Authom,28,51335,108545.96595621502
2015,220,Victor Hanescu,34,51013,107865.10882096809
2015,221,Adam Pavlasek,21,50227,106203.14078275663
2015,222,Laslo Djere,20,49207,104046.38836675703
2015,223,Ti Chen,32,48331,102194.11864478092
2015,224,Saketh Myneni,28,47845,101166.48955245169
2015,225,Dennis Novak,22,47636,100724.56675348707
2015,226,Chase Buchanan,24,47074,99536.23846153435
2015,227,Daniel Evans,25,47053,99491.8347353226
2015,228,Daniel Brands,28,47049,99483.37688271083
2015,229,Jason Jung,26,46536,98398.65728525221
2015,230,Calvin Hemery,20,45830,96905.84629927602
2015,231,Nils Langer,25,45823,96891.04505720544
2015,232,Marco Trungelliti,25,45023,95199.47453485281
2015,233,Aldin Setkic,28,44212,93484.64491781783
2015,234,Alexander Sarkissian,25,43994,93023.69195047674
2015,235,Jozef Kovalik,23,43767,92543.70881475919
2015,236,Pere Riba,27,43379,91723.29711141817
2015,237,Yasutaka Uchiyama,23,43299,91554.1400591829
2015,238,Philip Bester,27,43186,91315.20572290059
2015,239,Adrian Ungur,30,43147,91232.7416599359
2015,240,Mitchell Krueger,21,43146,91230.62719678297
2015,241,Taylor Fritz,18,42925,90763.33083998304
2015,242,Giovanni Lapentti,32,42715,90319.29357786548
2015,243,Ryan Shane,21,42252,89340.29713805391
2015,244,Nicolas Jarry,20,41741,88259.80646690117
2015,245,Nicolas Kicker,23,41520,87792.51011010126
2015,246,Jordi Samper-Montana,25,40752,86168.60240864274
2015,247,Roberto Marcora,26,40348,85314.35929485466
2015,248,Lukasz Kubot,33,40327,85269.9555686429
2015,249,Amir Weintraub,29,40189,84978.15965353708
2015,250,Uladzimir Ignatik,25,40134,84861.86418012533
2015,251,Hans Podlipnik-Castillo,27,39676,83893.44005607846
2015,252,Federico Gaio,23,39437,83388.0833625256
2015,253,Daniel Nguyen,25,39183,82851.00972167864
2015,254,Lamine Ouahab,31,38842,82129.97778652584
2015,255,Jose Hernandez-Fernandez,25,38814,82070.7728182435
2015,256,Laurent Lokoli,21,38428,81254.59004120836
2015,257,Benjamin Mitchell,23,37414,79110.52440412641
2015,258,Tsung-Hua Yang,24,37167,78588.25200535003
2015,259,Alex Bolt,22,36262,76674.66285193863
2015,260,Michael Russell,37,36239,76626.03019942099
2015,261,Filippo Volandri,34,35745,75581.48540186824
2015,262,Denys Molchanov,28,35492,75046.52622417422
2015,263,Mate Delic,22,35047,74105.59012111557
2015,264,Jesse Huta Galung,30,34840,73667.89624845683
2015,265,Jaume Munar,18,34515,72980.69572375108
2015,266,Jonathan Eysseric,25,33932,71747.9637055866
2015,267,Jarmere Jenkins,25,33589,71022.70284412791
2015,268,Franko Skugor,28,33031,69842.83240478695
2015,269,Maximilian Marterer,20,32955,69682.13320516345
2015,270,Darian King,23,32418,68546.66649203426
2015,271,Rui Machado,31,32235,68159.71973504609
2015,272,Stefan Kozlov,17,32155,67990.56268281084
2015,273,Arthur De Greef,23,32111,67897.52630408143
2015,274,Ante Pavic,26,32026,67717.79693608147
2015,275,Mohamed Safwat,25,31905,67461.94689457564
2015,276,Omar Jasika,18,31851,67347.76588431683
2015,277,Henri Laaksonen,23,31243,66062.17228732884
2015,278,Alex Kuznetsov,28,31077,65711.17140394067
2015,279,Grega Zemlja,29,31037,65626.59287782304
2015,280,Pedro Cachin,20,30004,63442.35244083521
2015,281,Nicolas Barrientos,28,29926,63277.42431490583
2015,282,Ruben Ramirez Hidalgo,37,29721,62843.95936855297
2015,283,Jason Kubler,22,29719,62839.730442247084
2015,284,Tomislav Brkic,25,29466,62304.77126455307
2015,285,Jaroslav Pospisil,34,29234,61814.21581307081
2015,286,Julian Reister,29,29085,61499.16080328263
2015,287,Axel Michon,25,28677,60636.459836882794
2015,288,Jan Satral,25,28450,60156.47670116524
2015,289,Gianluca Naso,28,28407,60065.554785588785
2015,290,Noah Rubin,19,28036,59281.08895584775
2015,291,Salvatore Caruso,23,27961,59122.504219377195
2015,292,Pedja Krstin,21,27845,58877.226493636066
2015,293,Egor Gerasimov,23,27372,57877.08542229507
2015,294,Tennys Sandgren,24,27370,57872.85649598919
2015,295,Connor Smith,25,27193,57498.596517918675
2015,296,Oriol Roca Batalla,22,27001,57092.619592554045
2015,297,Bastian Trinker,25,26597,56238.37647876597
2015,298,Nikola Mektic,27,26420,55864.11650069545
2015,299,Joshua Milton,26,26221,55443.33833326023
2015,300,Gianni Mina,23,26156,55305.898228319085
2015,301,Maxime Teixeira,26,25818,54591.2096826251
2015,302,Takuto Niki,28,25557,54039.334799707554
2015,303,Constant Lestienne,23,25522,53965.32858935463
2015,304,Matija Pecotic,26,25274,53440.941727425314
2015,305,Artem Smirnov,27,25127,53130.11564394302
2015,306,Lorenzo Giustino,24,25087,53045.537117825384
2015,307,Boy Westerhof,30,25061,52990.56107584893
2015,308,Riccardo Bellotti,24,24883,52614.18663462547
2015,309,Gregoire Barrere,21,24868,52582.46968733136
2015,310,Marek Michalicka,29,24802,52442.91511923727
2015,311,Eduardo Struvay,25,24701,52229.35434079025
2015,312,Duckhee Lee,17,23842,50413.03049241412
2015,313,Gonzalo Lama,22,23804,50332.680892602366
2015,314,Juan Ignacio Londero,22,23537,49768.11923076717
2015,315,Juan Martin del Potro,27,23475,49637.02251528485
2015,316,Zhizhen Zhang,19,23314,49296.59394766138
2015,317,Matt Reid,25,23117,48880.04470653205
2015,318,Zhe Li,29,22990,48611.50788610857
2015,319,Gavin Van Peperzeel,23,22878,48374.688012979204
2015,320,Edward Corrie,27,22832,48277.42270794392
2015,321,Filip Peliwo,21,22746,48095.57887679102
2015,322,Frederico Ferreira Silva,20,22742,48087.12102417926
2015,323,Antonio Veic,27,22631,47852.41561420283
2015,324,Yaraslav Shyla,22,22482,47537.36060441465
2015,325,Cem Ilkel,20,22401,47366.08908902645
2015,326,Benjamin Balleret,32,22401,47366.08908902645
2015,327,Dzmitry Zhyrmont,26,22308,47169.444015802954
2015,328,Eric Quigley,26,22275,47099.66673175591
2015,329,Lucas Miedler,19,22131,46795.18403773244
2015,330,Liang-Chi Huang,23,22082,46691.575343238335
2015,331,Alexandre Sidorenko,27,22063,46651.400543332464
2015,332,Gonzalo Escobar,26,22019,46558.36416460307
2015,333,Dane Propoggia,25,21903,46313.08643886194
2015,334,Javier Marti,23,21903,46313.08643886194
2015,335,Alessandro Giannessi,25,21864,46230.62237589725
2015,336,Jose Pereira,24,21194,44813.932063426924
2015,337,Sanam Singh,27,21083,44579.226653450496
2015,338,Daniel Elahi Galan,19,20910,44213.424527991745
2015,339,Alexander Ward,25,20611,43581.20004526245
2015,340,Cristian Garin,19,20598,43553.71202427422
2015,341,Dmitry Popko,19,20255,42828.45116281553
2015,342,Kevin King,24,19896,42069.35889090979
2015,343,Adrien Bossel,28,19837,41944.60556488628
2015,344,Erik Crepaldi,25,19586,41413.875313498145
2015,345,Miljan Zekic,27,19576,41392.730681968744
2015,346,Gianluigi Quinzi,19,19476,41181.28436667466
2015,347,Pedro Sousa,27,19189,40574.43344178066
2015,348,Maxime Chazal,22,19188,40572.318978627714
2015,349,Gianluca Mager,21,19099,40384.13175801599
2015,350,Dimitar Kutrovsky,28,19056,40293.20984243954
2015,351,Daniel Cox,25,19038,40255.1495056866
2015,352,Fabrice Martin,29,18986,40145.197421733676
2015,353,Daniel Garza,30,18841,39838.600264557266
2015,354,Gerard Granollers,26,18646,39426.27994973381
2015,355,Nicolas Meister,26,18605,39339.58696046324
2015,356,Remi Boutillier,25,18577,39280.3819921809
2015,357,Sebastien Boltz,22,18528,39176.7732976868
2015,358,Juan Carlos Saez,24,18427,38963.21251923978
2015,359,Laurynas Grigelis,24,18411,38929.38110879273
2015,360,Kamil Majchrzak,19,18370,38842.68811952216
2015,361,Yannick Jankovits,28,18085,38240.06612093403
2015,362,David Perez Sanz,21,18070,38208.34917363992
2015,363,Alexey Vatutin,23,17939,37931.354500604684
2015,364,Sekou Bangoura,24,17843,37728.366037922366
2015,365,Peter Torebko,27,17739,37508.46187001652
2015,366,Marcelo Arevalo,25,17404,36800.11671378136
2015,367,Michael Venus,28,17235,36442.77244093437
2015,368,Toni Androic,24,17111,36180.57900996971
2015,369,Alejandro Gomez,24,17075,36104.458336463846
2015,370,Michael Linzer,26,17050,36051.59675764033
2015,371,Fernando Romboli,26,16944,35827.4636634286
2015,372,David Vega Hernandez,21,16887,35706.93926371098
2015,373,Marcos Giron,22,16631,35165.63669655814
2015,374,Flavio Cipolla,32,16621,35144.49206502873
2015,375,Edoardo Eremin,22,16568,35032.42551792287
2015,376,Tucker Vorster,27,16230,34317.736972228886
2015,377,Daniil Medvedev,19,16228,34313.508045923
2015,378,Ilya Ivashka,21,16190,34233.15844611125
2015,379,Emilio Gomez,24,16144,34135.893141075976
2015,380,Henrique Cunha,25,16114,34072.45924648776
2015,381,Michael Mmoh,17,16114,34072.45924648776
2015,382,Nikola Milojevic,20,15988,33806.03688921722
2015,383,Matthew Barton,24,15960,33746.83192093488
2015,384,Maxime Janvier,19,15833,33478.295100511394
2015,385,Harry Bourchier,19,15628,33044.83015415853
2015,386,Dimitar Kuzmanov,22,15613,33013.11320686442
2015,387,Ivan Nedelko,29,15611,33008.884280558545
2015,388,Aleksandre Metreveli,22,15552,32884.13095453504
2015,389,Maxim Dubarenco,22,15542,32862.98632300563
2015,390,Stefano Napolitano,20,15250,32245.56308234692
2015,391,Andres Molteni,27,15099,31926.279146252862
2015,392,Alexis Musialek,27,15099,31926.279146252862
2015,393,Mackenzie McDonald,20,15090,31907.248977876396
2015,394,Philipp Petzschner,31,15026,31771.923336088184
2015,395,Frederik Nielsen,32,14883,31469.555105217652
2015,396,Daniel Masur,21,14768,31226.391842629462
2015,397,Deiton Baughman,19,14759,31207.361674252996
2015,398,Richard Gabb,23,14737,31160.843484888297
2015,399,Filip Horansky,22,14708,31099.524053453017
2015,400,Enrique Lopez Perez,24,14616,30904.993443382464
2015,401,Maverick Banes,23,14600,30871.162032935412
2015,402,Yann Marti,27,14574,30816.18599095895
2015,403,Julien Cagnina,21,14505,30670.288033406036
2015,404,Tomas Lipovsek Puches,22,14485,30627.99877034722
2015,405,Yannik Reuter,24,14304,30245.28093966494
2015,406,Alessandro Bega,24,14263,30158.58795039437
2015,407,Markus Eriksson,26,14247,30124.756539947317
2015,408,Robin Stanek,20,14195,30014.804455994396
2015,409,Shuichi Sekiguchi,24,14159,29938.683782488526
2015,410,Mikhail Elgin,34,14056,29720.894077735626
2015,411,Ernesto Escobedo,19,13934,29462.92957307685
2015,412,Vladimir Ivanov,28,13930,29454.471720465088
2015,413,Jules Marie,24,13815,29211.308457876898
2015,414,Grzegorz Panfil,27,13791,29160.561342206318
2015,415,Peter Polansky,27,13724,29018.892310959287
2015,416,Marc Giner,24,13709,28987.175363665174
2015,417,Maximilian Neuchrist,24,13463,28467.01742804174
2015,418,Caio Zampieri,29,13436,28409.926922912342
2015,419,Miki Jankovic,21,13378,28287.288060041777
2015,420,Facundo Mena,23,13305,28132.9322498771
2015,421,Maxime Tabatruong,26,13301,28124.474397265334
2015,422,Marko Tepavac,21,13261,28039.895871147706
2015,423,Bradley Klahn,25,13240,27995.492144935946
2015,424,Roberto Ortega-Olmedo,24,13197,27904.570229359495
2015,425,Hiroyasu Ehara,24,13174,27855.937576841858
2015,426,Tigre Hank,24,13155,27815.762776935982
2015,427,Adam El Mihdawy,26,13024,27538.76810390074
2015,428,Johan Tatlot,19,12992,27471.105283006633
2015,429,Michal Konecny,26,12967,27418.243704183114
2015,430,Vaclav Safranek,21,12961,27405.55692526547
2015,431,Adrian Sikora,27,12897,27270.23128347726
2015,432,Dusan Lojda,27,12836,27141.249031147872
2015,433,Sadio Doumbia,25,12718,26891.74237910086
2015,434,Finn Tearney,25,12660,26769.103516230294
2015,435,Carlos Eduardo Severino,25,12632,26709.898547947952
2015,436,Federico Coria,23,12609,26661.265895430315
2015,437,Gleb Sakharov,27,12605,26652.808042818553
2015,438,Temur Ismailov,20,12484,26396.958001312716
2015,439,Marco Bortolotti,24,12453,26331.409643571555
2015,440,Pablo Vivero Gonzalez,20,12334,26079.7885283716
2015,441,Lorenzo Sonego,20,12229,25857.769897312817
2015,442,Mikael Ymer,17,12205,25807.022781642238
2015,443,Blake Mott,19,12183,25760.504592277543
2015,444,Mate Pavic,22,12084,25551.172740136404
2015,445,Yecong He,21,12075,25532.142571759938
2015,446,Kirill Dmitriev,24,12074,25530.028108606995
2015,447,Scott Griekspoor,24,12061,25502.540087618767
2015,448,Matteo Trevisan,26,12026,25428.53387726584
2015,449,Ivan Gakhov,19,12009,25392.588003665845
2015,450,Jan Choinski,19,11993,25358.756593218794
2015,451,Tom Jomby,24,11976,25322.8107196188
2015,452,Rhyne Williams,24,11923,25210.74417251294
2015,453,Marcelo Demoliner,26,11910,25183.256151524707
2015,454,Danilo Petrovic,23,11761,24868.201141736532
2015,455,Agustin Velotti,23,11643,24618.69448968952
2015,456,Reilly Opelka,18,11562,24447.422974301317
2015,457,Andriej Kapas,26,11499,24314.211795666048
2015,458,Clement Geens,19,11438,24185.22954333666
2015,459,Ivo Klec,35,11413,24132.36796451314
2015,460,Juan Ignacio Galarza,21,11347,23992.81339641905
2015,461,Ivan Endara,27,11331,23958.981985971997
2015,462,Hugo Dellien,22,11316,23927.265038677884
2015,463,Hugo Nys,24,11289,23870.174533548485
2015,464,Fabiano De Paula,27,11287,23865.9456072426
2015,465,Kento Takeuchi,28,11270,23829.99973364261
2015,466,Kevin Krawietz,23,11200,23681.987312936755
2015,467,Riccardo Ghedin,30,11195,23671.41499717205
2015,468,Stefano Travaglia,24,11176,23631.240197266176
2015,469,Omar Giacalone,23,11073,23413.450492513275
2015,470,Sanjar Fayziev,21,10958,23170.287229925085
2015,471,Daniel Smethurst,25,10719,22664.930536372238
2015,472,Carlos Boluda-Purkiss,22,10710,22645.90036799577
2015,473,Jeevan Nedunchezhiyan,27,10658,22535.94828404285
2015,474,Francisco Bahamonde,19,10621,22457.71314738404
2015,475,Patricio Heras,26,10568,22345.646600278178
2015,476,Alexandar Lazov,25,10562,22332.959821360535
2015,477,Adrien Puget,24,10472,22142.658137595863
2015,478,Pascal Brunner,26,10388,21965.043232748838
2015,479,Georgi Rumenov Payakov,26,10278,21732.452285925352
2015,480,Ricardo Rodriguez - Pace,22,10145,21451.22868658423
2015,481,Andrew Whittington,22,10062,21275.728244890146
2015,482,Hernan Casanova,21,10062,21275.728244890146
2015,483,Petru-Alexandru Luncanu,26,9877,20884.5525615961
2015,484,Oscar Otte,22,9809,20740.769067196128
2015,485,Albert Alcaraz Ivorra,20,9772,20662.533930537316
2015,486,Thiago Monteiro,21,9759,20635.045909549088
2015,487,Romain Barbosa,21,9718,20548.352920278514
2015,488,Sam Barry,23,9669,20444.744225784416
2015,489,Anton Zaitcev,28,9669,20444.744225784416
2015,490,Laurent Rochette,27,9666,20438.400836325596
2015,491,Martin Fischer,29,9535,20161.406163290354
2015,492,Florian Fallert,23,9500,20087.399952937423
2015,493,Peter Kobelt,25,9406,19888.640416560993
2015,494,Evgeny Elistratov,20,9167,19383.283723008146
2015,495,Potito Starace,34,9138,19321.964291572862
2015,496,Marc Polmans,18,9134,19313.5064389611
2015,497,Christopher Rungkat,25,9101,19243.729154914054
2015,498,Steven Diez,24,9084,19207.78328131406
2015,499,Sumit Nagal,18,9078,19195.096502396416
2015,500,Baris Erguden,29,9073,19184.524186631712
2015,501,Andrew Harris,21,9070,19178.18079717289
2015,502,Jose Checa-Calvo,30,9066,19169.722944561126
2015,503,Vasile Antonescu,25,9055,19146.463849878775
2015,504,Vishnu Vardhan,28,9047,19129.54814465525
2015,505,Vladyslav Manafov,22,9044,19123.204755196428
2015,506,Thales Turini,26,9037,19108.403513125842
2015,507,Antoine Escoffier,23,9037,19108.403513125842
2015,508,Mario Vilella Martinez,20,9025,19083.029955290553
2015,509,Ilija Bozoljac,30,9015,19061.885323761147
2015,510,Evan King,23,8998,19025.939450161153
2015,511,Takanyi Garanganga,25,8963,18951.933239808226
2015,512,Ricardo Ojeda Lara,22,8945,18913.87290305529
2015,513,Orlando Luz,17,8925,18871.583639996476
2015,514,Marcus Willis,25,8916,18852.55347162001
2015,515,Cheong-Eui Kim,25,8854,18721.45675613768
2015,516,Karim-Mohamed Maamoun,24,8853,18719.34229298474
2015,517,Guillaume Rufin,25,8776,18556.5286302083
2015,518,Matteo Berrettini,19,8696,18387.371577973037
2015,519,Juan Sebastian Gomez,23,8695,18385.257114820095
2015,520,Wilson Leite,24,8566,18112.491368090734
2015,521,Kaichi Uchida,21,8563,18106.147978631914
2015,522,Claudio Fortuna,25,8548,18074.4310313378
2015,523,Viktor Durasovic,18,8522,18019.45498936134
2015,524,Nicolaas Scholtz,24,8493,17958.135557926056
2015,525,Bastian Malla,19,8448,17862.984716043724
2015,526,Julien Dubail,27,8400,17761.490484702565
2015,527,Dragos Dima,23,8381,17721.31568479669
2015,528,Ivan Bjelica,31,8380,17719.20122164375
2015,529,Altug Celikbilek,19,8363,17683.255348043756
2015,530,Gregoire Jacq,23,8317,17585.99004300848
2015,531,Wil Spencer,26,8288,17524.670611573198
2015,532,Peter Heller,23,8274,17495.068127432027
2015,533,Riccardo Bonadio,22,8258,17461.236716984975
2015,534,Joao Domingues,22,8209,17357.628022490877
2015,535,Karunuday Singh,25,8168,17270.935033220303
2015,536,Andre Dome,25,8163,17260.3627174556
2015,537,Jacob Grills,20,8041,17002.398212796823
2015,538,Jung-Woong Na,23,8038,16996.054823338003
2015,539,Benjamin Bonzi,19,8028,16974.910191808594
2015,540,Duje Kekez,22,8011,16938.9643182086
2015,541,Antal Van Der Duim,28,7976,16864.958107855673
2015,542,Nico Matic,23,7946,16801.52421326745
2015,543,Dennis Nevolo,26,7932,16771.92172912628
2015,544,Jaime Pulgar-Garcia,26,7899,16702.144445079233
2015,545,Chuhan Wang,23,7885,16672.541960938062
2015,546,Juan Pablo Paz,20,7876,16653.511792561596
2015,547,Fajing Sun,19,7837,16571.047729596907
2015,548,Christopher O'Connell,21,7790,16471.66796140869
2015,549,Javier Pulgar-Garcia,26,7766,16420.92084573811
2015,550,Lucas Gomez,20,7740,16365.94480376165
2015,551,Juan Lizariturry,24,7739,16363.830340608709
2015,552,Tom Kocevar-Desman,25,7734,16353.258024844004
2015,553,Richard Becker,24,7710,16302.510909173427
2015,554,N.Sriram Balaji,25,7693,16266.565035573432
2015,555,Carlos Gomez-Herrera,25,7687,16253.878256655787
2015,556,Alexander Vasilenko,20,7657,16190.444362067565
2015,557,Pedro Sakamoto,22,7655,16186.215435761684
2015,558,David Rice,26,7648,16171.414193691098
2015,559,Makoto Ochi,19,7636,16146.040635855808
2015,560,Marcos Giraldi Requena,22,7623,16118.552614867578
2015,561,Anil Yuksel,25,7584,16036.088551902887
2015,562,Felipe Mantilla,22,7584,16036.088551902887
2015,563,Hubert Hurkacz,18,7551,15966.311267855841
2015,564,Jui-Chen Hung,25,7548,15959.96787839702
2015,565,Bar Tzuf Botzer,21,7544,15951.510025785255
2015,566,Hans Hach Verdugo,26,7476,15807.726531385282
2015,567,Jean-Marc Werner,25,7443,15737.949247338238
2015,568,Marcelo Zormann,19,7429,15708.346763197067
2015,569,Gonzalo Oliveira,20,7405,15657.599647526487
2015,570,Jerome Inzerillo,25,7399,15644.912868608842
2015,571,Mikhail Ledovskikh,29,7395,15636.45501599708
2015,572,Alexander Igoshin,23,7393,15632.226089691198
2015,573,Daniel Dutra da Silva,27,7377,15598.394679244146
2015,574,Evgeny Karlovskiy,21,7346,15532.84632150298
2015,575,Toshihide Matsui,37,7341,15522.274005738278
2015,576,Maximiliano Estevez,26,7319,15475.755816373581
2015,577,Brayden Schnur,20,7288,15410.207458632416
2015,578,Alexandre Folie,25,7262,15355.231416655955
2015,579,Young Seok Kim,20,7240,15308.713227291259
2015,580,Zdenek Kolar,19,7232,15291.797522067733
2015,581,Jean-Yves Aubone,27,7222,15270.652890538324
2015,582,Miloslav Mecir,27,7149,15116.297080373648
2015,583,Evan Song,23,7085,14980.971438585437
2015,584,Sandro Ehrat,24,7083,14976.742512279556
2015,585,Michael Geerts,20,7082,14974.628049126615
2015,586,Christopher Diaz-Figueroa,25,7015,14832.959017879582
2015,587,Yusuke Watanuki,25,6996,14792.784217973707
2015,588,Viktor Galovic,25,6977,14752.609418067834
2015,589,Guillermo Rivera-Aranguiz,26,6943,14680.717670867847
2015,590,Riccardo Sinicropi,25,6901,14591.910218444335
2015,591,Libor Salaba,23,6900,14589.795755291392
2015,592,Pietro Licciardi,21,6888,14564.422197456104
2015,593,Neil Pauffley,25,6875,14536.934176467874
2015,594,Jesse Witten,33,6870,14526.36186070317
2015,595,Jurabek Karimov,17,6832,14446.012260891419
2015,596,Bradley Mousley,19,6829,14439.668871432597
2015,597,Andrea Collarini,23,6792,14361.43373477379
2015,598,Jorge Hernando Ruano,28,6773,14321.258934867914
2015,599,Dmytro Badanov,27,6766,14306.457692797328
2015,600,Marcin Gawron,27,6763,14300.114303338505
2015,601,Manuel Sanchez,24,6745,14262.053966585572
2015,602,Martin Blasko,19,6734,14238.794871903223
2015,603,Nicola Ghedin,27,6734,14238.794871903223
2015,604,Yannick Hanfmann,24,6727,14223.993629832637
2015,605,Patrik Fabian,21,6716,14200.73453515029
2015,606,Yanais Laurent,23,6710,14188.047756232645
2015,607,Jeremy Jahn,25,6703,14173.24651416206
2015,608,Bernabe Zapata Miralles,18,6690,14145.75849317383
2015,609,Joao Menezes,19,6674,14111.927082726776
2015,610,Filip Veger,21,6663,14088.667988044428
2015,611,Andrea Basso,22,6624,14006.203925079737
2015,612,Vadim Alekseenko,32,6620,13997.746072467973
2015,613,Fritz Wolmarans,29,6555,13860.305967526823
2015,614,Pirmin Haenle,27,6541,13830.703483385652
2015,615,Francesco Vilardo,25,6506,13756.697273032725
2015,616,Markos Kalovelonis,21,6456,13650.974115385687
2015,617,Robby Ginepri,33,6455,13648.859652232744
2015,618,Arata Onozawa,27,6451,13640.401799620982
2015,619,Filippo Leonardi,28,6442,13621.371631244516
2015,620,Federico Zeballos,27,6396,13524.10632620924
2015,621,Miliaan Niesten,27,6352,13431.069947479844
2015,622,Issam Haitham Taweel,26,6348,13422.612094868082
2015,623,Jorge Aguilar,30,6340,13405.696389644556
2015,624,Ljubomir Celebic,24,6318,13359.178200279857
2015,625,Joran Vliegen,22,6316,13354.949273973976
2015,626,Omar Salman,19,6300,13321.117863526924
2015,627,Romain Arneodo,23,6289,13297.858768844575
2015,628,Samuel Bensoussan,24,6272,13261.912895244583
2015,629,Mauricio Echazu,26,6245,13204.822390115181
2015,630,Eric Johnson,22,6235,13183.677758585773
2015,631,Tak Khunn Wang,24,6192,13092.75584300932
2015,632,Yuqing Ning,21,6190,13088.526916703438
2015,633,Pascal Meis,22,6186,13080.069064091675
2015,634,Mico Santiago,21,6181,13069.49674832697
2015,635,Yuya Kibi,29,6160,13025.093022115214
2015,636,Jaume Pla Malfeito,20,6159,13022.978558962273
2015,637,Tallon Griekspoor,19,6101,12900.339696091709
2015,638,Nicolas Alberto Arreche,21,6096,12889.767380327005
2015,639,Jared Hiltzik,21,6018,12724.839254397624
2015,640,Barkin Yalcinkale,24,5987,12659.29089665646
2015,641,Theo Fournerie,18,5982,12648.718580891755
2015,642,Lloyd Glasspool,22,5934,12547.224349550597
2015,643,Mohit Mayur Jayaprakash,22,5916,12509.164012797664
2015,644,Edan Leshem,18,5900,12475.33260235061
2015,645,Andre Gaspar Murta,21,5870,12411.898707762388
2015,646,Christopher Heyman,22,5860,12390.75407623298
2015,647,Luis David Martinez,26,5843,12354.808202632987
2015,648,Juan-Samuel Arauzo-Martinez,25,5828,12323.091255338875
2015,649,Andrei Vasilevski,24,5806,12276.573065974178
2015,650,Mick Lescure,22,5776,12213.139171385954
2015,651,Alexios Halebian,21,5771,12202.566855621251
2015,652,Ricardo Hocevar,30,5751,12160.277592562436
2015,653,Luis Patino,22,5706,12065.1267506801
2015,654,Johannes Haerteis,19,5694,12039.75319284481
2015,655,Xin Gao,21,5641,11927.68664573895
2015,656,Eduard Esteve Lobato,21,5618,11879.05399322131
2015,657,Francesco Picco,24,5610,11862.138287997785
2015,658,Tomislav Jotovski,25,5610,11862.138287997785
2015,659,Akira Santillan,18,5610,11862.138287997785
2015,660,Antoine Bellier,19,5584,11807.162246021324
2015,661,Yannick Thivant,28,5580,11798.704393409562
2015,662,Robin Kern,22,5542,11718.354793597811
2015,663,Leonardo Kirche,30,5541,11716.24033044487
2015,664,Mats Moraing,23,5534,11701.439088374285
2015,665,Tomislav Ternar,25,5526,11684.52338315076
2015,666,Sidharth Rawat,22,5510,11650.691972703706
2015,667,Luke Bambridge,20,5462,11549.197741362548
2015,668,Joe Salisbury,23,5452,11528.053109833141
2015,669,Tobias Simon,24,5444,11511.137404609615
2015,670,Franco Agamenone,22,5426,11473.07706785668
2015,671,James Marsalek,23,5386,11388.498541739049
2015,672,Anis Ghorbel,26,5384,11384.269615433168
2015,673,Pietro Rondoni,22,5374,11363.124983903761
2015,674,Sergey Betov,28,5373,11361.010520750819
2015,675,Jonas Merckx,22,5366,11346.209278680233
2015,676,Vinayak Sharma Kaza,24,5366,11346.209278680233
2015,677,Cristobal Saavedra-Corvalan,25,5362,11337.751426068471
2015,678,Niels Lootsma,21,5356,11325.064647150826
2015,679,Hugo Grenier,19,5356,11325.064647150826
2015,680,Jorge Montero,25,5335,11280.66092093907
2015,681,Ruan Roelofse,26,5332,11274.317531480247
2015,682,Joao Pedro Sorgi,22,5288,11181.281152750853
2015,683,Marc Sieber,27,5284,11172.823300139089
2015,684,Lukas Mugevicius,21,5278,11160.136521221446
2015,685,Ivan Arenas-Gualda,25,5276,11155.907594915563
2015,686,Clay Thompson,23,5271,11145.33527915086
2015,687,Nerman Fatic,21,5228,11054.413363574406
2015,688,Chu-Huan Yi,28,5219,11035.38319519794
2015,689,Martins Podzus,21,5214,11024.810879433235
2015,690,Bowen Ouyang,23,5194,10982.521616374419
2015,691,Mariano Kestelboim,19,5172,10936.003427009722
2015,692,Jonathan Kanar,21,5144,10876.79845872738
2015,693,Nik Razborsek,22,5140,10868.340606115617
2015,694,Joris De Loore,22,5134,10855.653827197973
2015,695,Tom Schonenberg,24,5129,10845.081511433269
2015,696,Pol Toledo Bague,21,5112,10809.135637833275
2015,697,Pruchya Isaro,20,5110,10804.906711527394
2015,698,Yannick Maden,26,5107,10798.563322068572
2015,699,Gonzalo Villanueva,20,5105,10794.33439576269
2015,700,Victor Crivoi,33,5101,10785.876543150927
2015,701,Andre Miele,28,5100,10783.762079997987
2015,702,Philipp Davydenko,23,5075,10730.900501174467
2015,703,Rafael Camilo,25,5068,10716.099259103881
2015,704,Franjo Raspudic,25,5046,10669.581069739184
2015,705,Nino Serdarusic,19,5042,10661.12321712742
2015,706,Petros Chrysochos,19,5039,10654.779827668599
2015,707,Raymond Sarmiento,23,5035,10646.321975056835
2015,708,Gleb Alekseenko,32,4992,10555.400059480382
2015,709,Antonio Massara,20,4970,10508.881870115685
2015,710,Dayne Kelly,25,4934,10432.761196609816
2015,711,Matias Zukas,19,4922,10407.387638774528
2015,712,Matthias Wunner,22,4908,10377.785154633357
2015,713,Tal Goldengoren,19,4908,10377.785154633357
2015,714,Mateo Nicolas Martinez,21,4905,10371.441765174533
2015,715,Henrik Sillanpaa,24,4887,10333.381428421599
2015,716,Toby Martin,22,4882,10322.809112656896
2015,717,Francois-Arthur Vibert,25,4858,10272.061996986316
2015,718,Fabien Reboul,20,4850,10255.14629176279
2015,719,Sherif Sabry,29,4832,10217.085955009856
2015,720,Luca Margaroli,23,4832,10217.085955009856
2015,721,Andres Artunedo Martinavarro,22,4816,10183.254544562804
2015,722,Micke Kontinen,23,4800,10149.423134115752
2015,723,Marvin Netuschil,24,4792,10132.507428892226
2015,724,Anton Galkin,24,4785,10117.70618682164
2015,725,Fred Simonsson,21,4783,10113.477260515758
2015,726,Luca Pancaldi,22,4782,10111.362797362817
2015,727,Alexandre Tsuchiya,23,4777,10100.790481598113
2015,728,Ryusei Makiguchi,24,4752,10047.928902774594
2015,729,Duilio Beretta,23,4747,10037.35658700989
2015,730,Borja Rodriguez Manzano,23,4739,10020.440881786364
2015,731,Ugo Nastasi,22,4732,10005.639639715779
2015,732,Kittipong Wachiramanowong,25,4707,9952.778060892259
2015,733,Evan Hoyt,20,4660,9853.398292704042
2015,734,Mike Urbanija,26,4656,9844.94044009228
2015,735,Fabricio Neis,25,4652,9836.482587480516
2015,736,Florent Diep,24,4644,9819.56688225699
2015,737,Daniele Capecchi,20,4628,9785.735471809938
2015,738,Denis Yevseyev,22,4621,9770.934229739352
2015,739,Elmar Ejupovic,22,4619,9766.70530343347
2015,740,Jorge Panta,20,4602,9730.759429833477
2015,741,Filippo Baldi,19,4595,9715.958187762892
2015,742,Ranjeet Virali-Murugesan,30,4590,9705.385871998187
2015,743,Takashi Saito,20,4546,9612.349493268794
2015,744,Stefanos Tsitsipas,17,4546,9612.349493268794
2015,745,Sebastian Exequiel Pini,21,4535,9589.090398586444
2015,746,Keith-Patrick Crowley,27,4522,9561.602377598214
2015,747,Maciej Rajski,24,4496,9506.626335621753
2015,748,Petr Michnev,26,4486,9485.481704092346
2015,749,Timur Khabibulin,20,4482,9477.023851480582
2015,750,Michal Schmid,27,4478,9468.56599886882
2015,751,Antoine Hoang,20,4466,9443.19244103353
2015,752,Sebastian Fanselow,23,4456,9422.047809504124
2015,753,Prajnesh Gunneswaran,26,4450,9409.361030586479
2015,754,Sander Gille,24,4418,9341.698209692373
2015,755,Pavel Nejedly,22,4412,9329.011430774728
2015,756,Jelle Sels,20,4407,9318.439115010024
2015,757,Sarp Agabigun,18,4377,9255.005220421801
2015,758,Isak Arvidsson,23,4361,9221.173809974749
2015,759,Arthur Surreaux,28,4355,9208.487031057104
2015,760,Luka Ilic,20,4340,9176.770083762993
2015,761,Vasko Mladenov,26,4302,9096.420483951242
2015,762,Min-Hyeok Cho,28,4296,9083.733705033597
2015,763,Masato Shiga,24,4253,8992.811789457144
2015,764,Daniele Giorgini,31,4218,8918.805579104217
2015,765,Michael Grant,23,4210,8901.889873880691
2015,766,Takao Suzuki,39,4182,8842.68490559835
2015,767,Maxime Tchoutakian,21,4174,8825.769200374822
2015,768,Ricardo Villacorta-Alonso,30,4160,8796.16671623365
2015,769,Ryota Tanuma,20,4150,8775.022084704244
2015,770,Scott Clayton,21,4120,8711.588190116021
2015,771,Jordan Ubiergo,22,4104,8677.756779668967
2015,772,Zhaoyi Cao,22,4090,8648.154295527796
2015,773,Marat Deviatiarov,21,4090,8648.154295527796
2015,774,Juan Ignacio Ameal,21,4064,8593.178253551336
2015,775,Daniiar Duldaev,23,4063,8591.063790398395
2015,776,Leon Schutt,22,4062,8588.949327245455
2015,777,Eduardo Dischinger,23,4057,8578.37701148075
2015,778,Ben McLachlan,23,4050,8563.575769410165
2015,779,Matteo Marfia,28,4033,8527.629895810172
2015,780,Sergio Martos Gornes,21,4024,8508.599727433704
2015,781,Francesco Borgo,30,3988,8432.479053927837
2015,782,Milos Sekulic,26,3984,8424.021201316074
2015,783,Matias Franco Descotte,21,3978,8411.33442239843
2015,784,Teri Groll,23,3975,8404.991032939606
2015,785,Hiromasa Oku,26,3944,8339.442675198443
2015,786,Alejandro Mendoza,25,3930,8309.840191057272
2015,787,Issei Okamura,23,3891,8227.376128092581
2015,788,Tiago Lopes,29,3887,8218.918275480817
2015,789,Eduardo Agustin Torre,21,3880,8204.117033410232
2015,790,Samuel Ribeiro Navarrete,22,3864,8170.28562296318
2015,791,Peter Nagy,23,3846,8132.225286210246
2015,792,Adrian Partl,22,3838,8115.30958098672
2015,793,Lennert Van Der Linden,26,3822,8081.478170539667
2015,794,Adria Mas Mascolo,22,3794,8022.2732022573255
2015,795,Alessandro Colella,23,3784,8001.128570727918
2015,796,Felipe Escobar,21,3784,8001.128570727918
2015,797,Dominik Suc,25,3768,7967.297160280865
2015,798,Martin Vaisse,28,3745,7918.664507763227
2015,799,Nicolas Reissig,26,3740,7908.092191998523
2015,800,Dominik Kellovsky,19,3727,7880.604171010293
2015,801,Fedor Chervyakov,22,3717,7859.459539480885
2015,802,Antonio Sancic,27,3702,7827.742592186773
2015,803,Cameron Norrie,20,3695,7812.941350116188
2015,804,Yuichi Ito,29,3694,7810.8268869632475
2015,805,Karim Hossam,21,3686,7793.911181739721
2015,806,Dekel Bar,22,3672,7764.30869759855
2015,807,Matthieu Roy,26,3642,7700.874803010326
2015,808,Denis Bejtulahi,28,3624,7662.814466257392
2015,809,Nuno Deus,20,3614,7641.669834727984
2015,810,Medy Chettar,23,3610,7633.211982116221
2015,811,Collin Altamirano,20,3600,7612.0673505868135
2015,812,Yong-Kyu Lim,24,3566,7540.175603386827
2015,813,Filip Brtnicky,23,3532,7468.28385618684
2015,814,Ricardo Urzua-Rivera,26,3518,7438.681372045669
2015,815,Caio Silva,24,3484,7366.789624845683
2015,816,Luca George Tatomir,20,3482,7362.560698539802
2015,817,George Von Massow,25,3454,7303.35573025746
2015,818,Justin S. Shane,23,3453,7301.241267104519
2015,819,Danylo Kalenichenko,21,3450,7294.897877645696
2015,820,Bruno Santanna,22,3436,7265.295393504525
2015,821,Artur Dubinski,19,3407,7203.975962069243
2015,822,Martin Cuevas,23,3390,7168.03008846925
2015,823,Miguel Semmler,18,3384,7155.343309551605
2015,824,Jacob Adaktusson,35,3376,7138.427604328079
2015,825,Gabor Borsos,24,3368,7121.511899104552
2015,826,Damon Gooch,29,3362,7108.825120186908
2015,827,Teodor-Dacian Craciun,35,3350,7083.451562351618
2015,828,Andrei Stefan Apostol,20,3346,7074.993709739855
2015,829,Tyler Hochwalt,26,3332,7045.391225598684
2015,830,Jannis Kahlke,21,3296,6969.270552092816
2015,831,Nikita Kryvonos,29,3294,6965.041625786935
2015,832,Hiroki Kondo,33,3272,6918.523436422237
2015,833,Ryan Haviland,35,3271,6916.408973269296
2015,834,Jonathan Mridha,20,3256,6884.692025975185
2015,835,Daniel Glancy,27,3220,6808.5713524693165
2015,836,Matej Sabanov,23,3210,6787.426720939909
2015,837,Jarryd Chaplin,23,3196,6757.824236798738
2015,838,Gustavo Vellbach,23,3182,6728.221752657567
2015,839,Gibril Diarra,25,3172,6707.077121128159
2015,840,Karol Drzewiecki,20,3170,6702.848194822278
2015,841,Leandro Portmann,21,3158,6677.474636986988
2015,842,Cameron Silverman,23,3092,6537.920068892897
2015,843,Timon Reichelt,26,3090,6533.691142587015
2015,844,Patrick Ofner,22,3076,6504.088658445844
2015,845,David Souto,23,3054,6457.570469081147
2015,846,Elie Rousset,26,3049,6446.998153316443
2015,847,Sho Katayama,26,3040,6427.967984939976
2015,848,Denis Matsukevich,29,3039,6425.853521787035
2015,849,Matwe Middelkoop,32,3033,6413.166742869391
2015,850,Matthew Short,25,3030,6406.823353410568
2015,851,Katsuki Nagao,26,3012,6368.763016657634
2015,852,Hannes Wagner,20,2988,6318.015900987055
2015,853,Federico Maccari,21,2964,6267.268785316476
2015,854,Simeon Rossier,20,2952,6241.895227481187
2015,855,Dejan Katic,27,2930,6195.37703811649
2015,856,Sami Reinwein,23,2914,6161.545627669438
2015,857,Gregoire Burquier,31,2908,6148.858848751793
2015,858,Walter Trusendi,30,2880,6089.653880469451
2015,859,Florent Serra,34,2844,6013.533206963582
2015,860,Valery Rudnev,27,2796,5912.038975622425
2015,861,Gabriel Alejandro Hidalgo,25,2788,5895.123270398899
2015,862,Carlos Salamanca,32,2781,5880.3220283283135
2015,863,Antonio Campo,22,2746,5806.315817975386
2015,864,Nathan Pasha,23,2733,5778.827796987156
2015,865,Cristian Rodriguez,25,2732,5776.7133338342155
2015,866,Romain Bauvy,21,2730,5772.484407528334
2015,867,Greg Ouellette,29,2675,5656.188934116591
2015,868,Gengo Kikuchi,24,2660,5624.471986822479
2015,869,George Tsivadze,22,2628,5556.809165928374
2015,870,Denys Mylokostov,22,2594,5484.917418728387
2015,871,Isaac Frost,26,2584,5463.77278719898
2015,872,Matteo Fago,28,2552,5396.109966304874
2015,873,Thibault Venturino,26,2506,5298.844661269599
2015,874,Colin Van Beem,23,2490,5265.013250822546
2015,875,Oscar Jose Gutierrez,22,2483,5250.212008751961
2015,876,Jonny O'Mara,20,2481,5245.983082446079
2015,877,Christian Trubrig,23,2322,4909.783441128495
2015,878,Tom Farquharson,23,2287,4835.777230775568
2015,879,Lorenzo Frigerio,26,2286,4833.662767622626
2015,880,Adelchi Virgili,25,2285,4831.548304469686
2015,881,Alexandros Jakupovic,34,2282,4825.204915010863
2015,882,Maciej Smola,22,2276,4812.518136093219
2015,883,Piotr Lomacki,20,2226,4706.79497844618
2015,884,Hong Chung,22,2198,4647.590010163838
2015,885,Chandril Sood,24,2120,4482.661884234457
2015,886,Jeroen Vanneste,21,2090,4419.227989646233
2015,887,Kunal Anand,23,2078,4393.854431810944
2015,888,Victor Baluda,23,2056,4347.336242446247
2015,889,Mikelis Libietis,23,1992,4212.010600658037
2015,890,Marek Jaloviec,21,1970,4165.4924112933395
2015,891,Ronald Slobodchikov,22,1902,4021.7089168933667
2015,892,Hassan Ndayishimiye,21,1900,4017.479990587485
2015,893,Patrik Rosenholm,27,1898,4013.2510642816032
2015,894,Julian Lenz,22,1881,3977.30519068161
2015,895,Divij Sharan,29,1872,3958.275022305143
2015,896,Guillermo Duran,27,1755,3710.8828334110717
2015,897,Rudy Coco,31,1704,3603.0452126110918
2015,898,Julio Peralta,34,1654,3497.3220549640528
2015,899,Harri Heliovaara,26,1464,3095.5740559053042
2015,900,Mikolaj Jedruszczak,22,1312,2774.1756566583053
2015,901,Jonas Luetjen,25,1280,2706.5128357642006
2015,902,Cristian Villagran,33,1192,2520.4400783054116
2015,903,Roman Safiullin,18,1032,2182.1259738348867
2015,904,Alexis Klegou,26,753,1592.1907541644084
2016,1,Andy Murray,29,16327821,32033791.159227274
2016,2,Novak Djokovic,29,14130464,27722764.2781593
2016,3,Stan Wawrinka,31,6849059,13437269.164282607
2016,4,Milos Raonic,25,5562684,10913511.21137199
2016,5,Kei Nishikori,26,4804963,9426927.283794584
2016,6,Marin Cilic,28,3405427,6681157.107613677
2016,7,Gael Monfils,30,3372418,6616396.267059697
2016,8,Dominic Thiem,23,3047118,5978185.432674837
2016,9,Rafael Nadal,30,2714278,5325181.761858186
2016,10,Tomas Berdych,31,2583756,5069108.738416499
2016,11,David Goffin,26,2302109,4516541.364078987
2016,12,Jo-Wilfried Tsonga,31,2217645,4350830.205408582
2016,13,Roberto Bautista Agut,28,1905873,3739160.1523565184
2016,14,Nick Kyrgios,21,1757289,3447651.0265765004
2016,15,Lucas Pouille,22,1673930,3284107.7835900644
2016,16,Grigor Dimitrov,25,1617502,3173400.863938454
2016,17,Roger Federer,35,1527269,2996371.419674547
2016,18,John Isner,31,1392559,2732081.897694884
2016,19,David Ferrer,34,1356929,2662178.8788534063
2016,20,Alexander Zverev,19,1324084,2597739.792301391
2016,21,Richard Gasquet,30,1302037,2554485.460098246
2016,22,Pablo Cuevas,30,1270475,2492563.5100372103
2016,23,Ivo Karlovic,37,1267349,2486430.5648534195
2016,24,Jack Sock,24,1220799,2395103.438076244
2016,25,Gilles Simon,31,1209501,2372937.72640431
2016,26,Albert Ramos-Vinolas,28,1180393,2315830.314884868
2016,27,Viktor Troicki,30,1092008,2142426.488887002
2016,28,Bernard Tomic,24,1085126,2128924.5922923614
2016,29,Feliciano Lopez,35,1068604,2096509.838509064
2016,30,Martin Klizan,27,1051512,2062976.7933774746
2016,31,Steve Johnson,27,1015212,1991759.2917230928
2016,32,Sam Querrey,29,1008633,1978851.8552662283
2016,33,Pablo Carreno Busta,25,990823,1943910.1554187203
2016,34,Joao Sousa,27,977038,1916865.1620218705
2016,35,Marcos Baghdatis,31,948524,1860923.1278022274
2016,36,Philipp Kohlschreiber,33,915345,1795828.7617584055
2016,37,Juan Martin del Potro,28,902365,1770363.109651687
2016,38,Nicolas Mahut,34,869846,1706563.6072743086
2016,39,Andrey Kuznetsov,25,868236,1703404.9246940454
2016,40,Marcel Granollers,30,867769,1702488.7105543043
2016,41,Benoit Paire,27,844929,1657678.5800367815
2016,42,Fernando Verdasco,33,771606,1513825.1124388687
2016,43,Nicolas Almagro,31,758290,1487700.257011052
2016,44,Gilles Muller,33,752158,1475669.796401006
2016,45,Kyle Edmund,21,729009,1430253.43425783
2016,46,Fabio Fognini,29,714581,1401946.929743521
2016,47,Paolo Lorenzi,35,704215,1381609.7225217766
2016,48,Florian Mayer,33,695103,1363732.7562662745
2016,49,Federico Delbonis,26,681685,1337407.7855445528
2016,50,Borna Coric,20,672058,1318520.4332462957
2016,51,Jeremy Chardy,29,656384,1287769.3830829132
2016,52,Guillermo Garcia-Lopez,33,645052,1265536.966313011
2016,53,Kevin Anderson,30,636955,1249651.343423327
2016,54,Jiri Vesely,23,636567,1248890.1205406298
2016,55,Adrian Mannarino,28,615702,1207954.7714492064
2016,56,Guido Pella,26,612906,1202469.2580986375
2016,57,Illya Marchenko,29,580369,1138634.4412576286
2016,58,Andreas Seppi,32,570779,1119819.679801278
2016,59,Alexandr Dolgopolov,28,553480,1085880.5183379406
2016,60,Mikhail Youzhny,34,543619,1066534.07801249
2016,61,Damir Dzumhur,24,535650,1050899.58019751
2016,62,Juan Monaco,32,526668,1033277.6628460044
2016,63,Stephane Robert,36,525757,1031490.3586033834
2016,64,Thomaz Bellucci,28,517431,1015155.4572597365
2016,65,Malek Jaziri,32,511025,1002587.4320366519
2016,66,John Millman,27,502179,985232.3350770194
2016,67,Mischa Zverev,29,494173,969525.2464201328
2016,68,Paul-Henri Mathieu,34,484843,951220.5827717752
2016,69,Vasek Pospisil,26,478228,938242.5173876502
2016,70,Taylor Fritz,19,473347,928666.4119999082
2016,71,Teymuraz Gabashvili,31,465810,913879.4613120549
2016,72,Dusan Lajovic,26,463904,910140.0519965383
2016,73,Donald Young,27,460911,904268.0414606825
2016,74,Robin Haase,29,446909,876797.3125856231
2016,75,Karen Khachanov,20,444991,873034.3602943531
2016,76,Aljaz Bedene,27,441999,867164.3116731434
2016,77,Diego Schwartzman,24,441495,866175.5066914958
2016,78,Lukas Rosol,31,440641,864500.031583704
2016,79,Mikhail Kukushkin,29,418887,821820.5403718742
2016,80,Inigo Cervantes,27,413135,810535.6073273562
2016,81,Denis Istomin,30,405400,795360.1975395698
2016,82,Pierre-Hugues Herbert,25,405112,794795.1661214855
2016,83,Ernests Gulbis,28,403034,790718.3074868353
2016,84,Rajeev Ram,32,390750,766618.1479738207
2016,85,Daniel Evans,26,390475,766078.621446136
2016,86,Victor Estrella Burgos,36,388180,761576.0273332763
2016,87,Denis Kudla,24,371613,729072.9873909033
2016,88,Jan-Lennard Struff,26,370927,727727.1139436606
2016,89,Ryan Harrison,24,360723,707707.7368945887
2016,90,Ricardas Berankis,26,359596,705496.6590884045
2016,91,Benjamin Becker,35,346447,679699.4434064907
2016,92,Radek Stepanek,38,344611,676097.368116203
2016,93,Dudi Sela,31,344437,675755.994967777
2016,94,Dustin Brown,32,344360,675604.9275400253
2016,95,Sergiy Stakhovsky,30,337453,662053.9830792316
2016,96,Horacio Zeballos,31,336458,660101.8780063359
2016,97,Jared Donaldson,20,335854,658916.8815600757
2016,98,Evgeny Donskoy,26,334632,656519.4218625095
2016,99,Ivan Dodig,31,334252,655773.8942969815
2016,100,Julien Benneteau,35,331430,650237.3711656133
2016,101,Santiago Giraldo,29,311876,611874.0921752612
2016,102,Janko Tipsarevic,32,311279,610702.8291315238
2016,103,Leonardo Mayer,29,308291,604840.6281688988
2016,104,Yen-Hsun Lu,33,304610,597618.8203565081
2016,105,Yoshihito Nishioka,21,289929,568815.951436729
2016,106,Bjorn Fratangelo,23,287848,564733.2070581404
2016,107,Facundo Bagnis,26,287121,563306.8951104066
2016,108,Jordan Thompson,22,278130,545667.3205270858
2016,109,Taro Daniel,23,261605,513246.68099985
2016,110,Radu Albot,27,259687,509483.72870857985
2016,111,Gastao Elias,26,250017,490512.01408053935
2016,112,Sam Groth,29,248789,488102.78289509634
2016,113,Lukas Lacko,29,240526,471891.48217415536
2016,114,Hyeon Chung,20,237733,466411.8545675248
2016,115,Renzo Olivo,24,236126,463259.0577312
2016,116,Nikoloz Basilashvili,24,234427,459925.76474743156
2016,117,Steve Darcis,32,232351,455852.8299420735
2016,118,Thomas Fabbiano,27,230436,452095.7633947418
2016,119,Yuichi Sugita,28,230393,452011.40106495837
2016,120,Tim Smyczek,28,220291,432192.13930979127
2016,121,Quentin Halys,20,214923,421660.58148938575
2016,122,Brian Baker,31,212593,417089.3203639116
2016,123,Rogerio Dutra Silva,32,210289,412569.06901923683
2016,124,Carlos Berlocq,33,201474,395274.7914136342
2016,125,James Duckworth,24,201084,394509.64470164495
2016,126,Andrej Martin,27,199166,390746.6924103749
2016,127,Jozef Kovalik,24,193073,378792.7464715278
2016,128,Daniel Gimeno-Traver,31,192555,377776.4746848344
2016,129,Albert Montanes,36,190376,373501.46267092536
2016,130,Dennis Novikov,23,190229,373213.06121794484
2016,131,Marco Chiudinelli,35,186832,366548.4371650541
2016,132,Thiemo de Bakker,28,184218,361419.9922800801
2016,133,Igor Sijsling,29,183396,359807.29844096437
2016,134,Frances Tiafoe,18,182814,358665.4641169189
2016,135,Daniel Brands,29,179978,353101.47418050497
2016,136,Marco Trungelliti,26,174995,343325.253498858
2016,137,Gerald Melzer,26,174960,343256.5864862436
2016,138,Marco Cecchinato,24,171578,336621.3911530447
2016,139,Adam Pavlasek,22,171483,336435.0092616627
2016,140,Daniel Munoz de la Nava,34,168915,331396.81245041057
2016,141,Tobias Kamke,30,157666,309327.2345961367
2016,142,Konstantin Kravchuk,31,157438,308879.91805681994
2016,143,Dmitry Tursunov,34,154898,303896.65485565935
2016,144,Austin Krajicek,26,153657,301461.9187798167
2016,145,Michael Berrer,36,150509,295285.81147381134
2016,146,Daniil Medvedev,20,150270,294816.9138733872
2016,147,Roberto Carballes Baena,23,149433,293174.79131457955
2016,148,Alessandro Giannessi,26,148490,291324.7058032825
2016,149,Ernesto Escobedo,20,144172,282853.1583613095
2016,150,Thiago Monteiro,22,143966,282449.0039442075
2016,151,Marius Copil,26,139268,273231.9289367065
2016,152,Simone Bolelli,31,138770,272254.89544293564
2016,153,Vincent Millot,30,137734,270222.3518695489
2016,154,Kenny De Schepper,29,137645,270047.74146604363
2016,155,Jan Satral,26,136062,266942.0305812258
2016,156,Di Wu,25,135221,265292.0603638337
2016,157,Edouard Roger-Vasselin,33,134633,264138.45455191145
2016,158,Andrey Rublev,19,131887,258751.03693364887
2016,159,Matthew Barton,25,131850,258678.4460917422
2016,160,Mathias Bourgue,22,129685,254430.90088287892
2016,161,Ruben Bemelmans,28,125381,245986.82024595168
2016,162,Franko Skugor,29,124628,244509.49851741863
2016,163,Guido Andreozzi,25,121878,239114.2332405715
2016,164,Henri Laaksonen,24,121563,238496.23012704175
2016,165,Mirza Basic,25,120475,236361.66699205645
2016,166,Noah Rubin,20,119924,235280.6520220409
2016,167,Marsel Ilhan,29,118946,233361.89949812944
2016,168,Alexander Kudryavtsev,31,117597,230715.27664050518
2016,169,Marton Fucsovics,24,117220,229975.6348189156
2016,170,Reilly Opelka,19,106786,209505.0174012346
2016,171,Elias Ymer,20,105991,207945.29525756426
2016,172,Stefan Kozlov,18,104851,205708.71256098038
2016,173,Saketh Myneni,29,104322,204670.85971317958
2016,174,Tristan Lamasine,23,103137,202345.99085752002
2016,175,Michael Mmoh,18,103038,202151.76130755353
2016,176,James Ward,29,102078,200268.32324727235
2016,177,Alejandro Gonzalez,27,101820,199762.14926857178
2016,178,Tatsuma Ito,28,101220,198585.00048089607
2016,179,Go Soeda,32,100907,197970.92119665854
2016,180,Tommy Robredo,34,100835,197829.66334213747
2016,181,Peter Polansky,28,99391,194996.6585931312
2016,182,Nicolas Kicker,24,97361,191013.97186149497
2016,183,Steven Diez,25,97020,190344.95896716593
2016,184,Peter Gojowczyk,27,96698,189713.22245111328
2016,185,Maximo Gonzalez,33,95837,188024.0139407986
2016,186,Luca Vanni,31,94448,185298.9144973293
2016,187,Jerzy Janowicz,26,94252,184914.37922668856
2016,188,Grega Zemlja,30,93273,182993.664788131
2016,189,Guilherme Clezar,23,90813,178167.35475866048
2016,190,Andrea Arnaboldi,28,89981,176535.04177308347
2016,191,Hiroki Moriya,26,89519,175628.63720657316
2016,192,Aleksandr Nedovyesov,29,89159,174922.3479339677
2016,193,Jordi Samper-Montana,26,87719,172097.19084354595
2016,194,Gregoire Barrere,22,87634,171930.4280986252
2016,195,Ze Zhang,26,87530,171726.3889754281
2016,196,Pablo Andujar,30,86964,170615.94528572066
2016,197,Joao Souza,28,84751,166274.22817384332
2016,198,Ilya Ivashka,22,84605,165987.7886355089
2016,199,Mackenzie McDonald,21,82188,161245.84093582182
2016,200,Luke Saville,22,82105,161083.00202019335
2016,201,Tommy Paul,19,81077,159066.1537639756
2016,202,Alexander Sarkissian,26,80722,158369.67406460078
2016,203,Laslo Djere,21,80697,158320.62619844763
2016,204,Duckhee Lee,18,80131,157210.1825087402
2016,205,Amir Weintraub,30,79390,155756.40375596067
2016,206,Adrian Menendez-Maceiras,31,79362,155701.47014586913
2016,207,John-Patrick Smith,27,78413,153839.61314669534
2016,208,Zhe Li,30,78204,153429.57298565496
2016,209,Norbert Gombos,26,77812,152660.50244437347
2016,210,Brydan Klein,26,77087,151238.11432593197
2016,211,Federico Gaio,24,76508,150102.1657458249
2016,212,Enrique Lopez Perez,25,74648,146453.00450403013
2016,213,Filip Krajinovic,24,74259,145689.81970668703
2016,214,Liam Broady,22,72026,141308.86430188717
2016,215,Marcus Willis,26,71491,140259.23996620963
2016,216,Frank Dancevic,32,70775,138854.50907958328
2016,217,Darian King,24,70673,138654.3937856784
2016,218,Adrian Ungur,31,70631,138571.99337054108
2016,219,Aslan Karatsev,23,70168,137663.62688938464
2016,220,Albano Olivetti,25,70082,137494.9022298178
2016,221,Yannick Mertens,29,69657,136661.08850521417
2016,222,Ramkumar Ramanathan,22,68998,135368.186753417
2016,223,Jurgen Melzer,35,67594,132613.65859025577
2016,224,Alejandro Falla,33,67292,132021.16036712565
2016,225,Pedja Krstin,22,65864,129219.5462524574
2016,226,Dennis Novak,23,65436,128379.84678391537
2016,227,Matteo Donati,21,65353,128217.0078682869
2016,228,Marcelo Arevalo,26,65189,127895.2538663222
2016,229,Lorenzo Giustino,25,64923,127373.38457045263
2016,230,Andrey Golubev,29,62548,122713.83728590285
2016,231,Aldin Setkic,29,61817,121279.67767958458
2016,232,Axel Michon,26,60987,119651.28852329982
2016,233,Ruben Ramirez Hidalgo,38,60965,119608.12640108504
2016,234,Alexandre Sidorenko,28,60429,118556.54015076139
2016,235,James McGee,29,60340,118381.92974725616
2016,236,Matthias Bachinger,29,60314,118330.91996645687
2016,237,Kimmer Coppejans,22,60064,117840.44130492532
2016,238,Omar Jasika,19,59831,117383.31519237791
2016,239,Jason Jung,27,59305,116351.34808851551
2016,240,Jurgen Zopp,28,58383,114542.46278478715
2016,241,Mitchell Krueger,22,57340,112496.18580887749
2016,242,Alexander Ward,26,57208,112237.21307558884
2016,243,Yuki Bhambri,24,56660,111162.08384951166
2016,244,Salvatore Caruso,24,56548,110942.34940914552
2016,245,Dmitry Popko,20,56320,110495.03286982875
2016,246,Arthur De Greef,24,56037,109939.81102497503
2016,247,Andrew Whittington,23,55741,109359.08428972166
2016,248,Alexander Bublik,19,55525,108935.31072615841
2016,249,Tennys Sandgren,25,54453,106832.1382255111
2016,250,Calvin Hemery,21,54239,106412.28849124008
2016,251,Andre Ghem,34,54147,106231.79234379648
2016,252,Christian Harrison,22,53300,104570.05063852757
2016,253,Uladzimir Ignatik,26,52907,103799.01818259996
2016,254,Denis Shapovalov,17,52805,103598.90288869508
2016,255,Matthew Ebden,29,52639,103273.22505743813
2016,256,Mohamed Safwat,26,52547,103092.72890999452
2016,257,Sekou Bangoura,25,50350,98782.40243245522
2016,258,Constant Lestienne,24,49964,98025.10337905049
2016,259,Pere Riba,28,49854,97809.2927679766
2016,260,Akira Santillan,19,49173,96473.22889396465
2016,261,Joris De Loore,23,48991,96116.16042836968
2016,262,Marko Tepavac,22,48352,94862.49696949503
2016,263,Blaz Rola,26,47887,93950.20665904634
2016,264,Eduardo Struvay,26,47747,93675.53860858866
2016,265,Daniel Nguyen,26,46521,91270.23125243791
2016,266,Blaz Kavcic,29,46069,90383.44583238885
2016,267,Lleyton Hewitt,35,45955,90159.78756273047
2016,268,David Guez,34,45721,89700.69953553693
2016,269,Filippo Volandri,35,45638,89537.86061990846
2016,270,Miljan Zekic,28,45263,88802.14262761113
2016,271,Edward Corrie,28,45217,88711.89455388932
2016,272,Maximilian Marterer,21,44780,87854.53785353217
2016,273,Ti Chen,33,44272,86857.88521330005
2016,274,Yannik Reuter,25,43339,85027.41884846428
2016,275,Stefano Napolitano,21,43114,84585.98805308588
2016,276,Maxime Janvier,20,42672,83718.82177949809
2016,277,Yan Bai,27,42164,82722.16913926597
2016,278,Facundo Arguello,24,41560,81537.17269300573
2016,279,Marinko Matosevic,31,40808,80061.8128791188
2016,280,Pedro Sousa,28,39821,78125.40312339223
2016,281,Egor Gerasimov,24,39499,77493.66660733959
2016,282,Emilio Gomez,25,39097,76704.97691959685
2016,283,Jonathan Eysseric,26,38800,76122.28826969737
2016,284,Lorenzo Sonego,21,38237,75017.7303239283
2016,285,Nicolas Jarry,21,37836,74231.00255083169
2016,286,Nikola Milojevic,21,37369,73314.78841109075
2016,287,Yasutaka Uchiyama,24,37286,73151.94949546226
2016,288,Agustin Velotti,24,36899,72392.68852741142
2016,289,Benjamin Mitchell,24,36872,72339.71683196601
2016,290,Gonzalo Lama,23,36585,71776.64732852779
2016,291,Oriol Roca Batalla,23,36374,71362.68333819516
2016,292,Jan Mertl,34,35264,69184.95808099504
2016,293,Nils Langer,26,34745,68166.72437965554
2016,294,Michael Linzer,27,34470,67627.19785197082
2016,295,Frederico Ferreira Silva,21,33976,66658.01201678447
2016,296,Hans Podlipnik-Castillo,28,33640,65998.80869568606
2016,297,Marc Polmans,19,33514,65751.60745027415
2016,298,Nikola Mektic,28,32734,64221.31402629571
2016,299,Denys Molchanov,29,32578,63915.255341500015
2016,300,Cristian Garin,20,32519,63799.50237737857
2016,301,Ante Pavic,27,32288,63346.30009412341
2016,302,Casper Ruud,18,32031,62842.088030068975
2016,303,Maxime Chazal,23,31932,62647.85848010248
2016,304,David Perez Sanz,22,31406,61615.891376240084
2016,305,Farrukh Dustov,30,31342,61490.32883888801
2016,306,Cem Ilkel,21,30203,59255.70805695024
2016,307,Yuya Kibi,30,30199,59247.86039836574
2016,308,Lucas Gomez,21,29896,58653.40026058949
2016,309,Tomas Lipovsek Puches,23,29825,58514.104320714534
2016,310,Michal Konecny,27,29710,58288.484136410014
2016,311,Cedrik-Marcel Stebe,26,29654,58178.61691622695
2016,312,Christian Lindell,25,29515,57905.910780415405
2016,313,Alexey Vatutin,24,29352,57586.11869309683
2016,314,Stefanos Tsitsipas,18,28959,56815.08623716923
2016,315,Daniel Masur,22,28616,56142.149513547934
2016,316,Marek Michalicka,30,28457,55830.20508481386
2016,317,Blake Mott,20,28382,55683.061486354396
2016,318,Sam Barry,24,28097,55123.91581220842
2016,319,Jaume Munar,19,27969,54872.79073750426
2016,320,Jeremy Jahn,26,27759,54460.78866181776
2016,321,Laurent Lokoli,22,27750,54443.13143000262
2016,322,Philip Bester,28,27187,53338.57348423356
2016,323,Cameron Norrie,21,26745,52471.407210645775
2016,324,Alex Kuznetsov,29,26697,52377.235307631716
2016,325,Niels Desein,29,26552,52092.75768394341
2016,326,Antal Van Der Duim,29,26497,51984.85237840647
2016,327,Christopher O'Connell,22,26262,51523.80243656681
2016,328,Roberto Ortega-Olmedo,25,25732,50483.98767411991
2016,329,Jose Hernandez-Fernandez,26,25719,50458.48278372027
2016,330,Yannick Maden,27,24915,48881.10340823479
2016,331,Zdenek Kolar,20,24893,48837.94128602001
2016,332,Germain Gigounon,27,24826,48706.49300472956
2016,333,Juan Ignacio Londero,23,24404,47878.565024064286
2016,334,Caio Zampieri,30,24321,47715.72610843581
2016,335,Shuichi Sekiguchi,25,23901,46891.7219570628
2016,336,Nicolas Barrientos,29,23521,46146.19439153484
2016,337,Giovanni Lapentti,33,23471,46048.098659228526
2016,338,Maxime Hamou,21,23427,45961.77441479897
2016,339,Ivan Nedelko,30,23279,45671.41104717229
2016,340,Soonwoo Kwon,19,23221,45557.61999769697
2016,341,Yann Marti,28,23172,45461.48618003679
2016,342,Lloyd Glasspool,23,23085,45290.799605823806
2016,343,Dzmitry Zhyrmont,27,22742,44617.86288220251
2016,344,Eric Quigley,27,22712,44559.00544281872
2016,345,Louis Wessels,18,22508,44158.774855008975
2016,346,Roberto Quiroz,24,22495,44133.26996460933
2016,347,Kristijan Mesaros,28,22448,44041.0599762414
2016,348,Ryan Shane,22,22420,43986.12636614987
2016,349,Yannick Jankovits,29,22416,43978.27870756536
2016,350,Nicolas Meister,27,22395,43937.078499996715
2016,351,Riccardo Bellotti,25,22377,43901.76403636644
2016,352,Sadio Doumbia,26,22290,43731.07746215346
2016,353,Gleb Sakharov,28,22002,43166.04604406911
2016,354,Vaclav Safranek,22,21972,43107.18860468532
2016,355,Bastian Trinker,26,21894,42954.159262287474
2016,356,Marc Sieber,28,21790,42750.12013909035
2016,357,Dragos Dima,24,21633,42442.09953964853
2016,358,Evan King,24,21605,42387.165929557
2016,359,Gianluigi Quinzi,20,21576,42330.27040481934
2016,360,Tim van Rijthoven,19,21477,42136.04085485284
2016,361,Andreas Beck,30,21415,42014.402146793014
2016,362,Yannick Hanfmann,25,21079,41355.198825694606
2016,363,Federico Coria,24,21067,41331.65584994109
2016,364,Jan Hernych,37,20933,41068.759287360175
2016,365,Danilo Petrovic,24,20928,41058.94971412954
2016,366,Matteo Viola,29,20910,41023.635250499276
2016,367,Alessandro Bega,25,20801,40809.786554071514
2016,368,Pedro Cachin,21,20777,40762.70060256449
2016,369,Julian Reister,30,20684,40580.24254047475
2016,370,Maxime Authom,29,20571,40358.54618546249
2016,371,Ricardo Ojeda Lara,23,20502,40223.174074879775
2016,372,Gianluca Mager,22,20341,39907.305816853455
2016,373,Gavin Van Peperzeel,24,20161,39554.161180550735
2016,374,Michal Przysiezny,32,20070,39375.62694775325
2016,375,Sebastian Ofner,20,19856,38955.77721348224
2016,376,Kamil Majchrzak,20,19642,38535.92747921123
2016,377,Miki Jankovic,22,19401,38063.10604949481
2016,378,Artem Smirnov,28,19342,37947.35308537336
2016,379,Alex de Minaur,17,19292,37849.25735306705
2016,380,Clement Geens,20,19281,37827.67629195966
2016,381,Maverick Banes,24,19246,37759.00927934524
2016,382,Connor Smith,26,19207,37682.49460814632
2016,383,Dayne Kelly,26,18926,37131.196592584856
2016,384,Alvaro Lopez San Martin,19,18829,36940.89087191061
2016,385,Finn Tearney,26,18800,36883.995347172946
2016,386,Prajnesh Gunneswaran,27,18499,36293.459038688954
2016,387,Raymond Sarmiento,24,18327,35956.009719555244
2016,388,Lamine Ouahab,32,18230,35765.70399888101
2016,389,Takuto Niki,29,18162,35632.29380294442
2016,390,Jimmy Wang,31,18110,35530.274241345855
2016,391,Adam El Mihdawy,27,17914,35145.73897070512
2016,392,Daniel Cox,26,17733,34790.63241975627
2016,393,Petr Michnev,27,17656,34639.564992004554
2016,394,Gianni Mina,24,17525,34382.55417336202
2016,395,Edoardo Eremin,23,17515,34362.935026900755
2016,396,Sumit Nagal,19,17392,34121.61952542723
2016,397,Laurynas Grigelis,25,17365,34068.64782998182
2016,398,Max Purcell,18,17236,33815.56084063154
2016,399,Hugo Nys,25,17235,33813.59892598541
2016,400,Lloyd Harris,19,17119,33586.01682703477
2016,401,Luis Patino,23,17109,33566.39768057351
2016,402,Facundo Mena,24,17081,33511.464070481976
2016,403,Bradley Mousley,20,17074,33497.73066795909
2016,404,Nino Serdarusic,20,17064,33478.11152149783
2016,405,Carl Soderlund,19,17047,33444.758972513686
2016,406,Sanjar Fayziev,22,17025,33401.596850298905
2016,407,Juan Pablo Paz,21,16982,33317.23452051548
2016,408,Nikola Cacic,26,16951,33256.41516648557
2016,409,Jan Choinski,20,16917,33189.71006851728
2016,410,Dimitar Kuzmanov,23,16883,33123.00497054899
2016,411,Kaichi Uchida,22,16844,33046.49029935006
2016,412,N.Sriram Balaji,26,16709,32781.631822123025
2016,413,Peter Torebko,28,16692,32748.279273138876
2016,414,Brayden Schnur,21,16595,32557.97355246463
2016,415,Karim-Mohamed Maamoun,25,16545,32459.877820158323
2016,416,Jose Pereira,25,16469,32310.772307052728
2016,417,Xin Gao,22,16381,32138.12381819362
2016,418,Joao Domingues,23,16230,31841.87470662856
2016,419,Gonzalo Escobar,27,16166,31716.312169276483
2016,420,Christopher Eubanks,20,16086,31559.358997586387
2016,421,Matt Reid,26,16077,31541.70176577125
2016,422,Adrien Bossel,29,16061,31510.31113143323
2016,423,Aleksandre Metreveli,23,15981,31353.357959743134
2016,424,Carlos Taberner,19,15841,31078.689909285462
2016,425,Tallon Griekspoor,20,15819,31035.527787070685
2016,426,Jarmere Jenkins,26,15792,30982.556091625276
2016,427,Dennis Nevolo,27,15697,30796.174200243287
2016,428,Tomislav Brkic,26,15675,30753.01207802851
2016,429,Somdev Devvarman,31,15560,30527.391893723994
2016,430,Alexandar Lazov,26,15521,30450.877222525072
2016,431,Julien Dubail,28,15479,30368.47680738777
2016,432,Kevin Krawietz,24,15471,30352.78149021876
2016,433,Andrea Collarini,24,15462,30335.124258403623
2016,434,Geoffrey Blancaneaux,18,15212,29844.64559687207
2016,435,Temur Ismailov,21,15111,29646.492217613322
2016,436,Fajing Sun,20,15086,29597.444351460166
2016,437,Joao Pedro Sorgi,23,15065,29556.244143891516
2016,438,Corentin Denolly,19,15022,29471.88181410809
2016,439,Gregoire Jacq,24,14931,29293.3475813106
2016,440,Frederik Nielsen,33,14930,29291.385666664475
2016,441,Marek Jaloviec,22,14922,29275.690349495464
2016,442,Matija Pecotic,27,14661,28763.63062685652
2016,443,Mikael Ymer,18,14612,28667.49680919634
2016,444,Edan Leshem,19,14468,28384.98110015416
2016,445,Oliver Anderson,18,14375,28202.52303806442
2016,446,Gianluca Naso,29,14307,28069.11284212784
2016,447,Attila Balazs,28,14226,27910.197755791614
2016,448,Filip Horansky,23,14221,27900.388182560986
2016,449,Bowen Ouyang,24,14197,27853.302231053956
2016,450,Alexandre Muller,19,14172,27804.2543649008
2016,451,Makoto Ochi,20,14161,27782.67330379341
2016,452,Yecong He,22,14133,27727.73969370188
2016,453,Roman Safiullin,19,14132,27725.777779055752
2016,454,Gerard Granollers,27,14056,27576.672265950157
2016,455,Cheong-Eui Kim,26,14024,27513.89099727412
2016,456,Lenny Hampel,20,13909,27288.270812969604
2016,457,Christopher Rungkat,26,13859,27190.17508066329
2016,458,Hubert Hurkacz,19,13792,27058.726799372835
2016,459,Maxim Dubarenco,23,13659,26797.792151438047
2016,460,Marc Giner,25,13574,26631.02940651732
2016,461,Daniel Elahi Galan,20,13566,26615.33408934831
2016,462,Alejandro Gomez,25,13512,26509.390698457493
2016,463,Robin Stanek,21,13509,26503.504954519114
2016,464,Mikael Torpegaard,22,13356,26203.332013661802
2016,465,Antoine Bellier,20,13310,26113.083939939996
2016,466,Vladyslav Manafov,23,13244,25983.59757329567
2016,467,Jared Hiltzik,22,13189,25875.692267758724
2016,468,Pablo Vivero Gonzalez,21,13143,25785.444194036918
2016,469,Roberto Marcora,27,13134,25767.786962221784
2016,470,Benjamin Bonzi,20,13050,25602.98613194718
2016,471,Maximilian Neuchrist,25,12926,25359.708715827528
2016,472,Juan Ignacio Galarza,22,12918,25344.01339865852
2016,473,Johan Nikles,19,12902,25312.6227643205
2016,474,Scott Griekspoor,25,12759,25032.06896992445
2016,475,Chuhan Wang,24,12683,24882.963456818856
2016,476,Mikelis Libietis,24,12538,24598.485833130555
2016,477,Filip Peliwo,22,12529,24580.828601315417
2016,478,Bastian Malla,20,12479,24482.73286900911
2016,479,Rigele Te,19,12464,24453.304149317213
2016,480,Takanyi Garanganga,26,12436,24398.37053922568
2016,481,Evgeny Karlovskiy,22,12378,24284.57948975036
2016,482,Tak Khunn Wang,25,12310,24151.169293813775
2016,483,Bernabe Zapata Miralles,19,12295,24121.740574121883
2016,484,Maximiliano Estevez,27,12146,23829.415291849076
2016,485,Marvin Netuschil,25,12128,23794.100828218805
2016,486,Stefano Travaglia,24,12051,23643.033400467084
2016,487,Tsung-Hua Yang,25,12000,23542.97575351465
2016,488,Markos Kalovelonis,22,11985,23513.547033822753
2016,489,Lucas Miedler,20,11967,23478.232570192482
2016,490,Dominik Koepfer,22,11965,23474.30874090023
2016,491,Mario Vilella Martinez,21,11912,23370.32726465554
2016,492,Hernan Casanova,22,11852,23252.61238588797
2016,493,Daniel Altmaier,18,11828,23205.52643438094
2016,494,Erik Crepaldi,26,11782,23115.278360659133
2016,495,Alex Bolt,23,11760,23072.116238444356
2016,496,Remi Boutillier,26,11694,22942.629871800025
2016,497,Vladimir Ivanov,29,11692,22938.706042507773
2016,498,Markus Eriksson,27,11640,22836.686480909208
2016,499,Gonzalo Oliveira,21,11638,22832.762651616955
2016,500,Christopher Heyman,23,11486,22534.55162540577
2016,501,Marco Bortolotti,25,11482,22526.703966821267
2016,502,Romain Jouan,31,11468,22499.237161775498
2016,503,Peter Nagy,24,11450,22463.922698145227
2016,504,Isak Arvidsson,24,11361,22289.312294639993
2016,505,Wil Spencer,27,11352,22271.65506282486
2016,506,Bruno Santanna,23,11157,21889.081706830246
2016,507,Kuan-Yi Lee,20,11139,21853.76724319997
2016,508,Nicolaas Scholtz,25,11107,21790.985974523934
2016,509,Orlando Luz,18,11098,21773.328742708796
2016,510,Sebastian Fanselow,24,11079,21736.0523644324
2016,511,Harry Bourchier,20,11065,21708.585559386633
2016,512,Lukas Mugevicius,22,10918,21420.18410640608
2016,513,Fred Gil,31,10907,21398.60304529869
2016,514,Rhyne Williams,25,10825,21237.72604431634
2016,515,Vishnu Vardhan,29,10822,21231.84030037796
2016,516,Thai-Son Kwiatkowski,21,10819,21225.95455643958
2016,517,Greg Jones,27,10805,21198.487751393815
2016,518,Botic van de Zandschulp,21,10728,21047.420323642094
2016,519,Antoine Hoang,21,10712,21016.029689304076
2016,520,Kento Takeuchi,29,10690,20972.8675670893
2016,521,Andrea Pellegrino,19,10658,20910.086298413262
2016,522,Enzo Couacaud,21,10552,20702.12334592388
2016,523,Omar Giacalone,24,10544,20686.42802875487
2016,524,Daniel Cukierman,21,10532,20662.885053001355
2016,525,Albert Alcaraz Ivorra,21,10488,20576.5608085718
2016,526,Walter Trusendi,31,10487,20574.598893925675
2016,527,Peter Kobelt,26,10461,20523.589113126396
2016,528,Yusuke Takahashi,19,10330,20266.57829448386
2016,529,Andres Artunedo Martinavarro,23,10308,20223.416172269084
2016,530,Yong-Kyu Lim,25,10278,20164.558732885296
2016,531,Felix Auger-Aliassime,16,10248,20105.70129350151
2016,532,Austin Smith,23,10216,20042.92002482547
2016,533,Ivan Endara,28,10207,20025.262793010334
2016,534,Patrik Rosenholm,28,10155,19923.243231411772
2016,535,Pol Toledo Bague,22,10143,19899.700255658256
2016,536,Mats Moraing,24,10139,19891.85259707375
2016,537,Mariano Kestelboim,20,10094,19803.56643799807
2016,538,Zhizhen Zhang,20,10080,19776.099632952304
2016,539,Jesse Huta Galung,31,9951,19523.012643602022
2016,540,Altug Celikbilek,20,9938,19497.507753202382
2016,541,Marcelo Zormann,20,9937,19495.545838556256
2016,542,Anil Yuksel,26,9890,19403.335850188323
2016,543,Romain Barbosa,22,9890,19403.335850188323
2016,544,Fabrice Martin,30,9837,19299.35437394363
2016,545,Fernando Romboli,27,9829,19283.659056774624
2016,546,Jaroslav Pospisil,35,9827,19279.73522748237
2016,547,Andriej Kapas,27,9813,19252.268422436602
2016,548,Lorenzo Frigerio,27,9786,19199.296726991197
2016,549,Luke Bambridge,21,9684,18999.18143308632
2016,550,Dominik Kellovsky,20,9628,18889.314212903253
2016,551,Alexis Musialek,28,9628,18889.314212903253
2016,552,Hugo Grenier,20,9595,18824.571029581086
2016,553,Alexander Igoshin,24,9582,18799.066139181446
2016,554,Daniel Dutra da Silva,28,9493,18624.455735676212
2016,555,Gonzales Austin,24,9456,18551.864893769543
2016,556,Amine Ahouda,19,9415,18471.42639327837
2016,557,Maxime Teixeira,27,9383,18408.645124602328
2016,558,Corentin Moutet,17,9372,18387.06406349494
2016,559,Daniel Nolan,19,9280,18206.56791605133
2016,560,Matias Zukas,20,9244,18135.938988790786
2016,561,Tomas Papik,22,9230,18108.472183745016
2016,562,Vitaly Kozyukov,22,9210,18069.233890822492
2016,563,Antonio Massara,21,9170,17990.757304977444
2016,564,Andrea Vavassori,21,9161,17973.100073162306
2016,565,Antoine Escoffier,24,9142,17935.82369488591
2016,566,Niels Lootsma,22,9069,17792.603925718697
2016,567,Franco Agamenone,23,9064,17782.794352488065
2016,568,Claudio Fortuna,26,9048,17751.403718150046
2016,569,Vit Kopriva,19,9030,17716.08925451977
2016,570,Andrew Carter,26,9024,17704.317766643017
2016,571,Jaume Pla Malfeito,21,8974,17606.222034336704
2016,572,Evan Song,24,8733,17133.400604620285
2016,573,Thomas Fancutt,21,8668,17005.87615262208
2016,574,Fred Simonsson,22,8661,16992.142750099196
2016,575,Omar Salman,20,8620,16911.70424960802
2016,576,Viktor Durasovic,19,8571,16815.57043194784
2016,577,Riccardo Bonadio,23,8555,16784.179797609817
2016,578,Manuel Sanchez,25,8524,16723.360443579906
2016,579,Mikhail Elgin,35,8445,16568.369186535932
2016,580,Francisco Bahamonde,20,8444,16566.407271889806
2016,581,Shintaro Imai,23,8408,16495.778344629263
2016,582,Ivan Gakhov,20,8296,16276.043904263126
2016,583,Oscar Otte,23,8292,16268.196245678622
2016,584,Alexander Zhurbin,24,8232,16150.481366911048
2016,585,Cristobal Saavedra-Corvalan,26,8224,16134.786049742039
2016,586,Benjamin Lock,23,8219,16124.976476511409
2016,587,Reda El Amrani,28,8209,16105.357330050145
2016,588,Johan Tatlot,20,8160,16009.22351238996
2016,589,Yaraslav Shyla,23,8159,16007.261597743834
2016,590,Tobias Simon,25,8112,15915.051609375902
2016,591,Clay Thompson,24,8111,15913.089694729775
2016,592,Petru-Alexandru Luncanu,27,8088,15867.965657868874
2016,593,Alex Molcan,19,8066,15824.803535654097
2016,594,Masato Shiga,25,8022,15738.479291224543
2016,595,Patrik Fabian,22,8012,15718.860144763281
2016,596,Gabriel Alejandro Hidalgo,26,7970,15636.459729625978
2016,597,Jonas Luetjen,26,7934,15565.830802365435
2016,598,Michael Geerts,21,7923,15544.249741258047
2016,599,Tucker Vorster,28,7916,15530.516338735162
2016,600,Alexander Vasilenko,21,7871,15442.230179659484
2016,601,Alejandro Tabilo,19,7809,15320.591471599657
2016,602,Alexios Halebian,22,7776,15255.848288277492
2016,603,Marcos Giraldi Requena,23,7760,15224.457653939473
2016,604,Sergey Betov,29,7708,15122.43809234091
2016,605,Michal Schmid,28,7704,15114.590433756404
2016,606,Vadim Alekseenko,33,7670,15047.885335788113
2016,607,Denys Mylokostov,23,7666,15040.037677203607
2016,608,Sebastien Boltz,23,7634,14977.256408527568
2016,609,Sanam Singh,28,7632,14973.332579235317
2016,610,Miguel Semmler,19,7629,14967.446835296938
2016,611,Matteo Berrettini,20,7586,14883.08450551351
2016,612,Carlos Boluda-Purkiss,23,7564,14839.922383298734
2016,613,Federico Zeballos,28,7540,14792.836431791704
2016,614,Maxime Tabatruong,27,7531,14775.179199976568
2016,615,Jay Clarke,18,7508,14730.055163115665
2016,616,Julien Cagnina,22,7489,14692.778784839267
2016,617,Flavio Cipolla,33,7486,14686.893040900888
2016,618,Francesco Vilardo,26,7476,14667.273894439626
2016,619,David Pichler,20,7471,14657.464321208994
2016,620,Jonny O'Mara,21,7444,14604.492625763587
2016,621,Andre Gaspar Murta,22,7431,14578.987735363946
2016,622,Marat Deviatiarov,22,7380,14478.93008841151
2016,623,Gonzalo Villanueva,21,7344,14408.301161150965
2016,624,Laurent Rochette,28,7338,14396.529673274208
2016,625,Ricardo Hocevar,31,7326,14372.986697520693
2016,626,Marcos Giron,23,7324,14369.06286822844
2016,627,Denis Yevseyev,23,7314,14349.443721767178
2016,628,Juan Carlos Saez,25,7196,14117.937793524285
2016,629,Anton Zaitcev,29,7178,14082.623329894011
2016,630,Zihao Xia,19,7176,14078.69950060176
2016,631,Pascal Meis,23,7139,14006.10865869509
2016,632,Pirmin Haenle,28,7104,13937.441646080671
2016,633,Lennert Van Der Linden,27,7063,13857.003145589497
2016,634,Juan Pablo Ficovich,19,7042,13815.802938020846
2016,635,Mick Lescure,23,7018,13768.716986513817
2016,636,Denis Matsukevich,30,6955,13645.116363807865
2016,637,Jules Okala,19,6914,13564.67786331669
2016,638,Liang-Chi Huang,24,6899,13535.249143624796
2016,639,Davide Galoppini,22,6878,13494.048936056146
2016,640,Fabien Reboul,21,6778,13297.857471443524
2016,641,Jelle Sels,21,6752,13246.847690644243
2016,642,Pavel Nejedly,23,6751,13244.885775998117
2016,643,Robin Kern,23,6736,13215.457056306223
2016,644,Andrea Basso,23,6735,13213.495141660096
2016,645,Benjamin Balleret,33,6707,13158.561531568563
2016,646,Jonas Merckx,23,6704,13152.675787630184
2016,647,Sidharth Rawat,23,6684,13113.43749470766
2016,648,Ljubomir Celebic,25,6668,13082.046860369639
2016,649,Alexandar Lazarov,19,6651,13048.694311385494
2016,650,Winston Lin,23,6609,12966.293896248193
2016,651,Gibril Diarra,26,6606,12960.408152309814
2016,652,Ronan Joncour,19,6570,12889.77922504927
2016,653,Carlos Gomez-Herrera,26,6552,12854.464761418998
2016,654,Fabiano De Paula,28,6548,12846.617102834492
2016,655,Nicolas Santos,28,6528,12807.378809911968
2016,656,Miliaan Niesten,28,6510,12772.064346281697
2016,657,Pedro Sakamoto,23,6461,12675.930528621511
2016,658,Young Seok Kim,21,6460,12673.968613975385
2016,659,Issei Okamura,24,6456,12666.120955390881
2016,660,David Poljak,20,6425,12605.301601360969
2016,661,Sander Gille,25,6393,12542.52033268493
2016,662,Juan Sebastian Gomez,24,6354,12466.005661486006
2016,663,Alberto Romero De Avila Senise,19,6333,12424.805453917355
2016,664,Carlos Eduardo Severino,26,6323,12405.186307456093
2016,665,Jose Fco. Vidal Azorin,23,6298,12356.138441302937
2016,666,Vadym Ursu,19,6264,12289.433343334646
2016,667,David Vega Hernandez,22,6226,12214.88058678185
2016,668,Adelchi Virgili,26,6221,12205.071013551218
2016,669,Sami Reinwein,24,6186,12136.404000936802
2016,670,Mico Santiago,22,6169,12103.051451952655
2016,671,Dekel Bar,23,6168,12101.089537306529
2016,672,Thales Turini,27,6150,12065.775073676257
2016,673,Timur Khabibulin,21,6144,12054.003585799499
2016,674,Christoph Negritu,22,6118,12002.993805000218
2016,675,Nathan Pasha,24,6073,11914.707645924538
2016,676,Nicolae Frunza,19,6070,11908.821901986159
2016,677,Filip Veger,22,6058,11885.278926232644
2016,678,Jacopo Stefanini,20,6055,11879.393182294267
2016,679,Filipp Kekercheni,21,6053,11875.469353002014
2016,680,Wilson Leite,25,6047,11863.697865125256
2016,681,Bogdan Borza,19,6038,11846.04063331012
2016,682,Jurabek Karimov,18,6028,11826.421486848858
2016,683,Wishaya Trongcharoenchaikul,21,6014,11798.95468180309
2016,684,Farris Fathi Gosea,22,5994,11759.716388880566
2016,685,Ben Patael,19,5992,11755.792559588313
2016,686,Cristian Rodriguez,26,5988,11747.94490100381
2016,687,Lucas Catarina,20,5971,11714.592352019663
2016,688,Mate Delic,23,5951,11675.354059097139
2016,689,Darren K. Polkinghorne,23,5950,11673.392144451012
2016,690,Joshua Milton,27,5934,11642.001510112994
2016,691,Pascal Brunner,27,5931,11636.115766174615
2016,692,Jumpei Yamasaki,19,5880,11536.058119222178
2016,693,Issam Haitham Taweel,27,5852,11481.124509130643
2016,694,Khumoyun Sultanov,18,5850,11477.200679838392
2016,695,Juan Pablo Varillas,21,5846,11469.353021253886
2016,696,Nerman Fatic,22,5846,11469.353021253886
2016,697,Johannes Haerteis,20,5837,11451.69578943875
2016,698,Joao Monteiro,22,5836,11449.733874792624
2016,699,Simeon Rossier,21,5835,11447.771960146498
2016,700,Nick Chappell,24,5816,11410.4955818701
2016,701,Muhammet Haylaz,21,5782,11343.790483901808
2016,702,Danylo Kalenichenko,22,5756,11292.780703102526
2016,703,Boy Westerhof,31,5734,11249.618580887749
2016,704,Marcin Gawron,28,5714,11210.380287965225
2016,705,Jordan Ubiergo,23,5710,11202.53262938072
2016,706,Bar Tzuf Botzer,22,5696,11175.065824334954
2016,707,Laslo Urrutia Fuentes,26,5693,11169.180080396574
2016,708,Viktor Galovic,26,5653,11090.703494551526
2016,709,Aleksandar Vukic,20,5590,10967.102871845573
2016,710,Yosuke Watanuki,18,5589,10965.140957199448
2016,711,Oscar Jose Gutierrez,23,5553,10894.512029938904
2016,712,Jonathan Kanar,22,5520,10829.768846616738
2016,713,Vasile Antonescu,26,5514,10817.99735873998
2016,714,Steven De Waard,25,5496,10782.682895109709
2016,715,Victor Baluda,24,5478,10747.368431479437
2016,716,Grzegorz Panfil,28,5474,10739.520772894932
2016,717,Adrien Puget,25,5454,10700.282479972408
2016,718,Ilija Vucic,26,5452,10696.358650680155
2016,719,Filippo Baldi,20,5420,10633.577382004116
2016,720,Neil Pauffley,26,5404,10602.186747666097
2016,721,Samuel Bensoussan,25,5380,10555.100796159068
2016,722,Martin Cuevas,24,5348,10492.319527483029
2016,723,Deiton Baughman,20,5345,10486.43378354465
2016,724,Frank Moser,40,5339,10474.662295667893
2016,725,Elmar Ejupovic,23,5334,10464.852722437261
2016,726,Alberto Brizzi,32,5319,10435.424002745367
2016,727,Gianluca Di Nicola,21,5316,10429.53825880699
2016,728,Fabrizio Ornago,24,5310,10417.766770930231
2016,729,Lukasz Kubot,34,5202,10205.8799891486
2016,730,Christopher Diaz-Figueroa,26,5198,10198.032330564096
2016,731,Gengo Kikuchi,25,5188,10178.413184102832
2016,732,Romain Arneodo,24,5183,10168.603610872202
2016,733,John Lamble,24,5166,10135.251061888057
2016,734,Luca Margaroli,24,5165,10133.28914724193
2016,735,Aron Hiltzik,20,5164,10131.327232595804
2016,736,Raleigh Smith,25,5160,10123.479574011299
2016,737,Ilya Vasilyev,20,5152,10107.78425684229
2016,738,Ryan Haviland,36,5145,10094.050854319405
2016,739,Nam Hoang Ly,19,5140,10084.241281088774
2016,740,Yuichi Ito,30,5132,10068.545963919765
2016,741,Daniel Appelgren,20,5113,10031.269585643366
2016,742,Dragos Nicolae Madaras,19,5073,9952.792999798317
2016,743,Raul Brancaccio,19,5068,9942.983426567687
2016,744,Maciej Rajski,25,5048,9903.745133645161
2016,745,Joran Vliegen,23,5028,9864.506840722637
2016,746,George Tsivadze,23,5014,9837.040035676871
2016,747,Juan Manuel Benitez Chavarriaga,21,5014,9837.040035676871
2016,748,Jake Delaney,19,4992,9793.877913462095
2016,749,Andrei Vasilevski,25,4941,9693.820266509656
2016,750,Naoki Nakagawa,20,4940,9691.85835186353
2016,751,Yan Sabanin,26,4906,9625.153253895238
2016,752,Tomislav Jotovski,26,4898,9609.457936726229
2016,753,Yibing Wu,17,4878,9570.219643803704
2016,754,Hiroyasu Ehara,25,4780,9377.952008483335
2016,755,Mikhail Ledovskikh,30,4760,9338.71371556081
2016,756,Maciej Smola,23,4734,9287.703934761528
2016,757,Francis Casey Alcantara,24,4698,9217.075007500986
2016,758,Elie Rousset,27,4676,9173.912885286209
2016,759,Scott Clayton,22,4676,9173.912885286209
2016,760,Jose Olivares,19,4664,9150.369909532694
2016,761,Felipe Mantilla,23,4628,9079.74098227215
2016,762,Martin Beran,21,4626,9075.817152979896
2016,763,Yannick Vandenbulcke,26,4626,9075.817152979896
2016,764,Nicola Ghedin,28,4606,9036.578860057372
2016,765,Alexander Lobkov,26,4598,9020.883542888363
2016,766,Dan Dowson,20,4592,9009.112055011605
2016,767,Jui-Chen Hung,26,4580,8985.56907925809
2016,768,Min-Hyeok Cho,29,4572,8969.87376208908
2016,769,Sherif Sabry,30,4564,8954.178444920071
2016,770,Richard Gabb,24,4522,8871.77802978277
2016,771,Michal Dembek,19,4496,8820.768248983488
2016,772,Sho Katayama,27,4488,8805.072931814479
2016,773,Connor Farren,22,4488,8805.072931814479
2016,774,Luca Pancaldi,23,4472,8773.682297476458
2016,775,Hong Chung,23,4454,8738.367833846187
2016,776,Mateo Nicolas Martinez,22,4452,8734.444004553934
2016,777,Yusuke Watanuki,26,4442,8714.824858092672
2016,778,Jorge Hernando Ruano,29,4438,8706.977199508168
2016,779,Eduard Esteve Lobato,22,4438,8706.977199508168
2016,780,Ryota Tanuma,21,4436,8703.053370215915
2016,781,Cristian Carli,20,4436,8703.053370215915
2016,782,Pietro Licciardi,22,4428,8687.358053046904
2016,783,Roberto Cid Subervi,23,4400,8632.424442955371
2016,784,Milos Sekulic,27,4374,8581.414662156089
2016,785,Thomas Brechemier,20,4372,8577.490832863838
2016,786,Tal Goldengoren,20,4370,8573.567003571585
2016,787,Marc Fornell-Mestres,34,4368,8569.643174279332
2016,788,Julian Onken,28,4346,8526.481052064555
2016,789,George Von Massow,26,4336,8506.861905603293
2016,790,Gabor Borsos,25,4334,8502.93807631104
2016,791,Moez Echargui,23,4323,8481.357015203652
2016,792,Caio Silva,25,4317,8469.585527326895
2016,793,Julian Lenz,23,4314,8463.699783388516
2016,794,Matteo Trevisan,27,4297,8430.34723440437
2016,795,Renta Tokuda,18,4284,8404.84234400473
2016,796,Jean-Marc Werner,26,4282,8400.918514712477
2016,797,Duje Kekez,23,4270,8377.375538958962
2016,798,Kirill Dmitriev,25,4270,8377.375538958962
2016,799,Patrik Nema,19,4263,8363.64213643608
2016,800,Dejan Katic,28,4262,8361.680221789953
2016,801,Dominic Weidinger,21,4234,8306.746611698418
2016,802,Borna Gojo,18,4230,8298.898953113914
2016,803,Florian Fallert,24,4230,8298.898953113914
2016,804,Patrik Niklas-Salminen,19,4223,8285.16555059103
2016,805,Francois-Arthur Vibert,26,4212,8263.584489483641
2016,806,Hugo Voljacques,23,4208,8255.736830899137
2016,807,Petar Conkic,20,4192,8224.346196561117
2016,808,Nuno Deus,21,4180,8200.803220807602
2016,809,James Marsalek,24,4174,8189.0317329308455
2016,810,Gijs Brouwer,20,4152,8145.869610716069
2016,811,Alessandro Luisi,27,4150,8141.945781423816
2016,812,Ken Onishi,20,4146,8134.098122839311
2016,813,Florent Diep,25,4146,8134.098122839311
2016,814,Jeremy Beale,22,4144,8130.174293547058
2016,815,Jonathan Mridha,21,4138,8118.402805670301
2016,816,Jakob Sude,25,4132,8106.6313177935435
2016,817,Vasko Mladenov,27,4124,8090.936000624534
2016,818,David Agung Susanto,25,4106,8055.621536994262
2016,819,Leon Schutt,23,4090,8024.2309026562425
2016,820,Jorge Montero,26,4080,8004.61175619498
2016,821,Evgeny Elistratov,21,4060,7965.373463272456
2016,822,Kenneth Raisma,18,4058,7961.4496339802035
2016,823,Anis Ghorbel,27,4028,7902.592194596417
2016,824,Nils Brinkmann,24,3952,7753.486681490825
2016,825,Ricardo Rodriguez - Pace,23,3950,7749.562852198572
2016,826,Colin Van Beem,24,3944,7737.791364321814
2016,827,Hunter Callahan,24,3920,7690.705412814785
2016,828,Romain Bauvy,22,3914,7678.933924938028
2016,829,David Pel,25,3899,7649.505205246134
2016,830,Alon Elia,21,3898,7647.543290600008
2016,831,Nicola Kuhn,16,3888,7627.924144138746
2016,832,Patricio Heras,27,3866,7584.762021923969
2016,833,Ilya Lebedev,26,3866,7584.762021923969
2016,834,Aria Harajchi,20,3864,7580.838192631717
2016,835,Franco Emanuel Egea,20,3864,7580.838192631717
2016,836,Dominik Boehler,20,3852,7557.295216878202
2016,837,Julian Ocleppo,19,3850,7553.371387585949
2016,838,Bernd Kossler,23,3830,7514.133094663425
2016,839,Teodor-Dacian Craciun,36,3818,7490.59011890991
2016,840,Ivan Davydov,20,3816,7486.666289617659
2016,841,Louis Tessa,18,3808,7470.970972448648
2016,842,Thomas Statzberger,24,3808,7470.970972448648
2016,843,Milan Drinic,19,3794,7443.504167402882
2016,844,Hugo Dellien,23,3784,7423.885020941619
2016,845,Juan Lizariturry,25,3780,7416.037362357114
2016,846,Matias Franco Descotte,22,3774,7404.265874480357
2016,847,Andre Miele,29,3763,7382.684813372968
2016,848,Ranjeet Virali-Murugesan,31,3748,7353.256093681075
2016,849,Mor Bulis,20,3714,7286.550995712783
2016,850,Gian Marco Moroni,18,3712,7282.6271664205315
2016,851,Oleg Khotkov,26,3692,7243.388873498006
2016,852,Stanislav Poplavskyy,25,3689,7237.503129559628
2016,853,Tung-Lin Wu,18,3686,7231.617385621249
2016,854,Sergio Martos Gornes,22,3672,7204.150580575482
2016,855,Martins Podzus,22,3666,7192.379092698725
2016,856,Bernardo Saraiva,23,3656,7172.759946237463
2016,857,Demian Raab,23,3654,7168.83611694521
2016,858,Mauricio Echazu,27,3654,7168.83611694521
2016,859,Jarryd Chaplin,24,3644,7149.216970483948
2016,860,Andrei Stefan Apostol,21,3644,7149.216970483948
2016,861,Darko Jandric,22,3630,7121.750165438181
2016,862,Soichiro Moritani,22,3624,7109.978677561424
2016,863,Peter Bothwell,21,3612,7086.435701807909
2016,864,Franjo Raspudic,26,3592,7047.197408885385
2016,865,Santiago Maresca,22,3592,7047.197408885385
2016,866,Christian Hirschmueller,23,3590,7043.273579593132
2016,867,Peter Goldsteiner,26,3588,7039.34975030088
2016,868,Joshua Paris,20,3586,7035.4259210086275
2016,869,Lukas Ollert,24,3578,7019.730603839617
2016,870,Sang-Woo Noh,24,3564,6992.263798793851
2016,871,Tom Kocevar-Desman,26,3555,6974.606566978715
2016,872,Jirat Navasirisomboon,20,3540,6945.177847286821
2016,873,Evan Furness,18,3501,6868.663176087899
2016,874,Arata Onozawa,28,3464,6796.072334181228
2016,875,Mateusz Terczynski,20,3448,6764.681699843209
2016,876,Viktor Filipenko,25,3434,6737.214894797442
2016,877,Alberto Cammarata,23,3432,6733.291065505189
2016,878,Baptiste Crepatte,22,3430,6729.367236212937
2016,879,JC Aragone,21,3420,6709.748089751674
2016,880,Ryusei Makiguchi,25,3416,6701.90043116717
2016,881,Maxim Ratniuk,20,3416,6701.90043116717
2016,882,Ivan Bjelica,32,3402,6674.433626121403
2016,883,Riccardo Sinicropi,26,3396,6662.662138244646
2016,884,Matej Vocel,19,3394,6658.738308952393
2016,885,Igor Marcondes,19,3394,6658.738308952393
2016,886,Cameron Silverman,24,3378,6627.347674614373
2016,887,Anton Galkin,25,3370,6611.652357445364
2016,888,Rishab Agarwal,21,3368,6607.728528153111
2016,889,Tomislav Ternar,26,3354,6580.261723107345
2016,890,Peter Vajda,20,3348,6568.490235230587
2016,891,Bastian Wagner,22,3346,6564.566405938334
2016,892,Nik Razborsek,23,3326,6525.32811301581
2016,893,Aziz Dougaz,19,3312,6497.861307970043
2016,894,Guillermo Rivera-Aranguiz,27,3300,6474.318332216529
2016,895,Richard Muzaev,24,3296,6466.470673632023
2016,896,Francesco Picco,25,3294,6462.546844339771
2016,897,Andres Molteni,28,3280,6435.080039294004
2016,898,Rafael Matos,20,3265,6405.651319602111
2016,899,Oleksandr Bielinskyi,22,3232,6340.908136279945
2016,900,Eduardo Dischinger,24,3227,6331.098563049314
2016,901,Mike Urbanija,27,3226,6329.136648403188
2016,902,Jeroen Vanneste,22,3226,6329.136648403188
2016,903,Ryota Kishi,23,3210,6297.746014065168
2016,904,Eros Siringo,25,3210,6297.746014065168
2016,905,Karim Hossam,22,3210,6297.746014065168
2016,906,Filippo Leonardi,29,3196,6270.279209019402
2016,907,Joel Cannell,19,3192,6262.431550434896
2016,908,Maxime Mora,19,3187,6252.621977204265
2016,909,Libor Salaba,24,3154,6187.8787938821
2016,910,Matwe Middelkoop,33,3144,6168.259647420838
2016,911,Camilo Ugo Carabelli,17,3122,6125.097525206061
2016,912,Manuel Guinard,21,3104,6089.783061575789
2016,913,Alessandro Petrone,26,3081,6044.659024714886
2016,914,Raphael Baltensperger,19,3072,6027.0017928997495
2016,915,Gaston-Arturo Grimolizzi,30,3070,6023.077963607498
2016,916,Leny Mitjana,22,3068,6019.154134315245
2016,917,Rui Machado,32,3063,6009.344561084614
2016,918,Artur Dubinski,20,3062,6007.382646438487
2016,919,Daniil Zarichanskyy,18,3016,5917.134572716682
2016,920,Orel Ovil,20,3012,5909.286914132177
2016,921,Valentin Vacherot,18,3004,5893.591596963167
2016,922,Giorgio Ricca,21,2998,5881.8201090864095
2016,923,Alejandro Davidovich Fokina,17,2980,5846.505645456137
2016,924,Javier Pulgar-Garcia,27,2970,5826.886498994875
2016,925,Alex Rybakov,19,2958,5803.34352324136
2016,926,Ondrej Krstev,19,2954,5795.495864656856
2016,927,Petr Hajek,19,2918,5724.866937396312
2016,928,Ricardo Urzua-Rivera,27,2866,5622.847375797748
2016,929,Timon Reichelt,27,2856,5603.228229336486
2016,930,Andre Goransson,22,2850,5591.456741459729
2016,931,Yurii Dzhavakian,23,2836,5563.989936413962
2016,932,Mikhail Fufygin,26,2810,5512.98015561468
2016,933,Miomir Kecmanovic,17,2808,5509.056326322428
2016,934,Tim Puetz,29,2776,5446.275057646389
2016,935,Michael Grant,24,2728,5352.10315463233
2016,936,Marek Gengel,21,2704,5305.0172031253005
2016,937,Joao Menezes,20,2700,5297.169544540796
2016,938,Kevin Griekspoor,25,2696,5289.321885956291
2016,939,Ricardo Villacorta-Alonso,31,2674,5246.159763741514
2016,940,Matthieu Roy,27,2662,5222.6167879879995
2016,941,Pavel Kotov,18,2633,5165.721263250339
2016,942,Nico Matic,24,2607,5114.711482451057
2016,943,Yuya Ito,19,2606,5112.749567804931
2016,944,Joy Vigani,20,2592,5085.282762759164
2016,945,Alex Blumenberg,24,2590,5081.358933466911
2016,946,Daniel Yoo,31,2556,5014.65383549862
2016,947,Youssef Hossam,18,2538,4979.339371868348
2016,948,Ruben Gonzales,31,2500,4904.786615315552
2016,949,Eduardo Agustin Torre,22,2496,4896.938956731047
2016,950,Jordan Correia,19,2486,4877.319810269784
2016,951,Keelan Oakley,24,2486,4877.319810269784
2016,952,Patrick Daciek,26,2470,4845.929175931765
2016,953,Stijn Meulemans,24,2466,4838.08151734726
2016,954,Ugo Humbert,18,2366,4641.890052734638
2016,955,Shane Vinsant,23,2328,4567.337296181841
2016,956,Gabriel Donev,20,2314,4539.870491136075
2016,957,Tiago Lopes,30,2274,4461.3939052910255
2016,958,Pietro Rondoni,23,2220,4355.45051440021
2016,959,Piotr Matuszewski,18,2076,4072.9348053580343
2016,960,Fabricio Neis,26,2070,4061.163317481277
2016,961,Evan Zhu,18,2024,3970.9152437594707
2016,962,Alban Meuffels,24,2018,3959.1437558827133
2016,963,Kacper Zuk,17,1792,3515.7510458581874
2016,964,Riccardo Ghedin,31,1380,2707.4422116541846
2016,965,Roman Jebavy,27,1189,2332.7165142440763
2017,1,Rafael Nadal,31,15851340,28855332.200260237
2017,2,Roger Federer,36,13054856,23764691.610082213
2017,3,Grigor Dimitrov,26,6575244,11969388.702643936
2017,4,Alexander Zverev,20,5006313,9113350.966762522
2017,5,Dominic Thiem,24,4283907,7798303.4620429715
2017,6,Marin Cilic,29,4004923,7290448.858043726
2017,7,David Goffin,27,3890613,7082362.158508434
2017,8,Jack Sock,25,3149419,5733113.50856214
2017,9,Stan Wawrinka,32,3083829,5613715.322729582
2017,10,Pablo Carreno Busta,26,2843305,5175872.217847887
2017,11,Kevin Anderson,31,2842345,5174124.660927637
2017,12,Juan Martin del Potro,29,2547354,4637131.365654999
2017,13,Sam Querrey,30,2232149,4063341.074980329
2017,14,Novak Djokovic,30,2083741,3793183.338083876
2017,15,Andy Murray,30,2071625,3771127.713452876
2017,16,Lucas Pouille,23,1953511,3556116.3196210903
2017,17,Jo-Wilfried Tsonga,32,1843647,3356122.993072711
2017,18,Nick Kyrgios,22,1787646,3254180.3523529503
2017,19,Tomas Berdych,32,1782871,3245488.077046494
2017,20,Roberto Bautista Agut,29,1753055,3191211.8716983683
2017,21,John Isner,32,1707550,3108375.8533066837
2017,22,Albert Ramos-Vinolas,29,1643204,2991242.2099832837
2017,23,Diego Schwartzman,25,1523297,2772966.889528571
2017,24,Kei Nishikori,27,1485482,2704129.530216813
2017,25,Milos Raonic,26,1405103,2557809.865953431
2017,26,Fabio Fognini,30,1304964,2375519.6550815515
2017,27,Feliciano Lopez,36,1303087,2372102.8172281026
2017,28,Andrey Rublev,20,1296168,2359507.6647997526
2017,29,Adrian Mannarino,29,1279672,2329478.811720108
2017,30,Mischa Zverev,30,1276820,2324287.1113695293
2017,31,Gilles Muller,34,1227494,2234495.452360888
2017,32,Fernando Verdasco,34,1221155,2222956.1155718565
2017,33,Philipp Kohlschreiber,34,1171269,2132145.0483597354
2017,34,Karen Khachanov,21,1157784,2107597.334745586
2017,35,Pablo Cuevas,31,1124361,2046755.048343976
2017,36,David Ferrer,35,1046695,1905374.0527520948
2017,37,Hyeon Chung,21,1040510,1894115.05321902
2017,38,Robin Haase,30,1036252,1886363.9101289904
2017,39,Benoit Paire,28,1022828,1861927.2391941487
2017,40,Gael Monfils,31,1021555,1859609.9059030244
2017,41,Richard Gasquet,31,1020777,1858193.6566489043
2017,42,Damir Dzumhur,25,1012697,1843485.052570126
2017,43,Borna Coric,21,994482,1810326.9803801572
2017,44,Paolo Lorenzi,36,979470,1782999.5590397338
2017,45,Kyle Edmund,22,952699,1734266.385798029
2017,46,Alexandr Dolgopolov,29,934290,1700755.161480426
2017,47,Steve Johnson,28,933228,1698821.9266373985
2017,48,Viktor Troicki,31,886201,1613215.3023783998
2017,49,Jared Donaldson,21,840088,1529272.4979372232
2017,50,Jan-Lennard Struff,27,781676,1422940.9408271238
2017,51,Ryan Harrison,25,780131,1420128.466408595
2017,52,Denis Shapovalov,18,762664,1388332.0323189883
2017,53,Nikoloz Basilashvili,25,732876,1334106.7973810367
2017,54,Yuichi Sugita,29,727829,1324919.380947176
2017,55,Daniil Medvedev,21,727579,1324464.2879991939
2017,56,Donald Young,28,713155,1298207.2452724243
2017,57,Horacio Zeballos,32,707541,1287987.6780325405
2017,58,Jiri Vesely,24,705189,1283706.1635779256
2017,59,Joao Sousa,28,704606,1282644.8868232316
2017,60,Denis Istomin,31,699225,1272849.466210867
2017,61,Florian Mayer,34,673616,1226231.5649913824
2017,62,Ivo Karlovic,38,670230,1220067.7861039143
2017,63,Gilles Simon,32,666044,1212447.7097829035
2017,64,Leonardo Mayer,30,655888,1193960.0138640825
2017,65,Aljaz Bedene,28,640720,1166348.6145241184
2017,66,Nicolas Mahut,35,608164,1107084.59046611
2017,67,Filip Krajinovic,25,605365,1101989.3698205035
2017,68,Malek Jaziri,33,582968,1061218.5027966916
2017,69,Julien Benneteau,36,570506,1038533.0295256847
2017,70,Andreas Seppi,33,562562,1024071.9960106085
2017,71,Jeremy Chardy,30,558812,1017245.6017908785
2017,72,Dusan Lajovic,27,548667,998777.9299617688
2017,73,Pierre-Hugues Herbert,26,548422,998331.9388727464
2017,74,Steve Darcis,33,531591,967693.261242806
2017,75,Mikhail Kukushkin,29,524936,955578.686967525
2017,76,Frances Tiafoe,19,499300,908911.6357096584
2017,77,Bernard Tomic,25,488564,889368.1241515193
2017,78,Marcos Baghdatis,32,486565,885729.2009394551
2017,79,Dudi Sela,32,474394,863573.4558598992
2017,80,Radu Albot,28,467397,850836.3144317789
2017,81,Mikhail Youzhny,35,461710,840483.8600510843
2017,82,Guido Pella,27,460121,837591.2892737107
2017,83,Dustin Brown,33,455855,829825.5832093457
2017,84,Thiago Monteiro,23,452632,823958.5249239617
2017,85,Rogerio Dutra Silva,33,451505,821906.9659144589
2017,86,Andrey Kuznetsov,26,449285,817865.7405363787
2017,87,Yen-Hsun Lu,34,442787,806036.9646324305
2017,88,Thomaz Bellucci,29,439419,799905.9524372169
2017,89,Evgeny Donskoy,27,435654,793052.2526406079
2017,90,Jordan Thompson,23,423584,771080.3651120367
2017,91,Carlos Berlocq,34,412192,750342.6896583928
2017,92,Peter Gojowczyk,28,410401,747082.4037790498
2017,93,Daniel Evans,27,405918,738921.6770358364
2017,94,Guillermo Garcia-Lopez,34,403631,734758.486747697
2017,95,Thomas Fabbiano,28,381464,694406.3052360287
2017,96,Taylor Fritz,20,380211,692125.3793807429
2017,97,Federico Delbonis,27,378265,688582.935873651
2017,98,Ernesto Escobedo,21,369659,672916.8162323185
2017,99,Marius Copil,27,365038,664504.8781818191
2017,100,Nicolas Almagro,32,362841,660505.5213549533
2017,101,Nicolas Kicker,25,362740,660321.6638039686
2017,102,Martin Klizan,28,360936,657037.7130913304
2017,103,Victor Estrella Burgos,37,354188,644753.8442394001
2017,104,Marcel Granollers,31,339238,617539.2859500763
2017,105,Taro Daniel,24,336924,613326.9456235549
2017,106,Renzo Olivo,25,327412,596011.5691387355
2017,107,Vasek Pospisil,27,324685,591047.4152621479
2017,108,Lukas Lacko,30,322215,586551.0969360857
2017,109,Ernests Gulbis,29,317146,577323.6323228026
2017,110,Bjorn Fratangelo,24,312230,568374.6845936844
2017,111,Stefanos Tsitsipas,19,302949,551479.8139928005
2017,112,Janko Tipsarevic,33,301145,548195.8632801623
2017,113,John Millman,28,297602,541746.2860213615
2017,114,Ruben Bemelmans,29,289066,526207.5924054639
2017,115,Sergiy Stakhovsky,31,288598,525355.6584068416
2017,116,Ricardas Berankis,27,287300,522992.815820919
2017,117,Marton Fucsovics,25,284020,517021.9963433951
2017,118,Jerzy Janowicz,27,283923,516845.4202795781
2017,119,Henri Laaksonen,25,280186,510042.69089314307
2017,120,Tommy Haas,39,261904,476762.6537931151
2017,121,Norbert Gombos,27,254740,463721.5102757428
2017,122,Thanasi Kokkinakis,21,244533,445140.97539553355
2017,123,Santiago Giraldo,30,242497,441434.69842716807
2017,124,Konstantin Kravchuk,32,233163,424443.348121312
2017,125,Tommy Robredo,35,232308,422886.9302392136
2017,126,Gastao Elias,27,229244,417309.3110687461
2017,127,Tennys Sandgren,26,227350,413861.5268948344
2017,128,Cameron Norrie,22,226350,412041.1551029064
2017,129,Facundo Bagnis,27,224746,409121.2787486539
2017,130,Casper Ruud,19,222116,404333.7009358832
2017,131,Alexander Bublik,20,217759,396402.3410384528
2017,132,Simone Bolelli,32,214496,390462.4678813917
2017,133,Yoshihito Nishioka,22,214339,390176.669510059
2017,134,Gerald Melzer,27,213047,387824.74915488804
2017,135,Stephane Robert,37,212454,386745.26868227473
2017,136,Peter Polansky,29,209177,380779.9103201266
2017,137,Maximilian Marterer,22,207490,377708.94310714403
2017,138,Alex de Minaur,18,204674,372582.7761410748
2017,139,Cedrik-Marcel Stebe,27,201758,367274.57199581264
2017,140,Sebastian Ofner,21,201545,366886.83280413196
2017,141,Tim Smyczek,29,201309,366457.225061237
2017,142,Quentin Halys,21,196467,357642.9848447215
2017,143,Matthew Ebden,30,193408,352074.4675332137
2017,144,Alessandro Giannessi,27,190029,345923.43124828895
2017,145,Adrian Menendez-Maceiras,32,184957,336690.50551963004
2017,146,Stefano Travaglia,25,184590,336022.42907199246
2017,147,Adam Pavlasek,23,182240,331744.55536096165
2017,148,Paul-Henri Mathieu,35,180965,329423.5813262534
2017,149,Marco Cecchinato,25,180092,327834.39675190026
2017,150,Reilly Opelka,20,177579,323259.80243878515
2017,151,Vincent Millot,31,176878,321983.72181264363
2017,152,Dmitry Tursunov,35,174837,318268.3429853185
2017,153,Tommy Paul,20,174593,317824.1722680881
2017,154,Stefan Kozlov,19,173581,315981.9560146569
2017,155,Illya Marchenko,30,172487,313990.4692742877
2017,156,Darian King,25,172397,313826.6358130142
2017,157,Blaz Kavcic,30,166752,303550.6370475805
2017,158,Nicolas Jarry,22,159234,289865.0819158657
2017,159,Andrew Whittington,24,155475,283022.3043500083
2017,160,Marco Trungelliti,27,153809,279989.5649446562
2017,161,Stefano Napolitano,22,152888,278313.0025242905
2017,162,Lukas Rosol,32,150488,273944.1102236633
2017,163,Go Soeda,33,150392,273769.3545316382
2017,164,John-Patrick Smith,28,147530,268559.4504631402
2017,165,Michael Mmoh,19,147330,268195.37610475457
2017,166,Yannick Hanfmann,26,144674,263360.4686253938
2017,167,Di Wu,26,141015,256699.72823872918
2017,168,Yuki Bhambri,25,140913,256514.0503159525
2017,169,Laslo Djere,22,139601,254125.72252494298
2017,170,Akira Santillan,20,133498,243015.99347880628
2017,171,Jozef Kovalik,25,132279,240796.96026444604
2017,172,Mitchell Krueger,23,130818,238137.3970764392
2017,173,Denis Kudla,25,130621,237778.7838334294
2017,174,Teymuraz Gabashvili,32,128665,234218.1366084182
2017,175,Tatsuma Ito,29,124423,226496.11946705953
2017,176,Roberto Carballes Baena,24,123833,225422.100109822
2017,177,Elias Ymer,21,123167,224209.73249639795
2017,178,Benjamin Bonzi,21,122529,223048.3352931479
2017,179,Mirza Basic,26,121670,221484.6359238817
2017,180,Dennis Novikov,24,121563,221289.8561421454
2017,181,Arthur De Greef,25,121330,220865.70951462619
2017,182,Andreas Haider-Maurer,30,117807,214452.53969166378
2017,183,Kenny De Schepper,30,116303,211714.70051660403
2017,184,Mathias Bourgue,23,116165,211463.48920931798
2017,185,Ramkumar Ramanathan,23,111048,202148.6467500223
2017,186,Pedro Sousa,29,109828,199927.79316387014
2017,187,Sam Groth,30,108347,197231.82254002476
2017,188,Noah Rubin,21,105479,192010.9962407752
2017,189,Brydan Klein,27,105222,191543.1606902497
2017,190,Tobias Kamke,31,102890,187298.05367147358
2017,191,Guido Andreozzi,26,100542,183023.82070402658
2017,192,Luca Vanni,32,100525,182992.87438356382
2017,193,Daniel Brands,30,97964,178330.90222443617
2017,194,Christopher Eubanks,21,97890,178196.1947118335
2017,195,Uladzimir Ignatik,27,96982,176543.29712476284
2017,196,Duckhee Lee,19,96964,176510.53043250815
2017,197,Evan King,25,96925,176439.53593262297
2017,198,Vaclav Safranek,23,96090,174919.52548636307
2017,199,Jan Satral,27,95111,173137.38150206555
2017,200,Radek Stepanek,39,94064,171231.4522359169
2017,201,Mohamed Safwat,27,93974,171067.61877464337
2017,202,Mackenzie McDonald,22,92706,168759.38734247864
2017,203,Marco Chiudinelli,36,92614,168591.91313762128
2017,204,Yasutaka Uchiyama,25,92036,167539.7382418869
2017,205,Ze Zhang,27,91205,166027.0092827947
2017,206,Gleb Sakharov,29,90153,164111.97815768642
2017,207,Cristian Garin,21,87774,159781.3136646897
2017,208,Oscar Otte,24,86914,158215.79392363157
2017,209,Geoffrey Blancaneaux,19,86426,157327.4524891707
2017,210,Joris De Loore,24,85841,156262.53499089283
2017,211,Matteo Berrettini,21,84668,154127.23887896127
2017,212,Ivan Dodig,32,82067,149392.4518481565
2017,213,Alex Bolt,24,81030,147504.72629992713
2017,214,Aldin Setkic,30,80952,147362.73730015676
2017,215,Gianluigi Quinzi,21,80601,146723.78680119003
2017,216,Marc Polmans,20,80431,146414.32359656226
2017,217,Nikola Milojevic,22,80362,146288.71794291923
2017,218,Jurgen Melzer,36,80169,145937.38618707712
2017,219,Bradley Klahn,27,79247,144259.00339491948
2017,220,Liam Broady,23,78968,143751.11966497157
2017,221,Blake Mott,21,75995,138339.1543275696
2017,222,Salvatore Caruso,25,75793,137971.43922560013
2017,223,Yannick Maden,28,75757,137905.90584109072
2017,224,Hiroki Moriya,27,75274,137026.66626558948
2017,225,Federico Gaio,25,74908,136360.41018974382
2017,226,Daniel Masur,23,74414,135461.1465245314
2017,227,Alexander Ward,27,72495,131967.85305582153
2017,228,Calvin Hemery,22,71881,130850.14477557772
2017,229,Andrej Martin,28,71695,130511.5556222791
2017,230,Joao Souza,29,71628,130389.59071221993
2017,231,Egor Gerasimov,25,71296,129785.22727729983
2017,232,Omar Jasika,20,70175,127744.59049854852
2017,233,James McGee,30,69543,126594.11552605002
2017,234,Rajeev Ram,33,69490,126497.63582107783
2017,235,Steven Diez,26,68886,125398.13125875332
2017,236,James Ward,30,67537,122942.44971144242
2017,237,Marcelo Arevalo,27,67250,122420.00300715907
2017,238,Maximo Gonzalez,34,65665,119534.71371695318
2017,239,Alexey Vatutin,25,65352,118964.9373460797
2017,240,Lorenzo Giustino,26,65078,118466.15547509142
2017,241,Roberto Quiroz,25,65016,118353.2924239919
2017,242,Felix Auger-Aliassime,17,64377,117190.07484894988
2017,243,Christian Harrison,23,64133,116745.90413171945
2017,244,Thai-Son Kwiatkowski,22,63937,116389.11126050157
2017,245,Alejandro Gonzalez,28,63239,115118.49174973581
2017,246,Christopher O'Connell,23,63109,114881.84341678517
2017,247,Ilya Ivashka,23,62856,114421.28935342738
2017,248,Brayden Schnur,22,62344,113489.25899596023
2017,249,Soonwoo Kwon,20,61910,112699.21763826346
2017,250,Alexandre Muller,20,61832,112557.22863849309
2017,251,Miljan Zekic,29,61589,112114.87829305457
2017,252,Riccardo Bellotti,26,61153,111321.19619177397
2017,253,Cem Ilkel,22,60979,111004.45149997849
2017,254,Matteo Donati,22,60807,110691.34755176687
2017,255,Benjamin Becker,36,60768,110620.35305188168
2017,256,Mikael Ymer,19,60150,109495.36328447016
2017,257,JC Aragone,22,59260,107875.23238965422
2017,258,Yibing Wu,18,59204,107773.29156930625
2017,259,Kimmer Coppejans,23,58957,107323.65973670004
2017,260,Dmitry Popko,21,58513,106515.414661084
2017,261,Corentin Moutet,18,58270,106073.06431564549
2017,262,Alexander Sarkissian,27,58041,105656.19917529398
2017,263,Enrique Lopez Perez,26,57889,105379.50266292092
2017,264,Blaz Rola,27,57885,105372.2211757532
2017,265,Frank Dancevic,33,57529,104724.16881782684
2017,266,Attila Balazs,29,57080,103906.82188325115
2017,267,Patrick Kypson,18,55897,101753.3220534003
2017,268,Dennis Novak,24,55826,101624.07565617342
2017,269,Joao Domingues,24,55788,101554.90152808015
2017,270,Jason Jung,28,55527,101079.78449038694
2017,271,Maxime Hamou,22,55065,100238.77272251621
2017,272,Franko Skugor,30,54997,100114.98744066509
2017,273,Gonzalo Oliveira,22,54166,98602.25848157292
2017,274,Laurent Lokoli,23,53548,97477.2687141614
2017,275,Daniel Altmaier,19,53118,96694.50884363236
2017,276,Austin Krajicek,27,52680,95897.18599876789
2017,277,Jay Clarke,19,52457,95491.24308916794
2017,278,Andrea Arnaboldi,29,52455,95487.60234558408
2017,279,Tallon Griekspoor,21,51532,93807.39918163452
2017,280,Maxime Janvier,21,51004,92846.24287549652
2017,281,Aleksandr Nedovyesov,30,50868,92598.67231179432
2017,282,Sekou Bangoura,26,50346,91648.43823640789
2017,283,Marcos Giron,24,49815,90681.82081489412
2017,284,Prajnesh Gunneswaran,28,49729,90525.26884078831
2017,285,Viktor Galovic,27,47714,86857.21968005336
2017,286,Ti Chen,34,47591,86633.31394964621
2017,287,Ricardo Ojeda Lara,24,47369,86229.1914118382
2017,288,Jurgen Zopp,29,47300,86103.58575819516
2017,289,Guilherme Clezar,24,46734,85073.2553239639
2017,290,Filip Peliwo,23,46508,84661.85129898817
2017,291,Inigo Cervantes,28,46407,84477.99374800344
2017,292,Tristan Lamasine,24,46038,83806.276556782
2017,293,Matthias Bachinger,30,45706,83201.9131218619
2017,294,Nicola Kuhn,17,45447,82730.43682775255
2017,295,Zdenek Kolar,21,44937,81802.04721386926
2017,296,Pedja Krstin,23,44582,81155.81522773481
2017,297,Miomir Kecmanovic,18,44481,80971.95767675008
2017,298,Kamil Majchrzak,21,43970,80041.74769107487
2017,299,Federico Coria,25,43901,79916.14203743183
2017,300,Jaume Munar,20,43724,79593.93623026057
2017,301,Jeremy Jahn,27,43210,78658.26512920957
2017,302,Zhizhen Zhang,21,42285,76974.42122167615
2017,303,Yusuke Takahashi,20,42146,76721.38954259816
2017,304,Andrea Collarini,25,40233,73239.01830463987
2017,305,Max Purcell,19,39722,72308.80831896466
2017,306,Lloyd Harris,20,38895,70803.36084704018
2017,307,Jonathan Eysseric,27,38566,70204.45852749587
2017,308,Edan Leshem,20,38021,69212.3559008951
2017,309,Yannik Reuter,26,37976,69130.43917025834
2017,310,Petr Michnev,28,37493,68251.1995947571
2017,311,James Duckworth,25,37490,68245.73847938133
2017,312,Raymond Sarmiento,25,36977,67311.88775012225
2017,313,Carlos Taberner,20,36784,66960.55599428015
2017,314,Marek Jaloviec,23,36713,66831.30959705324
2017,315,Danilo Petrovic,25,36344,66159.59240583182
2017,316,Laurynas Grigelis,26,36261,66008.50154710178
2017,317,Constant Lestienne,25,35767,65109.23788188935
2017,318,Bradley Mousley,21,35527,64672.34865182662
2017,319,Rubin Statham,30,35078,63855.00171725095
2017,320,Kevin King,26,34941,63605.610781756804
2017,321,Lorenzo Sonego,22,34932,63589.22743562946
2017,322,Sumit Nagal,20,34546,62886.56392394524
2017,323,Tomislav Brkic,27,34538,62872.000949609814
2017,324,Hubert Hurkacz,20,34427,62669.93968070581
2017,325,Dayne Kelly,27,34247,62342.27275815877
2017,326,Yannick Mertens,30,34027,61941.7909639346
2017,327,Pedro Martinez,20,33797,61523.105451791154
2017,328,Jose Hernandez-Fernandez,27,33725,61392.03868277234
2017,329,Karim-Mohamed Maamoun,26,33382,60767.65115814103
2017,330,Daniel Gimeno-Traver,32,32878,59850.18377500931
2017,331,Bernabe Zapata Miralles,20,32460,59089.2683659834
2017,332,Ruben Ramirez Hidalgo,39,32325,58843.51817407312
2017,333,Gianluca Mager,23,31850,57978.84157290731
2017,334,Zhe Li,31,31347,57063.19456156752
2017,335,Alessandro Bega,26,31130,56668.17388271914
2017,336,Marsel Ilhan,30,30904,56256.769857743406
2017,337,Grega Zemlja,31,30789,56047.42710167169
2017,338,Joao Monteiro,23,30401,55341.12284640362
2017,339,Ivan Gakhov,21,30366,55277.409833686135
2017,340,Matteo Viola,30,30264,55091.731910909475
2017,341,Dominik Koepfer,23,30235,55038.94112894357
2017,342,Ante Pavic,28,30132,54851.442834374975
2017,343,Maverick Banes,25,29951,54521.955540036004
2017,344,Daniel Munoz de la Nava,35,29728,54116.01263043606
2017,345,Mats Moraing,25,29684,54035.916271591224
2017,346,Daniel Nguyen,27,29676,54021.3532972558
2017,347,Edward Corrie,29,29512,53722.81232337961
2017,348,Igor Sijsling,30,29494,53690.04563112491
2017,349,Hugo Dellien,24,29470,53646.356708118634
2017,350,Andre Ghem,35,29373,53469.780644301616
2017,351,Javier Marti,25,29264,53271.36011898146
2017,352,Agustin Velotti,25,29228,53205.82673447205
2017,353,Ivan Nedelko,31,29043,52869.05795296537
2017,354,Jordi Samper-Montana,27,28846,52510.44470995555
2017,355,Marcus Willis,27,28389,51678.53480104444
2017,356,Michael Linzer,28,27876,50744.68407178538
2017,357,Marko Tepavac,23,27755,50524.419084962086
2017,358,Tsung-Hua Yang,26,27297,49690.68880425905
2017,359,Fajing Sun,21,27257,49617.87393258193
2017,360,Nino Serdarusic,21,27023,49191.90693327077
2017,361,Pedro Cachin,22,26712,48625.771305981165
2017,362,Jared Hiltzik,23,26668,48545.67494713633
2017,363,Julien Cagnina,23,26516,48268.978434763274
2017,364,Roberto Ortega-Olmedo,26,26190,47675.53723059474
2017,365,Joao Pedro Sorgi,24,25663,46716.20129624868
2017,366,Facundo Arguello,25,25619,46636.10493740384
2017,367,David Guez,35,25542,46495.936309425386
2017,368,Andrea Pellegrino,20,25368,46179.19161762991
2017,369,Luke Saville,23,25195,45864.267297626364
2017,370,Marinko Matosevic,32,24958,45432.839182939424
2017,371,Markus Eriksson,28,24838,45214.394567908064
2017,372,Frederico Ferreira Silva,22,24474,44551.77923564627
2017,373,Christian Lindell,26,24156,43972.90100581315
2017,374,Kaichi Uchida,23,24032,43747.17490361408
2017,375,Alexander Kudryavtsev,32,23756,43244.75228904195
2017,376,Daniel Elahi Galan,21,23693,43130.06886615048
2017,377,Jan Choinski,21,23654,43059.07436626529
2017,378,Christopher Heyman,24,23648,43048.15213551372
2017,379,Filip Horansky,24,23635,43024.48730221866
2017,380,Hernan Casanova,23,23119,42085.175457583806
2017,381,Sebastian Fanselow,25,23081,42016.00132949054
2017,382,Gregoire Barrere,23,22775,41458.96756116056
2017,383,Andrea Basso,24,22597,41134.94138219738
2017,384,Alejandro Falla,34,22400,40776.32813918756
2017,385,Ugo Humbert,19,22330,40648.9021137526
2017,386,Evgeny Karlovskiy,23,22293,40581.54835745126
2017,387,Sadio Doumbia,27,22184,40383.127832131104
2017,388,Yuya Kibi,31,22106,40241.138832360724
2017,389,Dzmitry Zhyrmont,28,22039,40119.17392230155
2017,390,Youssef Hossam,19,21997,40042.718307040566
2017,391,Mario Vilella Martinez,22,21979,40009.95161478587
2017,392,N.Sriram Balaji,27,21945,39948.05897386031
2017,393,Sanjar Fayziev,23,21740,39574.88275651507
2017,394,Anil Yuksel,27,21522,39178.04170587476
2017,395,Martin Cuevas,25,21462,39068.81939835908
2017,396,Shuichi Sekiguchi,26,21446,39039.69344968823
2017,397,Antoine Hoang,22,21156,38511.78563002911
2017,398,Marc Giner,26,20938,38114.9445793888
2017,399,Axel Michon,27,20682,37648.92940065523
2017,400,Rudolf Molleker,17,20381,37100.99749128489
2017,401,Tim Puetz,30,20254,36869.810273710034
2017,402,Dimitar Kuzmanov,24,20248,36858.88804295847
2017,403,Chuhan Wang,25,19980,36371.02840272176
2017,404,Yosuke Watanuki,19,19866,36163.50601844196
2017,405,Yannick Jankovits,30,19843,36121.63746722762
2017,406,Jason Kubler,24,19737,35928.67805728325
2017,407,Harry Bourchier,21,19726,35908.65396757204
2017,408,Yan Bai,28,19726,35908.65396757204
2017,409,Juan Pablo Paz,22,19724,35905.013223988186
2017,410,Lloyd Glasspool,24,19695,35852.22244202228
2017,411,Takuto Niki,30,19414,35340.6979684905
2017,412,Juan Pablo Ficovich,20,19104,34776.38271299282
2017,413,Kento Takeuchi,30,18932,34463.2787647812
2017,414,Carlos Boluda-Purkiss,24,18849,34312.18790605117
2017,415,Daniel Dutra da Silva,29,18837,34290.34344454804
2017,416,Lucas Catarina,21,18785,34195.68411136778
2017,417,Nicolaas Scholtz,26,18701,34042.77288084583
2017,418,Lenny Hampel,21,18471,33624.087368702385
2017,419,Gerard Granollers,28,18396,33487.559484307785
2017,420,Lucas Miedler,21,18066,32886.83679297154
2017,421,Manuel Sanchez,26,18032,32824.94415204599
2017,422,Sam Barry,25,17979,32728.4644470738
2017,423,Albano Olivetti,26,17881,32550.068011464853
2017,424,Carlos Gomez-Herrera,27,17740,32293.395588803003
2017,425,Facundo Mena,25,17648,32125.921383945628
2017,426,Vladyslav Manafov,24,17432,31732.721076889175
2017,427,Viktor Durasovic,20,17303,31497.89311573046
2017,428,Yannick Vandenbulcke,27,17280,31456.024564516116
2017,429,Juan Ignacio Londero,24,17208,31324.9577954973
2017,430,Marc Sieber,29,17131,31184.789167518844
2017,431,Roman Safiullin,20,16920,30800.69071942203
2017,432,Lucas Gomez,22,16908,30778.846257918896
2017,433,Saketh Myneni,30,16863,30696.929527282133
2017,434,Antoine Escoffier,25,16725,30445.718219996066
2017,435,Riccardo Bonadio,24,16648,30305.54959201761
2017,436,Emilio Gomez,26,16623,30260.04029721941
2017,437,Yaraslav Shyla,24,16623,30260.04029721941
2017,438,Elliot Benchetrit,19,16602,30221.812489588923
2017,439,Altug Celikbilek,21,16539,30107.129066697456
2017,440,Michal Konecny,28,16373,29804.947349237405
2017,441,Sergio Gutierrez-Ferrol,28,16368,29795.845490277767
2017,442,Hiroyasu Ehara,26,16103,29313.446965416842
2017,443,Filippo Baldi,21,16097,29302.524734665272
2017,444,Fabrizio Ornago,25,16094,29297.06361928949
2017,445,Rigele Te,20,16052,29220.608004028512
2017,446,Vishnu Vardhan,30,15997,29120.48755547247
2017,447,Hugo Grenier,21,15871,28891.12070968954
2017,448,Scott Griekspoor,26,15862,28874.73736356219
2017,449,William Blumberg,19,15795,28752.772453503014
2017,450,Maximilian Neuchrist,26,15726,28627.16679985998
2017,451,Adrian Bodmer,22,15674,28532.507466679723
2017,452,Juan Ignacio Galarza,23,15672,28528.866723095867
2017,453,Kristijan Mesaros,29,15654,28496.100030841164
2017,454,Samuel Bensoussan,26,15601,28399.62032586898
2017,455,Adelchi Virgili,27,15358,27957.26998043047
2017,456,Oriol Roca Batalla,24,15345,27933.605147135404
2017,457,Sora Fukuda,20,15328,27902.65882667263
2017,458,Maxime Chazal,24,15290,27833.484698579367
2017,459,Alexandar Lazov,27,15261,27780.69391661345
2017,460,Eduard Esteve Lobato,23,15233,27729.723506439466
2017,461,Botic van de Zandschulp,22,15168,27611.399339964148
2017,462,David Pichler,21,15067,27427.54178897942
2017,463,Evan Song,25,15060,27414.79918643592
2017,464,Alexios Halebian,23,15047,27391.134353140857
2017,465,Matthew Barton,26,14805,26950.604379494278
2017,466,Cristian Carli,21,14704,26766.74682850955
2017,467,Samuel Monette,23,14681,26724.878277295204
2017,468,Thiemo de Bakker,29,14658,26683.009726080858
2017,469,Clement Geens,21,14616,26606.55411081988
2017,470,Antoine Bellier,21,14492,26380.828008620807
2017,471,Alexis Musialek,29,14481,26360.8039189096
2017,472,Bruno Santanna,24,14430,26267.96495752127
2017,473,Baptiste Crepatte,23,14352,26125.975957750885
2017,474,Gregoire Jacq,25,14314,26056.801829657623
2017,475,Takanyi Garanganga,27,14304,26038.59811173834
2017,476,Fred Gil,32,14276,25987.627701564357
2017,477,Cheong-Eui Kim,27,14168,25791.02754803613
2017,478,Mate Delic,24,14153,25763.72197115721
2017,479,Robin Kern,24,14122,25707.290445607443
2017,480,Philip Bester,29,14061,25596.24776629983
2017,481,Maxime Tabatruong,28,14054,25583.505163756337
2017,482,Mariano Kestelboim,21,13957,25406.92909993932
2017,483,Miguel Semmler,20,13911,25323.191997510632
2017,484,Marco Bortolotti,26,13890,25284.964189880142
2017,485,Gonzalo Escobar,28,13833,25181.202997740245
2017,486,Andrew Harris,23,13832,25179.382625948318
2017,487,Finn Tearney,27,13804,25128.412215774333
2017,488,Tobias Simon,26,13755,25039.21399796986
2017,489,Thomas Brechemier,21,13747,25024.651023634437
2017,490,Benjamin Lock,24,13735,25002.8065621313
2017,491,Pol Toledo Bague,23,13732,24997.345446755517
2017,492,Pablo Vivero Gonzalez,22,13553,24671.4988960004
2017,493,Aleksandar Vukic,21,13535,24638.732203745698
2017,494,Cristian Rodriguez,27,13522,24615.067370450633
2017,495,Lorenzo Frigerio,28,13521,24613.246998658706
2017,496,Shintaro Imai,24,13394,24382.059781083848
2017,497,Jan Mertl,35,13381,24358.394947788784
2017,498,Alessandro Petrone,27,13331,24267.37635819238
2017,499,Liam Caruana,19,13318,24243.711524897317
2017,500,Dennis Nevolo,28,13282,24178.17814038791
2017,501,Tomas Lipovsek Puches,24,13157,23950.63166639691
2017,502,Andrea Vavassori,22,13151,23939.709435645338
2017,503,Tung-Lin Wu,19,13112,23868.714935760145
2017,504,Ryan Shane,23,13087,23823.205640961947
2017,505,Boy Westerhof,32,13054,23763.13337182832
2017,506,Adrien Bossel,30,13046,23748.5703974929
2017,507,Gavin Van Peperzeel,25,13035,23728.54630778169
2017,508,Xin Gao,23,13028,23715.80370523819
2017,509,Wishaya Trongcharoenchaikul,22,13025,23710.34258986241
2017,510,Corentin Denolly,20,12917,23513.74243633418
2017,511,Neil Pauffley,27,12910,23500.999833790687
2017,512,Andrey Golubev,30,12896,23475.514628703695
2017,513,Renta Tokuda,19,12774,23253.429270088476
2017,514,Jules Okala,20,12699,23116.901385693876
2017,515,Roberto Marcora,28,12698,23115.08101390195
2017,516,Alejandro Davidovich Fokina,18,12683,23087.77543702303
2017,517,Moez Echargui,24,12543,22832.923386153107
2017,518,Elmar Ejupovic,24,12433,22632.682489041024
2017,519,Ryan James Storrie,19,12344,22470.66939955943
2017,520,Ulises Blanch,19,12315,22417.878617593517
2017,521,Sidharth Rawat,24,12212,22230.380323024932
2017,522,Juan Pablo Varillas,22,12196,22201.254374354085
2017,523,Denis Yevseyev,24,12123,22068.367233543337
2017,524,Gianluca Di Nicola,22,12112,22048.34314383213
2017,525,Andres Artunedo Martinavarro,24,12069,21970.067156779227
2017,526,Roberto Cid Subervi,24,12021,21882.68931076668
2017,527,Fabien Reboul,22,12010,21862.66522105547
2017,528,Thomas Statzberger,25,11937,21729.778080244727
2017,529,Dragos Dima,25,11922,21702.472503365807
2017,530,Patricio Heras,28,11913,21686.089157238453
2017,531,Robin Stanek,22,11844,21560.48350359542
2017,532,Tom Farquharson,25,11809,21496.77049087794
2017,533,Davide Galoppini,23,11791,21464.00379862324
2017,534,Pavel Kotov,19,11772,21429.416734576604
2017,535,Lukas Klein,19,11768,21422.135247408893
2017,536,David Perez Sanz,23,11733,21358.42223469141
2017,537,Gonzalo Lama,24,11732,21356.601862899483
2017,538,Leny Mitjana,23,11676,21254.661042551514
2017,539,Louis Wessels,19,11664,21232.816581048377
2017,540,Luke Bambridge,22,11624,21160.00170937126
2017,541,Pietro Rondoni,24,11614,21141.79799145198
2017,542,Nam Hoang Ly,20,11580,21079.905350526424
2017,543,Nils Langer,27,11551,21027.11456856051
2017,544,Marc-Andrea Huesler,21,11521,20972.50341480267
2017,545,Amine Ahouda,20,11449,20841.436645783855
2017,546,Pedro Sakamoto,24,11446,20835.97553040807
2017,547,Alexander Vasilenko,22,11442,20828.69404324036
2017,548,Julian Lenz,24,11407,20764.98103052288
2017,549,Niels Desein,30,11328,20621.171658960564
2017,550,Alexandar Lazarov,20,11235,20451.87708231126
2017,551,Pascal Meis,24,11207,20400.906672137276
2017,552,Guillermo Olaso,29,11206,20399.08630034535
2017,553,Pascal Brunner,28,11201,20389.984441385706
2017,554,Mick Lescure,24,11139,20277.12139028617
2017,555,Yecong He,23,11119,20240.71395444761
2017,556,Peter Nagy,25,11088,20184.28242889784
2017,557,Jurij Rodionov,18,11057,20127.850903348073
2017,558,Alex Molcan,20,11037,20091.443467509514
2017,559,Zihao Xia,20,11035,20087.802723925655
2017,560,Igor Smilansky,22,11030,20078.700864966017
2017,561,Gijs Brouwer,21,10856,19761.956173170543
2017,562,Omar Giacalone,25,10841,19734.65059629162
2017,563,Artem Smirnov,29,10832,19718.26725016427
2017,564,David Vega Hernandez,23,10821,19698.24316045306
2017,565,Jonathan Mridha,22,10729,19530.768955595682
2017,566,Peter Kobelt,27,10726,19525.3078402199
2017,567,Patrik Nema,20,10725,19523.48746842797
2017,568,Reda El Amrani,29,10707,19490.720776173268
2017,569,Felipe Mantilla,24,10679,19439.750365999284
2017,570,Alexei Popyrin,18,10676,19434.2892506235
2017,571,Joao Menezes,21,10556,19215.844635592137
2017,572,Olexiy Kolisnyk,21,10553,19210.383520216354
2017,573,Ronnie Schneider,23,10531,19170.335340793936
2017,574,Jelle Sels,22,10530,19168.514969002008
2017,575,Orlando Luz,19,10496,19106.622328076457
2017,576,Nikola Cacic,27,10477,19072.035264029822
2017,577,Naoki Nakagawa,21,10477,19072.035264029822
2017,578,Peter Torebko,29,10449,19021.064853855838
2017,579,Javier Barranco Cosano,19,10448,19019.24448206391
2017,580,Jaume Pla Malfeito,22,10441,19006.501879520416
2017,581,Vit Kopriva,20,10425,18977.37593084957
2017,582,Mate Pavic,24,10410,18950.07035397065
2017,583,Karunuday Singh,27,10392,18917.30366171594
2017,584,Genaro Alberto Olivieri,19,10379,18893.638828420877
2017,585,Maxime Authom,30,10356,18851.770277206535
2017,586,Gianni Mina,25,10349,18839.027674663037
2017,587,Benjamin Sigouin,18,10333,18809.90172599219
2017,588,Wilson Leite,26,10326,18797.159123448695
2017,589,Tomas Papik,23,10314,18775.31466194556
2017,590,Evan Furness,19,10308,18764.392431193988
2017,591,Fred Simonsson,23,10285,18722.523879979646
2017,592,Tomislav Jotovski,27,10263,18682.47570055723
2017,593,Remi Boutillier,27,10245,18649.709008302525
2017,594,Caio Zampieri,31,10192,18553.22930333034
2017,595,Kevin Krawietz,25,10120,18422.162534311523
2017,596,Walter Trusendi,32,10091,18369.37175234561
2017,597,Raul Brancaccio,20,10082,18352.988406218257
2017,598,Jurabek Karimov,19,10033,18263.790188413786
2017,599,Danylo Kalenichenko,23,10007,18216.460521823657
2017,600,Jonathan Kanar,23,9996,18196.43643211245
2017,601,Jonathan Gray,20,9978,18163.669739857745
2017,602,Hugo Nys,26,9957,18125.441932227255
2017,603,Kuan-Yi Lee,21,9936,18087.21412459677
2017,604,Eric Quigley,28,9928,18072.651150261343
2017,605,Rafael Matos,21,9915,18048.98631696628
2017,606,Michal Przysiezny,33,9908,18036.243714422784
2017,607,Romain Barbosa,23,9790,17821.439842975276
2017,608,George Von Massow,27,9754,17755.90645846587
2017,609,Mor Bulis,21,9748,17744.9842277143
2017,610,Pietro Licciardi,23,9737,17724.96013800309
2017,611,Francesco Vilardo,27,9700,17657.606381701757
2017,612,Johan Tatlot,21,9650,17566.587792105354
2017,613,Makoto Ochi,21,9626,17522.89886909908
2017,614,Nicholas S. Hu,23,9614,17501.054407595944
2017,615,Martins Podzus,23,9605,17484.671061468594
2017,616,Vladimir Ivanov,30,9545,17375.448753952915
2017,617,Marek Gengel,22,9425,17157.00413892155
2017,618,Erik Crepaldi,27,9407,17124.237446666848
2017,619,Maciej Rajski,26,9400,17111.49484412335
2017,620,Adrian Ungur,32,9388,17089.650382620213
2017,621,Colin Van Beem,25,9372,17060.524433949366
2017,622,Marvin Netuschil,26,9356,17031.398485278518
2017,623,Temur Ismailov,22,9354,17027.757741694662
2017,624,Ljubomir Celebic,26,9335,16993.170677648028
2017,625,Ben Patael,20,9311,16949.481754641758
2017,626,Florent Diep,26,9256,16849.361306085717
2017,627,Niels Lootsma,23,9239,16818.41498562294
2017,628,Juan Carlos Saez,26,9152,16660.0426397252
2017,629,Gibril Diarra,27,9068,16507.131409203248
2017,630,Matias Franco Descotte,23,9017,16414.29244781492
2017,631,Jonas Merckx,24,8977,16341.4775761378
2017,632,Jacopo Stefanini,21,8965,16319.633114634664
2017,633,Anis Ghorbel,28,8948,16288.686794171887
2017,634,Nathan Pasha,25,8935,16265.021960876824
2017,635,Nicolas Santos,29,8930,16255.920101917183
2017,636,Dante Gennaro,24,8917,16232.255268622119
2017,637,Yanais Laurent,25,8893,16188.566345615847
2017,638,Ilya Vasilyev,21,8839,16090.266268851734
2017,639,Franco Agamenone,24,8825,16064.781063764742
2017,640,Paul Woerner,21,8786,15993.786563879548
2017,641,Sami Reinwein,25,8777,15977.403217752197
2017,642,Edoardo Eremin,24,8727,15886.384628155796
2017,643,Ivan Endara,29,8718,15870.001282028443
2017,644,David Poljak,21,8708,15851.797564109163
2017,645,Riccardo Balzerani,19,8669,15780.80306422397
2017,646,Billy Harris,22,8643,15733.473397633843
2017,647,Federico Zeballos,29,8634,15717.09005150649
2017,648,Sarp Agabigun,20,8632,15713.449307922634
2017,649,Denys Molchanov,30,8598,15651.556666997081
2017,650,Nikola Mektic,29,8585,15627.891833702017
2017,651,Masato Shiga,26,8571,15602.406628615025
2017,652,Deiton Baughman,21,8528,15524.13064156212
2017,653,Daniiar Duldaev,25,8436,15356.656436704743
2017,654,Enzo Couacaud,22,8414,15316.608257282327
2017,655,Filippo Leonardi,30,8413,15314.7878854904
2017,656,Jeroen Vanneste,23,8402,15294.76379577919
2017,657,Giovanni Lapentti,34,8386,15265.637847108343
2017,658,Andriej Kapas,28,8329,15161.876654968446
2017,659,David Jorda Sanchis,23,8323,15150.954424216878
2017,660,Yan Sabanin,27,8316,15138.211821673382
2017,661,Jacob Grills,22,8307,15121.828475546028
2017,662,Vasile Antonescu,27,8221,14965.27650144022
2017,663,Roman Khassanov,21,8184,14897.922745138883
2017,664,Hong Chung,24,8183,14896.102373346956
2017,665,Juan Lizariturry,26,8162,14857.874565716467
2017,666,Issam Haitham Taweel,28,8154,14843.311591381043
2017,667,Denis Matsukevich,31,8153,14841.491219589114
2017,668,Alexander Zhurbin,25,8100,14745.01151461693
2017,669,Manuel Pena Lopez,19,8099,14743.191142825002
2017,670,Christopher Diaz-Figueroa,27,8080,14708.60407877837
2017,671,Sho Katayama,28,8068,14686.759617275233
2017,672,Nuno Borges,20,8039,14633.96883530932
2017,673,Markos Kalovelonis,23,8011,14582.998425135336
2017,674,Julian Ocleppo,20,7953,14477.416861203512
2017,675,Muhammet Haylaz,22,7810,14217.103694957805
2017,676,Dekel Bar,24,7770,14144.288823280684
2017,677,Volodoymyr Uzhylovskyi,29,7753,14113.342502817908
2017,678,Pavel Krainik,25,7725,14062.372092643924
2017,679,Jaime Fermosell Delgado,20,7698,14013.222054261867
2017,680,Daniel Nolan,20,7683,13985.916477382947
2017,681,Nicolae Frunza,20,7602,13838.466362236777
2017,682,Lukas Ollert,25,7589,13814.801528941714
2017,683,Frederik Nielsen,34,7578,13794.777439230505
2017,684,Alex Rybakov,20,7576,13791.13669564665
2017,685,Oscar Jose Gutierrez,24,7568,13776.573721311224
2017,686,Kristian Lozan,19,7565,13771.112605935441
2017,687,Raphael Baltensperger,20,7565,13771.112605935441
2017,688,Denys Mylokostov,24,7536,13718.321823969529
2017,689,Jakob Sude,26,7506,13663.710670211689
2017,690,Michal Dembek,20,7474,13605.458772869992
2017,691,Borna Gojo,19,7451,13563.590221655648
2017,692,Antonio Massara,22,7443,13549.027247320224
2017,693,Albert Alcaraz Ivorra,22,7424,13514.440183273591
2017,694,Shane Vinsant,24,7383,13439.804939804542
2017,695,Sergio Martos Gornes,23,7374,13423.42159367719
2017,696,Alexander Igoshin,25,7361,13399.756760382126
2017,697,Oleg Khotkov,27,7353,13385.193786046702
2017,698,Christoph Negritu,23,7353,13385.193786046702
2017,699,Dominik Boehler,21,7310,13306.917798993796
2017,700,Blake Ellis,18,7293,13275.97147853102
2017,701,Lamine Ouahab,33,7286,13263.228875987525
2017,702,Hunter Callahan,25,7269,13232.28255552475
2017,703,Aryan Goveas,19,7232,13164.928799223411
2017,704,Adrian Andrzejczuk,21,7198,13103.036158297858
2017,705,Miliaan Niesten,29,7160,13033.862030204595
2017,706,Michiel De Krom,19,7134,12986.532363614466
2017,707,Jose Fco. Vidal Azorin,24,7126,12971.969389279042
2017,708,Milan Drinic,20,7068,12866.387825347218
2017,709,Mikhail Korovin,21,7053,12839.082248468298
2017,710,Adam El Mihdawy,28,7004,12749.884030663825
2017,711,Ronald Slobodchikov,24,6955,12660.685812859352
2017,712,Marcelo Zormann,21,6928,12611.535774477295
2017,713,Manuel Guinard,22,6909,12576.948710430663
2017,714,Ricardo Rodriguez - Pace,24,6859,12485.930120834262
2017,715,Christian Hirschmueller,24,6854,12476.828261874622
2017,716,Santiago Rodriguez Taverna,18,6839,12449.522684995702
2017,717,Franco Emanuel Egea,21,6832,12436.780082452206
2017,718,Vadym Ursu,20,6794,12367.60595435894
2017,719,Yurii Dzhavakian,24,6791,12362.144838983157
2017,720,Matthias Haim,19,6780,12342.120749271948
2017,721,Matej Sabanov,25,6772,12327.557774936524
2017,722,Mikael Torpegaard,23,6763,12311.174428809172
2017,723,Arjun Kadhe,23,6726,12243.820672507836
2017,724,Matias Zukas,21,6701,12198.311377709635
2017,725,Marvin Moeller,18,6673,12147.34096753565
2017,726,Cameron Silverman,25,6649,12103.652044529379
2017,727,James Frawley,23,6634,12076.346467650459
2017,728,Sebastien Boltz,24,6629,12067.244608690818
2017,729,Alberto Romero De Avila Senise,20,6624,12058.142749731178
2017,730,Bernardo Saraiva,24,6560,11941.638955047785
2017,731,Thomas Fancutt,22,6533,11892.488916665729
2017,732,Gonzalo Villanueva,22,6530,11887.027801289945
2017,733,Florian Fallert,25,6529,11885.207429498016
2017,734,Fernando Romboli,28,6444,11730.475827184135
2017,735,Wil Spencer,28,6377,11608.510917124959
2017,736,Nerman Fatic,23,6345,11550.259019783261
2017,737,Bogdan Bobrov,20,6338,11537.516417239765
2017,738,Eduardo Struvay,27,6331,11524.77381469627
2017,739,Nicola Ghedin,29,6298,11464.701545562644
2017,740,Marat Deviatiarov,23,6287,11444.677455851437
2017,741,Jose Pereira,26,6280,11431.934853307941
2017,742,Mikhail Elgin,36,6270,11413.73113538866
2017,743,Nicolo Turchetti,21,6263,11400.988532845164
2017,744,Richard Gabb,25,6257,11390.066302093595
2017,745,Pavel Nejedly,24,6228,11337.275520127683
2017,746,Jorge Montero,27,6224,11329.994032959972
2017,747,Haadin Salim Bava,23,6220,11322.71254579226
2017,748,Aslan Karatsev,24,6163,11218.951353652363
2017,749,Kirill Kivattsev,20,6138,11173.442058854162
2017,750,Luca Margaroli,25,6121,11142.495738391386
2017,751,Ken Onishi,21,6112,11126.112392264034
2017,752,Gian Marco Moroni,19,6103,11109.729046136681
2017,753,Tom Jomby,26,6081,11069.680866714265
2017,754,Hugo Voljacques,24,6076,11060.579007754624
2017,755,Alon Elia,22,6074,11056.938264170769
2017,756,Connor Farren,23,6072,11053.297520586913
2017,757,Francois-Arthur Vibert,27,6054,11020.530828332208
2017,758,Duje Kekez,24,6025,10967.740046366296
2017,759,Nuno Deus,22,6020,10958.638187406656
2017,760,Mauricio Echazu,28,6008,10936.79372590352
2017,761,Sem Verbeek,23,5988,10900.38629006496
2017,762,Jaime Pulgar-Garcia,28,5929,10792.984354341206
2017,763,Jumpei Yamasaki,20,5927,10789.34361075735
2017,764,Dane Propoggia,27,5904,10747.475059543007
2017,765,Yann Marti,29,5897,10734.73245699951
2017,766,Raleigh Smith,26,5832,10616.408290524188
2017,767,Jaroslav Pospisil,36,5827,10607.30643156455
2017,768,Dominik Kellovsky,21,5821,10596.384200812981
2017,769,Juan Manuel Benitez Chavarriaga,22,5807,10570.89899572599
2017,770,Domagoj Biljesko,20,5796,10550.87490601478
2017,771,Omar Salman,21,5753,10472.598918961876
2017,772,Mikhail Fufygin,27,5738,10445.293342082956
2017,773,Issei Okamura,25,5737,10443.472970291028
2017,774,Winston Lin,24,5726,10423.44888057982
2017,775,Julien Dubail,29,5725,10421.628508787891
2017,776,Soichiro Moritani,23,5700,10376.119213989692
2017,777,Dragos Nicolae Madaras,20,5664,10310.585829480282
2017,778,Peter Bothwell,22,5659,10301.483970520643
2017,779,Jui-Chen Hung,27,5654,10292.382111561003
2017,780,Petru-Alexandru Luncanu,28,5600,10194.08203479689
2017,781,Martin Redlicki,22,5594,10183.159804045321
2017,782,Bogdan Borza,20,5582,10161.315342542186
2017,783,Dejan Katic,29,5559,10119.44679132784
2017,784,Ryota Tanuma,22,5541,10086.680099073137
2017,785,Kaito Uesugi,22,5497,10006.583740228303
2017,786,Andre Gaspar Murta,23,5488,9990.200394100952
2017,787,Adria Mas Mascolo,24,5442,9906.463291672264
2017,788,Daniel Appelgren,21,5429,9882.7984583772
2017,789,Timur Khabibulin,22,5384,9800.881727740438
2017,790,Vladimir Polyakov,23,5373,9780.85763802923
2017,791,Aziz Dougaz,20,5366,9768.115035485735
2017,792,Johannes Haerteis,21,5361,9759.013176526094
2017,793,Young Seok Kim,22,5359,9755.372432942238
2017,794,Kevin Griekspoor,26,5352,9742.629830398742
2017,795,Daniil Zarichanskyy,19,5325,9693.479792016686
2017,796,Johan Nikles,20,5313,9671.635330513549
2017,797,Peter Heller,25,5271,9595.179715252572
2017,798,Ricardo Hocevar,32,5262,9578.79636912522
2017,799,Francisco Cabral,20,5249,9555.131535830156
2017,800,Fran Zvonimir Zgombic,21,5236,9531.466702535092
2017,801,Marcin Gawron,29,5224,9509.622241031955
2017,802,Carl Soderlund,20,5215,9493.238894904604
2017,803,Viktor Filipenko,26,5206,9476.855548777252
2017,804,Or Ram-Harel,22,5170,9411.322164267844
2017,805,Gabriel Petit,22,5161,9394.93881814049
2017,806,Thales Turini,28,5158,9389.477702764707
2017,807,Patrik Brydolf,26,5154,9382.196215596994
2017,808,Jeremy Beale,23,5146,9367.63324126157
2017,809,Enrico Dalla Valle,19,5126,9331.22580542301
2017,810,Yuichi Ito,31,5091,9267.51279270553
2017,811,Igor Marcondes,20,5075,9238.386844034681
2017,812,Caio Silva,26,5074,9236.566472242754
2017,813,Maciej Smola,24,5051,9194.697921028408
2017,814,Bogdan Ionut Apostol,21,5038,9171.033087733345
2017,815,Ivan Davydov,21,5036,9167.392344149488
2017,816,Jake Delaney,20,5035,9165.57197235756
2017,817,Gabor Borsos,26,5030,9156.47011339792
2017,818,Germain Gigounon,28,5020,9138.26639547864
2017,819,Pere Riba,29,5013,9125.523792935144
2017,820,Alejandro Gomez,26,4989,9081.834869928873
2017,821,Timur Kiyamov,21,4911,8939.845870158486
2017,822,Benjamin Mitchell,25,4830,8792.395755012318
2017,823,Kenneth Raisma,19,4827,8786.934639636533
2017,824,Christopher Rungkat,27,4818,8770.551293509181
2017,825,Peter Goldsteiner,27,4793,8725.04199871098
2017,826,Maxim Ratniuk,21,4793,8725.04199871098
2017,827,Fabiano De Paula,29,4766,8675.891960328925
2017,828,Alejandro Tabilo,20,4748,8643.12526807422
2017,829,Matej Vocel,20,4732,8613.999319403372
2017,830,Marc Fornell-Mestres,35,4670,8501.136268303835
2017,831,Khumoyun Sultanov,19,4653,8470.189947841058
2017,832,Pruchya Isaro,22,4647,8459.267717089491
2017,833,Tigre Hank,26,4643,8451.986229921778
2017,834,Sebastian Prechtel,21,4554,8289.973140440185
2017,835,Isak Arvidsson,25,4545,8273.589794312833
2017,836,Claudio Fortuna,27,4545,8273.589794312833
2017,837,Tom Kocevar-Desman,27,4544,8271.769422520905
2017,838,Ruan Roelofse,28,4530,8246.284217433913
2017,839,Adam Chadaj,33,4484,8162.5471150052235
2017,840,Tom Fawcett,22,4480,8155.265627837512
2017,841,Oleksandr Bielinskyi,23,4479,8153.445256045584
2017,842,Guillermo Duran,29,4472,8140.702653502088
2017,843,Yusuke Watanuki,27,4465,8127.960050958592
2017,844,Alessandro Luisi,28,4462,8122.4989355828075
2017,845,Luis Patino,24,4411,8029.659974194478
2017,846,Alexander Erler,20,4399,8007.8155126913425
2017,847,Harri Heliovaara,28,4359,7935.000641014221
2017,848,Nick Chappell,25,4305,7836.700564250109
2017,849,Vitaly Kozyukov,23,4305,7836.700564250109
2017,850,Aaron Cortes Alcaraz,23,4296,7820.3172181227565
2017,851,Jose Olivares,20,4280,7791.191269451909
2017,852,Laurent Rochette,29,4236,7711.094910607076
2017,853,Nik Razborsek,24,4140,7536.339218581987
2017,854,Oliver Golding,24,4104,7470.805834072577
2017,855,Marcel Felder,33,4098,7459.88360332101
2017,856,Maxime Tchoutakian,23,4097,7458.063231529081
2017,857,Wilfredo Gonzalez,24,4092,7448.961372569442
2017,858,Eduardo Dischinger,25,4076,7419.835423898593
2017,859,Collin Altamirano,22,4071,7410.733564938953
2017,860,Anton Zaitcev,30,4065,7399.811334187385
2017,861,Franjo Raspudic,27,4013,7305.152001007128
2017,862,Julian Onken,29,4011,7301.511257423273
2017,863,Juan Ignacio Ameal,23,4008,7296.050142047488
2017,864,Sherif Sabry,31,3955,7199.570437075304
2017,865,Tim Van Terheijden,27,3946,7183.187090947951
2017,866,Lukas Ruepke,24,3925,7144.959283317463
2017,867,Jimmy Wang,32,3920,7135.857424357823
2017,868,Carlos Eduardo Severino,27,3906,7110.37221927083
2017,869,Cristobal Saavedra-Corvalan,27,3897,7093.9888731434785
2017,870,Francis Casey Alcantara,25,3876,7055.76106551299
2017,871,Federico Moreno,23,3785,6890.107232447541
2017,872,Antal Van Der Duim,30,3776,6873.723886320188
2017,873,Vitaliy Sachko,20,3763,6850.059053025124
2017,874,Danny Thomas,18,3746,6819.112732562348
2017,875,Scott Puodziunas,28,3727,6784.525668515716
2017,876,Simone Roncalli,21,3722,6775.423809556076
2017,877,Harrison Adams,23,3719,6769.962694180292
2017,878,Ryan Haviland,37,3686,6709.890425046667
2017,879,Andre Begemann,33,3650,6644.357040537258
2017,880,Bastian Malla,21,3642,6629.7940662018345
2017,881,Diego Hidalgo,24,3618,6586.105143195562
2017,882,Stephan Fransen,29,3592,6538.775476605433
2017,883,Jorge Panta,22,3567,6493.266181807233
2017,884,Florian Lakat,22,3554,6469.601348512169
2017,885,Jea Moon Lee,24,3553,6467.780976720241
2017,886,Ryusei Makiguchi,26,3521,6409.529079378544
2017,887,Skander Mansouri,22,3480,6334.8938359094955
2017,888,Nicolas Alberto Arreche,23,3462,6302.127143654791
2017,889,Juan Sebastian Gomez,25,3422,6229.312271977671
2017,890,Andre Miele,30,3387,6165.599259260191
2017,891,Carlos Salamanca,34,3360,6116.449220878134
2017,892,Alexandre Tsuchiya,25,3261,5936.23241347726
2017,893,Romain Jouan,32,3252,5919.849067349908
2017,894,Eduardo Agustin Torre,23,3243,5903.465721222556
2017,895,Mazen Osama,22,3240,5898.0046058467715
2017,896,Bastian Trinker,27,3210,5843.393452088932
2017,897,Jonas Luetjen,27,3146,5726.889657405538
2017,898,James Marsalek,25,3081,5608.5654909302175
2017,899,Rhyne Williams,26,3047,5546.672850004665
2017,900,David Souto,25,2978,5421.067196361631
2017,901,Tak Khunn Wang,26,2972,5410.144965610064
2017,902,Kirill Dmitriev,26,2545,4632.846210456801
2017,903,Tal Goldengoren,21,2433,4428.964569760863
2017,904,Alvaro Lopez San Martin,20,2383,4337.9459801644625
2017,905,Juraj Masar,25,2000,3640.743583856032
2017,906,Riccardo Ghedin,32,1998,3637.102840272176
2017,907,Takao Suzuki,41,1530,2785.1688416498646
2018,1,Novak Djokovic,31,15934672,26914307.710442614
2018,2,Rafael Nadal,32,8663347,14632744.681556035
2018,3,Roger Federer,37,8629233,14575124.751052663
2018,4,Alexander Zverev,21,8566914,14469865.430860376
2018,5,Juan Martin del Potro,30,6445766,10887160.37289684
2018,6,Kevin Anderson,32,5457699,9218275.109583363
2018,7,Marin Cilic,30,5187148,8761303.490376644
2018,8,Dominic Thiem,25,4556745,7696527.238716982
2018,9,John Isner,33,4046875,6835336.115842073
2018,10,Kei Nishikori,29,4044388,6831135.471908149
2018,11,Karen Khachanov,22,3336360,5635247.444868166
2018,12,Borna Coric,22,3015356,5093058.661046138
2018,13,Stefanos Tsitsipas,20,2519614,4255730.3035505945
2018,14,Kyle Edmund,23,2142514,3618793.0990943047
2018,15,Nikoloz Basilashvili,26,2023705,3418119.8762774197
2018,16,Fabio Fognini,31,1926978,3254744.0476498846
2018,17,Diego Schwartzman,26,1891302,3194485.835753352
2018,18,Milos Raonic,28,1783442,3012305.918297358
2018,19,Grigor Dimitrov,27,1781443,3008929.526168723
2018,20,David Goffin,28,1720860,2906602.380431318
2018,21,Roberto Bautista Agut,30,1717622,2901133.267018352
2018,22,Pablo Carreno Busta,27,1661863,2806954.0530611044
2018,23,Daniil Medvedev,22,1645300,2778978.473858215
2018,24,Hyeon Chung,22,1550978,2619664.7878366658
2018,25,Fernando Verdasco,35,1473493,2488789.4781381893
2018,26,Denis Shapovalov,19,1461155,2467950.0954052755
2018,27,Marco Cecchinato,26,1439736,2431772.535123522
2018,28,Richard Gasquet,32,1366584,2308215.838278159
2018,29,Lucas Pouille,24,1260218,2128559.3474555714
2018,30,Gael Monfils,32,1245866,2104318.236985254
2018,31,Alex de Minaur,19,1229030,2075881.5497027666
2018,32,Philipp Kohlschreiber,35,1226421,2071474.84281752
2018,33,Gilles Simon,34,1141864,1928654.6381046842
2018,34,Adrian Mannarino,30,1115101,1883450.8449387767
2018,35,Damir Dzumhur,26,1108420,1872166.3647929998
2018,36,Marton Fucsovics,26,1041076,1758419.6156630493
2018,37,Nick Kyrgios,23,1040332,1757162.9694680998
2018,38,Joao Sousa,29,1033433,1745510.2784748778
2018,39,Andrey Rublev,21,1029862,1739478.714547237
2018,40,Sam Querrey,31,1028867,1737798.1191655505
2018,41,Frances Tiafoe,20,1026059,1733055.2932039665
2018,42,Benoit Paire,29,988183,1669081.1920212924
2018,43,Andreas Seppi,34,976776,1649814.3060726505
2018,44,John Millman,29,971320,1640598.9006430204
2018,45,Steve Johnson,29,953195,1609985.0400469708
2018,46,Jeremy Chardy,31,952070,1608084.869389285
2018,47,Robin Haase,31,942335,1591642.0592981104
2018,48,Leonardo Mayer,31,938351,1584912.9216090257
2018,49,Albert Ramos-Vinolas,30,928421,1568140.748603852
2018,50,Dusan Lajovic,28,921383,1556253.2809693695
2018,51,Jan-Lennard Struff,28,918302,1551049.3469281872
2018,52,Mischa Zverev,31,888180,1500172.0664385762
2018,53,Malek Jaziri,34,887186,1498493.1600974742
2018,54,Matthew Ebden,31,871765,1472446.4652422091
2018,55,Mikhail Kukushkin,31,852741,1440314.1571605958
2018,56,Pierre-Hugues Herbert,27,848674,1433444.8291029884
2018,57,Peter Gojowczyk,29,848398,1432978.6539016361
2018,58,Stan Wawrinka,33,834541,1409573.6185207006
2018,59,Taylor Fritz,21,832246,1405697.2703790215
2018,60,Feliciano Lopez,37,824652,1392870.696179496
2018,61,Tennys Sandgren,27,808871,1366215.9467137714
2018,62,Guido Pella,28,799757,1350822.0308256394
2018,63,Nicolas Jarry,23,799214,1349904.8817881963
2018,64,Maximilian Marterer,23,789332,1333213.782731084
2018,65,Jack Sock,26,738747,1247773.664758606
2018,66,Filip Krajinovic,26,736524,1244018.927539019
2018,67,Marius Copil,28,733335,1238632.577114699
2018,68,Ryan Harrison,26,731632,1235756.1409991088
2018,69,Tomas Berdych,33,711846,1202336.7839920227
2018,70,Matteo Berrettini,22,709801,1198882.695996496
2018,71,Aljaz Bedene,29,635628,1073601.4887142463
2018,72,Pablo Cuevas,32,619800,1046867.3543410451
2018,73,Jared Donaldson,22,596435,1007402.9210816413
2018,74,Denis Kudla,26,589704,996033.9889066339
2018,75,Evgeny Donskoy,28,585987,989755.82505364
2018,76,Radu Albot,29,579727,979182.4309939838
2018,77,Yuichi Sugita,30,579557,978895.2940946
2018,78,Marcos Baghdatis,33,578200,976603.2660212849
2018,79,Gilles Muller,35,556113,939297.426629012
2018,80,Jiri Vesely,25,554048,935809.5578217931
2018,81,Guillermo Garcia-Lopez,35,550437,929710.4322707677
2018,82,Jaume Munar,21,538099,908871.0495378543
2018,83,Mackenzie McDonald,23,537013,907036.7514629682
2018,84,Martin Klizan,29,523626,884425.5651567992
2018,85,Federico Delbonis,28,519663,877731.8973199913
2018,86,Vasek Pospisil,28,512161,865060.7148542498
2018,87,Cameron Norrie,23,512061,864891.8107957889
2018,88,Yoshihito Nishioka,23,508046,858110.3128485812
2018,89,David Ferrer,36,494455,835154.5622631519
2018,90,Denis Istomin,32,493370,833321.9532288504
2018,91,Roberto Carballes Baena,25,483450,816566.6706295229
2018,92,Taro Daniel,25,483044,815880.9201521714
2018,93,Thomas Fabbiano,29,469813,793533.2241772014
2018,94,Ernests Gulbis,30,468884,791964.1054740992
2018,95,Hubert Hurkacz,21,467695,789955.8362189983
2018,96,Paolo Lorenzi,37,462269,780791.1020069064
2018,97,Ruben Bemelmans,30,456818,771584.1417801994
2018,98,Ivo Karlovic,39,453214,765496.8395132663
2018,99,Mirza Basic,27,445003,751628.1272730366
2018,100,Lukas Lacko,31,441739,746115.0988048709
2018,101,Laslo Djere,23,435154,734992.7665552165
2018,102,Bernard Tomic,26,420374,710028.7467146863
2018,103,Bradley Klahn,28,390324,659273.0771471671
2018,104,Ricardas Berankis,28,362046,611510.387495576
2018,105,Horacio Zeballos,33,360056,608149.1967322029
2018,106,Peter Polansky,30,357551,603918.1500677558
2018,107,Viktor Troicki,32,356714,602504.4230984375
2018,108,Yuki Bhambri,26,349308,589995.3885288186
2018,109,Florian Mayer,35,341670,577094.4965435703
2018,110,Casper Ruud,20,336325,568066.5746188319
2018,111,Jordan Thompson,24,330705,558574.1665333258
2018,112,Ilya Ivashka,24,324359,547855.5149833931
2018,113,Lorenzo Sonego,23,323624,546614.0701537051
2018,114,Dennis Novak,25,320475,541295.2813527694
2018,115,Corentin Moutet,19,317189,535745.0939917421
2018,116,Sergiy Stakhovsky,32,313022,528706.8618756739
2018,117,Pablo Andujar,32,309766,523207.3457321849
2018,118,Guido Andreozzi,27,308680,521373.04765729886
2018,119,Tim Smyczek,31,292360,493807.9053164698
2018,120,Felix Auger-Aliassime,18,290968,491456.7608226932
2018,121,Jurgen Zopp,30,287069,484871.19158330024
2018,122,Michael Mmoh,20,283987,479665.5685015334
2018,123,Jozef Kovalik,26,277177,468163.2021203418
2018,124,Nicolas Kicker,26,274486,463617.99390715733
2018,125,Jason Kubler,25,271778,459044.0720040345
2018,126,Elias Ymer,22,265819,448979.0791603457
2018,127,Thanasi Kokkinakis,22,245585,414803.0319713546
2018,128,Dudi Sela,33,240074,405494.729309571
2018,129,Nicolas Mahut,36,239462,404461.0364717899
2018,130,Andy Murray,31,238610,403021.9738937025
2018,131,Stefano Travaglia,27,238391,402652.07400567294
2018,132,Marco Trungelliti,28,235357,397527.5248719674
2018,133,Yannick Maden,29,235254,397353.55369175255
2018,134,Donald Young,29,234359,395841.862368527
2018,135,Alexandr Dolgopolov,30,231436,390904.796739713
2018,136,Rogerio Dutra Silva,34,224752,379615.2494721823
2018,137,James Duckworth,26,223839,378073.1554184337
2018,138,Noah Rubin,22,223833,378063.0211749261
2018,139,Matthias Bachinger,31,218692,369379.663529448
2018,140,Ugo Humbert,20,213252,360191.2827491716
2018,141,Alex Bolt,25,213240,360171.01426215627
2018,142,Jo-Wilfried Tsonga,33,203396,343544.0987472592
2018,143,Marcel Granollers,32,199664,337240.59928549605
2018,144,Ramkumar Ramanathan,24,192922,325853.08766405797
2018,145,Thiago Monteiro,24,190931,322490.2078601002
2018,146,Bjorn Fratangelo,25,190414,321616.97387785703
2018,147,Victor Estrella Burgos,38,183846,310523.355318141
2018,148,Gregoire Barrere,24,182574,308374.89569451753
2018,149,Simone Bolelli,33,182341,307981.3492383035
2018,150,Lloyd Harris,21,176204,297615.70717055426
2018,151,Calvin Hemery,23,173297,292705.6661910941
2018,152,Yannick Hanfmann,27,172771,291817.2308435894
2018,153,Andreas Haider-Maurer,31,170339,287709.48414181883
2018,154,Stephane Robert,38,168163,284034.1318297083
2018,155,Ernesto Escobedo,22,167531,282966.65818023495
2018,156,Gerald Melzer,28,167453,282834.91301463544
2018,157,Henri Laaksonen,26,165629,279754.1029883075
2018,158,Quentin Halys,22,163059,275413.26868586073
2018,159,Reilly Opelka,21,159848,269989.75936867925
2018,160,Jason Jung,29,159598,269567.49922252685
2018,161,Prajnesh Gunneswaran,29,158566,267824.40933920967
2018,162,Carlos Berlocq,35,148981,251634.95533572644
2018,163,Cristian Garin,22,148427,250699.22685185273
2018,164,Adam Pavlasek,24,148349,250567.48168625316
2018,165,Alexei Popyrin,19,147265,248736.56169253634
2018,166,Facundo Bagnis,28,145773,246216.51314029878
2018,167,John-Patrick Smith,29,145300,245417.59694377842
2018,168,Norbert Gombos,28,144552,244154.19458649043
2018,169,Liam Broady,24,143260,241971.95415117478
2018,170,Mitchell Krueger,24,139105,234953.9905221218
2018,171,Santiago Giraldo,31,138931,234660.09746039973
2018,172,Jay Clarke,20,137311,231923.85171333214
2018,173,Mohamed Safwat,28,134493,227164.1353459022
2018,174,Gastao Elias,28,133736,225885.53162335273
2018,175,Salvatore Caruso,26,133731,225877.08642042967
2018,176,Oscar Otte,25,133409,225333.2153521854
2018,177,Adrian Menendez-Maceiras,33,133294,225138.97568495528
2018,178,Blaz Kavcic,31,133084,224784.27716218724
2018,179,Alexander Bublik,21,131288,221750.76027222836
2018,180,Miomir Kecmanovic,19,128231,216587.36320507675
2018,181,Christian Harrison,24,124996,211123.3169138646
2018,182,Alessandro Giannessi,28,123543,208669.14094442682
2018,183,Egor Gerasimov,26,120577,203659.44657047468
2018,184,Dustin Brown,34,120014,202708.51672133946
2018,185,Darian King,26,118132,199529.74234110414
2018,186,Marc Polmans,21,116764,197219.13482135817
2018,187,Tommy Robredo,36,116164,196205.7104705924
2018,188,Alexey Vatutin,26,114321,193092.80867315686
2018,189,Thomaz Bellucci,31,110261,186235.3038996418
2018,190,Sebastian Ofner,22,109754,185378.9603232447
2018,191,Federico Gaio,26,108001,182418.07217842404
2018,192,Constant Lestienne,26,106591,180036.52495412447
2018,193,Juan Ignacio Londero,25,106141,179276.45669105015
2018,194,Yibing Wu,19,104910,177197.2477313957
2018,195,Kevin King,27,104663,176780.05470699712
2018,196,Zdenek Kolar,22,104313,176188.89050238376
2018,197,Luca Vanni,33,103661,175087.63604121827
2018,198,Stefano Napolitano,23,102489,173108.0804760558
2018,199,Jurgen Melzer,37,102038,172346.32317239686
2018,200,Viktor Galovic,28,101963,172219.64512855114
2018,201,Pedro Sousa,30,101177,170892.05922904797
2018,202,Pedro Martinez,21,100591,169902.28144646672
2018,203,Duckhee Lee,20,100469,169696.21849514436
2018,204,Nikola Milojevic,23,99285,167696.39444296656
2018,205,Christopher Eubanks,22,98589,166520.82219607825
2018,206,Go Soeda,34,97588,164830.09257088404
2018,207,Kenny De Schepper,31,97218,164205.14755457846
2018,208,Hugo Dellien,25,96763,163436.63408858108
2018,209,Rudolf Molleker,18,95737,161703.67844877162
2018,210,Ricardo Ojeda Lara,25,95729,161690.16612409474
2018,211,Uladzimir Ignatik,28,95213,160818.62118243615
2018,212,Dominik Koepfer,24,94394,159435.2969436409
2018,213,Brayden Schnur,23,94303,159281.5942504414
2018,214,Marcelo Arevalo,28,93077,157210.83049371
2018,215,Kamil Majchrzak,22,92501,156237.94311697487
2018,216,Tatsuma Ito,30,91341,154278.6560388277
2018,217,Tallon Griekspoor,22,90835,153424.00150301523
2018,218,Mats Moraing,26,90784,153337.86043320014
2018,219,Maxime Janvier,22,90619,153059.16873673955
2018,220,Evan King,26,90244,152425.77851751095
2018,221,Vaclav Safranek,24,89975,151971.42660025094
2018,222,Benjamin Bonzi,22,89701,151508.6294800679
2018,223,Daniel Elahi Galan,22,88327,149187.8877168143
2018,224,Antoine Hoang,23,86982,146916.12813051435
2018,225,Carlos Taberner,21,86125,145468.6203495039
2018,226,Gleb Sakharov,30,85505,144421.41518704593
2018,227,Pedja Krstin,24,84961,143502.57710901828
2018,228,Stefan Kozlov,20,84779,143195.17172261936
2018,229,Soonwoo Kwon,21,84440,142622.5869644367
2018,230,Andrej Martin,29,83769,141489.24073216363
2018,231,Filip Peliwo,24,83731,141425.05718994845
2018,232,Ze Zhang,28,83368,140811.93545773518
2018,233,Daniel Gimeno-Traver,33,82804,139859.31656801535
2018,234,Hiroki Moriya,28,80845,136550.4860627651
2018,235,James Ward,31,80673,136259.97108221223
2018,236,Lorenzo Giustino,27,78778,133059.239174377
2018,237,Collin Altamirano,23,78499,132587.9968512709
2018,238,Gonzalo Oliveira,23,78219,132115.0654875802
2018,239,Tobias Kamke,32,78143,131986.69840314987
2018,240,Enrique Lopez Perez,27,78007,131756.98888364297
2018,241,Dennis Novikov,25,77928,131623.5546774588
2018,242,Lukas Rosol,33,77884,131549.23689173599
2018,243,JC Aragone,23,76792,129704.80457334228
2018,244,Andrea Collarini,26,76658,129478.47313500459
2018,245,Andrea Arnaboldi,31,75692,127846.85993027169
2018,246,Nino Serdarusic,22,75406,127363.79432307334
2018,247,Blaz Rola,28,74503,125838.59067517084
2018,248,Elliot Benchetrit,20,74309,125510.91680175658
2018,249,Tommy Paul,21,73715,124507.62669449845
2018,250,Daniel Evans,28,73703,124487.35820748315
2018,251,Zhe Li,32,72991,123284.76131124109
2018,252,Roberto Quiroz,26,72762,122897.97101736549
2018,253,Daniel Brands,31,72023,121649.77002533898
2018,254,Yosuke Watanuki,20,71541,120835.65246355714
2018,255,Max Purcell,20,70915,119778.31305759151
2018,256,Guilherme Clezar,25,70267,118683.81475876448
2018,257,Danilo Petrovic,26,69121,116748.17424880185
2018,258,Yasutaka Uchiyama,26,68691,116021.8867974197
2018,259,Attila Balazs,30,66188,111794.21821414182
2018,260,Liam Caruana,20,65511,110650.7377383611
2018,261,Evgeny Karlovskiy,24,63541,107323.32778668014
2018,262,Ivan Nedelko,32,61921,104587.08203961255
2018,263,Matteo Donati,23,60743,102597.39223094241
2018,264,Sergio Gutierrez-Ferrol,29,60613,102377.81695494316
2018,265,Joao Domingues,25,60435,102077.16773088265
2018,266,Cedrik-Marcel Stebe,28,59852,101092.45707005524
2018,267,Cem Ilkel,23,59315,100185.44227611987
2018,268,Mikael Ymer,20,59303,100165.17378910455
2018,269,Lucas Miedler,22,58492,98795.36187498615
2018,270,Filippo Baldi,22,58291,98455.86471747962
2018,271,Tomislav Brkic,28,57783,97597.83210049792
2018,272,Mathias Bourgue,24,57464,97059.02815400745
2018,273,Arthur De Greef,26,56468,95376.74373173626
2018,274,Di Wu,27,55967,94530.53439884685
2018,275,Thiemo de Bakker,30,55033,92952.97049282146
2018,276,Alejandro Davidovich Fokina,19,54950,92812.78012429886
2018,277,Daniel Masur,24,54890,92711.43768922228
2018,278,Gianluigi Quinzi,22,54849,92642.18702525328
2018,279,Filip Horansky,25,54730,92441.19119568475
2018,280,Bradley Mousley,22,53844,90944.70123772061
2018,281,Nicola Kuhn,18,53518,90394.07400713788
2018,282,Thai-Son Kwiatkowski,23,50508,85310.0618474629
2018,283,Akira Santillan,21,50491,85281.34815752454
2018,284,Aleksandr Nedovyesov,31,50181,84757.74557629557
2018,285,Renzo Olivo,26,48896,82587.32842507219
2018,286,Jan Choinski,22,47580,80364.55101572593
2018,287,Alejandro Gonzalez,29,46544,78614.70497007035
2018,288,Pedro Cachin,23,45689,77170.57527022912
2018,289,Tsung-Hua Yang,27,45398,76679.06446010772
2018,290,Sumit Nagal,21,45149,76258.49335453993
2018,291,Maverick Banes,26,44898,75834.54416780292
2018,292,Vincent Millot,32,43529,73522.24760747234
2018,293,Alexandre Muller,21,43527,73518.86952630313
2018,294,Gian Marco Moroni,20,41679,70397.52252594453
2018,295,Roman Safiullin,21,41275,69715.15012976225
2018,296,Aldin Setkic,31,40295,68059.89035684481
2018,297,Jurij Rodionov,19,39585,66860.67154177198
2018,298,Zsombor Piros,19,38837,65597.26918448399
2018,299,Scott Griekspoor,27,38806,65544.90892636108
2018,300,Frederico Ferreira Silva,23,38719,65397.96239550004
2018,301,Sebastian Korda,18,38332,64744.30368925612
2018,302,Roberto Ortega-Olmedo,27,38325,64732.48040516386
2018,303,Matteo Viola,31,38199,64519.66129150304
2018,304,Facundo Arguello,26,37360,63102.55624101557
2018,305,Johan Tatlot,22,37213,62854.26727507795
2018,306,Roberto Cid Subervi,25,36834,62214.1208935109
2018,307,Kimmer Coppejans,24,36775,62114.46749901894
2018,308,Joao Souza,30,36478,61612.82244538988
2018,309,Marcos Giron,25,36385,61455.741671021184
2018,310,Bernabe Zapata Miralles,21,36198,61139.891081699185
2018,311,Lucas Catarina,22,35727,60344.35296634805
2018,312,Maximilian Neuchrist,27,35569,60077.48455397973
2018,313,Kaichi Uchida,24,34867,58891.77806358377
2018,314,Alexander Sarkissian,28,34740,58677.26990933835
2018,315,Kevin Krawietz,26,34715,58635.04389472311
2018,316,Frank Dancevic,34,34491,58256.69880377055
2018,317,Mario Vilella Martinez,23,34398,58099.618029401856
2018,318,Karim-Mohamed Maamoun,27,34313,57956.04957971004
2018,319,Ante Pavic,29,34281,57902.00028100253
2018,320,Oriol Roca Batalla,25,33999,57425.69083614262
2018,321,Saketh Myneni,31,33038,55802.52283433277
2018,322,Dimitar Kuzmanov,25,32981,55706.247521010024
2018,323,Alessandro Bega,27,32619,55094.814829381336
2018,324,Joao Monteiro,25,32375,54682.68892673659
2018,325,Franko Skugor,31,31689,53524.007085694386
2018,326,Geoffrey Blancaneaux,20,31373,52990.270260957746
2018,327,Laurynas Grigelis,27,30981,52328.16635179077
2018,328,Lloyd Glasspool,25,30965,52301.14170243702
2018,329,Zhizhen Zhang,22,30317,51206.64340360998
2018,330,Mate Valkusz,20,30171,50960.04347825698
2018,331,Denis Yevseyev,25,30157,50936.39691007244
2018,332,Gianluca Mager,24,29858,50431.373775274165
2018,333,Teymuraz Gabashvili,33,29405,49666.23839044601
2018,334,Illya Marchenko,31,29293,49477.06584496973
2018,335,Jose Hernandez-Fernandez,28,29043,49054.80569881732
2018,336,Corentin Denolly,21,29024,49022.71392770974
2018,337,Lucas Gomez,23,28996,48975.420791340664
2018,338,Andrew Whittington,25,28474,48093.741606174444
2018,339,Javier Barranco Cosano,20,28455,48061.64983506686
2018,340,Jelle Sels,23,28414,47992.399171097866
2018,341,Steven Diez,27,28154,47553.248619099366
2018,342,Dayne Kelly,28,27686,46762.77762550206
2018,343,Raul Brancaccio,21,27671,46737.442016732915
2018,344,Joris De Loore,25,27414,46303.35858648824
2018,345,Ivan Gakhov,22,27251,46028.044971196876
2018,346,Yusuke Takahashi,21,26972,45556.80264809079
2018,347,Carlos Boluda-Purkiss,25,26852,45354.11777793763
2018,348,Rigele Te,21,26812,45286.55615455325
2018,349,Miljan Zekic,30,26743,45170.012354215185
2018,350,Yen-Hsun Lu,35,26594,44918.34530710835
2018,351,Fred Gil,33,25894,43736.016897881615
2018,352,Ulises Blanch,20,25865,43687.034720927935
2018,353,Jordi Samper-Montana,28,25852,43665.07719332801
2018,354,Federico Coria,26,24996,42219.25845290217
2018,355,Chun-Hsin Tseng,17,24812,41908.474985333996
2018,356,Alexander Ward,28,24586,41526.75181321223
2018,357,Yannick Mertens,31,24534,41438.92170281253
2018,358,Peter Heller,26,24206,40884.916391060564
2018,359,Edan Leshem,21,24204,40881.53830989135
2018,360,Evgenii Tiurnev,21,24150,40790.330118322425
2018,361,David Guez,36,23875,40325.84395755478
2018,362,Marc-Andrea Huesler,22,23393,39511.726395772945
2018,363,Dragos Dima,26,23347,39434.0305288809
2018,364,Martin Cuevas,26,23163,39123.24706131273
2018,365,Dmitry Popko,22,23073,38971.233408697866
2018,366,Hernan Casanova,24,22829,38559.107506053115
2018,367,Arjun Kadhe,24,22488,37983.144666701235
2018,368,Emilio Gomez,27,22191,37481.49961307218
2018,369,Blake Ellis,19,22171,37447.71880137998
2018,370,Roberto Marcora,29,21993,37147.06957731947
2018,371,Baptiste Crepatte,24,21841,36890.335408458806
2018,372,Renta Tokuda,20,21800,36821.08474448981
2018,373,Hugo Grenier,22,21585,36457.941018798745
2018,374,Louis Wessels,20,21507,36326.19585319919
2018,375,Fabien Reboul,23,21502,36317.750650276146
2018,376,Christopher Heyman,25,21325,36018.79046680024
2018,377,Enzo Couacaud,23,21286,35952.91788400046
2018,378,Evan Furness,20,21271,35927.58227523132
2018,379,Riccardo Bonadio,25,21219,35839.75216483162
2018,380,Brandon Nakashima,17,20800,35132.044159880184
2018,381,Evan Song,26,20758,35061.10445532658
2018,382,Juan Pablo Varillas,23,20691,34947.93873615774
2018,383,Harri Heliovaara,29,20284,34260.49921822162
2018,384,Sadio Doumbia,28,20207,34130.44309320668
2018,385,Eduard Esteve Lobato,24,20190,34101.72940326831
2018,386,Tom Fawcett,23,20125,33991.94176526869
2018,387,Sekou Bangoura,27,19776,33402.46660123993
2018,388,Lamine Ouahab,34,19509,32951.49276514916
2018,389,Andres Artunedo Martinavarro,25,19415,32792.72295019586
2018,390,Tak Khunn Wang,27,19357,32694.7585962885
2018,391,Yan Bai,29,19253,32519.0983754891
2018,392,Zihao Xia,21,19246,32507.27509139683
2018,393,Gijs Brouwer,22,19157,32356.950479366573
2018,394,Zizou Bergs,19,19041,32161.02177155186
2018,395,Daniel Munoz de la Nava,36,19028,32139.064243951932
2018,396,Aslan Karatsev,25,18985,32066.43549881372
2018,397,Sebastian Fanselow,27,18925,31965.093063737142
2018,398,Yannick Jankovits,31,18871,31873.884872168223
2018,399,Moez Echargui,25,18823,31792.810924106958
2018,400,Germain Gigounon,29,18679,31549.589079923175
2018,401,Tiago Cacao,20,18541,31316.501479247047
2018,402,Jack Draper,17,18493,31235.427531185782
2018,403,Joao Menezes,22,18469,31194.89055715515
2018,404,Martin Redlicki,23,18455,31171.24398897062
2018,405,Tim Puetz,31,18439,31144.219339616862
2018,406,Tom Jomby,27,18375,31036.12074220185
2018,407,Jared Hiltzik,24,18323,30948.29063180215
2018,408,Bruno Santanna,25,18287,30887.4851707562
2018,409,Matteo Martineau,19,18183,30711.8249499568
2018,410,Manuel Guinard,23,18084,30544.609932080446
2018,411,Andrea Basso,25,17866,30176.39908463555
2018,412,Emil Ruusuvuori,19,17836,30125.72786709726
2018,413,Yuta Shimizu,19,17730,29946.68956512864
2018,414,Benjamin Lock,25,17696,29889.26218525191
2018,415,Thiago Seyboth Wild,18,17586,29703.467720944853
2018,416,Konstantin Kravchuk,33,17499,29556.52119008382
2018,417,Ronnie Schneider,24,17412,29409.57465922278
2018,418,Arthur Rinderknech,23,17307,29232.225397838767
2018,419,Fabrizio Ornago,26,17296,29213.645951408063
2018,420,Sanjar Fayziev,24,17281,29188.310342638917
2018,421,Carlos Gomez-Herrera,28,17217,29080.211745223904
2018,422,Youssef Hossam,20,17214,29075.144623470074
2018,423,Markus Eriksson,29,16935,28603.90230036399
2018,424,Tristan Lamasine,25,16905,28553.2310828257
2018,425,Oscar Jose Gutierrez,25,16857,28472.15713476444
2018,426,Peter Torebko,30,16837,28438.376323072247
2018,427,Andrea Pellegrino,21,16823,28414.72975488771
2018,428,Roy Smith,20,16608,28051.586029196642
2018,429,Sergey Betov,31,16561,27972.20112171999
2018,430,Jacob Grills,23,16518,27899.572376581775
2018,431,Aleksandar Vukic,22,16455,27793.162819751367
2018,432,Antoine Cornut-Chauvinc,18,16389,27681.686141167134
2018,433,Aziz Dougaz,21,16218,27392.860201198888
2018,434,Hiroyasu Ehara,27,16123,27232.401345660972
2018,435,Gregoire Jacq,26,15976,26984.11237972336
2018,436,Michael Redlicki,25,15956,26950.331568031168
2018,437,Alex Molcan,21,15936,26916.550756338973
2018,438,Andrew Harris,24,15900,26855.74529529303
2018,439,Marsel Ilhan,31,15824,26727.378210862695
2018,440,Takanyi Garanganga,28,15824,26727.378210862695
2018,441,Camilo Ugo Carabelli,19,15809,26702.042602093552
2018,442,Evan Hoyt,23,15747,26597.322085847754
2018,443,Alessandro Petrone,28,15642,26419.972824463744
2018,444,Luke Saville,24,15600,26349.03311991014
2018,445,Karue Sell,25,15445,26087.231829295648
2018,446,Rio Noguchi,20,15225,25715.64290068153
2018,447,Jaimee Floyd Angele,18,15109,25519.714192866813
2018,448,Orlando Luz,20,15073,25458.90873182087
2018,449,Pietro Rondoni,25,15036,25396.414230190312
2018,450,Pol Toledo Bague,24,14959,25266.35810517537
2018,451,Omar Salman,22,14898,25163.326629514184
2018,452,Gonzalo Villanueva,23,14817,25026.514342160805
2018,453,Nik Razborsek,25,14802,25001.178733391658
2018,454,Jeroen Vanneste,24,14794,24987.666408714784
2018,455,Alexander Erler,21,14669,24776.53633563858
2018,456,Juan Pablo Ficovich,21,14614,24683.63910348505
2018,457,Makoto Ochi,22,14601,24661.681575885126
2018,458,Marco Bortolotti,27,14347,24232.66526739428
2018,459,Giovanni Fonio,20,14308,24166.792684594504
2018,460,Riccardo Balzerani,20,14145,23891.479069303135
2018,461,Jacopo Berrettini,20,14038,23710.751726749906
2018,462,Sebastien Boltz,25,14026,23690.483239734593
2018,463,Patrik Niklas-Salminen,21,14021,23682.038036811544
2018,464,Jordan Correia,21,14017,23675.281874473105
2018,465,Patrik Rikl,19,13777,23269.912134166796
2018,466,Alvaro Lopez San Martin,21,13771,23259.777890659137
2018,467,Borna Gojo,20,13755,23232.75324130538
2018,468,Rubin Statham,31,13738,23204.03955136702
2018,469,Gonzalo Escobar,29,13707,23151.67929324412
2018,470,Francesco Vilardo,29,13707,23151.67929324412
2018,471,Jeremy Beale,24,13633,23026.69028998301
2018,472,Tim van Rijthoven,21,13604,22977.70811302933
2018,473,Petros Chrysochos,22,13576,22930.41497666026
2018,474,Maxime Cressy,21,13511,22820.627338660634
2018,475,Alexis Galarneau,19,13470,22751.37667469164
2018,476,Pavel Kotov,20,13430,22683.815051307254
2018,477,Jan Satral,28,13410,22650.034239615063
2018,478,Nam Hoang Ly,21,13403,22638.210955522794
2018,479,Alen Avidzba,18,13402,22636.521914938185
2018,480,Pedro Sakamoto,25,13388,22612.87534675365
2018,481,Botic van de Zandschulp,23,13375,22590.917819153725
2018,482,Benjamin Hassan,23,13354,22555.447966876924
2018,483,David Poljak,22,13349,22547.002763953875
2018,484,Jeremy Jahn,28,13160,22227.774093462656
2018,485,Altug Celikbilek,22,13101,22128.120698970688
2018,486,Alexandar Lazov,28,13093,22114.608374293814
2018,487,Igor Sijsling,31,12970,21906.856382386828
2018,488,Vladyslav Manafov,25,12934,21846.05092134088
2018,489,Tobias Simon,27,12922,21825.782434325567
2018,490,Shintaro Imai,25,12808,21633.23180768007
2018,491,Alexander Ritschard,24,12733,21506.55376383435
2018,492,Strong Kirchheimer,23,12620,21315.69217777346
2018,493,Tomas Martin Etcheverry,19,12596,21275.15520374283
2018,494,Jaume Pla Malfeito,23,12560,21214.349742696882
2018,495,Albano Olivetti,27,12546,21190.703174512346
2018,496,Harrison Adams,24,12463,21050.512805989747
2018,497,Martins Podzus,24,12404,20950.859411497782
2018,498,Alex Rybakov,21,12355,20868.096422851908
2018,499,Pascal Meis,25,12203,20611.362253991247
2018,500,Marc Giner,27,12164,20545.48967119147
2018,501,Jose Pereira,27,12163,20543.80063060686
2018,502,Tadeas Paroulek,19,12094,20427.256830268798
2018,503,Marko Miladinovic,18,12057,20364.76232863824
2018,504,Yecong He,24,12017,20297.200705253857
2018,505,Juan Ignacio Galarza,24,11975,20226.26100070025
2018,506,Manish Sureshkumar,19,11962,20204.303473100328
2018,507,Pavel Krainik,26,11962,20204.303473100328
2018,508,Genaro Alberto Olivieri,20,11947,20178.96786433118
2018,509,Tung-Lin Wu,20,11828,19977.972034762635
2018,510,Nicolae Frunza,21,11783,19901.965208455204
2018,511,Mikael Torpegaard,24,11775,19888.452883778325
2018,512,Jordi Arconada,22,11744,19836.09262565543
2018,513,Lukas Klein,20,11709,19776.976205194092
2018,514,Austin Krajicek,28,11580,19559.08996977945
2018,515,Johan Nikles,21,11548,19505.040671071944
2018,516,Marinko Matosevic,33,11500,19423.96672301068
2018,517,Patrick Kypson,19,11495,19415.521520087634
2018,518,Johannes Haerteis,22,11448,19336.13661261098
2018,519,Enrico Dalla Valle,20,11434,19312.490044426446
2018,520,Michael Vrbensky,19,11397,19249.99554279589
2018,521,Alejandro Gomez,27,11283,19057.44491615039
2018,522,Wishaya Trongcharoenchaikul,23,11262,19021.97506387359
2018,523,Skander Mansouri,23,11244,18991.572333350618
2018,524,Thomas Fancutt,23,11228,18964.54768399686
2018,525,Omar Jasika,21,11200,18917.254547627792
2018,526,Antoine Escoffier,26,11093,18736.527205074563
2018,527,Brydan Klein,28,11011,18598.025877136573
2018,528,Bogdan Ionut Apostol,22,10987,18557.488903105943
2018,529,Luis Patino,25,10776,18201.101339753313
2018,530,Guillermo Olaso,30,10738,18136.917797538146
2018,531,Yu Hsiou Hsu,19,10723,18111.582188769004
2018,532,Bastian Malla,22,10636,17964.635657907966
2018,533,Khumoyun Sultanov,20,10635,17962.946617323356
2018,534,Patricio Heras,29,10569,17851.46993873912
2018,535,Ryan Shane,24,10537,17797.42064003161
2018,536,Marvin Netuschil,27,10530,17785.597355939346
2018,537,Michael Geerts,23,10481,17702.83436729347
2018,538,Nuno Borges,21,10467,17679.18779910894
2018,539,Ryan Peniston,23,10447,17645.406987416747
2018,540,Fajing Sun,22,10396,17559.265917601653
2018,541,Jakub Paul,19,10394,17555.887836432437
2018,542,Michael Look,31,10260,17329.556398094745
2018,543,Mikhail Fufygin,28,10199,17226.52492243356
2018,544,Viktor Durasovic,21,10186,17204.567394833633
2018,545,Colin Sinclair,24,10157,17155.585217879954
2018,546,Pablo Vivero Gonzalez,23,10087,17037.352376957282
2018,547,Daniel Dutra da Silva,30,10070,17008.638687018916
2018,548,Jumpei Yamasaki,21,10051,16976.546915911335
2018,549,Remi Boutillier,28,9931,16773.86204575818
2018,550,Ergi Kirkin,19,9870,16670.830570096994
2018,551,Riccardo Bellotti,27,9805,16561.042932097367
2018,552,Ricardo Rodriguez - Pace,25,9788,16532.329242159005
2018,553,Danylo Kalenichenko,24,9717,16412.40736065172
2018,554,Lenny Hampel,22,9574,16170.874557052544
2018,555,Antonio Massara,23,9522,16083.044446652842
2018,556,Sandro Ehrat,27,9487,16023.928026191506
2018,557,Alberto Romero De Avila Senise,21,9431,15929.341753453367
2018,558,Tigre Hank,27,9414,15900.628063515003
2018,559,Ti Chen,35,9388,15856.713008315153
2018,560,Jules Okala,21,9289,15689.4979904388
2018,561,Peter Kobelt,28,9233,15594.911717700661
2018,562,Takashi Saito,23,9203,15544.240500162374
2018,563,Jack Findel-Hawkins,24,9164,15478.367917362597
2018,564,Axel Geller,19,9135,15429.38574040892
2018,565,Benjamin Sigouin,19,9095,15361.824117024533
2018,566,Marc Sieber,30,9058,15299.329615393977
2018,567,Nikolas Sanchez Izquierdo,19,9055,15294.262493640148
2018,568,Pruchya Isaro,23,8956,15127.047475763797
2018,569,Nicolaas Scholtz,27,8932,15086.510501733164
2018,570,Andrew Watson,22,8919,15064.55297413324
2018,571,Artem Dubrivnyy,19,8899,15030.772162441048
2018,572,Joao Pedro Sorgi,25,8774,14819.642089364845
2018,573,Joao Lucas Reis Da Silva,18,8772,14816.264008195625
2018,574,Kirill Kivattsev,21,8726,14738.568141303582
2018,575,Nick Chappell,26,8594,14515.614784135112
2018,576,Sora Fukuda,21,8543,14429.473714320022
2018,577,Nicolas Alvarez,22,8417,14216.654600659209
2018,578,Francesco Forti,19,8412,14208.20939773616
2018,579,Xin Gao,24,8407,14199.764194813111
2018,580,Ben Patael,21,8396,14181.184748382406
2018,581,Edoardo Eremin,25,8338,14083.220394475047
2018,582,Gerard Granollers,29,8338,14083.220394475047
2018,583,Miliaan Niesten,30,8309,14034.23821752137
2018,584,Chien-hsun Lo,20,8294,14008.902608752225
2018,585,Peter Bothwell,23,8293,14007.213568167615
2018,586,Stephan Gerritsen,22,8228,13897.425930167989
2018,587,Evan Zhu,20,8210,13867.023199645017
2018,588,Pavel Nejedly,25,8128,13728.521871707027
2018,589,Manuel Pena Lopez,20,8074,13637.313680138108
2018,590,Luca Giacomini,21,8074,13637.313680138108
2018,591,Walter Trusendi,33,8062,13617.04519312279
2018,592,Lorenzo Frigerio,29,8024,13552.861650907626
2018,593,Sam Riffice,19,7975,13470.098662261755
2018,594,Daniel Altmaier,20,7893,13331.597334323766
2018,595,Laurent Rochette,30,7835,13233.632980416407
2018,596,Michael Zhu,26,7830,13225.187777493358
2018,597,Shuichi Sekiguchi,27,7768,13120.467261247562
2018,598,Harry Bourchier,22,7765,13115.400139493733
2018,599,Gerardo Lopez Villasenor,23,7504,12674.560546910621
2018,600,Niki Kaliyanda Poonacha,23,7464,12606.998923526236
2018,601,Or Ram-Harel,23,7419,12530.992097218803
2018,602,Ji Hoon Son,24,7413,12520.857853711146
2018,603,Cristian Rodriguez,28,7337,12392.490769280814
2018,604,Julian Lenz,25,7315,12355.331876419403
2018,605,Artem Smirnov,30,7241,12230.34287315829
2018,606,Samuel Monette,24,7221,12196.562061466098
2018,607,Alafia Ayeni,19,7170,12110.420991651006
2018,608,Danny Thomas,19,7161,12095.21962638952
2018,609,Jannik Sinner,17,7157,12088.463464051081
2018,610,Paul Oosterbaan,23,7108,12005.70047540521
2018,611,Adrian Bodmer,23,6973,11777.679996482912
2018,612,Felix Corwin,22,6954,11745.588225375328
2018,613,Trent Bryde,19,6792,11471.96365066857
2018,614,Niels Desein,31,6744,11390.889702607306
2018,615,Ruan Roelofse,29,6642,11218.607562977126
2018,616,Jonathan Kanar,24,6572,11100.374722054452
2018,617,Yaraslav Shyla,25,6387,10787.90221390167
2018,618,Lucas Gerch,24,6369,10757.499483378697
2018,619,Brandon Holt,20,6340,10708.51730642502
2018,620,N.Sriram Balaji,28,6315,10666.291291809777
2018,621,Gonzalo Lama,25,5904,9972.095611535222
2018,622,Gabor Borsos,27,5873,9919.735353412323
2018,623,Jie Cui,20,5838,9860.618932950987
2018,624,Benjamin Mitchell,26,5725,9669.7573468901
2018,625,Sidharth Rawat,25,5705,9635.976535197908
2018,626,Yuki Mochizuki,21,5637,9521.121775444453
2018,627,Hugo Nys,27,5625,9500.853288429136
2018,628,Frederik Nielsen,35,5606,9468.761517321554
2018,629,Daniel Nguyen,28,5580,9424.846462121704
2018,630,David Vega Hernandez,24,5547,9369.108122829586
2018,631,Ryan James Storrie,20,5543,9362.351960491147
2018,632,Suraj R Prabodh,23,5511,9308.30266178364
2018,633,Felipe Mantilla,25,5398,9117.441075722752
2018,634,Hong Kit Wong,20,5342,9022.854802984613
2018,635,Gianni Mina,26,5311,8970.494544861715
2018,636,Matej Vocel,21,5267,8896.17675913889
2018,637,Robin Kern,25,5145,8690.113807816517
2018,638,Abhinav Sanjeev Shanmugam,20,5100,8614.106981509085
2018,639,Stefano Baldoni,21,5085,8588.77137273994
2018,640,Manuel Sanchez,27,4996,8438.446760709683
2018,641,Inigo Cervantes,29,4939,8342.171447386934
2018,642,William Blumberg,20,4890,8259.408458741063
2018,643,Flavio Cipolla,35,4654,7860.794880773192
2018,644,Deiton Baughman,22,4490,7583.792224897214
2018,645,Farrukh Dustov,32,4150,7009.518426129941
2018,646,Shinji Hazawa,19,4035,6815.278758899834
2018,647,Oliver Crawford,19,4016,6783.186987792252
2018,648,Linus Frost,23,3945,6663.265106284968
2018,649,Andrej Glvac,21,3714,6273.096731240144
2018,650,Maximo Gonzalez,35,3647,6159.9310120713
2018,651,Andrea Vavassori,23,3600,6080.546104594648
2018,652,Agustin Velotti,26,3495,5903.196843210637
2018,653,John McNally,20,3138,5300.209354505001
2018,654,Yuya Kibi,32,3086,5212.379244105301
2018,655,Sergey Fomin,17,2964,5006.316292782926
2018,656,Denys Molchanov,31,2850,4813.765666137429
2018,657,Christian Seraphim,23,2777,4690.465703460927
2018,658,Vishnu Vardhan,31,2705,4568.854781369034
2018,659,Nicolas Meister,29,1810,3057.16345814342
2018,660,Nathan Pasha,26,1290,2178.8623541464153
2018,661,Sander Gille,27,1093,1846.1213589783194
2018,662,Luis David Martinez,29,936,1580.9419871946084
2018,663,Nathaniel Lammons,25,780,1317.451655995507
2019,1,Rafael Nadal,33,16349586,25622814.52649959
2019,2,Novak Djokovic,32,13277228,20807863.298192818
2019,3,Roger Federer,38,8716975,13661106.382579582
2019,4,Dominic Thiem,26,7836322,12280960.825303365
2019,5,Daniil Medvedev,23,7833320,12276256.138028191
2019,6,Stefanos Tsitsipas,21,7272204,11396883.951120747
2019,7,Alexander Zverev,22,4143723,6493977.638222183
2019,8,Matteo Berrettini,23,3363218,5270782.4544416545
2019,9,Roberto Bautista Agut,31,2911522,4562891.5738798
2019,10,Gael Monfils,33,2901347,4546945.473605021
2019,11,Fabio Fognini,32,2796971,4383369.044879674
2019,12,David Goffin,29,2694717,4223118.181243574
2019,13,Diego Schwartzman,27,2154554,3376583.207019909
2019,14,Kei Nishikori,30,2144457,3360759.3471207
2019,15,Karen Khachanov,23,2097841,3287703.4836898274
2019,16,Grigor Dimitrov,28,2092433,3279228.150983586
2019,17,Stan Wawrinka,34,2089648,3274863.5427019875
2019,18,Denis Shapovalov,20,2010869,3151402.3305597897
2019,19,Alex de Minaur,20,1895709,2970925.3863196303
2019,20,John Isner,34,1709328,2678832.008893222
2019,21,Lucas Pouille,25,1573714,2466299.8769360753
2019,22,Nikoloz Basilashvili,27,1571101,2462204.824354454
2019,23,Borna Coric,23,1519236,2380922.810521388
2019,24,Felix Auger-Aliassime,19,1476501,2313949.1893673134
2019,25,Guido Pella,29,1471932,2306788.724290609
2019,26,Dusan Lajovic,29,1439206,2255501.0508171506
2019,27,Jan-Lennard Struff,29,1416549,2219993.35608244
2019,28,Benoit Paire,30,1413171,2214699.407509643
2019,29,Andrey Rublev,22,1408761,2207788.1247369866
2019,30,Frances Tiafoe,21,1366632,2141764.217270039
2019,31,Marin Cilic,31,1344292,2106753.3199591227
2019,32,Nick Kyrgios,24,1312870,2057509.2548157196
2019,33,Pablo Carreno Busta,28,1301797,2040155.8230375736
2019,34,Milos Raonic,29,1277207,2001618.7610467302
2019,35,Fernando Verdasco,36,1205500,1889240.6762896173
2019,36,Laslo Djere,24,1186499,1859462.6073637118
2019,37,Taylor Fritz,22,1170678,1834668.1845187694
2019,38,Hubert Hurkacz,22,1169651,1833058.6862404207
2019,39,Gilles Simon,35,1151769,1805034.2965486655
2019,40,Cristian Garin,23,1101786,1726701.7235723205
2019,41,Feliciano Lopez,38,1054528,1652639.7278194423
2019,42,Jo-Wilfried Tsonga,34,1054107,1651979.9432282203
2019,43,Adrian Mannarino,31,1052411,1649321.9986517066
2019,44,Miomir Kecmanovic,20,1046628,1640258.971832144
2019,45,Reilly Opelka,22,1042624,1633983.9658861766
2019,46,Radu Albot,30,996200,1561229.0018413246
2019,47,Mikhail Kukushkin,32,991890,1554474.4374988873
2019,48,Jeremy Chardy,32,971178,1522014.9162319354
2019,49,John Millman,30,958074,1501478.533136042
2019,50,Joao Sousa,30,951347,1490936.0843352124
2019,51,Sam Querrey,32,949123,1487450.6664471426
2019,52,Kyle Edmund,24,923876,1447883.9643697606
2019,53,Albert Ramos-Vinolas,31,895042,1402695.7722004245
2019,54,Richard Gasquet,33,894028,1401106.6473180042
2019,55,Filip Krajinovic,27,891166,1396621.3658451373
2019,56,Juan Ignacio Londero,26,883097,1383975.7557107692
2019,57,Marton Fucsovics,27,879451,1378261.8017449856
2019,58,Cameron Norrie,24,868847,1361643.3794045667
2019,59,Pierre-Hugues Herbert,28,868371,1360897.3996767243
2019,60,Pablo Cuevas,33,863321,1352983.1189506666
2019,61,Marco Cecchinato,27,844166,1322963.703642224
2019,62,Jordan Thompson,25,832033,1303949.0565037571
2019,63,Daniel Evans,29,820080,1285216.5025396843
2019,64,Casper Ruud,21,800656,1254775.5146539526
2019,65,Yoshihito Nishioka,24,789919,1237948.6568013423
2019,66,Ugo Humbert,21,784272,1229098.7670468774
2019,67,Lorenzo Sonego,24,779098,1220990.1554673482
2019,68,Philipp Kohlschreiber,36,757046,1186430.6072354622
2019,69,Tennys Sandgren,28,735549,1152740.8462912913
2019,70,Leonardo Mayer,32,734918,1151751.9529966097
2019,71,Andreas Seppi,35,731463,1146337.3312325445
2019,72,Aljaz Bedene,30,729818,1143759.3130554424
2019,73,Pablo Andujar,33,709916,1112569.2110732642
2019,74,Alexander Bublik,22,676470,1060153.1649022293
2019,75,Alexei Popyrin,20,676289,1059869.504543533
2019,76,Nicolas Jarry,24,654171,1025206.5221477024
2019,77,Damir Dzumhur,27,640500,1003781.5455524678
2019,78,Jannik Sinner,18,636952,998221.1756482989
2019,79,Denis Kudla,27,625529,980319.2293643865
2019,80,Steve Johnson,30,622680,975854.3212874483
2019,81,Thomas Fabbiano,30,611516,958358.2757378031
2019,82,Ivo Karlovic,40,590971,926160.4742493168
2019,83,Roberto Carballes Baena,26,585167,917064.5365594081
2019,84,Jaume Munar,22,581185,910824.0086680889
2019,85,Federico Delbonis,29,576086,902832.935911224
2019,86,Martin Klizan,30,566752,888204.8376345858
2019,87,Kevin Anderson,33,560921,879066.5859685179
2019,88,Ricardas Berankis,29,541314,848338.8033554857
2019,89,Robin Haase,32,520976,816465.4090175526
2019,90,Peter Gojowczyk,30,520956,816434.0653315089
2019,91,Juan Martin del Potro,31,511796,802078.6571234517
2019,92,Hugo Dellien,26,507211,794893.1170979121
2019,93,Marius Copil,29,500069,783700.2868116737
2019,94,Dominik Koepfer,25,494438,774875.4720060438
2019,95,Lloyd Harris,22,454174,711774.3632626799
2019,96,Corentin Moutet,20,445525,698219.7862330417
2019,97,Bradley Klahn,29,443098,694416.2299316274
2019,98,Jiri Vesely,26,420236,658587.2624149678
2019,99,Gregoire Barrere,25,417236,653885.7095083988
2019,100,Henri Laaksonen,27,396541,621452.8303745841
2019,101,Taro Daniel,26,392915,615770.2200948445
2019,102,Hyeon Chung,23,391115,612949.2883509031
2019,103,Antoine Hoang,24,384507,602593.334482034
2019,104,Kamil Majchrzak,23,380872,596896.6195435745
2019,105,Prajnesh Gunneswaran,30,375183,587980.9080484177
2019,106,Salvatore Caruso,27,374237,586498.3516985462
2019,107,Paolo Lorenzi,38,374217,586467.0080125025
2019,108,Marcel Granollers,33,371083,581555.4524094401
2019,109,Andy Murray,32,369319,578790.9393003776
2019,110,Mikael Ymer,21,368649,577740.9258179105
2019,111,Malek Jaziri,35,367133,575365.074415791
2019,112,Bernard Tomic,27,366309,574073.7145507868
2019,113,Ernests Gulbis,31,362554,568188.9374960646
2019,114,Guido Andreozzi,28,361609,566707.9483304954
2019,115,Janko Tipsarevic,35,356442,558610.3070410815
2019,116,Matthew Ebden,32,350058,548605.4024559028
2019,117,Egor Gerasimov,27,344164,539368.418178797
2019,118,Mackenzie McDonald,24,343893,538943.7112329036
2019,119,Thiago Monteiro,25,333699,522967.83445638244
2019,120,Cedrik-Marcel Stebe,29,321245,503450.1211569126
2019,121,Steve Darcis,35,318968,499881.64250082674
2019,122,Mischa Zverev,32,317534,497634.3002114868
2019,123,Vasek Pospisil,29,308955,484189.42608300183
2019,124,Ilya Ivashka,25,305478,478740.32626428845
2019,125,Brayden Schnur,24,302792,474530.86922860704
2019,126,Alejandro Davidovich Fokina,20,291128,456251.231527867
2019,127,Guillermo Garcia-Lopez,36,286541,449062.5571337231
2019,128,Soonwoo Kwon,22,286064,448315.01022157865
2019,129,Evgeny Donskoy,29,283914,444945.5639718709
2019,130,Nicolas Mahut,37,279008,437256.95778532856
2019,131,Jozef Kovalik,27,271992,426261.592721166
2019,132,Stefano Travaglia,28,269963,423081.7757720232
2019,133,Marcos Giron,26,263183,412456.2662031774
2019,134,Tommy Paul,22,255912,401061.26914195647
2019,135,Maximilian Marterer,24,254740,399224.5291397902
2019,136,Denis Istomin,33,251725,394499.4684686884
2019,137,Yasutaka Uchiyama,27,249443,390923.1538910917
2019,138,Bjorn Fratangelo,26,235788,369523.25224469206
2019,139,Alex Bolt,26,227511,356551.6677754684
2019,140,Christopher Eubanks,23,220711,345894.8145205788
2019,141,Sergiy Stakhovsky,33,220401,345408.9873869
2019,142,Thanasi Kokkinakis,23,218475,342390.59042088274
2019,143,Yannick Maden,30,211318,331174.25237011147
2019,144,Rudolf Molleker,19,210311,329596.09777780646
2019,145,Lukas Rosol,34,210240,329484.827692351
2019,146,Yuichi Sugita,31,206980,324375.80686721276
2019,147,Oscar Otte,26,206240,323216.0904835924
2019,148,Dennis Novak,26,202965,318083.56189392135
2019,149,Jay Clarke,21,196089,307307.60263206536
2019,150,Elliot Benchetrit,21,189839,297512.70074338006
2019,151,Zhe Li,33,188080,294756.0235558285
2019,152,Marcos Baghdatis,34,183077,286915.4004919737
2019,153,James Duckworth,27,178696,280049.56606408086
2019,154,Viktor Troicki,33,177205,277712.8942695161
2019,155,Pedro Martinez,22,174731,273835.6803058989
2019,156,Jason Jung,30,173729,272265.36163510487
2019,157,Kimmer Coppejans,25,169802,266111.0288804061
2019,158,Tatsuma Ito,31,167484,262478.29566793056
2019,159,Ryan Harrison,27,166405,260787.3038058679
2019,160,Go Soeda,35,164020,257049.5692451456
2019,161,Marc Polmans,22,162457,254600.0601808232
2019,162,Marco Trungelliti,29,162220,254228.63750120424
2019,163,Peter Polansky,31,161000,252316.67265253287
2019,164,James Ward,32,158999,249180.7368638514
2019,165,Noah Rubin,23,158548,248473.93674356386
2019,166,Mitchell Krueger,25,152583,239125.68238100264
2019,167,Alexey Vatutin,27,152546,239067.69656182162
2019,168,Mirza Basic,28,151177,236922.221252124
2019,169,Pedro Sousa,31,149895,234913.09097671686
2019,170,Zhizhen Zhang,23,148968,233460.31112858705
2019,171,Maxime Janvier,23,147263,230788.26189335372
2019,172,Daniel Elahi Galan,23,145674,228298.00603717437
2019,173,Ramkumar Ramanathan,25,145639,228243.15458659775
2019,174,Attila Balazs,31,145025,227280.9034250533
2019,175,Lukas Lacko,32,136525,213959.8368564413
2019,176,Blaz Rola,29,136437,213821.92463784863
2019,177,Yannick Hanfmann,28,135741,212731.16436352464
2019,178,Norbert Gombos,29,134716,211124.80045378025
2019,179,Quentin Halys,23,133680,209501.19751671178
2019,180,Ruben Bemelmans,31,133552,209300.5979260315
2019,181,Darian King,27,130264,204147.69594043194
2019,182,Elias Ymer,23,126727,198604.56506358716
2019,183,Tallon Griekspoor,23,125552,196763.12350851434
2019,184,Facundo Bagnis,29,125179,196178.5637637976
2019,185,Adrian Menendez-Maceiras,34,124854,195669.22886558596
2019,186,Sebastian Ofner,23,124303,194805.71031507946
2019,187,Donald Young,30,123156,193008.14992046796
2019,188,Ze Zhang,29,122381,191793.58208627097
2019,189,Steven Diez,28,121254,190027.36537770325
2019,190,Michael Mmoh,21,120605,189010.26276558216
2019,191,Matthias Bachinger,32,120053,188145.17703077348
2019,192,Jenson Brooksby,19,119237,186866.35464018674
2019,193,Dustin Brown,35,119135,186706.50184136338
2019,194,Santiago Giraldo,32,118838,186241.04810361305
2019,195,Mats Moraing,27,118115,185107.97385312995
2019,196,Joao Domingues,26,117969,184879.16494501027
2019,197,Jason Kubler,26,116720,182921.7517515754
2019,198,Andrea Arnaboldi,32,115250,180617.9908273566
2019,199,Gianluca Mager,25,114004,178665.27918682832
2019,200,Sumit Nagal,22,113009,177105.9308061496
2019,201,Yosuke Watanuki,21,112062,175621.80727197602
2019,202,Enzo Couacaud,24,110267,172808.7114495456
2019,203,Constant Lestienne,27,107970,169208.889107416
2019,204,Ernesto Escobedo,23,106974,167647.9735424351
2019,205,Viktor Galovic,29,105451,165261.1518502003
2019,206,Nicola Kuhn,19,105081,164681.29365839012
2019,207,Hiroki Moriya,29,104157,163233.21536316688
2019,208,Filippo Baldi,23,103450,162125.2160615188
2019,209,Tobias Kamke,33,102503,160641.0925273452
2019,210,Alessandro Giannessi,29,102287,160302.58071807225
2019,211,Nikola Milojevic,24,101379,158879.57737168405
2019,212,Federico Gaio,27,97926,153468.0899762232
2019,213,Emilio Gomez,28,97605,152965.0238152203
2019,214,Stefano Napolitano,24,96791,151689.33579323796
2019,215,Simone Bolelli,34,96402,151079.70109968618
2019,216,Mohamed Safwat,29,91140,142833.17730156425
2019,217,Mikael Torpegaard,25,90394,141664.05781213078
2019,218,Andrej Martin,30,90209,141374.1287162257
2019,219,Enrique Lopez Perez,28,89347,140023.21584773823
2019,220,Pedja Krstin,25,88404,138545.36105077338
2019,221,Andrew Harris,25,87642,137351.1666125049
2019,222,Luca Vanni,34,87605,137293.18079332387
2019,223,Tim Smyczek,32,86414,135426.664289416
2019,224,Filip Horansky,26,84905,133061.78317741182
2019,225,Lorenzo Giustino,28,83577,130980.56242410398
2019,226,Tommy Robredo,37,80011,125391.9832024957
2019,227,Akira Santillan,22,79960,125312.05680308404
2019,228,Zdenek Kolar,23,79789,125044.06828740961
2019,229,Rogerio Dutra Silva,35,79651,124827.79685370743
2019,230,Alexandre Muller,22,79361,124373.31340607244
2019,231,Federico Coria,27,79349,124354.50719444615
2019,232,Carlos Berlocq,36,76583,120019.6754145896
2019,233,Roberto Quiroz,27,76471,119844.15077274435
2019,234,Paul Jubb,20,75030,117585.83819328908
2019,235,Aleksandr Nedovyesov,32,74512,116774.03672475484
2019,236,Cem Ilkel,24,73846,115730.29197949654
2019,237,Lucas Miedler,23,72925,114286.91523717988
2019,238,Christopher O'Connell,25,72920,114279.07931566893
2019,239,Dudi Sela,34,71667,112315.39738502531
2019,240,Daniel Brands,32,70330,110220.07197299774
2019,241,Evgeny Karlovskiy,25,70263,110115.07062475104
2019,242,John-Patrick Smith,30,69131,108341.01799467237
2019,243,Jurij Rodionov,20,68601,107510.41031451186
2019,244,Roberto Marcora,30,68165,106827.11795875717
2019,245,Joao Menezes,23,65427,102536.16733936191
2019,246,Gleb Sakharov,31,65065,101968.84662196926
2019,247,Mario Vilella Martinez,24,64696,101390.5556144613
2019,248,Max Purcell,21,64062,100396.96076687305
2019,249,Matteo Viola,32,62670,98215.44021822506
2019,250,Zachary Svajda,17,62662,98202.90274380754
2019,251,Kaichi Uchida,25,62324,97673.19444966746
2019,252,JC Aragone,24,60955,95527.71913996982
2019,253,Liam Broady,25,59917,93900.98183429697
2019,254,Pedro Cachin,24,57240,89705.6294573353
2019,255,Juan Pablo Varillas,24,56881,89143.01029284921
2019,256,Yan Bai,30,56723,88895.39517310324
2019,257,Thiago Seyboth Wild,19,55944,87674.55860169751
2019,258,Sebastian Korda,19,55552,87060.22235523917
2019,259,Hugo Gaston,19,54213,84961.76257460723
2019,260,Manuel Guinard,24,53984,84602.8773694058
2019,261,Bernabe Zapata Miralles,22,53785,84291.00769327006
2019,262,Thai-Son Kwiatkowski,24,53622,84035.55665201315
2019,263,Arthur De Greef,27,53252,83455.69846020298
2019,264,Mathias Bourgue,25,52560,82371.20692308775
2019,265,J.J. Wolf,21,52555,82363.3710015768
2019,266,Chun-Hsin Tseng,18,52377,82084.41219578705
2019,267,Maxime Cressy,22,50661,79395.12393322961
2019,268,Emil Ruusuvuori,20,50459,79078.55270418731
2019,269,Julian Lenz,26,50227,78714.9659460793
2019,270,Marcelo Arevalo,29,50047,78432.87277168517
2019,271,Gianluigi Quinzi,23,49726,77929.8066106823
2019,272,Geoffrey Blancaneaux,21,49275,77223.00649039476
2019,273,Di Wu,28,47580,74566.62909818332
2019,274,Facundo Arguello,27,47558,74532.15104353515
2019,275,Illya Marchenko,32,47439,74345.65611157459
2019,276,Gian Marco Moroni,21,46451,72797.27802101121
2019,277,Blaz Kavcic,32,46294,72551.23008556744
2019,278,Nino Serdarusic,23,45499,71305.31856532667
2019,279,Duckhee Lee,21,45425,71189.34692696463
2019,280,Gonzalo Oliveira,24,45174,70795.98366711503
2019,281,Roberto Cid Subervi,26,44490,69724.02960441732
2019,282,Thiemo de Bakker,31,42441,66512.86896923074
2019,283,Adam Pavlasek,25,41228,64611.874410674696
2019,284,Alejandro Tabilo,22,40500,63470.96423868063
2019,285,Luke Saville,25,39925,62569.83326492159
2019,286,Tristan Lamasine,26,39866,62477.3693910924
2019,287,Corentin Denolly,22,39775,62334.75561959314
2019,288,Roman Safiullin,22,39488,61884.97372486471
2019,289,Daniel Gimeno-Traver,34,39420,61778.40519231581
2019,290,Danilo Petrovic,27,39265,61535.49162547642
2019,291,Dmitry Popko,23,39190,61417.95280281219
2019,292,Frederico Ferreira Silva,24,38443,60247.26612907653
2019,293,Marc-Andrea Huesler,23,38318,60051.36809130282
2019,294,Daniel Masur,25,38129,59755.170258188984
2019,295,Saketh Myneni,32,37941,59460.53960937733
2019,296,Jurgen Zopp,31,37876,59358.672629735
2019,297,Francisco Cerundolo,21,37729,59128.29653731312
2019,298,Aleksandar Vukic,23,37601,58927.69694663285
2019,299,Daniel Altmaier,21,37330,58502.99000073945
2019,300,Jared Donaldson,23,36755,57601.85902698041
2019,301,Botic van de Zandschulp,24,36629,57404.39380490452
2019,302,Andrea Collarini,27,36110,56591.02515206809
2019,303,Guilherme Clezar,26,36076,56537.74088579364
2019,304,Jack Draper,18,35484,55609.96777889737
2019,305,Lucas Catarina,23,35285,55298.09810276163
2019,306,Maverick Banes,27,35153,55091.2297748726
2019,307,Sergio Gutierrez-Ferrol,30,35002,54854.584945241964
2019,308,Roberto Ortega-Olmedo,28,34740,54443.98265806828
2019,309,Shuichi Sekiguchi,28,34728,54425.176446442
2019,310,Kevin Krawietz,27,34703,54385.99683888726
2019,311,Uladzimir Ignatik,29,34642,54290.39859645369
2019,312,Kevin King,28,34585,54201.06909122888
2019,313,Hugo Grenier,23,33977,53248.221035497576
2019,314,Thomaz Bellucci,32,33838,53030.382417493216
2019,315,Juan Pablo Ficovich,22,33465,52445.82267277648
2019,316,Sandro Ehrat,28,33463,52442.6883041721
2019,317,Tung-Lin Wu,21,33377,52307.91045418379
2019,318,Jan Choinski,23,32800,51403.64511182036
2019,319,Facundo Mena,27,32469,50884.90710779559
2019,320,Ryan Peniston,24,32042,50215.71941076061
2019,321,Mukund Sasikumar,22,31547,49439.96318117674
2019,322,Teymuraz Gabashvili,34,31444,49278.54319805121
2019,323,Andrea Basso,26,31227,48938.46420447605
2019,324,Alen Avidzba,19,31227,48938.46420447605
2019,325,Carlos Taberner,22,31012,48601.51957950528
2019,326,Antoine Cornut-Chauvinc,19,30920,48457.33862370383
2019,327,Calvin Hemery,24,30909,48440.09959637975
2019,328,Tsung-Hua Yang,28,30795,48261.440585930126
2019,329,Harry Bourchier,23,30708,48125.09555163963
2019,330,Filip Peliwo,25,30699,48110.990892919915
2019,331,Evan Hoyt,24,30588,47937.03343537687
2019,332,Matteo Martineau,20,30274,47444.93756448932
2019,333,Rayane Roumane,19,29896,46852.54189826163
2019,334,Ivan Nedelko,33,29835,46756.943655828065
2019,335,Aslan Karatsev,26,29057,45537.67426872452
2019,336,Karim-Mohamed Maamoun,28,28813,45155.281298990245
2019,337,Pedro Sakamoto,26,28584,44796.39609378882
2019,338,Matteo Donati,24,28155,44124.07402814946
2019,339,Fajing Sun,23,28145,44108.40218512756
2019,340,Orlando Luz,21,27851,43647.65000028381
2019,341,Gerardo Lopez Villasenor,24,27620,43285.630426478
2019,342,Denis Yevseyev,26,27583,43227.644607296985
2019,343,Markus Eriksson,30,27422,42975.327934644454
2019,344,Peter Torebko,31,27361,42879.72969221088
2019,345,Sekou Bangoura,28,27227,42669.72699571747
2019,346,Artem Dubrivnyy,20,26969,42265.39344575254
2019,347,Nicolas Alvarez,23,26651,41767.02883765623
2019,348,Altug Celikbilek,23,26482,41502.17469058619
2019,349,Julian Ocleppo,22,25654,40204.54608837316
2019,350,Shintaro Imai,26,25540,40025.88707792354
2019,351,Javier Barranco Cosano,21,25372,39762.60011515568
2019,352,Oriol Roca Batalla,26,25167,39441.3273332068
2019,353,Borna Gojo,21,25119,39366.1024867017
2019,354,Renzo Olivo,27,25030,39226.62308380682
2019,355,Jose Hernandez-Fernandez,29,24843,38933.55961929735
2019,356,Kenny De Schepper,32,24753,38792.51303210029
2019,357,Yecong He,25,24705,38717.288185595185
2019,358,Tim van Rijthoven,22,24699,38707.88507978205
2019,359,Johan Tatlot,23,24634,38606.01810013972
2019,360,Lukas Klein,21,24464,38339.59676876748
2019,361,Jeremy Jahn,29,24463,38338.029584465294
2019,362,Christian Harrison,25,24434,38292.581239701794
2019,363,Konstantin Kravchuk,34,24433,38291.0140553996
2019,364,Vaclav Safranek,25,24153,37852.2024507865
2019,365,Pavel Kotov,21,24149,37845.933713577746
2019,366,Skander Mansouri,24,24086,37747.201102539795
2019,367,Benjamin Bonzi,23,24054,37697.05120486973
2019,368,Evan King,27,23820,37330.33007815735
2019,369,Vit Kopriva,22,23778,37264.508337465384
2019,370,Maxime Hamou,24,23678,37107.78990724642
2019,371,Hernan Casanova,25,23630,37032.56506074132
2019,372,Stefan Kozlov,21,23378,36637.63461658952
2019,373,Christian Lindell,28,23370,36625.09714217201
2019,374,Stephane Robert,39,23349,36592.18627182602
2019,375,Michael Redlicki,26,23245,36429.1991043983
2019,376,Hugo Nys,28,22969,35996.656236993964
2019,377,Maxime Chazal,26,22895,35880.684598631924
2019,378,Gonzalo Villanueva,24,22889,35871.28149281879
2019,379,Arthur Rinderknech,24,22880,35857.17683409908
2019,380,Dayne Kelly,29,22865,35833.66906956624
2019,381,Igor Sijsling,32,22805,35739.63801143486
2019,382,Collin Altamirano,24,22689,35557.84463238086
2019,383,Alex Rybakov,22,22385,35081.42060451521
2019,384,Antoine Escoffier,27,22353,35031.27070684514
2019,385,Lorenzo Musetti,17,22317,34974.852071966314
2019,386,Oscar Jose Gutierrez,26,22218,34819.700826049535
2019,387,Jacob Grills,24,22134,34688.057344665605
2019,388,Govind Nanda,18,22130,34681.788607456845
2019,389,Gonzalo Escobar,30,22069,34586.19036502328
2019,390,Dan Added,20,22027,34520.36862433131
2019,391,Khumoyun Sultanov,21,21901,34322.90340225542
2019,392,Fabrizio Ornago,27,21879,34288.42534760725
2019,393,Nicolas Mejia,19,21876,34283.72379470068
2019,394,Tomas Martin Etcheverry,20,21854,34249.24574005251
2019,395,Andrea Pellegrino,22,21716,34032.974306350334
2019,396,Christopher Heyman,26,21624,33888.79335054889
2019,397,Pablo Vivero Gonzalez,24,21531,33743.04521044525
2019,398,Brydan Klein,29,21515,33717.970261610215
2019,399,Evan Song,27,21480,33663.11881103358
2019,400,Laurent Lokoli,25,21479,33661.55162673139
2019,401,Enrico Dalla Valle,21,21394,33528.34096104527
2019,402,Jules Okala,22,21394,33528.34096104527
2019,403,Peter Heller,27,21186,33202.366626189825
2019,404,Daniel Nguyen,29,21145,33138.112069800045
2019,405,Franko Skugor,32,21090,33051.916933179615
2019,406,Ulises Blanch,21,21085,33044.08101166867
2019,407,Aidan McHugh,19,21029,32956.31869074605
2019,408,Diego Hidalgo,26,21028,32954.75150644386
2019,409,Raul Brancaccio,22,20912,32772.95812738986
2019,410,Jeroen Vanneste,25,20886,32732.21133553293
2019,411,Nerman Fatic,25,20846,32669.523963445343
2019,412,Baptiste Crepatte,25,20770,32550.41795647893
2019,413,Louis Wessels,21,20509,32141.382853607432
2019,414,Yuta Shimizu,20,20268,31763.69143677973
2019,415,Evgenii Tiurnev,22,20236,31713.54153910966
2019,416,Sadio Doumbia,29,20149,31577.196504819163
2019,417,Agustin Velotti,27,20085,31476.896709479024
2019,418,Yannick Mertens,32,20065,31445.55302343523
2019,419,Benjamin Hassan,24,19997,31338.984490886334
2019,420,Jie Cui,21,19981,31313.9095420513
2019,421,Rio Noguchi,21,19848,31105.474029860077
2019,422,Makoto Ochi,23,19833,31081.966265327235
2019,423,Nikolas Sanchez Izquierdo,20,19698,30870.396384531632
2019,424,Alex Molcan,22,19646,30788.90280081777
2019,425,Edan Leshem,22,19646,30788.90280081777
2019,426,Genaro Alberto Olivieri,21,19619,30746.58882465865
2019,427,Martin Redlicki,24,19543,30627.482817692235
2019,428,Sam Riffice,20,19480,30528.750206654287
2019,429,Alexander Sarkissian,29,19460,30497.406520610497
2019,430,Alexander Ritschard,25,19422,30437.85351712729
2019,431,Riccardo Balzerani,21,19289,30229.418004936066
2019,432,Jelle Sels,24,19252,30171.43218575505
2019,433,Bruno Santanna,26,19216,30115.01355087622
2019,434,Yusuke Takahashi,22,19180,30058.594915997397
2019,435,Viktor Durasovic,22,19081,29903.44367008062
2019,436,Sebastian Baez,19,18957,29709.112816609104
2019,437,Evan Furness,21,18942,29685.60505207626
2019,438,Alessandro Bega,28,18890,29604.111468362396
2019,439,Renta Tokuda,21,18889,29602.544284060208
2019,440,Alexander Erler,22,18840,29525.752253252915
2019,441,Rafael Matos,23,18808,29475.602355582847
2019,442,Eduardo Struvay,29,18717,29332.98858408359
2019,443,Alexander Crnokrak,19,18665,29251.495000369727
2019,444,Michael Geerts,24,18588,29130.821809101126
2019,445,Dimitar Kuzmanov,26,18548,29068.13443701354
2019,446,Pol Toledo Bague,25,18297,28674.771177163937
2019,447,Mark Whitehouse,26,18286,28657.53214983985
2019,448,Juan Manuel Cerundolo,18,18266,28626.18846379606
2019,449,Simon Carr,20,18078,28331.557814984408
2019,450,Riccardo Bonadio,26,18055,28295.512576034045
2019,451,Gastao Elias,29,18024,28246.929862666166
2019,452,Rinky Hijikata,18,18003,28214.018992320183
2019,453,Emilio Nava,18,17997,28204.615886507047
2019,454,Tobias Simon,28,17899,28051.03182489246
2019,455,Michael Vrbensky,20,17758,27830.05883828372
2019,456,Blake Ellis,20,17745,27809.685442355254
2019,457,Roy Smith,21,17615,27605.9514830706
2019,458,Vladyslav Orlov,24,17545,27496.248581917327
2019,459,Jacopo Berrettini,21,17545,27496.248581917327
2019,460,Manuel Pena Lopez,21,17485,27402.21752378595
2019,461,Alexander Zhurbin,27,17437,27326.992677280843
2019,462,Johannes Haerteis,23,17341,27176.542984270636
2019,463,Lloyd Glasspool,26,17267,27060.571345908604
2019,464,Laurynas Grigelis,28,17212,26974.376209288173
2019,465,Jordi Arconada,23,17175,26916.390390107157
2019,466,Yshai Oliel,19,17142,26864.673308134898
2019,467,Filip Cristian Jianu,18,16993,26631.16284710864
2019,468,Andrea Vavassori,24,16943,26552.80363199916
2019,469,Ronald Slobodchikov,26,16862,26425.861703521798
2019,470,Ergi Kirkin,20,16767,26276.979194813783
2019,471,Johan Nikles,22,16750,26250.337061676557
2019,472,Wilson Leite,28,16644,26084.215525644457
2019,473,Benjamin Lock,26,16572,25971.3782558868
2019,474,Sanjar Fayziev,25,16569,25966.676702980232
2019,475,Jumpei Yamasaki,22,16544,25927.49709542549
2019,476,Marko Tepavac,25,16494,25849.137880316008
2019,477,Arjun Kadhe,25,16416,25726.897504745215
2019,478,Camilo Ugo Carabelli,20,16410,25717.49439893208
2019,479,Matthieu Perchicot,27,16382,25673.613238470767
2019,480,Carlos Boluda-Purkiss,26,16359,25637.567999520405
2019,481,Mate Valkusz,21,16320,25576.447811735008
2019,482,Sidharth Rawat,26,16294,25535.70101987808
2019,483,Jesper de Jong,19,16282,25516.894808251804
2019,484,Giulio Zeppieri,18,16268,25494.95422802115
2019,485,Yu Hsiou Hsu,20,16220,25419.729381516045
2019,486,Jan Satral,29,16139,25292.787453038683
2019,487,Fred Gil,34,16115,25255.175029786133
2019,488,Eduard Esteve Lobato,25,16030,25121.96436410001
2019,489,Kacper Zuk,20,15905,24926.06632632631
2019,490,Alexandar Lazarov,22,15855,24847.707111216823
2019,491,Aldin Setkic,32,15650,24526.434329267948
2019,492,David Poljak,23,15606,24457.478219971603
2019,493,Adam Moundir,24,15549,24368.148714746792
2019,494,Gijs Brouwer,23,15426,24175.385045577466
2019,495,Tomas Machac,19,15388,24115.832042094262
2019,496,Ricardo Ojeda Lara,26,15363,24076.65243453952
2019,497,Carlos Gomez-Herrera,29,15360,24071.95088163295
2019,498,Lucas Gomez,24,15232,23871.351290952676
2019,499,Quentin Robert,25,15170,23774.185864216917
2019,500,Matias Franco Descotte,25,15120,23695.826649107436
2019,501,Lucas Gerch,25,15034,23561.048799119126
2019,502,Gage Brymer,24,15016,23532.83948167971
2019,503,Scott Griekspoor,28,14871,23305.597757862215
2019,504,Ivan Gakhov,23,14852,23275.82125612061
2019,505,Strong Kirchheimer,24,14803,23199.02922531332
2019,506,Alejandro Gonzalez,30,14774,23153.58088054982
2019,507,Bogdan Bobrov,22,14750,23115.968457297266
2019,508,Marko Miladinovic,19,14585,22857.383047435975
2019,509,Andres Artunedo Martinavarro,26,14466,22670.88811547541
2019,510,Daniel Michalski,19,14427,22609.767927690013
2019,511,Colin Sinclair,25,14423,22603.499190481252
2019,512,Michail Pervolarakis,23,14415,22590.961716063735
2019,513,Niels Lootsma,25,14407,22578.42424164622
2019,514,Francesco Forti,20,14338,22470.288524795134
2019,515,Brandon Nakashima,18,14330,22457.751050377618
2019,516,Ante Pavic,30,14299,22409.168337009738
2019,517,Cristian Rodriguez,29,14266,22357.45125503748
2019,518,Martins Podzus,25,14155,22183.49379749443
2019,519,Zsombor Piros,20,14008,21953.11770507255
2019,520,Evan Zhu,21,13972,21896.699070193725
2019,521,Facundo Diaz Acosta,19,13928,21827.74296089738
2019,522,Aziz Dougaz,22,13868,21733.711902766
2019,523,Takanyi Garanganga,29,13839,21688.2635580025
2019,524,Runhao Hua,23,13824,21664.755793469656
2019,525,Matija Pecotic,30,13816,21652.21831905214
2019,526,Ricardo Rodriguez - Pace,26,13815,21650.651134749947
2019,527,Ryan Nijboer,20,13721,21503.33581034412
2019,528,Tom Jomby,28,13683,21443.782806860916
2019,529,Vladyslav Manafov,26,13607,21324.676799894503
2019,530,Matias Zukas,23,13588,21294.900298152897
2019,531,Adrian Andreev,18,13553,21240.04884757626
2019,532,Petros Chrysochos,23,13500,21156.98807956021
2019,533,Dennis Novikov,26,13340,20906.23859120987
2019,534,Nick Chappell,27,13217,20713.47492204054
2019,535,Alexis Galarneau,20,13155,20616.309495304784
2019,536,Jaume Pla Malfeito,24,13047,20447.0535906683
2019,537,Danylo Kalenichenko,25,12947,20290.335160449336
2019,538,Pietro Rondoni,26,12877,20180.63225929606
2019,539,Thomas Fancutt,24,12839,20121.079255812856
2019,540,Marco Bortolotti,28,12759,19995.704511637683
2019,541,Xin Gao,25,12754,19987.868590126734
2019,542,Ben Patael,22,12701,19904.807822110684
2019,543,Jorge Panta,24,12698,19900.106269204116
2019,544,Alexey Zakharov,19,12647,19820.179869792442
2019,545,Nick Hardt,19,12641,19810.776763979306
2019,546,Marek Gengel,24,12596,19740.253470380772
2019,547,Raymond Sarmiento,27,12595,19738.68628607858
2019,548,Alexandru Jecan,31,12450,19511.444562261084
2019,549,Bastian Malla,23,12360,19370.397975064014
2019,550,Joao Lucas Reis Da Silva,19,12281,19246.590415191033
2019,551,Marvin Netuschil,28,12245,19190.171780312205
2019,552,Carlos Alcaraz,16,12211,19136.887514037757
2019,553,Timofey Skatov,18,12183,19093.00635357645
2019,554,Brandon Holt,21,12170,19072.632957647984
2019,555,Felix Corwin,23,12114,18984.87063672536
2019,556,Elmar Ejupovic,26,12092,18950.39258207719
2019,557,David Pichler,23,12049,18883.003657083034
2019,558,Pavel Nejedly,26,12041,18870.466182665517
2019,559,Maximiliano Estevez,30,11957,18738.822701281588
2019,560,Patrik Niklas-Salminen,22,11844,18561.73087513416
2019,561,Sebastian Fanselow,28,11829,18538.223110601313
2019,562,Liam Caruana,21,11817,18519.416898975036
2019,563,Mauricio Echazu,30,11766,18439.490499563366
2019,564,Jose Fco. Vidal Azorin,26,11648,18254.56275190499
2019,565,Juan Ignacio Galarza,25,11640,18242.02527748747
2019,566,Tak Khunn Wang,28,11597,18174.636352493315
2019,567,Mats Rosenkranz,21,11519,18052.395976922522
2019,568,Giovanni Fonio,21,11405,17873.736966472905
2019,569,Peter Nagy,27,11391,17851.796386242248
2019,570,Nik Razborsek,26,11283,17682.540481605767
2019,571,Adam El Mihdawy,30,11277,17673.13737579263
2019,572,Jordan Correia,22,11247,17626.12184672694
2019,573,John McNally,21,11230,17599.479713589717
2019,574,Sho Shimabukuro,22,11183,17525.822051386804
2019,575,Ryan Shane,25,11170,17505.448655458338
2019,576,Pol Martin Tiffon,20,11123,17431.790993255425
2019,577,Wishaya Trongcharoenchaikul,24,11017,17265.66945722332
2019,578,Christian Langmo,23,10975,17199.847716531356
2019,579,Rubin Statham,32,10950,17160.668108976613
2019,580,Gilbert Klier Junior,19,10942,17148.130634559097
2019,581,Jonathan Mridha,24,10915,17105.816658399977
2019,582,Maxime Tchoutakian,25,10911,17099.54792119122
2019,583,Federico Zeballos,31,10856,17013.352784570787
2019,584,Davide Galoppini,25,10840,16988.277835735753
2019,585,Petr Nouza,21,10777,16889.545224697806
2019,586,Jonas Forejtek,18,10755,16855.067170049635
2019,587,Marsel Ilhan,32,10753,16851.932801445255
2019,588,Arklon Huertas Del Pino Cordova,25,10731,16817.454746797084
2019,589,Gabriel Petit,24,10715,16792.379797962047
2019,590,Alejandro Gomez,28,10700,16768.872033429205
2019,591,Emiliano Maggioli,18,10580,16580.809917166447
2019,592,Luca Castelnuovo,22,10546,16527.525650892
2019,593,Alessandro Petrone,29,10538,16514.988176474482
2019,594,Miljan Zekic,31,10509,16469.539831710983
2019,595,Arthur Reymond,20,10434,16352.001009046759
2019,596,Mick Veldheer,23,10421,16331.627613118293
2019,597,Luis Patino,26,10398,16295.58237416793
2019,598,Nicholas David Ionel,17,10336,16198.416947432173
2019,599,Arnaud Bovy,19,10266,16088.714046278898
2019,600,Takuto Niki,32,10260,16079.31094046576
2019,601,Alibek Kachmazov,17,10228,16029.161042795691
2019,602,Nicolas Alberto Arreche,25,10219,16015.056384075984
2019,603,Savriyan Danilov,19,10150,15906.920667224898
2019,604,Alexis Gautier,22,10123,15864.60669106578
2019,605,Nikita Mashtakov,20,10106,15837.964557928555
2019,606,Martin Cuevas,27,10101,15830.128636417607
2019,607,Erik Crepaldi,29,10060,15765.87408002783
2019,608,Ryota Tanuma,24,9999,15670.275837594263
2019,609,Tomislav Brkic,29,9952,15596.61817539135
2019,610,Albano Olivetti,28,9927,15557.438567836609
2019,611,Alexander Weis,22,9819,15388.182663200127
2019,612,Alexander Donski,21,9790,15342.734318436627
2019,613,Clement Tabur,19,9728,15245.568891700868
2019,614,Alafia Ayeni,20,9690,15186.015888217662
2019,615,Tiago Cacao,21,9661,15140.567543454163
2019,616,Andrey Chepelev,21,9655,15131.164437641024
2019,617,Jakub Paul,20,9641,15109.22385741037
2019,618,Marat Deviatiarov,25,9639,15106.08948880599
2019,619,Mariano Kestelboim,23,9622,15079.447355668766
2019,620,Daniel Dutra da Silva,31,9570,14997.953771954904
2019,621,Pedro Vives Marcos,18,9529,14933.69921556513
2019,622,Yuki Mochizuki,22,9505,14896.086792312577
2019,623,Dusty H. Boyer,26,9481,14858.474369060026
2019,624,Naoki Tajima,19,9425,14770.712048137406
2019,625,Sergey Fomin,18,9418,14759.741758022079
2019,626,Kai Wehnelt,24,9416,14756.607389417699
2019,627,Adrian Obert,24,9342,14640.635751055666
2019,628,Imanol Lopez Morillo,20,9310,14590.485853385597
2019,629,Kento Takeuchi,32,9257,14507.425085369547
2019,630,Joao Pedro Sorgi,26,9227,14460.409556303857
2019,631,Aleksandar Kovacevic,21,9226,14458.842372001667
2019,632,Maksim Tikhomirov,29,9180,14386.751894100944
2019,633,Fabian Marozsan,20,9161,14356.97539235934
2019,634,Fabien Reboul,24,9156,14349.139470848391
2019,635,Denis Klok,21,9136,14317.795784804599
2019,636,Zizou Bergs,20,9124,14298.989573178324
2019,637,Nathan Ponwith,21,9078,14226.899095277598
2019,638,Chien-hsun Lo,21,9074,14220.63035806884
2019,639,Kirill Kivattsev,22,9066,14208.092883651323
2019,640,Filip Bergevi,25,9029,14150.107064470307
2019,641,Alec Adamson,25,8943,14015.329214481997
2019,642,Michal Konecny,30,8931,13996.523002855722
2019,643,Peter Kobelt,29,8923,13983.985528438205
2019,644,Ronan Joncour,22,8922,13982.418344136015
2019,645,Blake Mott,23,8920,13979.283975531634
2019,646,Fermin Tenti,22,8911,13965.17931681193
2019,647,Lamine Ouahab,35,8851,13871.14825868055
2019,648,Yan Bondarevskiy,19,8749,13711.295459857207
2019,649,Robert Strombachs,20,8746,13706.593906950637
2019,650,Maximilian Neuchrist,28,8742,13700.325169741878
2019,651,Jonathan Gray,22,8734,13687.787695324361
2019,652,Jonathan Eysseric,29,8727,13676.817405209034
2019,653,Cheong-Eui Kim,29,8726,13675.250220906844
2019,654,Michal Dembek,22,8709,13648.60808776962
2019,655,Anton Matusevich,18,8708,13647.04090346743
2019,656,Lucas Poullain,24,8690,13618.831586028016
2019,657,Kyrian Jacquet,18,8675,13595.323821495173
2019,658,Vitaliy Sachko,22,8646,13549.875476731673
2019,659,Manish Sureshkumar,20,8550,13399.425783721466
2019,660,Nam Hoang Ly,22,8462,13261.513565128778
2019,661,Axel Geller,20,8453,13247.408906409071
2019,662,Constantin Schmitz,24,8427,13206.66211455214
2019,663,David Perez Sanz,25,8421,13197.259008739002
2019,664,Gregoire Jacq,27,8413,13184.721534321485
2019,665,Alexander Igoshin,27,8390,13148.676295371124
2019,666,Harrison Adams,25,8366,13111.063872118571
2019,667,Nicolo Turchetti,23,8358,13098.526397701055
2019,668,Carlos Gimeno Valero,18,8308,13020.167182591573
2019,669,Jean Thirouin,22,8290,12991.957865152159
2019,670,Austin Rapp,23,8280,12976.286022130262
2019,671,Dimitriy Voronin,20,8271,12962.181363410555
2019,672,Nicolae Frunza,22,8265,12952.778257597418
2019,673,Carlos Lopez Montagud,19,8255,12937.10641457552
2019,674,Tomas Lipovsek Puches,26,8127,12736.506823895246
2019,675,Paul Woerner,23,8098,12691.058479131747
2019,676,Dennis Uspensky,23,8083,12667.550714598903
2019,677,Robin Stanek,24,8060,12631.50547564854
2019,678,Grigoriy Lomakin,21,8020,12568.818103560954
2019,679,Bogdan Ionut Apostol,23,8015,12560.982182050006
2019,680,Zihao Xia,22,8003,12542.17597042373
2019,681,Benjamin Winter Lopez,21,7993,12526.504127401835
2019,682,Alvaro Lopez San Martin,22,7979,12504.56354717118
2019,683,Alexander Vasilenko,24,7965,12482.622966940524
2019,684,Kuan-Yi Lee,23,7963,12479.488598336146
2019,685,Jaimee Floyd Angele,19,7948,12455.9808338033
2019,686,Shalva Dzhanashiya,27,7916,12405.830936133232
2019,687,Antoine Bellier,23,7909,12394.860646017903
2019,688,Benjamin Dhoe,23,7875,12341.576379743456
2019,689,Juan Sebastian Gomez,27,7791,12209.932898359526
2019,690,Carlos Sanchez Jover,19,7790,12208.365714057336
2019,691,Facundo Juarez,22,7773,12181.723580920112
2019,692,Georgii Kravchenko,19,7740,12130.006498947854
2019,693,Harri Heliovaara,30,7724,12104.93155011282
2019,694,Conner Huertas del Pino,24,7716,12092.394075695303
2019,695,Karl Friberg,20,7690,12051.647283838372
2019,696,Jared Hiltzik,25,7670,12020.303597794578
2019,697,Andrey Golubev,32,7659,12003.064570470493
2019,698,Ivan Davydov,23,7630,11957.616225706994
2019,699,Jaroslav Pospisil,38,7584,11885.525747806269
2019,700,Oleksii Krutykh,19,7570,11863.585167575615
2019,701,Victor Estrella Burgos,39,7540,11816.569638509925
2019,702,Kristian Lozan,21,7515,11777.390030955185
2019,703,Jurabek Karimov,21,7513,11774.255662350804
2019,704,Henry Craig,25,7497,11749.18071351577
2019,705,Jiri Lehecka,18,7491,11739.777607702632
2019,706,Dominik Boehler,23,7489,11736.643239098254
2019,707,Maxime Pauwels,21,7485,11730.374501889495
2019,708,Jose Olivares,22,7449,11673.955867010667
2019,709,Peter Bothwell,24,7444,11666.119945499719
2019,710,Alexandr Cozbinov,24,7424,11634.776259455926
2019,711,Giorgio Ricca,24,7416,11622.23878503841
2019,712,Markos Kalovelonis,25,7400,11597.163836203375
2019,713,Florent Diep,28,7332,11490.595303654478
2019,714,Lenny Hampel,23,7312,11459.251617610686
2019,715,Ignacio Monzon,21,7296,11434.176668775652
2019,716,Harold Mayot,17,7280,11409.101719940618
2019,717,Benjamin Sigouin,20,7273,11398.13142982529
2019,718,Alexander Shevchenko,19,7222,11318.205030413617
2019,719,Luca Giacomini,22,7220,11315.070661809239
2019,720,Raphael Baltensperger,22,7186,11261.786395534791
2019,721,Oleg Prihodko,22,7184,11258.652026930411
2019,722,Simon Freund,23,7131,11175.59125891436
2019,723,Maxim Ratniuk,23,7122,11161.486600194654
2019,724,Issei Okamura,27,7106,11136.411651359618
2019,725,Simon Yitbarek,19,7089,11109.769518222394
2019,726,Santiago Rodriguez Taverna,20,7076,11089.396122293929
2019,727,Ruan Roelofse,30,7057,11059.619620552327
2019,728,Lorenzo Bocchi,22,7022,11004.768169975689
2019,729,Simone Roncalli,23,7021,11003.200985673499
2019,730,Andrew Watson,23,6978,10935.812060679344
2019,731,Sandro Kopp,19,6978,10935.812060679344
2019,732,Aleksandre Metreveli,26,6966,10917.005849053068
2019,733,Duje Ajdukovic,18,6954,10898.199637426793
2019,734,Connor Farren,25,6944,10882.527794404896
2019,735,Riccardo Maiga,30,6930,10860.587214174242
2019,736,Chukang Wang,20,6928,10857.452845569862
2019,737,Brandon Walkin,25,6927,10855.885661267672
2019,738,Juan Bautista Otegui,20,6925,10852.751292663293
2019,739,Ye Cong Mo,19,6847,10730.5109170925
2019,740,Ezekiel Clark,21,6818,10685.062572329001
2019,741,Luke Johnson,25,6812,10675.659466515863
2019,742,Inigo Cervantes,30,6758,10591.031514197623
2019,743,Kelsey Stevenson,29,6752,10581.628408384484
2019,744,Aryan Goveas,21,6747,10573.792486873535
2019,745,Bradley Mousley,23,6692,10487.597350253105
2019,746,Vladimir Ivanov,32,6666,10446.850558396174
2019,747,Toby Martin,26,6662,10440.581821187416
2019,748,Eric Vanshelboim,18,6662,10440.581821187416
2019,749,Yuanfeng Li,26,6652,10424.90997816552
2019,750,Francesco Vilardo,30,6634,10396.700660726106
2019,751,Youssef Hossam,21,6626,10384.16318630859
2019,752,Nuno Borges,22,6526,10227.444756089624
2019,753,Dragos Dima,27,6526,10227.444756089624
2019,754,Adelchi Virgili,29,6519,10216.474465974297
2019,755,Joao Souza,31,6445,10100.502827612263
2019,756,Paul Oosterbaan,24,6444,10098.935643310073
2019,757,Ray Ho,19,6376,9992.367110761177
2019,758,Marco Miceli,21,6372,9986.098373552419
2019,759,Tomas Jirousek,19,6372,9986.098373552419
2019,760,Oliver Crawford,20,6350,9951.620318904246
2019,761,Daniele Capecchi,24,6331,9921.843817162644
2019,762,Kristjan Tamm,21,6327,9915.575079953886
2019,763,Rhett Purcell,23,6321,9906.171974140747
2019,764,Gianluca Di Nicola,24,6311,9890.500131118852
2019,765,Alexander Lebedev,22,6288,9854.45489216849
2019,766,Luis Faria,20,6279,9840.350233448782
2019,767,Alexis Musialek,31,6269,9824.678390426885
2019,768,Tsung-Hao Huang,20,6227,9758.85664973492
2019,769,Federico Iannaccone,20,6222,9751.020728223972
2019,770,Lorenzo Frigerio,30,6202,9719.67704218018
2019,771,Hong Kit Wong,21,6163,9658.556854394783
2019,772,Takashi Saito,24,6131,9608.406956724715
2019,773,Michiel De Krom,21,6077,9523.779004406473
2019,774,Taisei Ichikawa,19,6062,9500.27123987363
2019,775,Finn Tearney,29,6016,9428.180761972906
2019,776,Laurent Rochette,31,5959,9338.851256748096
2019,777,Naoki Nakagawa,23,5947,9320.04504512182
2019,778,Gustav Hansson,24,5946,9318.47786081963
2019,779,Andrea Guerrieri,21,5927,9288.701359078028
2019,780,Albert Alcaraz Ivorra,24,5922,9280.86543756708
2019,781,Kazuki Nishiwaki,25,5915,9269.89514745175
2019,782,Hiroyasu Ehara,28,5909,9260.492041638614
2019,783,Patrik Rikl,20,5896,9240.118645710148
2019,784,Jonas Trinker,24,5895,9238.551461407958
2019,785,Alejandro Mendoza,29,5892,9233.84990850139
2019,786,Nicolas Moreno De Alboran,22,5889,9229.14835559482
2019,787,Guido Ivan Justo,22,5845,9160.192246298477
2019,788,Vincent Millot,33,5830,9136.684481765631
2019,789,Dostanbek Tashbulatov,19,5809,9103.773611419649
2019,790,Anis Ghorbel,30,5720,8964.29420852477
2019,791,Sergi Perez Contri,21,5717,8959.592655618202
2019,792,Damien Wenger,19,5675,8893.770914926237
2019,793,Nicolas Barrientos,32,5648,8851.456938767116
2019,794,Ondrej Krstev,22,5638,8835.78509574522
2019,795,Dejan Katic,31,5592,8763.694617844496
2019,796,Luca Prevosto,21,5586,8754.291512031357
2019,797,Alessandro Ingarao,20,5565,8721.380641685375
2019,798,Gerard Granollers,30,5564,8719.813457383187
2019,799,Maxime Mora,22,5463,8561.527842862031
2019,800,Beibit Zhukayev,19,5450,8541.154446933566
2019,801,Aziz Ouakaa,20,5445,8533.318525422617
2019,802,Nicolas Alvarez Varona,18,5419,8492.571733565688
2019,803,Francisco Comesana,19,5414,8484.73581205474
2019,804,Tadeas Paroulek,20,5387,8442.421835895619
2019,805,Leny Mitjana,25,5381,8433.01873008248
2019,806,Duje Kekez,26,5315,8329.584566137964
2019,807,Louis Tessa,21,5303,8310.778354511689
2019,808,Yanais Laurent,27,5301,8307.643985907309
2019,809,Gauthier Onclin,18,5292,8293.539327187602
2019,810,Bart Stevens,21,5249,8226.150402193447
2019,811,Mateo Nicolas Martinez,25,5244,8218.3144806825
2019,812,Soichiro Moritani,25,5233,8201.075453358413
2019,813,Hady Habib,21,5205,8157.194292897103
2019,814,Carl Soderlund,22,5187,8128.98497545769
2019,815,Thiago Agustin Tirante,18,5141,8056.894497556966
2019,816,Sagadat Ayap,24,5134,8045.924207441639
2019,817,Matvey Minin,18,5127,8034.953917326311
2019,818,Guy Orly Iradukunda,23,5114,8014.580521397846
2019,819,Julian Bradley,27,5105,8000.475862678139
2019,820,Sem Verbeek,25,5098,7989.505572562812
2019,821,Mikhail Fufygin,29,5088,7973.833729540915
2019,822,Ljubomir Celebic,28,5074,7951.89314931026
2019,823,Alexis Canter,21,5050,7914.280726057708
2019,824,Julius Tverijonas,25,5039,7897.041698733622
2019,825,Sora Fukuda,22,5007,7846.891801063553
2019,826,Ignacio Carou,20,4994,7826.518405135088
2019,827,Gabriele Maria Noce,24,4972,7792.040350486916
2019,828,Calum Puttergill,26,4960,7773.23413886064
2019,829,Yan Sabanin,29,4903,7683.904633635831
2019,830,Pierre Delage,18,4881,7649.426578987658
2019,831,Gabriel Donev,23,4851,7602.411049921969
2019,832,Niklas Guttau,19,4827,7564.798626669418
2019,833,Anas Fattar,32,4825,7561.664258065038
2019,834,Albert Roglan,21,4817,7549.126783647521
2019,835,Dragos Nicolae Madaras,22,4805,7530.320572021245
2019,836,Quentin Folliot,20,4794,7513.081544697159
2019,837,Federico Arnaboldi,19,4786,7500.544070279642
2019,838,Artem Smirnov,31,4777,7486.439411559935
2019,839,Michel Vernier,27,4768,7472.334752840228
2019,840,Dan Alexandru Tomescu,20,4765,7467.63319993366
2019,841,Sebastian Prechtel,23,4757,7455.095725516142
2019,842,Thomas Laurent,22,4756,7453.528541213953
2019,843,Mehluli Don Ayanda Sibanda,20,4746,7437.856698192056
2019,844,Justin Roberts,23,4660,7303.078848203747
2019,845,Saida'Lo Saidkarimov,22,4660,7303.078848203747
2019,846,Ugo Blanchet,20,4655,7295.242926692798
2019,847,Alexander Brown,20,4618,7237.257107511781
2019,848,Stefan Seifert,34,4618,7237.257107511781
2019,849,Jacob Dunbar,24,4610,7224.719633094264
2019,850,Cannon Kingsley,18,4607,7220.018080187696
2019,851,Matej Sabanov,27,4601,7210.614974374557
2019,852,George Tsivadze,26,4596,7202.77905286361
2019,853,Florian Lakat,24,4584,7183.972841237333
2019,854,Vasil Kirkov,20,4580,7177.704104028575
2019,855,Mwendwa Mbithi,21,4572,7165.166629611058
2019,856,Andrew Paulson,18,4568,7158.8978924022995
2019,857,Ivan Liutarevich,23,4563,7151.061970891351
2019,858,Cameron Green,23,4550,7130.6885749628855
2019,859,Joshua Ortlip,22,4542,7118.1511005453685
2019,860,William Bushamuka,23,4506,7061.732465666541
2019,861,Jan Zielinski,23,4503,7057.030912759972
2019,862,Alan Kohen,26,4500,7052.329359853404
2019,863,Moez Echargui,26,4492,7039.791885435886
2019,864,Chuhan Wang,27,4482,7024.12004241399
2019,865,Guy Den Heijer,22,4476,7014.716936600852
2019,866,Dominik Palan,19,4473,7010.015383694283
2019,867,Shinji Hazawa,20,4462,6992.776356370197
2019,868,Justin Butsch,24,4445,6966.1342232329725
2019,869,Valentin Guenther,21,4442,6961.432670326404
2019,870,Jack Findel-Hawkins,25,4417,6922.253062771663
2019,871,Simon Anthony Ivanov,19,4390,6879.939086612542
2019,872,Yanki Erel,19,4365,6840.759479057801
2019,873,Stefano Battaglino,21,4364,6839.192294755611
2019,874,Franco Emanuel Egea,23,4330,6785.9080284811635
2019,875,Mikalai Haliak,21,4329,6784.340844178974
2019,876,Tom Kocevar-Desman,29,4323,6774.937738365837
2019,877,Jordi Samper-Montana,29,4306,6748.295605228613
2019,878,Tigre Hank,28,4305,6746.728420926423
2019,879,Gergely Madarasz,25,4296,6732.623762206716
2019,880,Sumit Sarkar,20,4277,6702.847260465112
2019,881,Clement Geens,23,4273,6696.578523256354
2019,882,David Jorda Sanchis,25,4272,6695.011338954165
2019,883,Vlad Andrei Dancu,20,4260,6676.2051273278885
2019,884,Sarp Agabigun,22,4248,6657.398915701613
2019,885,Timur Kiyamov,23,4218,6610.383386635924
2019,886,Majed Kilani,22,4187,6561.800673268044
2019,887,Martin Beran,24,4186,6560.233488965855
2019,888,Dragos Constantin Ignat,26,4182,6553.964751757097
2019,889,Mick Lescure,26,4174,6541.427277339579
2019,890,Valentin Royer,18,4146,6497.5461168782695
2019,891,Jung-Woong Na,27,4145,6495.978932576079
2019,892,Isaiah Strode,22,4145,6495.978932576079
2019,893,Kalman L. Boyd,22,4122,6459.933693625718
2019,894,Adrian Bodmer,24,4119,6455.232140719148
2019,895,Rishab Agarwal,24,4112,6444.261850603822
2019,896,Sanhui Shin,22,4105,6433.291560488494
2019,897,Christoph Negritu,25,4102,6428.5900075819245
2019,898,Max Houkes,19,4098,6422.321270373166
2019,899,Alex Blumenberg,27,4091,6411.350980257838
2019,900,Matvey Khomentovskiy,25,4084,6400.380690142511
2019,901,Marco Brugnerotto,23,4053,6351.797976774632
2019,902,Luca Tomasetto,23,4048,6343.962055263683
2019,903,Simon Beaupain,20,4039,6329.857396543977
2019,904,Sidane Pontjodikromo,19,4008,6281.274683176098
2019,905,Giacomo Dambrosi,18,3997,6264.035655852012
2019,906,Juan Pablo Paz,24,3995,6260.901287247632
2019,907,David Volfson,22,3992,6256.199734341064
2019,908,Kenneth Raisma,21,3987,6248.363812830115
2019,909,Taha Baadi,18,3949,6188.810809346909
2019,910,Gengo Kikuchi,28,3944,6180.9748878359605
2019,911,Aaron Schmid,19,3932,6162.168676209685
2019,912,Manuel Sanchez,28,3900,6112.0187785396165
2019,913,Vladimir Korolev,24,3876,6074.406355287065
2019,914,Giovani Samaha,25,3864,6055.600143660789
2019,915,Shao-Fan Liu,22,3847,6028.9580105235655
2019,916,Petr Michnev,30,3824,5992.912771573203
2019,917,Matyas Fuele,21,3812,5974.1065599469275
2019,918,Kazuma Kawachi,25,3792,5942.762873903134
2019,919,Liam Draxl,18,3760,5892.612976233066
2019,920,Jakob Aichhorn,21,3754,5883.209870419928
2019,921,Ryan James Storrie,21,3740,5861.269290189273
2019,922,Koray Kirci,21,3729,5844.030262865187
2019,923,Toshihide Matsui,41,3720,5829.92560414548
2019,924,Tyler Mercier,28,3698,5795.447549497308
2019,925,Gianni Mina,27,3683,5771.939784964463
2019,926,Pascal Meis,26,3665,5743.73046752505
2019,927,Maciej Rajski,28,3630,5688.879016948412
2019,928,Stuart Parker,22,3624,5679.475911135274
2019,929,Haru Inoue,23,3586,5619.922907652068
2019,930,Peter Bertran,23,3565,5587.012037306085
2019,931,Hugo Schott,23,3553,5568.205825679809
2019,932,Christian Samuelsson,23,3526,5525.891849520689
2019,933,Calin Manda,21,3524,5522.75748091631
2019,934,Luigi Sorrentino,21,3523,5521.19029661412
2019,935,Patrick Kypson,20,3518,5513.354375103172
2019,936,Pierre Faivre,23,3486,5463.204477433103
2019,937,Mariano Navone,18,3478,5450.6670030155865
2019,938,Vadym Ursu,22,3431,5377.009340812673
2019,939,Bart Van Den Berg,26,3384,5303.35167860976
2019,940,Boris Pokotilov,22,3380,5297.082941401
2019,941,Matias Soto,20,3256,5102.752087929485
2019,942,Samuele Ramazzotti,20,3204,5021.258504215623
2019,943,Rimpei Kawakami,19,3178,4980.511712358692
2019,944,Dhruv Sunish,20,3148,4933.496183293003
2019,945,Keegan Smith,21,3086,4836.330756557245
2019,946,Hamidreza Nadaf,27,3074,4817.52454493097
2019,947,Marius Ruzgas,23,3074,4817.52454493097
2019,948,Billy Harris,24,3063,4800.285517606883
2019,949,Zachary Eisinga,19,3051,4781.479305980608
2019,950,Alfredo Perez,22,3051,4781.479305980608
2019,951,Yuta Kawahashi,21,3044,4770.50901586528
2019,952,Franco Feitt,27,3024,4739.165329821487
2019,953,Edris Fetisleam,20,2990,4685.881063547039
2019,954,Alejo Vilaro,24,2972,4657.671746107626
2019,955,Luka Pavlovic,19,2958,4635.73116587697
2019,956,Karue Sell,26,2936,4601.253111228798
2019,957,Gonzalo Lama,26,2930,4591.85000541566
2019,958,Wojciech Marek,18,2905,4552.670397860919
2019,959,Cengiz Aksu,21,2880,4513.4907903061785
2019,960,Gabriel Alejandro Hidalgo,29,2871,4499.3861315864715
2019,961,Matheus Pucinelli De Almeida,18,2858,4479.012735658006
2019,962,Daniel Cukierman,24,2850,4466.475261240489
2019,963,Luca Gelhardt,25,2844,4457.072155427351
2019,964,Andrea Bolla,21,2835,4442.967496707644
2019,965,Tristan Schoolkate,18,2800,4388.116046131006
2019,966,S D Prajwal Dev,23,2691,4217.292957192335
2019,967,Justin Boulais,18,2654,4159.307138011319
2019,968,Igor Marcondes,22,2610,4090.351028714974
2019,969,Ko Suzuki,28,2493,3906.9904653587855
2019,970,Riccardo Bellotti,28,2408,3773.779799672666
2019,971,Matthew  Mendez,24,2305,3612.359816547132
2019,972,Shintaro Mochizuki,16,2191,3433.7008060975127
2019,973,Martin Damm,16,668,1046.879113862683
2022,1,Novak Djokovic,35,9934582,12436828.203109028
2022,2,Carlos Alcaraz,19,7627613,9548797.572036857
2022,3,Rafael Nadal,36,7440806,9314939.059807736
2022,4,Casper Ruud,24,6930042,8675527.746847335
2022,5,Stefanos Tsitsipas,24,5479442,6859561.761420877
2022,6,Taylor Fritz,25,4489807,5620665.099358617
2022,7,Daniil Medvedev,26,4146312,5190653.217265648
2022,8,Felix Auger-Aliassime,22,4107342,5141867.753008052
2022,9,Andrey Rublev,25,4106247,5140496.952819136
2022,10,Hubert Hurkacz,25,3011575,3770107.37802336
2022,11,Nick Kyrgios,27,2916349,3650896.58460807
2022,12,Cameron Norrie,27,2846575,3563548.4454469327
2022,13,Pablo Carreno Busta,31,2842960,3559022.9270150308
2022,14,Jannik Sinner,21,2818491,3528390.863250106
2022,15,Alexander Zverev,25,2585002,3236092.4474420003
2022,16,Denis Shapovalov,23,2409460,3016336.276882417
2022,17,Holger Rune,19,2335215,2923391.016584618
2022,18,Matteo Berrettini,26,2183648,2733648.4848645492
2022,19,Frances Tiafoe,24,2032406,2544312.8116480396
2022,20,Alex de Minaur,23,1990039,2491274.7371240063
2022,21,Marin Cilic,34,1955408,2447921.1468570107
2022,22,Karen Khachanov,26,1889330,2365199.9277855856
2022,23,Diego Schwartzman,30,1863280,2332588.653884883
2022,24,Roberto Bautista Agut,34,1787924,2238252.5634410693
2022,25,Brandon Nakashima,21,1646923,2061737.3146398035
2022,26,Lorenzo Musetti,20,1620201,2028284.7825409714
2022,27,Daniel Evans,32,1612801,2019020.9273829984
2022,28,Borna Coric,26,1603586,2007484.9239666846
2022,29,Alejandro Davidovich Fokina,23,1531719,1917516.6160426233
2022,30,Miomir Kecmanovic,23,1492670,1868632.2538718542
2022,31,Grigor Dimitrov,31,1488481,1863388.1607290502
2022,32,Tommy Paul,25,1408362,1763089.4024315302
2022,33,Cristian Garin,26,1408343,1763065.6168574758
2022,34,Botic van de Zandschulp,27,1378752,1726021.4630764513
2022,35,David Goffin,32,1268574,1588092.674752781
2022,36,Alexander Bublik,25,1134816,1420644.737155461
2022,37,Francisco Cerundolo,24,1113269,1393670.6443056169
2022,38,Lorenzo Sonego,27,1087388,1361270.9368267653
2022,39,Maxime Cressy,25,1080806,1353031.1132254438
2022,40,John Isner,37,1076536,1347685.6184248296
2022,41,Sebastian Korda,22,1070744,1340434.7739552376
2022,42,Filip Krajinovic,30,1069728,1339162.8716794944
2022,43,Jenson Brooksby,22,1062932,1330655.1474019827
2022,44,Nikoloz Basilashvili,30,1061681,1329089.0551313579
2022,45,Emil Ruusuvuori,23,995458,1246186.314573729
2022,46,Mackenzie McDonald,27,991866,1241689.589205156
2022,47,Adrian Mannarino,34,980387,1227319.34685943
2022,48,Albert Ramos-Vinolas,34,957144,1198222.078557164
2022,49,Yoshihito Nishioka,27,946014,1184288.7396506448
2022,50,Aslan Karatsev,29,938837,1175304.0520197297
2022,51,Andy Murray,35,933978,1169221.2044234336
2022,52,Alex Molcan,25,908924,1137856.7953521013
2022,53,Sebastian Baez,21,888761,1112615.293791262
2022,54,Jack Draper,21,882161,1104352.9364882049
2022,55,Fabio Fognini,35,875606,1096146.9134394866
2022,56,Reilly Opelka,25,874633,1094928.8416734452
2022,57,Marcos Giron,29,861391,1078351.5484299478
2022,58,Dusan Lajovic,32,854402,1069602.212794938
2022,59,Arthur Rinderknech,27,827542,1035976.9223161327
2022,60,Ugo Humbert,24,826460,1034622.3964673588
2022,61,Oscar Otte,29,816158,1021725.607840678
2022,62,Pedro Martinez,25,815619,1021050.8486609282
2022,63,Richard Gasquet,36,807643,1011065.9150474156
2022,64,Jiri Lehecka,21,793848,993796.3364117076
2022,65,Soonwoo Kwon,25,781001,977713.5327340751
2022,66,Benjamin Bonzi,26,768834,962482.0022331212
2022,67,Laslo Djere,27,764798,957429.44555507
2022,68,Jaume Munar,25,755098,945286.2840642133
2022,69,Ilya Ivashka,28,751088,940266.2760664468
2022,70,Jiri Vesely,29,734492,919490.2030662141
2022,71,Federico Delbonis,32,730622,914645.4571930579
2022,72,Gael Monfils,36,729145,912796.4417784192
2022,73,Tallon Griekspoor,26,719705,900978.7670904103
2022,74,Marton Fucsovics,30,702250,879127.3357684616
2022,75,Kamil Majchrzak,26,690601,864544.2751285658
2022,76,Mikael Ymer,24,689504,863170.9711950122
2022,77,Steve Johnson,33,683610,855792.4357489184
2022,78,Corentin Moutet,23,680435,851817.7411372205
2022,79,Taro Daniel,29,646181,808936.1067343543
2022,80,Federico Coria,30,641108,802585.3584618681
2022,81,Joao Sousa,33,636911,797331.2503405149
2022,82,Hugo Gaston,22,631992,791173.2904051001
2022,83,Benoit Paire,33,612067,766229.7344560982
2022,84,Bernabe Zapata Miralles,25,605262,757710.7433277189
2022,85,Thanasi Kokkinakis,26,590958,739803.9616818206
2022,86,Jason Kubler,29,586151,733786.211446094
2022,87,Daniel Elahi Galan,26,583071,729930.4447046673
2022,88,Jordan Thompson,28,581069,727424.19632274
2022,89,Alexei Popyrin,23,575195,720070.6983230192
2022,90,Roberto Carballes Baena,29,569003,712319.1049259693
2022,91,Tim van Rijthoven,25,568339,711487.861706389
2022,92,Daniel Altmaier,24,531921,665897.1756059749
2022,93,Thiago Monteiro,28,528540,661664.5952966361
2022,94,Alejandro Tabilo,25,526079,658583.7375204507
2022,95,Stan Wawrinka,37,525515,657877.6815327349
2022,96,Denis Kudla,30,523545,655411.4930650042
2022,97,J.J. Wolf,24,522712,654368.6834235729
2022,98,James Duckworth,30,510131,638618.8777827
2022,99,John Millman,33,503275,630036.0411660698
2022,100,Chun-Hsin Tseng,21,495390,620165.0279335538
2022,101,Christopher O'Connell,28,481166,602358.3960731472
2022,102,Pablo Andujar,36,480929,602061.7023336283
2022,103,Facundo Bagnis,32,469052,587193.2148050815
2022,104,Marc-Andrea Huesler,26,464788,581855.2312383791
2022,105,Lloyd Harris,25,464528,581529.7444355314
2022,106,Quentin Halys,26,461898,578237.320237495
2022,107,Radu Albot,33,455300,569977.4666790752
2022,108,Pedro Cachin,27,453201,567349.7866822393
2022,109,Ricardas Berankis,32,447331,560001.296171793
2022,110,Tomas Martin Etcheverry,23,437117,547214.6723091529
2022,111,Henri Laaksonen,30,435922,545718.6848883721
2022,112,Liam Broady,28,431626,540340.6414074731
2022,113,Peter Gojowczyk,33,425896,533167.4130216371
2022,114,Dominic Thiem,29,421122,527190.9745724258
2022,115,Dominic Stricker,20,401783,502981.01580214995
2022,116,Jan-Lennard Struff,32,398906,499379.37914140825
2022,117,Jack Sock,30,396917,496889.4050996233
2022,118,Stefan Kozlov,24,373053,467014.72408747865
2022,119,Gilles Simon,37,359745,450354.8072709508
2022,120,Carlos Taberner,25,359174,449639.9881770045
2022,121,Aljaz Bedene,33,355127,444573.6609034481
2022,122,Roman Safiullin,25,348280,436002.0911376857
2022,123,Sam Querrey,35,344667,431479.0764504213
2022,124,Hugo Grenier,26,341638,427687.15519724553
2022,125,Fernando Verdasco,39,326906,409244.57219896716
2022,126,Norbert Gombos,32,323219,404628.91896012303
2022,127,Nuno Borges,25,312606,391342.79804234346
2022,128,Maximilian Marterer,27,309664,387659.7896808898
2022,129,Yannick Hanfmann,31,308258,385899.65720087494
2022,130,Christopher Eubanks,26,307616,385095.9551723048
2022,131,Hugo Dellien,29,301365,377270.50130845484
2022,132,Dominik Koepfer,28,298650,373871.66796333366
2022,133,Elias Ymer,26,291738,365218.7264968593
2022,134,Marco Cecchinato,30,281399,352275.6185943885
2022,135,Tomas Machac,22,278774,348989.45375794533
2022,136,Mikhail Kukushkin,35,274791,344003.2463127822
2022,137,Constant Lestienne,30,272851,341574.6140146109
2022,138,Francesco Passaro,21,253848,317785.2843433997
2022,139,Ryan Peniston,27,253657,317546.1767305385
2022,140,Andreas Seppi,38,244189,305693.4496176075
2022,141,Feliciano Lopez,41,243348,304640.62499762705
2022,142,Max Purcell,24,243157,304401.51738476584
2022,143,Pavel Kotov,24,239733,300115.1065657253
2022,144,Aleksandar Vukic,26,239420,299723.27052998944
2022,145,Gregoire Barrere,28,237149,296880.2684943466
2022,146,Lucas Pouille,28,235281,294541.7710031177
2022,147,Enzo Couacaud,27,233056,291756.35509413254
2022,148,Yibing Wu,23,232988,291671.22777646466
2022,149,Zdenek Kolar,26,229939,287854.26907691604
2022,150,Emilio Gomez,31,228723,286331.9923374437
2022,151,Dennis Novak,29,224264,280749.8936686056
2022,152,Michael Mmoh,24,223699,280042.58580857114
2022,153,Matteo Arnaldi,21,222234,278208.5928617562
2022,154,Ben Shelton,20,221555,277358.5715573962
2022,155,Juan Pablo Varillas,27,218466,273491.5379651018
2022,156,Alexander Ritschard,28,216236,270699.8626945234
2022,157,Manuel Guinard,27,213428,267184.6052237682
2022,158,Juan Manuel Cerundolo,21,212248,265707.3958877671
2022,159,Flavio Cobolli,20,211373,264612.0076089527
2022,160,Rinky Hijikata,21,211126,264302.7951462474
2022,161,Geoffrey Blancaneaux,24,209644,262447.52037001547
2022,162,Franco Agamenone,29,208511,261029.14903299065
2022,163,Nicolas Jarry,27,207942,260316.83368368165
2022,164,Zizou Bergs,23,203243,254434.28565836872
2022,165,Zhizhen Zhang,26,199671,249962.59773616874
2022,166,Egor Gerasimov,30,199013,249138.86575050032
2022,167,Giulio Zeppieri,21,194503,243492.9215934113
2022,168,Borna Gojo,24,192966,241568.7938396539
2022,169,Philipp Kohlschreiber,39,190914,238999.95184179433
2022,170,Stefano Travaglia,30,190589,238593.0933382347
2022,171,Gijs Brouwer,26,189803,237609.12169577973
2022,172,Emilio Nava,21,188959,236552.54145884333
2022,173,Camilo Ugo Carabelli,23,188942,236531.25962942638
2022,174,Dimitar Kuzmanov,29,184442,230897.8341955238
2022,175,Ernesto Escobedo,26,183729,230005.2492323299
2022,176,Gianluca Mager,28,181348,227024.54124163612
2022,177,Vasek Pospisil,32,179850,225149.23650830588
2022,178,Mitchell Krueger,28,179631,224875.07647052265
2022,179,Sebastian Ofner,26,177892,222698.07050839896
2022,180,Paul Jubb,23,173090,216686.5796342656
2022,181,Jozef Kovalik,30,173006,216581.4223594994
2022,182,Jurij Rodionov,23,171236,214365.60835549774
2022,183,Salvatore Caruso,30,171030,214107.72265785685
2022,184,Nikola Milojevic,27,168443,210869.12896952222
2022,185,Daniel Masur,28,165771,207524.12613410273
2022,186,Luca Nardi,19,163638,204853.8824784329
2022,187,Pablo Cuevas,36,162770,203767.25730584905
2022,188,Brandon Holt,24,162607,203563.2021179099
2022,189,Andrea Vavassori,27,161658,202375.1752875158
2022,190,Marco Trungelliti,32,158782,198774.79049909272
2022,191,Damir Dzumhur,30,154449,193350.42774240387
2022,192,Bjorn Fratangelo,29,153377,192008.4206168164
2022,193,Jay Clarke,24,150811,188796.1162471733
2022,194,Renzo Olivo,30,150182,188008.6885587456
2022,195,Alessandro Giannessi,32,148924,186433.83318189016
2022,196,Santiago Rodriguez Taverna,23,147551,184715.01248839055
2022,197,Facundo Mena,30,144613,181037.0116162115
2022,198,Jesper de Jong,22,143737,179940.37146507847
2022,199,Filip Misolic,21,142688,178627.15740281987
2022,200,Timofey Skatov,21,142106,177898.56771336845
2022,201,Altug Celikbilek,26,141057,176585.35365110985
2022,202,Alexander Shevchenko,22,140531,175926.86881150256
2022,203,Gastao Elias,32,139560,174711.30079009826
2022,204,Tomas Barrios Vera,25,139494,174628.67721706768
2022,205,Zsombor Piros,23,135493,169619.93607016897
2022,206,Alastair Gray,24,134818,168774.9222550836
2022,207,Thiago Agustin Tirante,21,134716,168647.2312785818
2022,208,Vit Kopriva,25,132496,165868.07473118987
2022,209,Riccardo Bonadio,29,131400,164496.02266995492
2022,210,Attila Balazs,34,131233,164286.9599927412
2022,211,Brayden Schnur,27,129833,162534.33874663818
2022,212,Ramkumar Ramanathan,28,127759,159937.95555776844
2022,213,Nicolas Kicker,30,127653,159805.25709199207
2022,214,Mats Moraing,30,126775,158706.11319622173
2022,215,Alexandre Muller,25,126696,158607.21528304878
2022,216,Dmitry Popko,26,124869,156320.04455688433
2022,217,Juan Ignacio Londero,29,123953,155173.3295130055
2022,218,Felipe Meligeni Alves,24,122859,153803.78119640786
2022,219,Christian Harrison,28,119730,149886.6727113676
2022,220,Nino Serdarusic,26,119488,149583.7196102555
2022,221,Aleksandar Kovacevic,24,117322,146872.16416807042
2022,222,Andrea Pellegrino,25,116874,146311.32536931743
2022,223,Juan Pablo Ficovich,25,115493,144582.48969726867
2022,224,Thomas Fabbiano,33,114459,143288.05371978975
2022,225,Filip Horansky,29,114380,143189.1558066168
2022,226,Kaichi Uchida,28,111396,139453.56880778004
2022,227,Tung-Lin Wu,24,111104,139088.0220907357
2022,228,Cedrik-Marcel Stebe,32,111068,139042.9546872645
2022,229,Nicola Kuhn,22,110985,138939.04928481695
2022,230,Antoine Bellier,26,110874,138800.09145744736
2022,231,Dalibor Svrcina,20,110844,138762.53528788802
2022,232,Yuki Bhambri,30,109551,137143.86437988002
2022,233,Matheus Pucinelli De Almeida,21,107576,134671.4165505561
2022,234,Jason Jung,33,107538,134623.8454024476
2022,235,Pedro Sousa,34,104769,131157.41095211954
2022,236,Lukas Klein,24,103616,129714.00216872184
2022,237,Alex Bolt,29,102266,128023.97453855108
2022,238,Kyle Edmund,27,101990,127678.45777860505
2022,239,Lukas Rosol,37,100578,125910.81406467828
2022,240,Andrey Kuznetsov,31,98198,122931.35794630315
2022,241,Gian Marco Moroni,24,98125,122839.97126704207
2022,242,Andrea Collarini,30,96087,120288.65548164352
2022,243,Andrea Arnaboldi,34,95441,119479.94596379885
2022,244,Yosuke Watanuki,24,92579,115897.08738783681
2022,245,Antoine Escoffier,30,90502,113296.94858201111
2022,246,Juncheng Shang,17,89131,111580.6316331488
2022,247,Evan Furness,24,88421,110691.80228691084
2022,248,Duje Ajdukovic,21,87520,109563.86532781168
2022,249,Lorenzo Giustino,31,85846,107468.23106639994
2022,250,Raul Brancaccio,25,84873,106250.15930035833
2022,251,Federico Gaio,30,84732,106073.64530342938
2022,252,Learner Tien,17,84225,105438.94603787636
2022,253,Hiroki Moriya,32,84177,105378.8561665814
2022,254,Kacper Zuk,23,83347,104339.80214210604
2022,255,Andrej Martin,33,81718,102300.50213503331
2022,256,Francesco Maestrelli,20,81300,101777.21950583969
2022,257,Cem Ilkel,27,79203,99152.0432536411
2022,258,Tennys Sandgren,31,77517,97041.3865244056
2022,259,Thiago Seyboth Wild,22,76883,96247.69947438466
2022,260,Mirza Basic,31,76881,96245.19572974737
2022,261,Illya Marchenko,35,75994,95134.78498310925
2022,262,Laurent Lokoli,28,74585,93370.89688613842
2022,263,Michail Pervolarakis,26,71924,90039.66464622403
2022,264,Vitaliy Sachko,25,71128,89043.1742805826
2022,265,Nicolas Moreno De Alboran,25,70779,88606.27084137549
2022,266,Facundo Diaz Acosta,22,69548,87065.21601712349
2022,267,Antoine Hoang,27,69485,86986.34806104885
2022,268,Frederico Ferreira Silva,27,68806,86136.32675668888
2022,269,Genaro Alberto Olivieri,24,68513,85769.52816732589
2022,270,Bradley Klahn,32,67993,85118.55456163049
2022,271,Jelle Sels,27,66841,83676.39765055143
2022,272,Marc Polmans,25,66389,83110.55136252388
2022,273,Luca Van Assche,18,66064,82703.69285896425
2022,274,Pierre-Hugues Herbert,31,65910,82510.90452189292
2022,275,Marius Copil,32,63873,79960.84060881303
2022,276,Zachary Svajda,20,63381,79344.91942803968
2022,277,Li Tu,26,63333,79284.82955674472
2022,278,Roberto Marcora,33,62903,78746.52445972736
2022,279,Dane Sweeny,21,61451,76928.8058530548
2022,280,Robin Haase,35,61272,76704.72070801734
2022,281,Malek Jaziri,38,61139,76538.22168963755
2022,282,Gerald Melzer,32,60925,76270.32101344752
2022,283,Arthur Fils,18,59443,74415.0462372156
2022,284,Jonas Forejtek,21,58937,73781.59884398124
2022,285,Matthew Ebden,35,58827,73643.89288893028
2022,286,Yasutaka Uchiyama,30,58643,73413.5483822996
2022,287,Lukas Lacko,35,57857,72429.57673984462
2022,288,Rio Noguchi,23,57668,72192.9728716207
2022,289,Evgeny Karlovskiy,28,57376,71827.42615457636
2022,290,Maxime Janvier,26,57290,71719.76513517289
2022,291,Michael Geerts,27,56570,70818.41706574848
2022,292,Shintaro Mochizuki,19,55087,68961.89041719792
2022,293,Govind Nanda,21,55033,68894.28931199109
2022,294,Prajnesh Gunneswaran,33,54742,68529.9944672654
2022,295,Daniel Dutra da Silva,34,53827,67384.53129570521
2022,296,Bruno Kuzuhara,18,53483,66953.88721809132
2022,297,Alexis Galarneau,23,53000,66349.23288818578
2022,298,Ulises Blanch,24,52756,66043.7760424364
2022,299,Hamad Medjedovic,19,52457,65669.46621916154
2022,300,Gonzalo Lama,29,52081,65198.76222735101
2022,301,Luciano Darderi,20,52031,65136.16861141876
2022,302,Kimmer Coppejans,28,51777,64818.193042482926
2022,303,Evgeny Donskoy,32,51424,64376.28211400124
2022,304,Nicolas Alvarez Varona,21,51073,63936.87493015684
2022,305,Harold Mayot,20,50550,63282.14570750549
2022,306,Leandro Riedi,20,50432,63134.42477390538
2022,307,Javier Barranco Cosano,24,49343,61771.13581890096
2022,308,Oliver Crawford,23,48191,60328.978907821904
2022,309,Sumit Nagal,25,47622,59616.66355851289
2022,310,Francisco Comesana,22,47548,59524.02500693316
2022,311,Aidan McHugh,22,47134,59005.74986701412
2022,312,Miljan Zekic,34,47082,58940.65250644458
2022,313,Juan Bautista Torres,20,47050,58900.592592247944
2022,314,Mattia Bellucci,21,46942,58765.39038183428
2022,315,Ernests Gulbis,34,46727,58496.2378333256
2022,316,Ethan Quinn,18,46714,58479.96349318322
2022,317,Aziz Dougaz,25,45248,56644.718674049625
2022,318,Otto Virtanen,21,44255,55401.609461635126
2022,319,Joao Menezes,26,43341,54257.39816239358
2022,320,Sho Shimabukuro,25,43200,54080.88416546463
2022,321,Martin Damm,19,42994,53822.99846782376
2022,322,Nicholas David Ionel,20,42647,53388.59877325394
2022,323,Yuichi Sugita,34,42564,53284.6933708064
2022,324,Tobias Kamke,36,42506,53212.08477632499
2022,325,Carlos Gimeno Valero,21,42400,53079.38631054862
2022,326,Andrew Harris,28,42007,52587.40048932113
2022,327,Viktor Durasovic,25,41737,52249.39496328698
2022,328,Joao Domingues,29,41509,51963.968074635915
2022,329,Alex Rybakov,25,40999,51325.51319212696
2022,330,Arthur Fery,20,40407,50584.40477948911
2022,331,Sean Cuenin,18,40315,50469.232526173764
2022,332,Tristan Schoolkate,21,39919,49973.49108799034
2022,333,Billy Harris,27,39136,48993.275062491295
2022,334,Beibit Zhukayev,22,38582,48299.737797961956
2022,335,Philip Sekulic,19,38428,48106.949460890624
2022,336,Akira Santillan,25,38323,47975.5028674329
2022,337,Henri Squire,22,38125,47727.63214834119
2022,338,Oleksii Krutykh,22,38082,47673.80163863945
2022,339,Charles Broom,24,37752,47260.68377348659
2022,340,Alex Hernandez,23,37416,46840.05467442187
2022,341,Adrian Andreev,21,37341,46746.16425052349
2022,342,Alexey Vatutin,30,36838,46116.47247424505
2022,343,Clement Tabur,22,36737,45990.0333700619
2022,344,Gonzalo Villanueva,27,36541,45744.666395607484
2022,345,Skander Mansouri,27,36315,45461.74325159371
2022,346,Gabriel Diallo,21,36225,45349.074742915654
2022,347,Lucas Catarina,26,36185,45298.99985016986
2022,348,Lukas Neumayer,20,36044,45122.48585324091
2022,349,Hernan Casanova,28,36023,45096.196534549366
2022,350,James McCabe,19,35982,45044.86976948492
2022,351,Bernard Tomic,30,35731,44730.64981750502
2022,352,Nicolas Mejia,22,35501,44442.719184216665
2022,353,Sascha Gueymard Wayenburg,19,35361,44267.457059606364
2022,354,Yu Hsiou Hsu,23,35157,44012.07510660278
2022,355,Mate Valkusz,24,35061,43891.89536401286
2022,356,Alejandro Moro Canas,22,34915,43709.12200549069
2022,357,Max Hans Rehberg,19,34752,43505.06681755155
2022,358,Louis Wessels,24,34702,43442.4732016193
2022,359,Go Soeda,38,34584,43294.75226801919
2022,360,Nick Hardt,22,34511,43203.365588758104
2022,361,Nerman Fatic,28,34393,43055.644655157994
2022,362,Stuart Parker,25,34101,42690.09793811365
2022,363,Mohamed Safwat,32,33927,42472.272154669416
2022,364,Omar Jasika,25,33765,42269.468839048925
2022,365,Marko Topo,19,33669,42149.289096459
2022,366,Edan Leshem,25,33650,42125.503522404746
2022,367,Mathias Bourgue,28,33594,42055.39867256062
2022,368,Edward Winter,18,33007,41320.549621516
2022,369,Fabian Marozsan,23,32476,40655.8054203155
2022,370,Ugo Blanchet,23,32271,40399.17159499327
2022,371,Nikolas Sanchez Izquierdo,23,32152,40250.198789074515
2022,372,Yuta Shimizu,23,32114,40202.627640966
2022,373,Steven Diez,31,32084,40165.07147140665
2022,374,Valentin Vacherot,24,31067,38891.91732334467
2022,375,Felix Gill,20,30969,38769.23383611746
2022,376,Ivan Gakhov,26,30618,38329.82665227306
2022,377,Murphy Cassone,20,30550,38244.6993346052
2022,378,Titouan Droguet,21,30453,38123.26771969663
2022,379,Nam Hoang Ly,25,30381,38033.13291275419
2022,380,Arthur Cazaux,20,30128,37716.409216137
2022,381,Gianmarco Ferrari,22,30112,37696.37925903868
2022,382,Denis Yevseyev,29,30045,37612.503813689465
2022,383,Dragos Nicolae Madaras,25,29891,37419.715476618134
2022,384,Terence Atmane,20,29639,37104.243652319594
2022,385,Rudolf Molleker,22,29313,36696.13327644132
2022,386,Gabriel Debru,17,29219,36578.457278488684
2022,387,Ruben Bemelmans,34,28669,35889.92750323393
2022,388,Timo Stodder,26,28525,35709.657889349044
2022,389,Yunchaokete Bu,20,28141,35228.938918989355
2022,390,Denis Istomin,36,28113,35193.8864940673
2022,391,Daniel Michalski,22,27991,35041.15807119261
2022,392,Johan Nikles,25,27891,34915.9708393281
2022,393,Oriol Roca Batalla,29,27857,34873.40718049418
2022,394,Pol Martin Tiffon,23,27784,34782.02050123309
2022,395,Filip Cristian Jianu,21,27598,34549.172249965115
2022,396,Dan Added,23,27545,34482.82301707693
2022,397,Daniel Rincon,19,27493,34417.72565650739
2022,398,Roman Andres Burruchaga,20,27477,34397.695699409065
2022,399,Raphael Collignon,20,27398,34298.797786236115
2022,400,Matteo Gigante,20,27391,34290.0346800056
2022,401,Alexandar Lazarov,25,27214,34068.453279605426
2022,402,Mariano Navone,21,26925,33706.66217951702
2022,403,Lucas Miedler,26,26021,32574.969603461926
2022,404,Marek Gengel,27,26015,32567.45836955006
2022,405,Daniel Cukierman,27,26013,32564.954624912767
2022,406,Lucas Gerch,28,25839,32347.128841468533
2022,407,Andrey Chepelev,24,25651,32111.776845563272
2022,408,Mikael Torpegaard,28,25646,32105.51748397005
2022,409,Aleksandre Metreveli,29,25495,31916.48476385465
2022,410,Roberto Quiroz,30,25491,31911.47727458007
2022,411,Mats Rosenkranz,24,25261,31623.546641291716
2022,412,Evan Zhu,24,25119,31445.780772044123
2022,413,Anton Matusevich,21,25103,31425.750814945804
2022,414,Murkel Dellien,25,25084,31401.96524089155
2022,415,Gauthier Onclin,21,24926,31204.169414545635
2022,416,Benjamin Hassan,27,24908,31181.635712810024
2022,417,Alexander Weis,25,24679,30894.95695184032
2022,418,Giovanni Oradini,25,24577,30767.265975338527
2022,419,JiSung Nam,29,24475,30639.574998836735
2022,420,Jan Choinski,26,24466,30628.308147968928
2022,421,Nick Chappell,30,24173,30261.50955860594
2022,422,Gustavo Heide,20,24117,30191.40470876182
2022,423,Joris De Loore,29,23872,29884.695990693792
2022,424,Filip Peliwo,28,23828,29829.61360867341
2022,425,Filippo Baldi,26,23697,29665.618334930914
2022,426,Valentin Royer,21,23694,29661.86271797498
2022,427,Yshai Oliel,22,23544,29474.081870178226
2022,428,Carlos Lopez Montagud,22,23501,29420.25136047649
2022,429,Leo Borg,19,23356,29238.72987427296
2022,430,Gabriel Decamps,23,23246,29101.02391922201
2022,431,Mukund Sasikumar,25,23217,29064.719621981305
2022,432,Oleksandr Ovcharenko,21,22904,28672.883586245418
2022,433,Matthias Bachinger,35,22777,28513.8958017775
2022,434,Sebastian Fanselow,30,22776,28512.643929458856
2022,435,Mathys Erhard,21,22751,28481.34712149273
2022,436,Daniel Cox,32,22695,28411.242271648607
2022,437,Edoardo Lavagno,24,22671,28381.19733600113
2022,438,Maximilian Neuchrist,31,22608,28302.329379926494
2022,439,Michael Vrbensky,23,22579,28266.02508268579
2022,440,Hady Habib,24,22472,28132.07474459077
2022,441,Moez Echargui,29,22450,28104.53355358058
2022,442,Benjamin Lock,29,22372,28006.88751272627
2022,443,Daniel Merida,18,21931,27454.811820203817
2022,444,Karl Friberg,23,21723,27194.422377925654
2022,445,Jerome Kym,19,21633,27081.753869247605
2022,446,Keegan Smith,24,21615,27059.220167511994
2022,447,Elliot Benchetrit,24,21500,26915.254850867816
2022,448,Elmar Ejupovic,29,21432,26830.127533199953
2022,449,Andrew Paulson,21,21423,26818.86068233215
2022,450,Giovanni Fonio,24,21346,26722.466513796484
2022,451,Alvaro Lopez San Martin,25,21293,26656.117280908296
2022,452,Francesco Forti,23,21132,26454.56583760645
2022,453,Alibek Kachmazov,20,21119,26438.291497464066
2022,454,Joao Lucas Reis Da Silva,22,21091,26403.239072542005
2022,455,Nicolas Alvarez,26,21038,26336.88983965382
2022,456,Alberto Barroso Campos,26,20776,26008.899292168826
2022,457,Max Houkes,22,20760,25988.869335070503
2022,458,Vladyslav Orlov,27,20652,25853.667124656844
2022,459,Ergi Kirkin,23,20463,25617.063256432935
2022,460,Matteo Martineau,23,20437,25584.514576148165
2022,461,Ben Patael,25,20288,25397.985600670057
2022,462,Kyle Seelig,25,20166,25245.257177795367
2022,463,Matias Franco Descotte,28,20000,25037.446372900293
2022,464,Cezar Cretu,21,19852,24852.169269740833
2022,465,Damien Wenger,22,19511,24425.28080908288
2022,466,Kenny De Schepper,35,19386,24268.796769252254
2022,467,Gage Brymer,27,19325,24192.432557814907
2022,468,Gonzalo Oliveira,27,19297,24157.38013289285
2022,469,Julian Lenz,29,19219,24059.734092038536
2022,470,Juan Pablo Paz,27,19096,23905.7537968452
2022,471,Eduard Esteve Lobato,28,18998,23783.07030961799
2022,472,Pedro Boscardin Dias,19,18926,23692.935502675547
2022,473,Robin Bertrand,19,18732,23450.072272858415
2022,474,Andres Martin,21,18728,23445.064783583835
2022,475,Dominik Palan,22,18707,23418.77546489229
2022,476,Pedja Krstin,28,18630,23322.381296356623
2022,477,Sergey Fomin,21,18599,23283.57325447863
2022,478,Shintaro Imai,29,18573,23251.024574193856
2022,479,Juan Bautista Otegui,23,18189,22770.30560383417
2022,480,Remy Bertola,24,18068,22618.829053278125
2022,481,Stefano Napolitano,27,17766,22240.76361304733
2022,482,Valerio Aboian,20,17632,22073.0127223489
2022,483,Jakub Mensik,17,17538,21955.336724396268
2022,484,Samuel Vincent Ruggeri,20,17363,21736.25906863339
2022,485,Wilson Leite,31,17292,21647.376134009595
2022,486,Max Alcala Gurri,20,17211,21545.974476199346
2022,487,Rubin Statham,35,17201,21533.4557530129
2022,488,Maks Kasnikowski,19,17163,21485.884604904386
2022,489,Oleg Prihodko,25,17039,21330.652437392404
2022,490,Alex Marti Pujolras,23,17008,21291.84439551441
2022,491,Ezekiel Clark,24,16796,21026.447463961667
2022,492,Jurgen Briand,23,16692,20896.252742822584
2022,493,Federico Arnaboldi,22,16685,20887.48963659207
2022,494,Giovanni Mpetshi Perricard,19,16674,20873.719041086973
2022,495,David Poljak,26,16405,20536.965387371467
2022,496,Adam Walton,23,16404,20535.71351505282
2022,497,Sandro Kopp,22,16393,20521.942919547724
2022,498,Facundo Juarez,25,16348,20465.6086652087
2022,499,Oscar Jose Gutierrez,29,16258,20352.940156530647
2022,500,Martin Krumich,20,16200,20280.33156204924
2022,501,Carlos Sanchez Jover,22,16161,20231.508541622083
2022,502,Guido Andreozzi,31,16145,20211.478584523764
2022,503,Yuki Mochizuki,25,16143,20208.974839886472
2022,504,Dayne Kelly,32,16137,20201.4636059746
2022,505,Mili Poljicak,18,16108,20165.159308733895
2022,506,Omni Kumar,21,16052,20095.054458889776
2022,507,Eduardo Ribeiro,24,16040,20080.031991066036
2022,508,Pablo Llamas Ruiz,20,15947,19963.607865432048
2022,509,Alexis Gautier,25,15662,19606.82425461822
2022,510,Nicolas Barrientos,35,15649,19590.549914475836
2022,511,Robert Strombachs,23,15617,19550.490000279195
2022,512,Jose Pereira,31,15601,19530.460043180876
2022,513,Luca Potenza,22,15290,19141.127752082273
2022,514,David Pichler,26,15180,19003.421797031322
2022,515,Leonardo Aboian,24,15088,18888.24954371598
2022,516,Liam Draxl,21,15080,18878.234565166822
2022,517,Matthew Dellavedova,22,15033,18819.396566190506
2022,518,Kyrian Jacquet,21,14909,18664.164398678524
2022,519,Calvin Hemery,27,14874,18620.348867525947
2022,520,Yusuke Takahashi,25,14834,18570.27397478015
2022,521,Mark Lajal,19,14822,18555.251506956407
2022,522,Sebastian Gima,20,14813,18543.984656088604
2022,523,Alafia Ayeni,23,14792,18517.695337397057
2022,524,Ryota Tanuma,27,14596,18272.328362942633
2022,525,Sekou Bangoura,31,14511,18165.919215857808
2022,526,Strong Kirchheimer,27,14499,18150.89674803407
2022,527,Mark Whitehouse,29,14265,17857.958625471136
2022,528,Simon Beaupain,23,14247,17835.424923735525
2022,529,Martin Cuevas,30,14146,17708.985819552378
2022,530,Harry Wendelken,21,14086,17633.87348043368
2022,531,Donald Young,33,14075,17620.102884928583
2022,532,Giles Hussey,25,13992,17516.197482481046
2022,533,Thomas Fancutt,27,13930,17438.581398725055
2022,534,Orlando Luz,24,13798,17273.334252663914
2022,535,Eric Vanshelboim,21,13754,17218.251870643533
2022,536,Arjun Kadhe,28,13744,17205.733147457082
2022,537,Marcello Serafini,20,13690,17138.13204225025
2022,538,Corentin Denolly,25,13617,17046.745362989164
2022,539,Christian Langmo,26,13600,17025.4635335722
2022,540,Tatsuma Ito,34,13565,16981.648002419624
2022,541,Jonathan Mridha,27,13534,16942.839960541627
2022,542,Jules Marie,31,13532,16940.33621590434
2022,543,Stefan Palosi,22,13530,16937.832471267047
2022,544,Eliakim Coulibaly,20,13471,16863.972004466992
2022,545,Jorge Panta,27,13400,16775.089069843198
2022,546,Ignacio Monzon,24,13333,16691.21362449398
2022,547,Timo Legout,20,13325,16681.19864594482
2022,548,Khumoyun Sultanov,24,13298,16647.398093341406
2022,549,Makoto Ochi,26,13249,16586.056349727798
2022,550,Yanki Erel,22,13210,16537.233329300645
2022,551,Mateus Alves,21,13195,16518.45524452097
2022,552,Rimpei Kawakami,22,13158,16472.135968731105
2022,553,Pedro Araujo,20,13116,16419.557331348013
2022,554,Adria Soriano Barrera,23,13112,16414.549842073433
2022,555,Naoki Nakagawa,26,12922,16176.69410153088
2022,556,Noah Rubin,26,12922,16176.69410153088
2022,557,Saba Purtseladze,21,12842,16076.544316039279
2022,558,Alexander Erler,25,12837,16070.284954446053
2022,559,Maxime Chazal,29,12782,16001.431976920578
2022,560,Colin Sinclair,28,12747,15957.616445768002
2022,561,Luke Saville,28,12705,15905.037808384912
2022,562,JC Aragone,27,12695,15892.51908519846
2022,563,Gabriele Piraino,19,12662,15851.207298683175
2022,564,Bogdan Bobrov,25,12593,15764.82810869667
2022,565,Dino Prizmic,17,12559,15722.26444986274
2022,566,Fausto Tabacco,20,12527,15682.204535666098
2022,567,Arklon Huertas Del Pino Cordova,28,12501,15649.655855381328
2022,568,Tao Mu,22,12430,15560.772920757532
2022,569,Adrian Menendez-Maceiras,37,12345,15454.363773672707
2022,570,Yan Bondarevskiy,22,12266,15355.46586049975
2022,571,Alexandr Cozbinov,27,12230,15310.39845702853
2022,572,Jakub Paul,23,12230,15310.39845702853
2022,573,Daniele Capecchi,27,12167,15231.530500953893
2022,574,Ilya Snitari,20,12166,15230.27862863525
2022,575,Georgii Kravchenko,22,12146,15205.241182262349
2022,576,Jorge Martinez Martinez,27,12137,15193.974331394544
2022,577,Gergely Madarasz,28,12132,15187.714969801318
2022,578,Aldin Setkic,35,12062,15100.083907496168
2022,579,Konstantin Kravchuk,37,12051,15086.313311991073
2022,580,Peter Bertran,26,12039,15071.290844167332
2022,581,Alexander Donski,24,12002,15024.971568377467
2022,582,Constantin Bittoun Kouzmine,23,11942,14949.859229258765
2022,583,Duckhee Lee,24,11844,14827.175742031553
2022,584,Matias Zukas,26,11829,14808.397657251879
2022,585,Shinji Hazawa,23,11790,14759.574636824724
2022,586,Fajing Sun,26,11788,14757.070892187434
2022,587,Alejo Lorenzo Lingua Lavallen,21,11751,14710.751616397567
2022,588,Nathan Ponwith,24,11623,14550.511959611005
2022,589,Kelsey Stevenson,32,11623,14550.511959611005
2022,590,Peter Heller,30,11592,14511.70391773301
2022,591,Hanwen Li,20,11460,14346.456771671868
2022,592,Davide Galoppini,28,11407,14280.107538783683
2022,593,Quentin Folliot,23,11370,14233.788262993818
2022,594,Sebastian Prechtel,26,11331,14184.96524256666
2022,595,Ajeet Rai,23,11316,14166.187157786986
2022,596,Imanol Lopez Morillo,23,11297,14142.401583732732
2022,597,Giorgio Tabacco,19,11213,14037.24430896655
2022,598,Arthur Reymond,23,11173,13987.16941622075
2022,599,Gonzalo Bueno,18,11151,13959.62822521056
2022,600,Jaimee Floyd Angele,22,11095,13889.523375366438
2022,601,Mirko Martinez,24,11084,13875.752779861343
2022,602,Digvijaypratap Singh,22,11081,13871.997162905407
2022,603,Aleksandre Bakshi,25,11054,13838.196610301993
2022,604,Tsung-Hao Huang,23,10995,13764.336143501936
2022,605,Benjamin Winter Lopez,24,10943,13699.238782932396
2022,606,Alfredo Perez,25,10913,13661.682613373045
2022,607,Jose Fco. Vidal Azorin,29,10866,13602.84461439673
2022,608,Colin Markes,25,10766,13477.657382532228
2022,609,Carlos Gomez-Herrera,32,10748,13455.123680796618
2022,610,Alex Knaff,25,10727,13428.834362105072
2022,611,Andrea Picchione,24,10629,13306.150874877861
2022,612,Tim Handel,26,10580,13244.809131264255
2022,613,Alec Deckers,22,10580,13244.809131264255
2022,614,Kai Wehnelt,27,10501,13145.9112180913
2022,615,Manish Sureshkumar,23,10499,13143.40747345401
2022,616,Inaki Montes-De La Torre,20,10483,13123.37751635569
2022,617,Fermin Tenti,25,10472,13109.606920850594
2022,618,Patrick Kypson,23,10471,13108.355048531948
2022,619,Federico Agustin Gomez,26,10464,13099.591942301433
2022,620,Toby Samuel,20,10424,13049.517049555634
2022,621,August Holmgren,24,10356,12964.389731887772
2022,622,Shuichi Sekiguchi,31,10356,12964.389731887772
2022,623,Rigele Te,25,10350,12956.878497975902
2022,624,David Jorda Sanchis,28,10320,12919.322328416552
2022,625,Kalin Ivanovski,18,10295,12888.025520450426
2022,626,Blu Baker,21,10276,12864.23994639617
2022,627,Jaime Faria,19,10267,12852.973095528367
2022,628,Federico Iannaccone,23,10262,12846.713733935141
2022,629,Duarte Vale,23,10203,12772.853267135084
2022,630,Lukas Pokorny,20,10172,12734.04522525709
2022,631,Oscar Weightman,21,10171,12732.793352938445
2022,632,Henry Patten,26,10153,12710.259651202834
2022,633,Conner Huertas del Pino,27,10116,12663.940375412969
2022,634,Tristan Lamasine,29,10109,12655.177269182454
2022,635,Ryan Harrison,30,10018,12541.256888185757
2022,636,Peter Fajta,20,10017,12540.005015867113
2022,637,Tommaso Compagnucci,23,9934,12436.099613419576
2022,638,Viacheslav Bielinskyi,19,9879,12367.2466358941
2022,639,Sam Riffice,23,9868,12353.476040389005
2022,640,Matias Soto,23,9861,12344.71293415849
2022,641,Alexander Bernard,19,9850,12330.942338653394
2022,642,Andres Andrade,24,9821,12294.638041412689
2022,643,Victor Lilov,18,9819,12292.134296775399
2022,644,Sahar Simon,21,9791,12257.08187185334
2022,645,Grigoriy Lomakin,24,9790,12255.829999534693
2022,646,Kirill Kivattsev,25,9774,12235.800042436374
2022,647,Aidan Mayo,19,9773,12234.548170117729
2022,648,Sidharth Rawat,29,9729,12179.465788097348
2022,649,Riccardo Balzerani,24,9613,12034.248599134526
2022,650,Aaron Addison,27,9523,11921.580090456475
2022,651,Stefan Popovic,19,9506,11900.29826103951
2022,652,Uisung Park,22,9503,11896.542644083574
2022,653,Maxence Beauge,22,9495,11886.527665534415
2022,654,Johannus Monday,20,9471,11856.482729886935
2022,655,Simone Roncalli,26,9435,11811.415326415714
2022,656,Kasidit Samrej,21,9434,11810.163454097068
2022,657,Matyas Fuele,24,9354,11710.013668605467
2022,658,Mick Veldheer,26,9347,11701.250562374953
2022,659,Nicolas Zanellato,20,9345,11698.746817737663
2022,660,Arthur Bouquier,22,9334,11684.976222232568
2022,661,Amr Elsayed,23,9311,11656.183158903732
2022,662,Gilbert Klier Junior,22,9290,11629.893840212186
2022,663,Alex Barrena,20,9240,11567.300224279936
2022,664,Clement Chidekh,21,9238,11564.796479642646
2022,665,Jack Pinnington Jones,19,9209,11528.49218240194
2022,666,Florent Bax,23,9134,11434.601758503564
2022,667,Cheong-Eui Kim,32,9106,11399.549333581504
2022,668,Johannes Haerteis,26,9100,11392.038099669633
2022,669,Kris Van Wyk,26,9080,11367.000653296733
2022,670,William Blumberg,24,9010,11279.369590991582
2022,671,Matthieu Perchicot,30,8962,11219.279719696622
2022,672,Christopher Heyman,29,8933,11182.975422455916
2022,673,Lukas Krainer,22,8908,11151.67861448979
2022,674,Daniel Little,25,8824,11046.52133972361
2022,675,Cannon Kingsley,21,8783,10995.194574659165
2022,676,Zhe Li,36,8764,10971.409000604908
2022,677,Stefanos Sakellaridis,18,8740,10941.364064957428
2022,678,Jeremy Jahn,32,8727,10925.089724815043
2022,679,Tristan McCormick,23,8687,10875.014832069242
2022,680,Evgenii Tiurnev,25,8682,10868.755470476017
2022,681,Szymon Kielan,20,8669,10852.481130333632
2022,682,Cristian Rodriguez,32,8662,10843.718024103116
2022,683,Tomas Farjat,21,8653,10832.451173235313
2022,684,Bekkhan Atlangeriev,21,8625,10797.398748313251
2022,685,Marco Miceli,24,8609,10777.36879121493
2022,686,Marvin Moeller,23,8584,10746.071983248807
2022,687,Arthur Weber,30,8572,10731.049515425066
2022,688,Thomas Deschamps,24,8529,10677.219005723331
2022,689,Juan Sebastian Gomez,30,8519,10664.70028253688
2022,690,Justin Boulais,21,8486,10623.388496021595
2022,691,Luigi Sorrentino,24,8472,10605.862283560564
2022,692,Pavel Nejedly,29,8415,10534.505561397798
2022,693,Zura Tkemaladze,22,8411,10529.498072123219
2022,694,Ivan Liutarevich,26,8393,10506.964370387608
2022,695,Abdullah Shelbayh,19,8328,10425.592669675681
2022,696,Emilien Voisin,22,8304,10395.547734028201
2022,697,Jea Moon Lee,29,8301,10391.792117072268
2022,698,Rrezart Cungu,24,8252,10330.450373458661
2022,699,Hazem Naw,22,8226,10297.901693173892
2022,700,Dominik Boehler,26,8211,10279.123608394215
2022,701,Roberto Cid Subervi,29,8164,10220.2856094179
2022,702,Daniil Glinka,22,8124,10170.2107166721
2022,703,Niki Kaliyanda Poonacha,27,8081,10116.380206970363
2022,704,Boris Butulija,23,8044,10070.060931180498
2022,705,Petr Nouza,24,8038,10062.549697268629
2022,706,Denis Klok,24,8032,10055.038463356757
2022,707,Ignacio Carou,23,8014,10032.504761621149
2022,708,Domagoj Biljesko,25,8000,10014.978549160118
2022,709,Osgar O'Hoisin,26,7966,9972.414890326187
2022,710,Renta Tokuda,24,7965,9971.163018007543
2022,711,Luca Tomasetto,26,7957,9961.148039458381
2022,712,Alec Beckley,21,7943,9943.621826997352
2022,713,Savriyan Danilov,22,7930,9927.347486854966
2022,714,Nicolae Frunza,25,7905,9896.050678888842
2022,715,John Echeverria,21,7903,9893.546934251552
2022,716,Tibo Colson,22,7854,9832.205190637946
2022,717,Simon Anthony Ivanov,22,7835,9808.41961658369
2022,718,Tomas Lipovsek Puches,29,7814,9782.130297892145
2022,719,Sergi Perez Contri,24,7813,9780.878425573499
2022,720,Keisuke Saitoh,21,7804,9769.611574705694
2022,721,Lorenzo Bocchi,25,7788,9749.581617607375
2022,722,Orel Kimhi,19,7781,9740.81851137686
2022,723,Franco Emanuel Egea,26,7764,9719.536681959895
2022,724,Ray Ho,22,7757,9710.77357572938
2022,725,Manuel Mazza,23,7745,9695.751107905638
2022,726,Alex Michelsen,18,7668,9599.356939369973
2022,727,James Trotter,23,7666,9596.853194732683
2022,728,Koray Kirci,24,7641,9565.556386766557
2022,729,Blaise Bicknell,21,7631,9553.037663580108
2022,730,Dali Blanch,19,7621,9540.518940393657
2022,731,Alvaro Guillen Meza,19,7619,9538.015195756367
2022,732,Adam Moundir,27,7611,9528.000217207207
2022,733,Calin Manda,24,7596,9509.222132427532
2022,734,Fernando Yamacita,25,7575,9482.932813735986
2022,735,Oscar Moraing,22,7526,9421.59107012238
2022,736,Johannes Ingildsen,25,7473,9355.241837234194
2022,737,Emil Reinberg,25,7421,9290.144476664655
2022,738,Felix Corwin,26,7420,9288.892604346009
2022,739,Moerani Bouzige,23,7417,9285.136987390075
2022,740,Ryan Nijboer,23,7415,9282.633242752783
2022,741,Aziz Ouakaa,23,7404,9268.862647247688
2022,742,Xiaofei Wang,19,7398,9261.351413335819
2022,743,Mikalai Haliak,24,7396,9258.847668698529
2022,744,Lorenzo Rottoli,20,7389,9250.084562468013
2022,745,Duje Kekez,29,7351,9202.513414359502
2022,746,Calum Puttergill,29,7346,9196.254052766279
2022,747,Christoph Negritu,28,7346,9196.254052766279
2022,748,Andrea Guerrieri,24,7319,9162.453500162863
2022,749,S D Prajwal Dev,26,7283,9117.386096691642
2022,750,Enzo Wallart,25,7215,9032.258779023781
2022,751,Alejandro Manzanera Pertusa,19,7166,8970.917035410175
2022,752,Kristjan Tamm,24,7148,8948.383333674565
2022,753,Bruno Pujol Navarro,21,7125,8919.59027034573
2022,754,Diego Fernandez Flores,22,7106,8895.804696291474
2022,755,Leopold Zima,22,7100,8888.293462379605
2022,756,Jiri Barnat,21,6992,8753.091251965943
2022,757,Masamichi Imamura,24,6972,8728.053805593043
2022,758,Nicolas Buitrago,24,6905,8644.178360243826
2022,759,Bogdan Ionut Apostol,26,6895,8631.659637057377
2022,760,Jerzy Janowicz,32,6872,8602.866573728541
2022,761,Niklas Schell,23,6869,8599.110956772605
2022,762,Andrea Basso,29,6868,8597.859084453961
2022,763,Juan Ignacio Galarza,28,6865,8594.103467498026
2022,764,Philip Florig,19,6854,8580.33287199293
2022,765,Marco Brugnerotto,26,6848,8572.82163808106
2022,766,Cayetano March,22,6826,8545.28044707087
2022,767,Vilius Gaubas,17,6780,8487.6943204132
2022,768,Brandon Walkin,28,6780,8487.6943204132
2022,769,Yannick Mertens,35,6778,8485.19057577591
2022,770,Neil Oberleitner,23,6772,8477.679341864039
2022,771,Kiranpal Pannu,25,6771,8476.427469545395
2022,772,Ryuki Matsuda,22,6757,8458.901257084364
2022,773,Roy Smith,24,6732,8427.604449118238
2022,774,Simon Carr,23,6687,8371.270194779214
2022,775,Arnaud Bovy,22,6675,8356.247726955473
2022,776,Petr Nesterov,19,6654,8329.958408263929
2022,777,Elmer Moller,19,6647,8321.195302033413
2022,778,Cyril Vandermeersch,23,6641,8313.684068121542
2022,779,Buvaysar Gadamauri,22,6632,8302.417217253738
2022,780,Mathieu Scaglia,24,6621,8288.646621748643
2022,781,Svyatoslav Gulin,20,6615,8281.135387836772
2022,782,John McNally,24,6607,8271.120409287612
2022,783,Vlad Andrei Dancu,23,6606,8269.868536968967
2022,784,Franco Roncadelli,22,6604,8267.364792331677
2022,785,Ricardo Rodriguez - Pace,29,6513,8153.444411334981
2022,786,Maximus Jones,18,6508,8147.185049741755
2022,787,Matteo Donati,27,6507,8145.9331774231105
2022,788,Nitin Kumar Sinha,23,6492,8127.155092643436
2022,789,Bor Artnak,18,6472,8102.117646270535
2022,790,Ivan Nedelko,36,6440,8062.057732073895
2022,791,Daisuke Sumizawa,23,6432,8052.0427535247345
2022,792,Shunsuke Mitsui,20,6416,8032.012796426414
2022,793,Savva Polukhin,24,6403,8015.738456284029
2022,794,Stefano Battaglino,24,6361,7963.159818900938
2022,795,Filip Bergevi,28,6330,7924.351777022943
2022,796,Dan Alexandru Tomescu,23,6324,7916.840543111073
2022,797,Marsel Ilhan,35,6322,7914.336798473782
2022,798,Palaphoom Kovapitukted,23,6304,7891.803096738173
2022,799,Adolfo Daniel Vallejo,18,6240,7811.683268344892
2022,800,Jacopo Berrettini,24,6233,7802.920162114377
2022,801,Mitchell Harper,25,6188,7746.585907775351
2022,802,Lucas Bouquet,25,6180,7736.570929226191
2022,803,Diego Augusto Barreto Sanchez,20,6177,7732.815312270256
2022,804,Federico Zeballos,34,6140,7686.49603648039
2022,805,Illya Beloborodko,21,6135,7680.2366748871655
2022,806,Christian Sigsgaard,25,6130,7673.97731329394
2022,807,Mariano Kestelboim,26,6125,7667.717951700715
2022,808,Garrett Johns,22,6106,7643.93237764646
2022,809,Marcelo Zormann,26,6086,7618.894931273559
2022,810,Khololwam Montsi,20,6056,7581.338761714209
2022,811,Oleksandr Bielinskyi,28,6022,7538.775102880279
2022,812,Sidane Pontjodikromo,22,6012,7526.256379693828
2022,813,Nicolas Tepmahc,21,6008,7521.248890419249
2022,814,Alexandros Skorilas,22,6006,7518.745145781958
2022,815,Stefan Dostanic,21,5966,7468.670253036158
2022,816,Joao Victor Couto Loureiro,19,5949,7447.3884236191925
2022,817,Takuto Niki,35,5947,7444.884678981903
2022,818,Francesco Vilardo,32,5917,7407.328509422552
2022,819,Daniel Siniakov,19,5904,7391.054169280167
2022,820,Enrico Dalla Valle,24,5891,7374.779829137781
2022,821,Alejandro Hoyos,23,5867,7344.734893490301
2022,822,Amaury Raynel,20,5835,7304.674979293661
2022,823,Olle Wallin,21,5815,7279.63753292076
2022,824,Taisei Ichikawa,22,5803,7264.61506509702
2022,825,Matija Pecotic,33,5796,7255.851958866505
2022,826,Mario Gonzalez Fernandez,20,5773,7227.05889553767
2022,827,Nicolas Parizzia,24,5755,7204.525193802059
2022,828,Kareem Al Allaf,24,5718,7158.205918012194
2022,829,Alexander Crnokrak,22,5707,7144.435322507099
2022,830,Kosuke Ogura,26,5679,7109.382897585038
2022,831,Seita Watanabe,22,5668,7095.612302079943
2022,832,Dusan Obradovic,21,5645,7066.819238751108
2022,833,Tom Gentzsch,19,5641,7061.811749476527
2022,834,Maxime Mora,25,5627,7044.2855370154975
2022,835,Luis Patino,29,5625,7041.781792378208
2022,836,Santiago De La Fuente,20,5620,7035.522430784982
2022,837,Lukas Palovic,20,5600,7010.484984412083
2022,838,Daniel Rodrigues,22,5591,6999.218133544277
2022,839,Luciano Emanuel Ambrogi,19,5564,6965.417580940862
2022,840,Pierre Delage,21,5514,6902.823965008611
2022,841,Alexandru Jecan,34,5509,6896.564603415386
2022,842,Kazuma Kawachi,28,5508,6895.312731096741
2022,843,Deney Wassermann,21,5447,6818.948519659395
2022,844,Lilian Marmousez,20,5420,6785.147967055979
2022,845,Maciej Rajski,31,5415,6778.888605462755
2022,846,Aleksi Lofman,20,5407,6768.873626913594
2022,847,Noah Lopez,20,5405,6766.369882276304
2022,848,Lorenzo Joaquin Rodriguez,23,5396,6755.103031408499
2022,849,Peter Benjamin Privara,18,5390,6747.59179749663
2022,850,Rishab Agarwal,27,5345,6691.257543157603
2022,851,Jarno Jans,22,5321,6661.212607510123
2022,852,Yuta Kikuchi,23,5320,6659.960735191478
2022,853,Guy Den Ouden,20,5312,6649.945756642318
2022,854,Connor Farren,28,5301,6636.175161137223
2022,855,Marat Sharipov,20,5286,6617.397076357548
2022,856,Raphael Lambling,22,5275,6603.626480852453
2022,857,Ilia Simakin,19,5264,6589.855885347357
2022,858,Filippo Speziali,22,5235,6553.551588106652
2022,859,Tadeas Paroulek,22,5230,6547.292226513427
2022,860,Evgeny Philippov,20,5228,6544.788481876137
2022,861,Pedro Rodenas,18,5226,6542.284737238847
2022,862,Miguel Damas,23,5203,6513.491673910012
2022,863,Xavi Matas Ortega,20,5184,6489.706099855756
2022,864,Leonid Sheyngezikht,22,5183,6488.454227537111
2022,865,Vladislav Ivanov,23,5178,6482.194865943886
2022,866,Igor Marcondes,25,5150,6447.142441021826
2022,867,Blake Ellis,23,5135,6428.36435624215
2022,868,Olaf Pieczkowski,18,5122,6412.090016099765
2022,869,Paul Woerner,26,5118,6407.082526825186
2022,870,Viktor Jovic,20,5070,6346.9926555302245
2022,871,Alex Martinez,21,5049,6320.703336838679
2022,872,Tyler Zink,21,4998,6256.857848587783
2022,873,Gabriel Donev,26,4982,6236.827891489464
2022,874,Maik Steiner,28,4932,6174.234275557213
2022,875,Patrik Rikl,23,4917,6155.456190777537
2022,876,Takuya Kumasaka,24,4902,6136.678105997862
2022,877,Fabio Coelho,22,4890,6121.655638174122
2022,878,Hynek Barton,18,4882,6111.640659624962
2022,879,Taiyo Yamanaka,21,4864,6089.106957889351
2022,880,Ignacio Buse,18,4855,6077.840107021546
2022,881,Chris Rodesch,21,4838,6056.558277604581
2022,882,Karim-Mohamed Maamoun,31,4837,6055.306405285936
2022,883,Alexis Musialek,34,4835,6052.802660648646
2022,884,Gabriele Maria Noce,27,4833,6050.298916011356
2022,885,Henrique Rocha,18,4813,6025.261469638455
2022,886,Maxence Broville,23,4785,5990.2090447163955
2022,887,Axel Garcian,20,4781,5985.201555441815
2022,888,Ken Cavrak,21,4763,5962.667853706205
2022,889,Stefano Reitano,25,4753,5950.149130519755
2022,890,Michiel De Krom,24,4712,5898.822365455309
2022,891,Jumpei Yamasaki,25,4692,5873.784919082409
2022,892,Kyle Kang,17,4691,5872.533046763764
2022,893,Karan Singh,19,4665,5839.984366478993
2022,894,Yuttana Charoenphon,22,4665,5839.984366478993
2022,895,Isaiah Strode,25,4636,5803.6800692382885
2022,896,Alexandre Aubriot,23,4579,5732.323347075522
2022,897,Marlon Vankan,22,4497,5629.669816946631
2022,898,Arvid Nordquist,24,4490,5620.906710716116
2022,899,Alexander Zgirovsky,21,4486,5615.899221441536
2022,900,Lorenzo Claverie,20,4484,5613.395476804246
2022,901,Sebastian Sorger,17,4458,5580.846796519476
2022,902,Ignasi De Rueda De Genover,24,4423,5537.0312653669
2022,903,Wishaya Trongcharoenchaikul,27,4416,5528.268159136385
2022,904,Kazuki Nishiwaki,28,4364,5463.1707985668445
2022,905,Omar Giacalone,30,4356,5453.155820017684
2022,906,Thiago Cigarran,22,4351,5446.896458424459
2022,907,Milan Welte,21,4345,5439.385224512589
2022,908,Kokoro Isomura,19,4340,5433.1258629193635
2022,909,Juan Carlos Prado Angelo,17,4312,5398.073437997304
2022,910,Kilian Feldbausch,17,4311,5396.821565678659
2022,911,Lorenzo Gagliardo,22,4293,5374.287863943048
2022,912,Gabriel Alejandro Hidalgo,32,4288,5368.028502349823
2022,913,Inigo Cervantes,33,4222,5285.404929319252
2022,914,Filip Duda,24,4194,5250.352504397191
2022,915,Igor Gimenez,22,4175,5226.566930342937
2022,916,Ji Hoon Son,28,4149,5194.018250058166
2022,917,Davide Pontoglio,30,4145,5189.010760783586
2022,918,Taha Baadi,21,4064,5087.60910297334
2022,919,Roko Horvat,21,4054,5075.09037978689
2022,920,Melios Efstathiou,23,4022,5035.030465590249
2022,921,Alan Fernando Rubio Fierros,23,3970,4969.933105020708
2022,922,Niccolo Catini,25,3932,4922.3619569121975
2022,923,Nathan Seateun,25,3924,4912.346978363038
2022,924,Maxim Zhukov,17,3920,4907.339489088457
2022,925,Max Basing,20,3914,4899.828255176588
2022,926,Guy Orly Iradukunda,26,3911,4896.072638220652
2022,927,Kristijan Juhas,21,3892,4872.287064166398
2022,928,Gabriele Pennaforti,22,3881,4858.516468661302
2022,929,Micah Braswell,21,3860,4832.227149969756
2022,930,Lorenzo Bresciani,22,3856,4827.219660695177
2022,931,Julian Ocleppo,25,3847,4815.952809827371
2022,932,Alejandro Gonzalez,33,3835,4800.930342003631
2022,933,Aziz Kijametovic,26,3815,4775.892895630731
2022,934,Tobias Franco,20,3705,4638.18694057978
2022,935,Mwendwa Mbithi,24,3642,4559.318984505144
2022,936,Darian King,30,3610,4519.259070308503
2022,937,Patrick Maloney,22,3609,4518.0071979898585
2022,938,Kody Pearson,23,3600,4506.740347122053
2022,939,Jie Cui,24,3548,4441.642986552512
2022,940,Juan Manuel Benitez Chavarriaga,27,3503,4385.308732213486
2022,941,Lautaro Midon,18,3503,4385.308732213486
2022,942,Radu Mihai Papoe,20,3476,4351.508179610071
2022,943,Jeremy Jin,18,3460,4331.478222511751
2022,944,Mika Brunold,18,3405,4262.625244986275
2022,945,A.J. Catanzariti,27,3368,4216.30596919641
2022,946,Joshua Sheehy,25,3362,4208.7947352845395
2022,947,Jasza Szajrych,20,3350,4193.772267460799
2022,948,Inaki Cabrera Bello,20,3314,4148.704863989578
2022,949,Adrian Oetzbach,25,3314,4148.704863989578
2022,950,Luca Giacomini,25,3306,4138.689885440419
2022,951,Fabrizio Andaloro,21,3306,4138.689885440419
2022,952,Sebastian Dominko,19,3263,4084.859375738683
2022,953,Vito Tonejc,23,3260,4081.1037587827477
2022,954,Jordan Hasson,23,3202,4008.495164301337
2022,955,Yuichiro Inui,27,3186,3988.4652072030167
2022,956,Joao Fonseca,16,3140,3930.879080545346
2022,957,Cash Hanzlik,20,3117,3902.0860172165108
2022,958,Julio Cesar Porras,24,3065,3836.98865664697
2022,959,Florian Broska,24,3025,3786.9137639011697
2022,960,George Loffhagen,21,2961,3706.7939355078884
2022,961,Adrian Bodmer,27,2946,3688.015850728213
2022,962,Nino Ehrenschneider,21,2890,3617.9110008840926
2022,963,Rayane Roumane,22,2868,3590.3698098739023
2022,964,Guido Ivan Justo,25,2863,3584.1104482806772
2022,965,Martyn Pawelski,18,2862,3582.858575962032
2022,966,Michael Zheng,18,2846,3562.8286188637117
2022,967,Siddharth Vishwakarma,28,2827,3539.0430448094567
2022,968,Pedro Sakamoto,29,2778,3477.7013011958506
2022,969,Thomaz Bellucci,34,2723,3408.848323670375
2022,970,Aliaksandr Bulitski,29,2687,3363.7809201991545
2022,971,Patrick Zahraj,23,2661,3331.232239914384
2022,972,Haoyuan Huang,20,2619,3278.6536025312935
2022,973,Yeong-Seok Jeong,22,2579,3228.5787097854927
2022,974,Nicolas Kobelt,18,2574,3222.3193481922676
2022,975,Giacomo Dambrosi,21,2528,3164.7332215345973
2022,976,Jonathan Eysseric,32,2473,3095.8802440091213
2022,977,Matej Vocel,25,2441,3055.820329812481
2022,978,Yassine Dlimi,19,2419,3028.2791388022906
2022,979,Blake Mott,26,2370,2966.9373951886846
2022,980,Petros Chrysochos,26,2362,2956.9224166395247
2022,981,Alexander Kotzen,22,2358,2951.9149273649446
2022,982,Sander Jong,22,2350,2941.8999488157847
2022,983,Joshua Goodger,24,2316,2899.336289981854
2022,984,Isaac Becroft,22,2155,2697.7848466800065
2022,985,William Grant,21,2148,2689.0217404494915
2022,986,Luca Wiedenmann,24,2145,2685.2661234935567
2022,987,Boris Fassbender,24,2125,2660.2286771206564
2022,988,Yanaki Milev,18,2094,2621.420635242661
2022,989,Seydina Andre,19,2020,2528.78208366293
2022,990,Koki Matsuda,22,1850,2315.963789493277
2022,991,Albano Olivetti,31,1745,2184.5171960355506
2022,992,Markos Kalovelonis,28,1377,1723.8281827741853
2022,993,JJ Tracy,20,130,162.7434014238519
2023,1,Novak Djokovic,36,15936097,18510663.622457735
2023,2,Carlos Alcaraz,20,15196504,17651585.189355556
2023,3,Daniil Medvedev,27,11548023,13413671.443980623
2023,4,Jannik Sinner,22,10405251,12086278.162604181
2023,5,Andrey Rublev,26,6203527,7205741.880827807
2023,6,Alexander Zverev,26,5539326,6434235.4518257715
2023,7,Stefanos Tsitsipas,25,5336859,6199058.762599536
2023,8,Holger Rune,20,4924364,5719922.861823725
2023,9,Hubert Hurkacz,26,4705395,5465578.18114401
2023,10,Taylor Fritz,26,3923569,4557443.767975489
2023,11,Casper Ruud,25,3447195,4004108.853379733
2023,12,Alex de Minaur,24,3291391,3823133.8357807933
2023,13,Grigor Dimitrov,32,3137978,3644936.097757982
2023,14,Frances Tiafoe,25,2880094,3345389.478682189
2023,15,Tommy Paul,26,2866093,3329126.53792712
2023,16,Karen Khachanov,27,2668214,3099279.0660556625
2023,17,Ben Shelton,21,2323394,2698751.4443741506
2023,18,Francisco Cerundolo,25,2216286,2574339.541053394
2023,19,Alejandro Davidovich Fokina,24,2152466,2500209.059017218
2023,20,Lorenzo Musetti,21,2146772,2493595.161105686
2023,21,Cameron Norrie,28,2089231,2426758.0870404467
2023,22,Nicolas Jarry,28,1925489,2236562.6406354406
2023,23,Adrian Mannarino,35,1886777,2191596.498037753
2023,24,Jan-Lennard Struff,33,1701464,1976345.1345534248
2023,25,Sebastian Korda,23,1686722,1959221.4810564443
2023,26,Ugo Humbert,25,1678103,1949210.0328478923
2023,27,Felix Auger-Aliassime,23,1637948,1902567.7654370079
2023,28,Jiri Lehecka,22,1603119,1862111.9434558428
2023,29,Alexander Bublik,26,1570556,1824288.206593668
2023,30,Borna Coric,27,1569364,1822903.6322504038
2023,31,Daniel Evans,33,1519445,1764919.935403587
2023,32,Tallon Griekspoor,27,1500660,1743100.1123849477
2023,33,Mackenzie McDonald,28,1468275,1705483.132429737
2023,34,Aslan Karatsev,30,1463565,1700012.205284792
2023,35,Tomas Martin Etcheverry,24,1438980,1671455.3594549678
2023,36,Christopher Eubanks,27,1384763,1608479.2963939316
2023,37,Alexei Popyrin,24,1300830,1510986.4454264867
2023,38,Laslo Djere,28,1286152,1493937.1314915605
2023,39,Lorenzo Sonego,28,1270396,1475635.6605582796
2023,40,Sebastian Baez,22,1252472,1454815.9369604043
2023,41,Yoshihito Nishioka,28,1224203,1421979.9200898206
2023,42,Arthur Fils,19,1203404,1397820.7239777802
2023,43,Daniel Altmaier,25,1192030,1384609.1899339152
2023,44,Stan Wawrinka,38,1185643,1377190.333952012
2023,45,Roman Safiullin,26,1183000,1374120.3423502946
2023,46,Emil Ruusuvuori,24,1141161,1325522.0152128525
2023,47,Botic van de Zandschulp,28,1093151,1269755.728115441
2023,48,J.J. Wolf,25,1085194,1260513.2297518898
2023,49,Zhizhen Zhang,27,1068482,1241101.3116104205
2023,50,Marton Fucsovics,31,1025073,1190679.34209133
2023,51,Matteo Berrettini,27,1023735,1189125.1806221292
2023,52,Miomir Kecmanovic,24,1008471,1171395.195072142
2023,53,Marcos Giron,30,1004691,1167004.514688301
2023,54,Roberto Bautista Agut,35,1003925,1166114.7630549616
2023,55,Andy Murray,36,989396,1149238.5209129434
2023,56,Diego Schwartzman,31,984538,1143595.6835307477
2023,57,Yannick Hanfmann,32,943931,1096428.3929628537
2023,58,Matteo Arnaldi,22,936895,1088255.6873594923
2023,59,Dusan Lajovic,33,924020,1073300.6582743188
2023,60,Bernabe Zapata Miralles,26,897206,1042154.7048848169
2023,61,Christopher O'Connell,29,866807,1006844.5744646084
2023,62,Roberto Carballes Baena,30,862959,1002374.9082960844
2023,63,Gregoire Barrere,29,851092,988590.7273132687
2023,64,Hamad Medjedovic,20,849495,986735.7229288787
2023,65,Luca Van Assche,19,849446,986678.8067016808
2023,66,Denis Shapovalov,24,845646,982264.8952046976
2023,67,Arthur Rinderknech,28,826761,960328.9166203482
2023,68,Jordan Thompson,29,824861,958121.9608718565
2023,69,Max Purcell,25,817031,949026.980076757
2023,70,Juan Pablo Varillas,28,817006,948997.9411853295
2023,71,Richard Gasquet,37,816090,947933.9562034251
2023,72,Dominic Stricker,21,813644,945092.7910661565
2023,73,Sebastian Ofner,27,804727,934735.1992717882
2023,74,Pedro Cachin,28,789113,916598.6692418157
2023,75,Daniel Elahi Galan,27,779165,905043.5135649766
2023,76,Dominic Thiem,30,753726,875494.6992039883
2023,77,Taro Daniel,30,748148,869015.5417486798
2023,78,Jason Kubler,30,745575,866026.8590429593
2023,79,Gael Monfils,37,742309,862233.218266868
2023,80,Quentin Halys,27,739132,858542.9559442586
2023,81,Jack Draper,22,737907,857120.0502643101
2023,82,Benjamin Bonzi,27,728042,845661.3037070103
2023,83,Albert Ramos-Vinolas,35,727241,844730.8976256725
2023,84,Thanasi Kokkinakis,27,725994,843282.4377212678
2023,85,Borna Gojo,25,724040,841012.7579672927
2023,86,Alexander Shevchenko,23,714693,830155.6972403711
2023,87,Alex Molcan,26,703495,817148.596992156
2023,88,Jaume Munar,26,690989,802622.1819444528
2023,89,Brandon Nakashima,22,684336,794894.352157761
2023,90,Aleksandar Vukic,27,679334,789084.2507609426
2023,91,Michael Mmoh,25,676099,785326.6182102213
2023,92,Marc-Andrea Huesler,27,675577,784720.2861572147
2023,93,Maxime Cressy,26,664727,772117.4072776706
2023,94,Yibing Wu,24,661630,768520.0694076293
2023,95,Rinky Hijikata,22,658607,765008.6866562134
2023,96,Corentin Moutet,24,656917,763045.657595713
2023,97,Constant Lestienne,31,648750,753559.2325441705
2023,98,Nuno Borges,26,643942,747974.4729448296
2023,99,Ilya Ivashka,29,638076,741160.787460276
2023,100,Fabian Marozsan,24,636107,738873.6843714445
2023,101,Alexandre Muller,26,635217,737839.8998366247
2023,102,Cristian Garin,27,603465,700958.1846123588
2023,103,Guido Pella,33,593718,689636.501622597
2023,104,Lloyd Harris,26,585039,679555.3600746187
2023,105,John Isner,38,558040,648194.5188885531
2023,106,Yosuke Watanuki,25,547554,636014.4462681938
2023,107,Thiago Monteiro,29,536898,623636.9091861272
2023,108,Mikael Ymer,25,536540,623221.0722608852
2023,109,Pavel Kotov,25,533537,619732.9206226113
2023,110,David Goffin,33,532543,618578.3342994531
2023,111,Fabio Fognini,36,512733,595567.9167322854
2023,112,Hugo Dellien,30,510782,593301.7216452817
2023,113,Federico Coria,31,502895,584140.5321777273
2023,114,Oscar Otte,30,478412,555702.1650249275
2023,115,Flavio Cobolli,21,458612,532703.3630143307
2023,116,Radu Albot,34,453480,526742.2593820893
2023,117,Marco Cecchinato,31,452676,525808.3686337802
2023,118,Luca Nardi,20,450412,523178.60662610386
2023,119,Hugo Gaston,23,446233,518324.4655350795
2023,120,Maximilian Marterer,28,435995,506432.45871768106
2023,121,Pedro Martinez,26,433175,503156.8717646567
2023,122,Tomas Machac,23,430579,500141.4732788229
2023,123,Alex Michelsen,19,425147,493831.9029494511
2023,124,Liam Broady,29,412562,479213.72500483703
2023,125,Jiri Vesely,30,398035,462339.80597413314
2023,126,Juncheng Shang,18,397940,462229.45818670857
2023,127,Juan Manuel Cerundolo,22,386314,448725.2121172542
2023,128,Felipe Meligeni Alves,25,385886,448228.06629601505
2023,129,Aleksandar Kovacevic,25,383543,445506.54139142775
2023,130,Dominik Koepfer,29,375124,435727.4043142958
2023,131,Thiago Seyboth Wild,23,373679,434048.95638978505
2023,132,Jurij Rodionov,24,331781,385382.09746857407
2023,133,Alejandro Tabilo,26,331517,385075.44677509944
2023,134,Emilio Nava,22,327090,379933.239881114
2023,135,Gijs Brouwer,27,324928,377421.956550462
2023,136,Facundo Diaz Acosta,23,321667,373634.12355265615
2023,137,Timofey Skatov,22,321038,372903.5050443397
2023,138,Elias Ymer,27,320888,372729.2716957746
2023,139,Tomas Barrios Vera,26,318730,370222.63458775094
2023,140,Benoit Paire,34,318357,369789.37432765233
2023,141,Enzo Couacaud,28,316791,367970.37816863245
2023,142,Yu Hsiou Hsu,24,315672,366670.5973883366
2023,143,Giulio Zeppieri,22,311963,362362.38745614956
2023,144,Rafael Nadal,37,310797,361008.01355997
2023,145,Abdullah Shelbayh,20,308165,357950.79907048057
2023,146,Zizou Bergs,24,308039,357804.44305768586
2023,147,Denis Kudla,31,303098,352065.1965559506
2023,148,Thiago Agustin Tirante,22,299202,347539.77571588574
2023,149,Soonwoo Kwon,26,296211,344065.56274549715
2023,150,Filip Krajinovic,31,292926,340249.8524119209
2023,151,Milos Raonic,32,290922,337922.0948750908
2023,152,Andrea Vavassori,28,290161,337038.15102003707
2023,153,James Duckworth,31,290064,336925.4801212983
2023,154,Arthur Cazaux,21,285026,331073.5627208242
2023,155,Shintaro Mochizuki,20,282568,328218.45891567034
2023,156,Otto Virtanen,22,280245,325520.16512422514
2023,157,Jan Choinski,27,274249,318555.4774042485
2023,158,Hugo Grenier,27,272489,316511.139447751
2023,159,Facundo Bagnis,33,267582,310811.38583835715
2023,160,Genaro Alberto Olivieri,25,264834,307619.43089264404
2023,161,Dalibor Svrcina,21,264293,306991.0292821525
2023,162,Brandon Holt,25,257204,298756.76122896466
2023,163,Laurent Lokoli,29,250656,291150.89478626836
2023,164,Sho Shimabukuro,26,249878,290247.2044850439
2023,165,Mattia Bellucci,22,241796,280859.5116643549
2023,166,Jakub Mensik,18,239579,278284.34277256235
2023,167,Marc Polmans,26,234734,272656.60561390873
2023,168,Filip Misolic,22,233971,271770.33864754083
2023,169,Kimmer Coppejans,29,233081,270736.55411272106
2023,170,Nicolas Moreno De Alboran,26,229900,267041.64556748327
2023,171,Francesco Passaro,22,228019,264856.7593764766
2023,172,Gabriel Diallo,22,226318,262880.9532037481
2023,173,Jeremy Chardy,36,221967,257827.0245397023
2023,174,Harold Mayot,21,219626,255107.82274642924
2023,175,Ryan Peniston,28,218433,253722.08684750795
2023,176,Zachary Svajda,21,216949,251998.3382523703
2023,177,Zsombor Piros,24,216657,251659.16400049685
2023,178,Emilio Gomez,32,211909,246144.09774058207
2023,179,Dimitar Kuzmanov,30,209129,242914.97301384172
2023,180,Joao Sousa,34,208393,242060.06805021552
2023,181,Steve Johnson,34,203616,236511.31667624478
2023,182,Leandro Riedi,21,199632,231883.67893835503
2023,183,Chun-Hsin Tseng,22,199307,231506.17334979726
2023,184,Titouan Droguet,22,198436,230494.45837246242
2023,185,Oleksii Krutykh,23,195022,226528.90735912017
2023,186,Jenson Brooksby,23,192502,223601.78710322606
2023,187,Dennis Novak,30,192374,223453.10797911714
2023,188,Lukas Klein,25,192019,223040.75572084633
2023,189,Jozef Kovalik,31,188732,219222.72227595586
2023,190,Geoffrey Blancaneaux,25,187123,217353.7792236806
2023,191,Damir Dzumhur,31,186706,216869.41051466958
2023,192,Vit Kopriva,26,185877,215906.48087493298
2023,193,Giovanni Mpetshi Perricard,20,184615,214440.5976356717
2023,194,Tung-Lin Wu,25,184279,214050.31493488583
2023,195,Raul Brancaccio,26,177411,206072.75068191727
2023,196,Luciano Darderi,21,172798,200714.49443571107
2023,197,Vasek Pospisil,33,172549,200425.26707709298
2023,198,Jesper de Jong,23,172233,200058.2154894491
2023,199,Adrian Andreev,22,171709,199449.56032512826
2023,200,Terence Atmane,21,169203,196538.70184843356
2023,201,Ivan Gakhov,27,164333,190881.92579835246
2023,202,Nikoloz Basilashvili,31,163909,190389.42619974172
2023,203,Lucas Pouille,29,163671,190112.9759533517
2023,204,Zdenek Kolar,27,162825,189130.29986744438
2023,205,Camilo Ugo Carabelli,24,161901,188057.0224402832
2023,206,Frederico Ferreira Silva,28,161437,187518.06061538841
2023,207,Matteo Gigante,21,160160,186034.75404127064
2023,208,John Millman,34,159161,184874.3599398269
2023,209,Patrick Kypson,24,156620,181922.84701513368
2023,210,Riccardo Bonadio,30,156272,181518.62564646258
2023,211,Kaichi Uchida,29,154782,179787.90771738233
2023,212,Kyle Edmund,28,152948,177657.6146422594
2023,213,Andrea Pellegrino,26,149555,173716.45629771624
2023,214,Alexander Ritschard,29,149497,173649.08606960438
2023,215,Joris De Loore,30,149440,173582.87739714963
2023,216,Mariano Navone,22,147657,171511.82366053885
2023,217,Franco Agamenone,30,144619,167983.0175742665
2023,218,Antoine Escoffier,31,143144,166269.72298004274
2023,219,Pablo Carreno Busta,32,143059,166170.99074918916
2023,220,Marco Trungelliti,33,142475,165492.6422454423
2023,221,Stefano Travaglia,31,141710,164604.05216776015
2023,222,Andrea Collarini,31,137564,159788.24241342006
2023,223,Mikhail Kukushkin,35,134424,156140.95765012343
2023,224,Dane Sweeny,22,133987,155633.35782797035
2023,225,Francesco Maestrelli,21,133947,155586.89560168632
2023,226,Gauthier Onclin,22,133144,154654.16640903434
2023,227,Pierre-Hugues Herbert,32,132461,153860.82389523447
2023,228,Pablo Llamas Ruiz,21,131638,152904.86358944047
2023,229,Alexis Galarneau,24,129955,150949.96541853977
2023,230,Francisco Comesana,23,128448,149199.5010432888
2023,231,Federico Delbonis,33,126926,147431.6133331813
2023,232,Norbert Gombos,33,126335,146745.13393983472
2023,233,Li Tu,27,125037,145237.43469691783
2023,234,Juan Pablo Ficovich,26,123267,143181.48118384933
2023,235,Ethan Quinn,19,123030,142906.19249311642
2023,236,Seongchan Hong,26,122371,142140.727315087
2023,237,Antoine Bellier,27,121864,141551.81859693685
2023,238,Nicholas David Ionel,21,120058,139454.04908021275
2023,239,Egor Gerasimov,31,118983,138205.37674882932
2023,240,Alessandro Giannessi,33,118188,137281.94000143415
2023,241,Federico Gaio,31,117907,136955.54286178882
2023,242,Sumit Nagal,26,116398,135202.75537522367
2023,243,Rio Noguchi,24,113568,131915.55286562827
2023,244,Cem Ilkel,28,113561,131907.42197602856
2023,245,Arthur Fery,21,113508,131845.85952620223
2023,246,Alex Bolt,30,110716,128602.79613157669
2023,247,Renzo Olivo,31,110670,128549.36457135004
2023,248,Billy Harris,28,107699,125098.38271410344
2023,249,Learner Tien,18,106469,123669.66925586942
2023,250,Yunchaokete Bu,21,104721,121639.26996725715
2023,251,Vitaliy Sachko,26,103952,120746.03366694659
2023,252,Aziz Dougaz,26,103390,120093.23938765592
2023,253,George Loffhagen,22,103210,119884.15936937777
2023,254,Maximilian Neuchrist,32,103063,119713.41068778395
2023,255,Ricardas Berankis,33,103003,119643.7173483579
2023,256,Ernesto Escobedo,27,101250,117607.51028146013
2023,257,Santiago Rodriguez Taverna,24,97963,113789.47683656967
2023,258,Beibit Zhukayev,23,94792,110106.1838479029
2023,259,Nick Hardt,23,94267,109496.36712792495
2023,260,Fernando Verdasco,40,91080,105794.48924874458
2023,261,Philip Sekulic,20,90924,105613.28656623684
2023,262,Altug Celikbilek,27,90230,104807.16694020886
2023,263,Jelle Sels,28,89368,103805.90596378794
2023,264,Yuta Shimizu,24,89230,103645.61128310802
2023,265,Benjamin Hassan,28,88695,103024.17900655908
2023,266,Dino Prizmic,18,88514,102813.93743262382
2023,267,Feliciano Lopez,42,85730,99580.16648325507
2023,268,Mitchell Krueger,29,85345,99132.96755527126
2023,269,Tennys Sandgren,32,84050,97628.75297932567
2023,270,Adam Walton,24,83896,97449.87340813213
2023,271,Daniel Rincon,20,83661,97176.90782871343
2023,272,Lorenzo Giustino,32,82538,95872.4808257892
2023,273,Mark Lajal,20,82390,95700.57058853826
2023,274,Nerman Fatic,29,81488,94652.84738583332
2023,275,Stefano Napolitano,28,81205,94324.12713487378
2023,276,Dragos Nicolae Madaras,26,80432,93426.24461193482
2023,277,Henri Laaksonen,31,79936,92850.1130060128
2023,278,Martin Damm,20,79175,91966.16915095906
2023,279,Mate Valkusz,25,78772,91498.06222114743
2023,280,Denis Yevseyev,30,78341,90997.43173293697
2023,281,Michael Geerts,28,78072,90684.97326117684
2023,282,Stefanos Sakellaridis,19,77066,89516.44827013339
2023,283,Duje Ajdukovic,22,76414,88759.11398170365
2023,284,Tristan Schoolkate,22,76280,88603.46552365214
2023,285,Edoardo Lavagno,25,75139,87278.13051890007
2023,286,Rudolf Molleker,23,74687,86753.10736189049
2023,287,James McCabe,20,74298,86301.26221127827
2023,288,Aidan Mayo,20,74177,86160.71397676907
2023,289,Daniel Michalski,23,74055,86019.00418660276
2023,290,Yasutaka Uchiyama,31,72681,84423.0267137462
2023,291,Evgeny Donskoy,33,71884,83497.26685503684
2023,292,Raphael Collignon,21,70636,82047.64539497498
2023,293,Alibek Kachmazov,21,70479,81865.28115681016
2023,294,Dan Added,24,69010,80158.95589652902
2023,295,Valentin Vacherot,25,67872,78837.10555874827
2023,296,Guido Andreozzi,32,67724,78665.19532149733
2023,297,Jason Jung,34,66680,77452.53121548406
2023,298,Manuel Guinard,28,64170,74537.02651616096
2023,299,Oriol Roca Batalla,30,64102,74458.04073147809
2023,300,Peter Gojowczyk,34,63752,74051.4962514928
2023,301,Nino Serdarusic,27,62873,73030.48882890116
2023,302,Omar Jasika,26,62633,72751.71547119696
2023,303,Roman Andres Burruchaga,21,62270,72330.07076766936
2023,304,Kevin Anderson,37,61780,71760.90849568995
2023,305,Jack Sock,31,59960,69646.87719976642
2023,306,Tristan Boyer,22,59828,69493.5518530291
2023,307,Matheus Pucinelli De Almeida,22,59619,69250.78672069502
2023,308,Eliot Spizzirri,22,59103,68651.42400163099
2023,309,Maxime Janvier,27,58998,68529.4606576354
2023,310,Miljan Zekic,35,58320,67741.92592212104
2023,311,Ugo Blanchet,24,57866,67214.57965379725
2023,312,Nick Chappell,31,57651,66964.84518752056
2023,313,Charles Broom,25,57639,66950.90651963536
2023,314,Nicolas Kicker,31,57598,66903.28273769423
2023,315,Calvin Hemery,28,56638,65788.18930687742
2023,316,Lukas Neumayer,21,56568,65706.88041088036
2023,317,Henri Squire,23,56329,65429.268608833256
2023,318,Gianluca Mager,29,56311,65408.360607005445
2023,319,Carlos Taberner,26,55726,64728.850547601454
2023,320,Steven Diez,32,54983,63865.81469437553
2023,321,Bradley Klahn,33,54760,63606.78778284204
2023,322,Illya Marchenko,36,54559,63373.31509576477
2023,323,Kyrian Jacquet,22,54392,63179.33530102893
2023,324,Louis Wessels,25,54322,63098.02640503187
2023,325,Benjamin Lock,30,54152,62900.56194332473
2023,326,Gonzalo Oliveira,28,54071,62806.47593509956
2023,327,Luke Saville,29,53607,62267.51411020477
2023,328,Kacper Zuk,24,52494,60974.70266385153
2023,329,Pablo Cuevas,37,52462,60937.53288282431
2023,330,Matteo Martineau,24,52171,60599.520186607966
2023,331,Martin Landaluce,17,51175,59442.61075213552
2023,332,Jules Marie,32,50614,58790.97802850195
2023,333,Gastao Elias,33,50424,58570.28245365279
2023,334,Gabriel Debru,18,49590,57601.54503563069
2023,335,Nicolas Mejia,23,49552,57557.40592066086
2023,336,Yi Zhou,18,48582,56430.696933273044
2023,337,Henrique Rocha,19,48232,56024.15245328775
2023,338,Oliver Crawford,24,48229,56020.66778631645
2023,339,Dominik Palan,23,47800,55522.36040942019
2023,340,Viktor Durasovic,26,46510,54023.9536117601
2023,341,Tim van Rijthoven,26,46428,53928.70604787784
2023,342,Mathys Erhard,22,46090,53536.10023577775
2023,343,Mathias Bourgue,29,45744,53134.20197842086
2023,344,Sascha Gueymard Wayenburg,20,45533,52889.11373477258
2023,345,Alejandro Moro Canas,23,45065,52345.50568724939
2023,346,Clement Tabur,23,44965,52229.350121539304
2023,347,Michael Zheng,19,44721,51945.9305412067
2023,348,Gustavo Heide,21,44315,51474.338944423755
2023,349,Facundo Mena,31,44295,51451.10783128174
2023,350,Toby Samuel,21,44235,51381.41449185569
2023,351,Thai-Son Kwiatkowski,28,44224,51368.63737962758
2023,352,Bruno Kuzuhara,19,43591,50633.37264868275
2023,353,Salvatore Caruso,31,43563,50600.849090283926
2023,354,Mukund Sasikumar,26,42841,49762.20590585712
2023,355,Skander Mansouri,28,42094,48894.52383000279
2023,356,Joao Lucas Reis Da Silva,23,42030,48820.18426794834
2023,357,Leo Borg,20,42001,48786.499153892415
2023,358,Omni Kumar,22,41949,48726.09825972317
2023,359,Nikolas Sanchez Izquierdo,24,41459,48156.93598774375
2023,360,Giovanni Fonio,25,41347,48026.84175414846
2023,361,Murkel Dellien,26,40688,47261.37657611901
2023,362,Rodrigo Pacheco Mendez,18,40216,46713.12230596741
2023,363,Lucas Poullain,28,40090,46566.7662931727
2023,364,Cannon Kingsley,22,39503,45884.93312245451
2023,365,Hiroki Moriya,33,39475,45852.40956405569
2023,366,Moez Echargui,30,39381,45743.22333228821
2023,367,Arthur Weber,31,38902,45186.8381725369
2023,368,Bernard Tomic,31,38646,44889.479924319094
2023,369,Evan Furness,25,38550,44777.97058123741
2023,370,Mateus Alves,22,38340,44534.043893246235
2023,371,Eduardo Ribeiro,25,38202,44373.74921256632
2023,372,Johannus Monday,21,37580,43651.261593849595
2023,373,Marko Topo,20,37343,43375.97290311669
2023,374,Alexandar Lazarov,26,37078,43068.160653984974
2023,375,Valentin Royer,22,37008,42986.85175798791
2023,376,Kei Nishikori,33,36620,42536.16816303279
2023,377,Filip Cristian Jianu,22,36511,42409.558596408795
2023,378,Enrico Dalla Valle,25,36244,42099.42323596287
2023,379,Jacopo Berrettini,25,35948,41755.60276146102
2023,380,Daniel Cox,33,35851,41642.93186272224
2023,381,Rigele Te,26,35693,41459.40606890031
2023,382,Karl Friberg,24,35675,41438.49806707249
2023,383,Rubin Statham,36,35590,41339.765836218925
2023,384,Marvin Moeller,24,35290,40991.29913908867
2023,385,Elmar Ejupovic,30,35242,40935.54446754783
2023,386,Arthur Gea,18,35144,40821.71201315195
2023,387,Hernan Casanova,29,34954,40601.01643830279
2023,388,Jie Cui,25,34634,40229.318628030516
2023,389,Kalin Ivanovski,19,34371,39923.829490213
2023,390,Francesco Forti,24,34327,39872.72104130056
2023,391,Max Houkes,23,34099,39607.88635148157
2023,392,Alexander Weis,26,33678,39118.871419842115
2023,393,Ergi Kirkin,24,33658,39095.6403067001
2023,394,Harry Wendelken,22,33626,39058.47052567287
2023,395,Timo Stodder,27,33586,39012.008299388835
2023,396,Gonzalo Lama,30,33516,38930.69940339178
2023,397,Mikalai Haliak,25,33191,38553.193814834005
2023,398,Liam Draxl,22,33174,38533.44736866329
2023,399,Lukas Rosol,38,33112,38461.43091792304
2023,400,Marek Gengel,28,32866,38175.68822627623
2023,401,Remy Bertola,25,32846,38152.457113134216
2023,402,David Jorda Sanchis,29,32434,37673.896182408665
2023,403,Alexander Blockx,18,32278,37492.69349990094
2023,404,Colin Sinclair,29,32268,37481.07794332993
2023,405,Michael Vrbensky,23,31902,37055.948572831025
2023,406,Quinn Vandecasteele,21,31855,37001.35545694728
2023,407,Mili Poljicak,19,31309,36367.14606817022
2023,408,Daniel Masur,29,30920,35915.300917557994
2023,409,Stefan Kozlov,25,30706,35666.728006938414
2023,410,Robert Strombachs,24,30654,35606.32711276917
2023,411,Evan Zhu,25,30630,35578.44977699875
2023,412,Roberto Marcora,34,30585,35526.17977242921
2023,413,Andrew Paulson,22,30511,35440.22465380375
2023,414,Fajing Sun,27,30293,35187.005520555766
2023,415,Sebastian Fanselow,31,30269,35159.128184785346
2023,416,Yun seong Chung,25,30175,35049.94195301787
2023,417,Naoki Nakagawa,27,30160,35032.51861816135
2023,418,Clement Chidekh,22,30042,34895.45505062346
2023,419,Gianmarco Ferrari,23,30027,34878.03171576694
2023,420,Gonzalo Villanueva,28,30001,34847.83126868233
2023,421,Pol Martin Tiffon,24,29861,34685.21347668821
2023,422,Hady Habib,25,29817,34634.10502777577
2023,423,Tao Mu,23,29413,34164.83654230703
2023,424,Nikola Milojevic,28,29404,34154.38254139312
2023,425,Yanki Erel,23,29352,34093.981647223874
2023,426,August Holmgren,25,29303,34037.06542002594
2023,427,Maks Kasnikowski,20,29221,33941.817856143665
2023,428,Max Hans Rehberg,20,29078,33775.715397178246
2023,429,Toby Kodat,20,28984,33666.52916541077
2023,430,Alvaro Lopez San Martin,26,28873,33537.596487472576
2023,431,Yan Bai,34,28858,33520.173152616066
2023,432,Paul Jubb,24,28043,32573.505292078877
2023,433,Edward Winter,19,27906,32414.372167056063
2023,434,Mohamed Safwat,33,27700,32175.091701693287
2023,435,Matija Pecotic,34,27680,32151.860588551273
2023,436,Aidan McHugh,23,27644,32110.04458489564
2023,437,Tristan Lamasine,30,27469,31906.772344902995
2023,438,Carlos Sanchez Jover,23,27326,31740.669885937576
2023,439,Filip Peliwo,29,27202,31596.63698445707
2023,440,Antoine Ghibaudo,18,27196,31589.667650514464
2023,441,Jeremy Jin,19,27186,31578.052093943457
2023,442,Hanwen Li,21,27109,31488.612308346692
2023,443,Ramkumar Ramanathan,29,27020,31385.233854864717
2023,444,Alvaro Guillen Meza,20,26603,30900.865145853666
2023,445,Marius Copil,33,26261,30503.613111125178
2023,446,Samuel Vincent Ruggeri,21,26188,30418.81954815682
2023,447,Alex Marti Pujolras,24,26155,30380.48821147249
2023,448,Marin Cilic,35,26138,30360.741765301776
2023,449,Pedro Sakamoto,30,25976,30172.569748851438
2023,450,Alex Barrena,21,25859,30036.66773697064
2023,451,Guy Den Ouden,21,25777,29941.420173088372
2023,452,Andrey Chepelev,25,25749,29908.896614689547
2023,453,Stuart Parker,26,25710,29863.595944062614
2023,454,Akira Santillan,26,25591,29725.370820867614
2023,455,Juan Bautista Torres,21,25399,29502.352134704255
2023,456,Jaime Faria,20,25350,29445.43590750631
2023,457,Gilles Arnaud Bailly,18,25126,29185.247440315725
2023,458,Blake Ellis,24,25037,29081.86898683375
2023,459,Nam Hoang Ly,26,24875,28893.696970383415
2023,460,Lucas Gerch,29,24663,28647.447171078034
2023,461,Alberto Barroso Campos,27,24631,28610.277390050807
2023,462,Giovanni Oradini,26,24532,28495.283379997825
2023,463,Derek Pham,19,24456,28407.00515005816
2023,464,Maxime Chazal,30,24409,28352.41203417442
2023,465,Gerard Campana Lee,19,24383,28322.2115870898
2023,466,Vilius Gaubas,18,24232,28146.81668286757
2023,467,Cezar Cretu,22,24217,28129.39334801106
2023,468,Alexey Vatutin,31,24044,27928.444219332614
2023,469,Zhe Li,37,23980,27854.10465727816
2023,470,Alex Rybakov,26,23809,27655.478639913916
2023,471,Gonzalo Bueno,19,23779,27620.63197020089
2023,472,Christian Langmo,27,23737,27571.846632602657
2023,473,Javier Barranco Cosano,25,23700,27528.869073289927
2023,474,Pedro Boscardin Dias,20,23683,27509.12262711921
2023,475,Orlando Luz,25,23680,27505.63796014791
2023,476,Jay Clarke,25,23670,27494.0224035769
2023,477,Tim Handel,27,23669,27492.8608479198
2023,478,Saba Purtseladze,22,23508,27305.850387126564
2023,479,Robin Bertrand,20,23410,27192.017932730683
2023,480,Daniel Dutra da Silva,35,23337,27107.22436976232
2023,481,Bogdan Bobrov,26,23298,27061.923699135386
2023,482,Strong Kirchheimer,28,23290,27052.631253878582
2023,483,Alexis Gautier,26,23180,26924.86013159749
2023,484,Marcello Serafini,21,23177,26921.375464626184
2023,485,Andres Martin,22,23153,26893.498128855765
2023,486,Julian Ocleppo,26,23144,26883.04412794186
2023,487,Mats Rosenkranz,25,23090,26820.32012245841
2023,488,Sandro Kopp,23,23006,26722.749447261944
2023,489,Matthew Dellavedova,23,22844,26534.577430811605
2023,490,Vladyslav Orlov,28,22833,26521.800318583497
2023,491,Gilbert Klier Junior,23,22758,26434.683644300934
2023,492,Felix Gill,21,22655,26315.043411619547
2023,493,Marat Sharipov,21,22417,26038.593165229548
2023,494,Ulises Blanch,25,22410,26030.46227562984
2023,495,Kilian Feldbausch,18,22228,25819.05914603749
2023,496,Eric Vanshelboim,22,22218,25807.44358946648
2023,497,Lorenzo Rottoli,21,22158,25737.75025004043
2023,498,Dmitry Popko,27,21964,25512.408452562868
2023,499,Joao Fonseca,17,21959,25506.60067427736
2023,500,Neil Oberleitner,24,21908,25447.361335765218
2023,501,Mika Brunold,19,21826,25352.11377188295
2023,502,Elliot Benchetrit,25,21769,25285.9050994282
2023,503,Damien Wenger,23,21751,25264.997097600386
2023,504,Miguel Damas,24,21663,25162.780199775512
2023,505,Ye Cong Mo,23,21637,25132.57975269089
2023,506,Yshai Oliel,23,21491,24962.992626754167
2023,507,Khumoyun Sultanov,25,21485,24956.023292811562
2023,508,Federico Agustin Gomez,27,21210,24636.595487108832
2023,509,Valerio Aboian,21,21129,24542.509478883665
2023,510,Lucas Catarina,27,21122,24534.37858928396
2023,511,Kiranpal Pannu,26,21096,24504.178142199336
2023,512,Alexandr Cozbinov,28,21062,24464.685249857906
2023,513,Tibo Colson,23,21056,24457.7159159153
2023,514,Sebastian Gima,21,21036,24434.484802773284
2023,515,Kris Van Wyk,27,20890,24264.897676836565
2023,516,Sidane Pontjodikromo,23,20817,24180.1041138682
2023,517,Ajeet Rai,24,20448,23751.490076397993
2023,518,Gabriele Piraino,20,20409,23706.18940577106
2023,519,Martin Krumich,20,20368,23658.565623829923
2023,520,Giles Hussey,26,20291,23569.125838233158
2023,521,Nathan Ponwith,25,20237,23506.401832749714
2023,522,Adolfo Daniel Vallejo,19,19881,23092.888018821814
2023,523,Blaise Bicknell,22,19798,22996.478899282443
2023,524,Carlos Lopez Montagud,23,19648,22822.245550717318
2023,525,Daniel Merida,19,19644,22817.599328088916
2023,526,Kirill Kivattsev,26,19638,22810.62999414631
2023,527,Yusuke Takahashi,26,19550,22708.413096321437
2023,528,Elmer Moller,20,19549,22707.251540664336
2023,529,Pedro Sousa,35,19418,22555.087749584127
2023,530,Eliakim Coulibaly,21,19269,22382.0159566761
2023,531,Duarte Vale,24,19263,22375.046622733495
2023,532,Justin Boulais,22,19058,22136.927713027824
2023,533,Kenny De Schepper,36,18990,22057.941928344964
2023,534,Christian Harrison,29,18943,22003.348812461227
2023,535,Ryan Nijboer,24,18879,21929.009250406772
2023,536,Makoto Ochi,27,18626,21635.13566916026
2023,537,Jonas Forejtek,22,18578,21579.38099761942
2023,538,Federico Iannaccone,24,18428,21405.147649054292
2023,539,Antoine Hoang,28,18350,21314.54630780043
2023,540,Robin Haase,36,18313,21271.568748487698
2023,541,Ignacio Buse,19,18287,21241.368301403076
2023,542,Svyatoslav Gulin,21,18205,21146.120737520807
2023,543,Jakub Paul,24,18068,20986.98761249799
2023,544,Fausto Tabacco,21,17980,20884.770714673115
2023,545,Anton Matusevich,22,17923,20818.562042218367
2023,546,Hynek Barton,19,17899,20790.684706447948
2023,547,James Trotter,24,17805,20681.49847468047
2023,548,Blake Mott,27,17781,20653.62113891005
2023,549,Ignacio Monzon,25,17588,20429.440897089586
2023,550,Nicolas Zanellato,21,17574,20413.179117890177
2023,551,Andrea Picchione,25,17564,20401.563561319166
2023,552,Keegan Smith,25,17498,20324.900887950513
2023,553,Alex Knaff,26,17454,20273.792439038076
2023,554,Daniel Cukierman,28,17331,20130.92109321467
2023,555,Hazem Naw,23,17307,20103.04375744425
2023,556,Yanaki Milev,19,17293,20086.78197824484
2023,557,Federico Arnaboldi,23,17234,20018.250194475888
2023,558,Kai Wehnelt,28,17179,19954.364633335343
2023,559,Linang Xiao,23,17145,19914.871740993916
2023,560,Wilson Leite,32,17003,19749.930837685595
2023,561,Imanol Lopez Morillo,24,16917,19650.037051174924
2023,562,Brayden Schnur,28,16775,19485.096147866603
2023,563,Thomas Fancutt,28,16748,19453.73414512488
2023,564,Lukas Pokorny,21,16708,19407.27191884085
2023,565,Luciano Emanuel Ambrogi,20,16699,19396.81791792694
2023,566,Blaz Rola,33,16632,19318.993688901184
2023,567,Alafia Ayeni,24,16577,19255.108127760635
2023,568,Bjorn Fratangelo,30,16485,19148.24500730736
2023,569,Yuki Mochizuki,26,16449,19106.42900365173
2023,570,Bor Artnak,19,16385,19032.089441597276
2023,571,Constantin Bittoun Kouzmine,24,16304,18938.00343337211
2023,572,Juan Pablo Paz,28,16301,18934.518766400804
2023,573,Matias Franco Descotte,29,16285,18915.933875887193
2023,574,Buvaysar Gadamauri,23,16054,18647.614519096896
2023,575,Max Alcala Gurri,21,16009,18595.344514527358
2023,576,Yurii Dzhavakian,30,15986,18568.62873441404
2023,577,Lautaro Midon,19,15903,18472.21961487467
2023,578,Tom Paris,21,15872,18436.211389504544
2023,579,Aleksandr Braynin,24,15861,18423.434277276436
2023,580,Jake Delaney,26,15775,18323.54049076576
2023,581,Jerome Kym,20,15769,18316.571156823156
2023,582,Roberto Cid Subervi,30,15727,18267.785819224922
2023,583,Sergi Perez Contri,25,15690,18224.80825991219
2023,584,Alexey Zakharov,23,15678,18210.869592026982
2023,585,Garrett Johns,23,15586,18104.006471573703
2023,586,Evgeny Karlovskiy,29,15475,17975.07379363551
2023,587,Matej Dodig,18,15316,17790.386444156477
2023,588,Jea Moon Lee,30,15233,17693.977324617106
2023,589,Lorenzo Joaquin Rodriguez,24,15211,17668.42310016089
2023,590,Vadym Ursu,26,15187,17640.54576439047
2023,591,Vlad Andrei Dancu,24,15098,17537.167310908495
2023,592,Edas Butvilas,19,15053,17484.897306338957
2023,593,Sanhui Shin,26,15032,17460.504637539838
2023,594,Ezekiel Clark,25,14996,17418.68863388421
2023,595,Adam Moundir,28,14913,17322.27951434484
2023,596,Gabriele Pennaforti,23,14841,17238.647507033576
2023,597,Stefan Popovic,20,14782,17170.11572326463
2023,598,Denis Klok,25,14768,17153.853944065217
2023,599,Daniil Glinka,23,14718,17095.776161210175
2023,600,Martyn Pawelski,19,14705,17080.675937667864
2023,601,Tom Gentzsch,20,14691,17064.41415846845
2023,602,S D Prajwal Dev,27,14623,16985.428373785595
2023,603,Joao Domingues,30,14554,16905.281033445637
2023,604,Adria Soriano Barrera,24,14535,16883.21147596072
2023,605,Tommaso Compagnucci,24,14519,16864.626585447106
2023,606,David Pichler,27,14495,16836.749249676686
2023,607,Dan  Martin,24,14485,16825.13369310568
2023,608,John Echeverria,22,14478,16817.002803505973
2023,609,Jaimee Floyd Angele,23,14354,16672.969902025467
2023,610,Andrea Arnaboldi,35,14336,16652.061900197652
2023,611,Ryuki Matsuda,23,14331,16646.25412191215
2023,612,Renta Tokuda,25,14329,16643.931010597946
2023,613,Darian King,31,14311,16623.02300877013
2023,614,Victor Lilov,19,14277,16583.530116428705
2023,615,Adrien Gobat,22,14270,16575.399226829
2023,616,Diego Augusto Barreto Sanchez,21,14242,16542.875668430173
2023,617,Viacheslav Bielinskyi,20,14220,16517.321443973957
2023,618,Corentin Denolly,26,14218,16514.998332659754
2023,619,Edan Leshem,26,14203,16497.57499780324
2023,620,Dali Blanch,20,13998,16259.45608809757
2023,621,Luca Potenza,23,13984,16243.194308898157
2023,622,Nishesh Basavareddy,18,13914,16161.885412901098
2023,623,Jiri Barnat,22,13777,16002.752287878284
2023,624,Petr Nesterov,20,13761,15984.16739736467
2023,625,Arklon Huertas Del Pino Cordova,29,13695,15907.504723996013
2023,626,Adrian Oetzbach,26,13689,15900.535390053408
2023,627,Olaf Pieczkowski,19,13684,15894.727611767905
2023,628,Georgii Kravchenko,23,13660,15866.850275997485
2023,629,Daniel Little,26,13649,15854.073163769375
2023,630,Jeremy Jahn,33,13575,15768.118045143912
2023,631,Franco Roncadelli,23,13574,15766.956489486813
2023,632,Luka Mikrut,19,13537,15723.978930174082
2023,633,Mats Moraing,31,13507,15689.132260461056
2023,634,Tomas Farjat,22,13503,15684.486037832652
2023,635,Orel Kimhi,20,13453,15626.40825497761
2023,636,Emilien Voisin,23,13429,15598.53091920719
2023,637,Amaury Raynel,21,13397,15561.361138179964
2023,638,Inaki Montes-De La Torre,21,13268,15411.520458413956
2023,639,Jakub Nicod,19,13242,15381.320011329333
2023,640,Jose Pereira,32,13225,15361.573565158618
2023,641,Alec Deckers,23,13221,15356.927342530216
2023,642,Tiago Pereira,19,13171,15298.849559675173
2023,643,Sebastian Prechtel,27,13125,15245.417999448535
2023,644,Nikolay Vylegzhanin,23,13088,15202.440440135804
2023,645,Alfredo Perez,26,13020,15123.454655452946
2023,646,Tatsuma Ito,35,12992,15090.931097054123
2023,647,Luca Wiedenmann,25,12977,15073.50776219761
2023,648,Peter Heller,31,12963,15057.245982998198
2023,649,Dayne Kelly,33,12884,14965.483086087232
2023,650,Gage Brymer,28,12759,14820.288628949627
2023,651,Andrea Guerrieri,25,12758,14819.127073292526
2023,652,Evgeny Philippov,21,12754,14814.480850664122
2023,653,Jacob Bradshaw,21,12729,14785.441959236601
2023,654,Dan Alexandru Tomescu,24,12712,14765.695513065888
2023,655,Moerani Bouzige,24,12662,14707.617730210846
2023,656,Kyle Seelig,26,12654,14698.325284954039
2023,657,Digvijaypratap Singh,23,12649,14692.517506668535
2023,658,Gerald Melzer,33,12648,14691.355951011434
2023,659,Sergey Fomin,22,12616,14654.186169984207
2023,660,Hikaru Shiraishi,23,12614,14651.863058670006
2023,661,Giorgio Tabacco,20,12593,14627.470389870887
2023,662,Radu Mihai Papoe,21,12496,14514.799491132106
2023,663,Matyas Fuele,25,12485,14502.022378903997
2023,664,Peter Fajta,21,12378,14377.735923594208
2023,665,Maxence Beauge,23,12370,14368.4434783374
2023,666,Luca Castagnola,21,12358,14354.50481045219
2023,667,Matias Soto,24,12353,14348.697032166685
2023,668,M Rifki Fitriadi,24,12315,14304.557917196853
2023,669,Timo Legout,21,12277,14260.418802227021
2023,670,Juan Bautista Otegui,24,12155,14118.709012060719
2023,671,Andrej Nedic,19,12147,14109.416566803913
2023,672,Duckhee Lee,25,12129,14088.508564976097
2023,673,Sander Jong,23,12120,14078.05456406219
2023,674,Sebastian Sorger,18,12119,14076.89300840509
2023,675,Jorge Panta,28,12018,13959.575887037903
2023,676,Mirza Basic,32,11920,13845.743432642023
2023,677,Joshua Sheehy,26,11907,13830.643209099711
2023,678,JiSung Nam,30,11887,13807.412095957694
2023,679,Marlon Vankan,23,11808,13715.649199046728
2023,680,Aziz Ouakaa,24,11801,13707.518309447021
2023,681,Shuichi Sekiguchi,32,11602,13476.368733683954
2023,682,Tsung-Hao Huang,24,11594,13467.076288427148
2023,683,Lorenzo Bocchi,26,11580,13450.814509227735
2023,684,Kareem Al Allaf,25,11536,13399.706060315299
2023,685,Alastair Gray,25,11535,13398.544504658197
2023,686,Sidharth Rawat,30,11506,13364.859390602274
2023,687,Peter Benjamin Privara,19,11495,13352.082278374164
2023,688,Colin Markes,26,11466,13318.39716431824
2023,689,Juan Carlos Prado Angelo,18,11458,13309.104719061434
2023,690,Aldin Setkic,36,11416,13260.319381463198
2023,691,Chris Rodesch,22,11397,13238.249823978282
2023,692,Zura Tkemaladze,23,11337,13168.556484552231
2023,693,Leonardo Aboian,25,11337,13168.556484552231
2023,694,Daisuke Sumizawa,24,11332,13162.748706266728
2023,695,Christoph Negritu,29,11329,13159.264039295425
2023,696,Oscar Jose Gutierrez,30,11263,13082.60136592677
2023,697,Fabrizio Andaloro,22,11237,13052.400918842148
2023,698,Liam Gavrielides,19,11167,12971.092022845089
2023,699,Pedro Araujo,21,11159,12961.799577588281
2023,700,Mario Gonzalez Fernandez,21,11089,12880.490681591224
2023,701,Jakob Schnaitter,27,11058,12844.482456221096
2023,702,Prajnesh Gunneswaran,34,11020,12800.343341251266
2023,703,Maximus Jones,19,10970,12742.265558396222
2023,704,Ozan Baris,19,10946,12714.388222625803
2023,705,Johan Alexander Rodriguez,20,10921,12685.349331198282
2023,706,Jacob Brumm,25,10911,12673.733774627273
2023,707,Luca Giacomini,26,10878,12635.402437942945
2023,708,Hamish Stewart,24,10831,12580.809322059205
2023,709,Taisei Ichikawa,23,10822,12570.355321145298
2023,710,Ilya Snitari,21,10819,12566.870654173996
2023,711,Guido Ivan Justo,26,10737,12471.623090291727
2023,712,Luka Pavlovic,23,10730,12463.49220069202
2023,713,Luca Castelnuovo,26,10630,12347.336634981937
2023,714,Maxime Mora,26,10575,12283.45107384139
2023,715,Lorenzo Carboni,17,10498,12194.011288244626
2023,716,Oleg Prihodko,26,10474,12166.133952474205
2023,717,Pedro Rodenas,19,10396,12075.53261122034
2023,718,Rishab Agarwal,28,10388,12066.240165963534
2023,719,Kasidit Samrej,22,10372,12047.65527544992
2023,720,Jorge Martinez Martinez,28,10349,12020.9394953366
2023,721,Millen Hurrion,24,10345,12016.293272708197
2023,722,Amr Elsayed,24,10317,11983.769714309374
2023,723,Arthur Bouquier,22,10317,11983.769714309374
2023,724,Florent Bax,24,10298,11961.700156824458
2023,725,Kazuki Nishiwaki,29,10298,11961.700156824458
2023,726,Evgenii Tiurnev,26,10250,11905.945485283617
2023,727,Petr Nouza,25,10205,11853.67548071408
2023,728,Egor Agafonov,21,10189,11835.090590200467
2023,729,Leonardo Rossi,21,10134,11771.20502905992
2023,730,Dusan Obradovic,22,10127,11763.074139460214
2023,731,Lorenzo Claverie,21,10051,11674.79590952055
2023,732,Kyle Kang,18,9986,11599.294791808996
2023,733,Conner Huertas del Pino,28,9970,11580.709901295382
2023,734,Daniel Paty,24,9969,11579.54834563828
2023,735,Yassine Dlimi,20,9897,11495.91633832702
2023,736,Alexander Zgirovsky,22,9879,11475.008336499206
2023,737,Simon Beaupain,24,9828,11415.768997987063
2023,738,Kokoro Isomura,20,9813,11398.34566313055
2023,739,Mark Whitehouse,30,9809,11393.699440502147
2023,740,Gabriel Decamps,24,9725,11296.128765305677
2023,741,David Perez Sanz,29,9723,11293.805653991474
2023,742,Igor Gimenez,23,9610,11162.54986473908
2023,743,Stefan Dostanic,22,9605,11156.742086453576
2023,744,Pedro Vives Marcos,22,9596,11146.288085539667
2023,745,Juan Carlos Aguilar,25,9569,11114.926082797945
2023,746,Alexandre Aubriot,24,9564,11109.118304512442
2023,747,Thiemo de Bakker,35,9525,11063.817633885508
2023,748,Chukang Wang,24,9486,11018.516963258575
2023,749,Niki Kaliyanda Poonacha,28,9477,11008.062962344668
2023,750,Facundo Juarez,26,9454,10981.347182231348
2023,751,Yuta Kawahashi,25,9417,10938.369622918617
2023,752,Ray Ho,23,9396,10913.9769541195
2023,753,Hanyi Liu,22,9353,10864.030060864163
2023,754,Simon Anthony Ivanov,23,9303,10805.952278009121
2023,755,Sora Fukuda,26,9296,10797.821388409415
2023,756,Alec Beckley,22,9295,10796.659832752315
2023,757,Alejandro Hoyos,24,9286,10786.205831838408
2023,758,Juan Ignacio Londero,30,9280,10779.236497895801
2023,759,Ilia Simakin,20,9233,10724.643382012062
2023,760,Ryan Seggerman,24,9079,10545.763810818533
2023,761,Florian Broska,25,9078,10544.602255161431
2023,762,Jonathan Mridha,28,9070,10535.309809904626
2023,763,Grigoriy Lomakin,25,8975,10424.962022480046
2023,764,Shinji Hazawa,24,8972,10421.477355508743
2023,765,Arthur Reymond,24,8966,10414.508021566138
2023,766,Niels Visker,22,8930,10372.692017910507
2023,767,Ignacio Carou,24,8925,10366.884239625004
2023,768,Boris Butulija,24,8883,10318.098902026768
2023,769,Lewie Lane,22,8857,10287.898454942146
2023,770,Alexandros Skorilas,23,8816,10240.274673001011
2023,771,Marcel Zielinski,23,8795,10215.882004201894
2023,772,Patrick Brady,19,8781,10199.620225002482
2023,773,Johannes Haerteis,27,8773,10190.327779745676
2023,774,Xiaofei Wang,20,8706,10112.503550719919
2023,775,Calin Manda,25,8648,10045.133322608071
2023,776,Palaphoom Kovapitukted,24,8641,10037.002433008365
2023,777,Jimmy Yang,26,8627,10020.740653808953
2023,778,Wishaya Trongcharoenchaikul,28,8571,9955.693537011306
2023,779,Takuya Kumasaka,25,8539,9918.523755984079
2023,780,Alejandro Manzanera Pertusa,20,8499,9872.061529700046
2023,781,Peter Bertran,27,8498,9870.899974042944
2023,782,Alan Fernando Rubio Fierros,24,8493,9865.092195757441
2023,783,Brandon Walkin,29,8421,9781.460188446179
2023,784,Milos Karol,21,8378,9731.513295190844
2023,785,Tristan McCormick,24,8301,9642.073509594078
2023,786,Samir Hamza Reguig,21,8220,9547.98750136891
2023,787,Deney Wassermann,22,8217,9544.502834397608
2023,788,Justin Roberts,27,8212,9538.695056112105
2023,789,Fermin Tenti,26,8196,9520.110165598491
2023,790,Diego Fernandez Flores,23,8159,9477.132606285759
2023,791,Patrick Kaukovalta,25,8107,9416.731712116516
2023,792,Justin Barki,23,8101,9409.762378173911
2023,793,Enzo Wallart,26,8048,9348.199928347567
2023,794,Alexander Donski,25,8023,9319.161036920046
2023,795,Keisuke Saitoh,22,7991,9281.991255892819
2023,796,Lilian Marmousez,21,7967,9254.113920122398
2023,797,Mitsuki Wei Kang Leong,19,7966,9252.952364465298
2023,798,Ben Jones,25,7935,9216.94413909517
2023,799,Carlos Gimeno Valero,22,7918,9197.197692924457
2023,800,Andre Ilagan,23,7842,9108.919462984793
2023,801,Niklas Schell,24,7806,9067.103459329162
2023,802,Pierre Delage,22,7799,9058.972569729456
2023,803,Nicolas Tepmahc,22,7792,9050.841680129752
2023,804,Matthew William Donald,19,7791,9049.68012447265
2023,805,Aleksandre Metreveli,30,7774,9029.933678301935
2023,806,Philip Florig,20,7753,9005.541009502818
2023,807,Mateo Barreiros Reyes,23,7751,9003.217898188617
2023,808,Karan Singh,20,7730,8978.825229389498
2023,809,Erik Arutiunian,19,7692,8934.686114419666
2023,810,Jacob Fearnley,22,7665,8903.324111677945
2023,811,Calum Puttergill,30,7663,8901.001000363744
2023,812,Alejo Sanchez Quilez,18,7659,8896.35477773534
2023,813,Max Dahlin,17,7639,8873.123664593322
2023,814,Szymon Kielan,21,7507,8719.798317856012
2023,815,Benjamin Winter Lopez,25,7494,8704.6980943137
2023,816,Daniel Rodrigues,23,7477,8684.951648142986
2023,817,Luigi Sorrentino,25,7445,8647.78186711576
2023,818,Jack Pinnington Jones,20,7440,8641.974088830255
2023,819,Bruno Pujol Navarro,22,7423,8622.227642659542
2023,820,Max Wiskandt,21,7348,8535.110968376977
2023,821,Yunseok Jang,20,7311,8492.133409064247
2023,822,Dominik Kellovsky,27,7216,8381.785621639667
2023,823,Kosuke Ogura,27,7214,8379.462510325466
2023,824,Andrea Bacaloni,21,7210,8374.816287697062
2023,825,Nicola Kuhn,23,7207,8371.33162072576
2023,826,Juan Sebastian Gomez,31,7187,8348.100507583742
2023,827,Nicolas Alvarez Varona,22,7176,8335.323395355634
2023,828,Seydina Andre,20,7174,8333.00028404143
2023,829,Maxence Rivet,20,7143,8296.992058671305
2023,830,Keshav Chopra,22,7132,8284.214946443197
2023,831,Vito Tonejc,24,7131,8283.053390786095
2023,832,Giuseppe La Vela,23,7118,8267.953167243784
2023,833,Patrik Rikl,24,7104,8251.691388044374
2023,834,Aoran Wang,26,7096,8242.398942787566
2023,835,Riccardo Balzerani,25,6977,8104.173819592565
2023,836,Viktor Jovic,21,6976,8103.012263935465
2023,837,Gian Marco Moroni,25,6970,8096.04292999286
2023,838,Thomas Braithwaite,24,6917,8034.480480166515
2023,839,Ryan Harrison,31,6910,8026.34959056681
2023,840,Alessandro Pecci,22,6878,7989.1798095395825
2023,841,Pietro Marino,22,6865,7974.079585997271
2023,842,Massimo Giunta,19,6844,7949.686917198154
2023,843,Sean Cuenin,19,6813,7913.678691828028
2023,844,Samuele Pieri,21,6801,7899.740023942818
2023,845,Koray Kirci,25,6786,7882.316689086305
2023,846,Mariano Kestelboim,27,6779,7874.1857994865995
2023,847,Filippo Moroni,22,6731,7818.431127945759
2023,848,Tuncay Duran,19,6719,7804.492460060549
2023,849,Kody Pearson,24,6705,7788.230680861137
2023,850,John Sperle,21,6676,7754.545566805213
2023,851,Johannes Ingildsen,26,6651,7725.506675377692
2023,852,Siddharth Vishwakarma,29,6522,7575.665995611684
2023,853,Maxence Broville,24,6503,7553.596438126768
2023,854,Michiel De Krom,25,6453,7495.518655271725
2023,855,Francisco Rocha,24,6393,7425.825315845675
2023,856,Aidan Kim,19,6340,7364.26286601933
2023,857,Yeong-Seok Jeong,23,6326,7348.001086819919
2023,858,David Poljak,27,6326,7348.001086819919
2023,859,Dax Donders,23,6320,7341.031752877314
2023,860,Matias Zukas,27,6315,7335.22397459181
2023,861,Maxim Zhukov,18,6310,7329.416196306305
2023,862,Cash Hanzlik,21,6257,7267.85374647996
2023,863,Julio Cesar Porras,25,6248,7257.399745566053
2023,864,Nikolay Nedelchev,20,6230,7236.491743738238
2023,865,Tomas Lanik,21,6215,7219.068408881725
2023,866,Shunsuke Mitsui,21,6151,7144.728846827272
2023,867,Kristjan Tamm,25,6151,7144.728846827272
2023,868,Joao Eduardo Schiessl,19,6138,7129.628623284961
2023,869,François Musitelli,25,6104,7090.135730943532
2023,870,Manish Sureshkumar,24,6089,7072.712396087019
2023,871,Matthias Ujvary,19,6087,7070.3892847728175
2023,872,Yannik Steinegger,23,6087,7070.3892847728175
2023,873,Dylan Dietrich,19,6039,7014.634613231977
2023,874,Stefano Reitano,26,6036,7011.149946260674
2023,875,Alejo Lorenzo Lingua Lavallen,22,6033,7007.665279289372
2023,876,Jesse Flores,28,6002,6971.657053919246
2023,877,Michael Zhu,31,6001,6970.495498262146
2023,878,Jasza Szajrych,21,5973,6937.9719398633215
2023,879,Noah Schachter,24,5954,6915.9023823784055
2023,880,Juan Manuel La Serna,19,5953,6914.740826721305
2023,881,Paulo Andre Saraiva Dos Santos,23,5937,6896.155936207691
2023,882,Alex Martinez,22,5925,6882.217268322482
2023,883,Christian Sigsgaard,26,5906,6860.147710837566
2023,884,Franco Emanuel Egea,27,5888,6839.23970900975
2023,885,Ignacio Antonio Becerra Otarola,23,5863,6810.200817582229
2023,886,Bang Shuo Yin,24,5851,6796.26214969702
2023,887,Sheng Tang,23,5827,6768.384813926599
2023,888,Leo Vithoontien,24,5811,6749.799923412986
2023,889,Collin Altamirano,28,5807,6745.153700784582
2023,890,Aleksandre Bakshi,26,5792,6727.73036592807
2023,891,Kai Lemstra,24,5791,6726.568810270969
2023,892,Aleksandr Lobanov,22,5788,6723.084143299666
2023,893,Ishaque Eqbal,25,5786,6720.761031985465
2023,894,Simone Roncalli,27,5783,6717.276365014162
2023,895,Rrezart Cungu,25,5750,6678.945028329835
2023,896,Emile Hudd,23,5727,6652.229248216515
2023,897,Marcelo Zormann,27,5726,6651.067692559414
2023,898,Petr Bar Biryukov,21,5726,6651.067692559414
2023,899,Luke Simkiss,25,5709,6631.321246388699
2023,900,Guy Den Heijer,26,5699,6619.705689817692
2023,901,Arjun Kadhe,29,5642,6553.497017362944
2023,902,Niccolo Catini,26,5632,6541.881460791935
2023,903,Felix Corwin,27,5626,6534.91212684933
2023,904,Jake Van Emburgh,25,5584,6486.126789251095
2023,905,Tomas Curras Abasolo,23,5568,6467.5418987374815
2023,906,Samir Banerjee,20,5565,6464.057231766179
2023,907,Patrick Zahraj,24,5532,6425.725895081851
2023,908,Eero Vasa,26,5531,6424.56433942475
2023,909,Gian Matias Di Natale,26,5498,6386.233002740422
2023,910,Daniel Bagnolini,20,5453,6333.962998170885
2023,911,Manuel Mazza,24,5421,6296.793217143658
2023,912,Cyril Vandermeersch,24,5392,6263.108103087733
2023,913,Maik Steiner,29,5374,6242.2001012599185
2023,914,Louis Tessa,25,5361,6227.099877717607
2023,915,Marco Miceli,25,5348,6211.999654175296
2023,916,Gergely Madarasz,29,5261,6110.944312007523
2023,917,Alexandre Reco,24,5242,6088.874754522607
2023,918,Alexander Kotzen,23,5237,6083.066976237103
2023,919,Philip Henning,23,5205,6045.897195209876
2023,920,Daniel Antonio Nunez,22,5197,6036.60474995307
2023,921,Lucas Renard,31,5171,6006.404302868447
2023,922,Fernando Yamacita,26,5139,5969.23452184122
2023,923,Boris Pokotilov,26,5131,5959.942076584414
2023,924,Alexander Stater,24,5109,5934.387852128195
2023,925,Iliyan Radulov,18,5108,5933.226296471094
2023,926,Daniil Ostapenkov,20,5100,5923.933851214288
2023,927,Gabriele Bosio,23,5075,5894.894959786767
2023,928,Luca Fantini,23,5026,5837.978732588826
2023,929,Adit Sinha,20,4982,5786.870283676389
2023,930,Adam Neff,22,4958,5758.992947905968
2023,931,Ofek Shimanov,18,4915,5709.046054650632
2023,932,A.J. Catanzariti,28,4889,5678.845607566011
2023,933,Rafael Tosetto,24,4880,5668.391606652102
2023,934,Stefan Palosi,23,4869,5655.614494423993
2023,935,Rei Sakamoto,17,4867,5653.291383109792
2023,936,Harrison Adams,29,4847,5630.060269967775
2023,937,Alexander Binda,22,4838,5619.606269053867
2023,938,William Grant,22,4819,5597.536711568951
2023,939,Uisung Park,23,4810,5587.082710655044
2023,940,Jayden Court,23,4809,5585.921154997943
2023,941,Kalman L. Boyd,26,4771,5541.782040028112
2023,942,Ryotaro Taguchi,23,4749,5516.227815571892
2023,943,Karim-Mohamed Maamoun,32,4742,5508.096925972187
2023,944,Henrik Wiersholm,26,4732,5496.481369401178
2023,945,Mirko Martinez,25,4644,5394.2644715763045
2023,946,Federico Bondioli,18,4623,5369.8718027771865
2023,947,Henry Searle,17,4622,5368.710247120086
2023,948,Tauheed Browning,21,4601,5344.317578320968
2023,949,Pierre Yves Bailly,20,4534,5266.493349295212
2023,950,Axel Nefve,23,4517,5246.746903124497
2023,951,George Houghton,25,4505,5232.808235239288
2023,952,Luciano Carraro,25,4485,5209.577122097271
2023,953,Isaac Becroft,23,4484,5208.41556644017
2023,954,Fabien Salle,24,4468,5189.830675926556
2023,955,Maciej Rajski,32,4433,5149.176227928027
2023,956,Shintaro Imai,30,4432,5148.014672270926
2023,957,Oleksandr Ovcharenko,22,4418,5131.752893071514
2023,958,Aliaksandr Liaonenka,24,4376,5082.967555473279
2023,959,Fons Van Sambeek,21,4254,4941.257765306977
2023,960,Rimpei Kawakami,23,4192,4869.241314566724
2023,961,Sekou Bangoura,32,4051,4705.461966915505
2023,962,Bogdan Pavel,24,4030,4681.069298116388
2023,963,Amit Vales,18,3943,4580.013955948615
2023,964,Daniele Capecchi,28,3779,4389.518828184077
2023,965,Daniel De Jonge,24,3715,4315.179266129623
2023,966,Jeremy Beale,29,3685,4280.332596416598
2023,967,Elgin Khoeblal,22,3452,4009.6901283121024
2023,968,Guy Orly Iradukunda,27,3357,3899.3423408875224
2023,969,Matej Vocel,26,3157,3667.031209467354
2023,970,Matthias Bachinger,36,3100,3600.8225370126065
2024,1,Jannik Sinner,23,16914035,18229184.356040448
2024,2,Carlos Alcaraz,21,9850338,10616250.195255643
2024,3,Alexander Zverev,27,8839406,9526713.26338689
2024,4,Taylor Fritz,27,6915586,7453306.802549028
2024,5,Daniil Medvedev,28,5573010,6006338.919604753
2024,6,Casper Ruud,26,5010351,5399930.416808977
2024,7,Novak Djokovic,37,4421915,4765740.625565727
2024,8,Andrey Rublev,27,4067753,4384040.789311161
2024,9,Alex de Minaur,25,4041718,4355981.440095583
2024,10,Stefanos Tsitsipas,26,3392603,3656394.5583567666
2024,11,Grigor Dimitrov,33,3169105,3415518.490333594
2024,12,Tommy Paul,27,2912091,3138520.3885747064
2024,13,Ugo Humbert,26,2767446,2982628.5288747903
2024,14,Jack Draper,23,2707707,2918244.5279994523
2024,15,Hubert Hurkacz,27,2701708,2911779.076263549
2024,16,Frances Tiafoe,26,2699718,2909634.343982427
2024,17,Holger Rune,21,2673232,2881088.927300122
2024,18,Lorenzo Musetti,22,2646694,2852487.46736223
2024,19,Karen Khachanov,28,2413465,2601123.7662598644
2024,20,Alexei Popyrin,25,2301802,2480778.4191709794
2024,21,Ben Shelton,22,2222233,2395022.538328485
2024,22,Arthur Fils,20,2174206,2343261.203019225
2024,23,Sebastian Korda,24,1902107,2050005.1683655041
2024,24,Tomas Machac,24,1800531,1940531.135105601
2024,25,Felix Auger-Aliassime,24,1753111,1889423.9970298293
2024,26,Nicolas Jarry,29,1721544,1855402.507623716
2024,27,Francisco Cerundolo,26,1686753,1817906.3363712027
2024,28,Jordan Thompson,30,1683840,1814766.8363034101
2024,29,Sebastian Baez,24,1683092,1813960.6756268882
2024,30,Alejandro Tabilo,27,1648299,1776462.3488645444
2024,31,Matteo Arnaldi,23,1599342,1723698.701484208
2024,32,Tallon Griekspoor,28,1570029,1692106.4716568124
2024,33,Flavio Cobolli,22,1544117,1664179.6862957957
2024,34,Alexander Bublik,27,1527508,1646279.254910294
2024,35,Jiri Lehecka,23,1527318,1646074.481476418
2024,36,Tomas Martin Etcheverry,25,1452743,1565700.9086801151
2024,37,Zhizhen Zhang,28,1448941,1561603.2844927663
2024,38,Giovanni Mpetshi Perricard,21,1397441,1506098.9063632374
2024,39,Brandon Nakashima,23,1391107,1499272.406730763
2024,40,Nuno Borges,27,1375761,1482733.1798030785
2024,41,Jan-Lennard Struff,34,1309920,1411772.7184355776
2024,42,Adrian Mannarino,36,1308732,1410492.3455963954
2024,43,Miomir Kecmanovic,25,1306225,1407790.4140241484
2024,44,Gael Monfils,38,1305034,1406506.8079202208
2024,45,Fabian Marozsan,25,1270317,1369090.3905314277
2024,46,Cameron Norrie,29,1263998,1362280.0572226802
2024,47,Alejandro Davidovich Fokina,25,1217056,1311688.0859963435
2024,48,Alex Michelsen,20,1192328,1285037.3624548486
2024,49,Lorenzo Sonego,29,1169347,1260269.4767500972
2024,50,Denis Shapovalov,25,1138879,1227432.439995719
2024,51,Jakub Mensik,19,1136947,1225350.2174996752
2024,52,Roberto Bautista Agut,36,1131745,1219743.7364311353
2024,53,Marcos Giron,31,1111370,1197784.4800352296
2024,54,Juncheng Shang,19,1083923,1168203.3408794785
2024,55,Roman Safiullin,27,1049432,1131030.4961015063
2024,56,Luciano Darderi,22,1027095,1106956.6845621027
2024,57,Mariano Navone,23,1005889,1084101.8138317186
2024,58,Arthur Rinderknech,29,1002430,1080373.8595802614
2024,59,Roberto Carballes Baena,31,981230,1057525.455379368
2024,60,David Goffin,34,973915,1049641.6781751448
2024,61,Alexander Shevchenko,24,963622,1038548.3468336449
2024,62,Pedro Martinez,27,960850,1035560.8102088866
2024,63,Matteo Berrettini,28,917656,989008.2644044815
2024,64,Christopher O'Connell,30,913238,984246.7431894086
2024,65,Alexandre Muller,27,912510,983462.1376111892
2024,66,Botic van de Zandschulp,29,905495,975901.6868815068
2024,67,Jaume Munar,27,904013,974304.4540972746
2024,68,Pavel Kotov,26,897558,967347.5461200685
2024,69,Aleksandar Vukic,28,890517,959759.0737625926
2024,70,Sebastian Ofner,28,878443,946746.2609172347
2024,71,Thiago Seyboth Wild,24,875066,943106.6825688188
2024,72,Arthur Cazaux,22,870129,937785.80655279
2024,73,Borna Coric,28,870059,937710.3637087304
2024,74,Dusan Lajovic,34,850185,916291.0625253081
2024,75,Yoshihito Nishioka,29,823181,887187.3687969625
2024,76,Thanasi Kokkinakis,28,815852,879288.5030239273
2024,77,Daniel Altmaier,26,813689,876957.3191424871
2024,78,Rinky Hijikata,23,806579,869294.4816958668
2024,79,Zizou Bergs,25,773790,833955.9757834567
2024,80,Max Purcell,26,773141,833256.5128435332
2024,81,Taro Daniel,31,767225,826880.5147655858
2024,82,Aleksandar Kovacevic,26,739160,796633.3230722804
2024,83,Christopher Eubanks,28,732872,789856.4001659022
2024,84,Daniel Evans,34,724212,780523.0426008203
2024,85,Dominik Koepfer,30,714815,770395.3796632828
2024,86,Facundo Diaz Acosta,24,710179,765398.90787671
2024,87,Yannick Hanfmann,33,704099,758846.1579926803
2024,88,Hugo Gaston,24,703597,758305.1250252818
2024,89,Emil Ruusuvuori,25,703219,757897.7336673602
2024,90,Corentin Moutet,25,698154,752438.9050221939
2024,91,Fabio Fognini,37,698100,752380.7062567766
2024,92,Stan Wawrinka,39,683581,736732.78264391
2024,93,Marton Fucsovics,32,670589,722730.5907864568
2024,94,Sumit Nagal,27,668440,720414.4954738285
2024,95,Luca Van Assche,20,634733,684086.6105493233
2024,96,Laslo Djere,29,634279,683597.3098178513
2024,97,Quentin Halys,28,616179,664089.945853881
2024,98,Adam Walton,25,599313,645912.5314551891
2024,99,Luca Nardi,21,589328,635151.1486275514
2024,100,Gabriel Diallo,23,587565,633251.0667121657
2024,101,Maximilian Marterer,29,586935,632572.0811156298
2024,102,Federico Coria,32,585355,630869.2283497142
2024,103,Francisco Comesana,24,566517,610566.4812583731
2024,104,Daniel Elahi Galan,28,563463,607275.0177475463
2024,105,Thiago Monteiro,30,561875,605563.5429423096
2024,106,Kei Nishikori,35,543994,586292.2073047542
2024,107,James Duckworth,32,543657,585929.0038983532
2024,108,Mackenzie McDonald,29,542653,584846.9379635561
2024,109,Richard Gasquet,38,533369,574841.061331429
2024,110,Yunchaokete Bu,22,528475,569566.5287767511
2024,111,Constant Lestienne,32,508882,548450.0767244821
2024,112,Otto Virtanen,23,501164,540131.9642894588
2024,113,Mattia Bellucci,23,495055,533547.95951289
2024,114,Hamad Medjedovic,21,468177,504580.0629038517
2024,115,Jesper de Jong,24,459584,495318.91491808393
2024,116,Soonwoo Kwon,27,441949,476312.7069896521
2024,117,Pedro Cachin,29,434615,468408.4524420412
2024,118,Pablo Carreno Busta,33,427008,460209.970802598
2024,119,Hugo Grenier,28,412174,444222.5543914634
2024,120,Terence Atmane,22,411817,443837.7958867597
2024,121,Harold Mayot,22,396102,426900.87739538995
2024,122,Lucas Pouille,30,383886,413735.0233520827
2024,123,Lukas Klein,26,377898,407281.42692024546
2024,124,Benjamin Bonzi,28,373440,402476.795508567
2024,125,Billy Harris,29,369016,397708.8077640032
2024,126,Shintaro Mochizuki,21,366787,395306.49205816403
2024,127,Aslan Karatsev,31,362389,390566.5259413938
2024,128,Nicolas Moreno De Alboran,27,357696,385508.62212465826
2024,129,Zachary Svajda,22,356107,383796.0695645064
2024,130,Cristian Garin,28,349684,376873.6497445848
2024,131,Marin Cilic,36,347667,374699.81808075454
2024,132,Gregoire Barrere,30,343890,370629.13776628405
2024,133,Felipe Meligeni Alves,26,343593,370309.0445564885
2024,134,Albert Ramos-Vinolas,36,340793,367291.33079410635
2024,135,Vit Kopriva,27,336386,362541.6648830999
2024,136,Thiago Agustin Tirante,23,335991,362115.951691621
2024,137,Camilo Ugo Carabelli,25,334614,360631.88317347807
2024,138,Giulio Zeppieri,23,332920,358806.16634723684
2024,139,J.J. Wolf,26,326642,352040.02099001006
2024,140,Mikhail Kukushkin,37,325443,350747.7928467614
2024,141,Jozef Kovalik,32,318936,343734.8416139683
2024,142,Radu Albot,35,318249,342994.4239872696
2024,143,Rafael Nadal,38,301661,325116.62545498565
2024,144,Pierre-Hugues Herbert,33,296037,319055.33181225805
2024,145,Damir Dzumhur,32,292448,315187.2694218332
2024,146,Jan Choinski,28,290019,312569.40273296676
2024,147,Roman Andres Burruchaga,22,278834,300514.7140071652
2024,148,Dominic Thiem,31,270952,292019.8497660595
2024,149,Tristan Schoolkate,23,269561,290520.6926791046
2024,150,Jacob Fearnley,23,269205,290137.01192931604
2024,151,Patrick Kypson,25,269077,289999.0593001786
2024,152,Lloyd Harris,27,265184,285803.3594155523
2024,153,Dominic Stricker,22,264522,285089.88566173194
2024,154,Diego Schwartzman,32,261218,281528.983422121
2024,155,Joao Fonseca,18,253093,272772.2247366371
2024,156,Mitchell Krueger,30,252373,271996.2411977388
2024,157,Valentin Vacherot,26,251280,270818.25507549464
2024,158,Duje Ajdukovic,23,249572,268977.4496804415
2024,159,Maxime Cressy,27,249479,268877.21847333387
2024,160,Francesco Passaro,23,246883,266079.3667136395
2024,161,Henri Squire,24,246136,265274.28379203257
2024,162,Bernabe Zapata Miralles,27,245503,264592.0649307512
2024,163,Milos Raonic,34,243119,262022.69721306584
2024,164,Emilio Nava,23,241977,260791.90109997996
2024,165,Marco Trungelliti,34,241257,260015.9175610817
2024,166,Stefano Napolitano,29,239183,257780.65386708864
2024,167,Timofey Skatov,23,237580,256053.01273812487
2024,168,Reilly Opelka,27,236175,254538.76708235813
2024,169,Li Tu,28,235848,254186.34122510848
2024,170,Beibit Zhukayev,24,225998,243570.45531101417
2024,171,Jurij Rodionov,25,222121,239391.99950503002
2024,172,Juan Pablo Varillas,29,221525,238749.6575756087
2024,173,Alexander Ritschard,30,215985,232778.8953457526
2024,174,Paul Jubb,25,215055,231776.58327467568
2024,175,Hugo Dellien,31,214194,230848.63629274315
2024,176,Coleman Wong,20,213539,230142.70682332877
2024,177,Gustavo Heide,22,212730,229270.80309698335
2024,178,Alex Bolt,31,205964,221978.71334116993
2024,179,Facundo Bagnis,34,203626,219458.92234958083
2024,180,Abdullah Shelbayh,21,203305,219112.96302182204
2024,181,Matteo Gigante,22,202279,218007.186478892
2024,182,Benjamin Hassan,29,199827,215364.53142697734
2024,183,Andrea Vavassori,29,199530,215044.43821718183
2024,184,Elias Ymer,28,199065,214543.28218164336
2024,185,Denis Yevseyev,31,197898,213285.54219567907
2024,186,Marc Polmans,27,197218,212552.66885338628
2024,187,Alejandro Moro Canas,24,191424,206308.15687508552
2024,188,Kyrian Jacquet,23,189081,203782.97710892075
2024,189,Learner Tien,19,188800,203480.12797776738
2024,190,Dino Prizmic,19,188648,203316.30923066664
2024,191,Tomas Barrios Vera,27,187836,202441.17223957583
2024,192,Marc-Andrea Huesler,28,185031,199418.069702618
2024,193,Seongchan Hong,27,183045,197277.64844115695
2024,194,Sho Shimabukuro,27,182896,197117.0629588016
2024,195,Leandro Riedi,22,181903,196046.85232807108
2024,196,Filip Misolic,23,180077,194078.8718530319
2024,197,Titouan Droguet,23,172611,186032.35365662293
2024,198,Rudolf Molleker,24,171230,184543.97411881943
2024,199,Antoine Escoffier,32,171098,184401.7104700214
2024,200,Maks Kasnikowski,21,170194,183427.42002673805
2024,201,Yasutaka Uchiyama,32,169994,183211.86904371076
2024,202,Chun-Hsin Tseng,23,167085,180076.67999557874
2024,203,Yosuke Watanuki,26,164445,177231.40701961843
2024,204,Liam Broady,30,159675,172090.51607441742
2024,205,Yu Hsiou Hsu,25,159350,171740.24572699805
2024,206,Ugo Blanchet,25,158969,171329.62110433105
2024,207,Maxime Janvier,28,158601,170933.00729556085
2024,208,Omar Jasika,27,157188,169410.139600473
2024,209,Jerome Kym,21,156714,168899.2837706983
2024,210,Eliot Spizzirri,23,154020,165995.81202932063
2024,211,Juan Manuel Cerundolo,23,152815,164697.11735658115
2024,212,Jiri Vesely,31,151025,162767.93605848687
2024,213,Gijs Brouwer,28,150847,162576.09568359258
2024,214,Denis Kudla,32,149704,161344.22181559156
2024,215,Mark Lajal,21,148462,160005.65021099205
2024,216,Oriol Roca Batalla,31,148014,159522.81600901092
2024,217,James McCabe,21,147163,158605.64657622977
2024,218,Henrique Rocha,20,145274,156569.76754153697
2024,219,Jaime Faria,21,145016,156291.70677343177
2024,220,Kamil Majchrzak,28,145003,156277.695959535
2024,221,Benoit Paire,35,144336,155558.83343113895
2024,222,Zsombor Piros,25,141596,152605.784963665
2024,223,Ethan Quinn,20,141535,152540.04191384168
2024,224,Martin Landaluce,18,140951,151910.63304340196
2024,225,Tristan Boyer,23,138807,149599.92650534934
2024,226,Joris De Loore,31,138139,148879.9862220382
2024,227,Aziz Dougaz,27,137487,148177.2900173692
2024,228,Federico Agustin Gomez,28,137312,147988.68290722033
2024,229,Andrea Pellegrino,27,133266,143628.08652057813
2024,230,Dane Sweeny,23,132145,142419.92326071011
2024,231,Nick Hardt,24,129685,139768.64616947438
2024,232,Matteo Martineau,25,128703,138710.29084281035
2024,233,Valentin Royer,23,128395,138378.34232894832
2024,234,Charles Broom,26,125684,135456.54875401332
2024,235,Enzo Couacaud,29,124425,134099.6553158565
2024,236,Murkel Dellien,27,122960,132520.74436518157
2024,237,Dalibor Svrcina,22,121339,130773.70364774532
2024,238,Alibek Kachmazov,22,121314,130746.7597748669
2024,239,Daniel Rincon,21,120342,129699.18199735426
2024,240,Brandon Holt,26,119315,128592.32769950909
2024,241,Nishesh Basavareddy,19,119085,128344.4440690277
2024,242,Calvin Hemery,29,118792,128028.66187889272
2024,243,Martin Damm,21,118558,127776.46722875077
2024,244,Vilius Gaubas,20,115598,124586.31267994679
2024,245,Michael Mmoh,26,114154,123030.03458248972
2024,246,Oliver Crawford,25,113816,122665.75342117359
2024,247,Francesco Maestrelli,22,107808,116190.60189103361
2024,248,Stefano Travaglia,33,106859,115167.8124765691
2024,249,Henry Searle,18,103686,111748.09613084105
2024,250,Yi Zhou,19,103393,111432.31394070605
2024,251,Alexis Galarneau,25,101827,109744.54974360233
2024,252,Alexander Blockx,19,100481,108293.89162782863
2024,253,Arthur Fery,22,99736,107490.96421605194
2024,254,Juan Pablo Ficovich,27,95082,102475.09284100677
2024,255,Santiago Rodriguez Taverna,25,94022,101332.6726309621
2024,256,Pablo Llamas Ruiz,22,93856,101153.76531504944
2024,257,Dmitry Popko,28,92516,99709.57372876657
2024,258,Jason Kubler,31,92130,99293.56033152388
2024,259,Raphael Collignon,22,90235,97251.21476734025
2024,260,Javier Barranco Cosano,26,89201,96136.81618508913
2024,261,Vitaliy Sachko,27,89034,95956.83111426134
2024,262,Jules Marie,33,87413,94209.7903968251
2024,263,Alex Molcan,27,86943,93703.24558671097
2024,264,Mate Valkusz,26,85006,91615.6343160916
2024,265,Yibing Wu,25,84595,91172.67704597051
2024,266,Tung-Lin Wu,26,84336,90893.53852295016
2024,267,Nerman Fatic,30,84250,90800.85160024842
2024,268,Lukas Neumayer,22,84247,90797.61833550301
2024,269,Yuta Shimizu,25,84181,90726.48651110401
2024,270,Andrea Collarini,32,83145,89609.93241902262
2024,271,Illya Marchenko,37,81025,87325.09199893328
2024,272,Philip Sekulic,21,79081,85229.93644390797
2024,273,Clement Tabur,24,78463,84563.88390635361
2024,274,Adrian Andreev,23,78404,84500.29636636056
2024,275,Aidan Mayo,21,75998,81907.2180405422
2024,276,Geoffrey Blancaneaux,26,75160,81004.05942165782
2024,277,Franco Agamenone,31,73552,79271.02951811836
2024,278,Nicolas Kicker,32,72316,77938.92444300967
2024,279,Ivan Gakhov,28,71872,77460.40126068908
2024,280,Manuel Guinard,29,71183,76717.82812416005
2024,281,Ryan Peniston,29,70819,76325.52533505036
2024,282,Gonzalo Oliveira,29,70143,75596.9630124181
2024,283,Kimmer Coppejans,30,69802,75229.44858635656
2024,284,Borna Gojo,26,69643,75058.08555484987
2024,285,Jay Clarke,26,68641,73978.17512988311
2024,286,Alvaro Guillen Meza,21,68206,73509.35174179875
2024,287,Genaro Alberto Olivieri,26,66662,71845.29815282802
2024,288,Carlos Taberner,27,66232,71381.86353931933
2024,289,Gauthier Onclin,23,65438,70526.12613670097
2024,290,Nicolas Mejia,24,63298,68219.7306183089
2024,291,Nikoloz Basilashvili,32,63183,68095.78880306821
2024,292,Bernard Tomic,32,63030,67930.89230105233
2024,293,Elmer Moller,21,62875,67763.84028920617
2024,294,Joel Schwaerzler,18,62691,67565.53338482106
2024,295,Max Hans Rehberg,21,61393,66166.6075049739
2024,296,Filip Cristian Jianu,23,60622,65335.65846540368
2024,297,August Holmgren,26,60027,64694.39429089747
2024,298,Dennis Novak,31,59828,64479.92106278532
2024,299,Samuel Vincent Ruggeri,22,59571,64202.938049595235
2024,300,Egor Gerasimov,32,59420,64040.19705740963
2024,301,Yan Bai,35,59326,63938.8880953868
2024,302,Marco Cecchinato,32,59136,63734.11466151087
2024,303,Adolfo Daniel Vallejo,20,58936,63518.56367848357
2024,304,Rodrigo Pacheco Mendez,19,58926,63507.786129332206
2024,305,Fajing Sun,28,58528,63078.83967310789
2024,306,Federico Arnaboldi,24,57733,62222.02451557439
2024,307,Ignacio Buse,20,56652,61056.97145231185
2024,308,Dimitar Kuzmanov,31,55908,60255.121795450315
2024,309,Ramkumar Ramanathan,30,54921,59191.377694210605
2024,310,Gianluca Mager,30,54634,58882.062033566435
2024,311,James Trotter,25,53821,58005.84728756048
2024,312,Clement Chidekh,23,53369,57518.70206591879
2024,313,Darwin Blanch,17,52927,57042.334393428464
2024,314,Matej Dodig,19,52921,57035.867863937645
2024,315,Daniel Masur,30,52254,56317.00533554162
2024,316,Nikolas Sanchez Izquierdo,25,52016,56060.49966573913
2024,317,Federico Gaio,32,51843,55874.048065420524
2024,318,Enrico Dalla Valle,26,51533,55539.94404172822
2024,319,Gonzalo Bueno,20,51166,55144.40798787313
2024,320,Michael Geerts,29,49994,53881.27922733317
2024,321,Zdenek Kolar,28,49467,53313.30238705625
2024,322,Pol Martin Tiffon,25,49150,52971.65407895798
2024,323,David Jorda Sanchis,30,48444,52210.75910887163
2024,324,Raul Brancaccio,27,48336,52094.361578036885
2024,325,Ernesto Escobedo,28,48225,51974.73078245674
2024,326,Facundo Mena,32,47455,51144.85949780165
2024,327,Vasek Pospisil,34,47045,50702.979982595694
2024,328,Riccardo Bonadio,31,46992,50645.85897209346
2024,329,Liam Draxl,23,46509,50125.30334808254
2024,330,Alessandro Giannessi,34,45469,49004.438236340604
2024,331,Gastao Elias,34,45397,48926.839882450775
2024,332,Bruno Kuzuhara,20,45300,48822.29765568254
2024,333,Matheus Pucinelli De Almeida,23,45166,48677.87849705425
2024,334,Mateus Alves,23,44896,48386.884669967396
2024,335,Robin Bertrand,21,44723,48200.43306964879
2024,336,Rio Noguchi,26,43857,47267.09731314059
2024,337,Matias Soto,25,43806,47212.13181246864
2024,338,Jack Pinnington Jones,21,42848,46179.64260376789
2024,339,Laurent Lokoli,30,42453,45753.92941228898
2024,340,Felix Gill,22,42451,45751.773902458706
2024,341,Filip Krajinovic,32,42415,45712.97472551379
2024,342,Gabriel Debru,19,41692,44933.757921870114
2024,343,George Loffhagen,23,41571,44803.3495771386
2024,344,Giovanni Fonio,26,41520,44748.38407646664
2024,345,Khumoyun Sultanov,26,41163,44363.62557176292
2024,346,Alexey Vatutin,32,40920,44101.73112738475
2024,347,Edward Winter,20,40713,43878.6358599515
2024,348,Remy Bertola,26,40522,43672.784671160436
2024,349,Mili Poljicak,20,40055,43169.4731257917
2024,350,Vadym Ursu,27,39996,43105.88558579865
2024,351,Jie Cui,26,39979,43087.56375224132
2024,352,Renzo Olivo,32,39085,42124.050858109316
2024,353,Edas Butvilas,20,39053,42089.56270082494
2024,354,Lorenzo Giustino,33,38289,41266.15794566068
2024,355,Pedro Sakamoto,31,38118,41081.861855172334
2024,356,Sebastian Fanselow,33,38110,41073.239815851244
2024,357,Karue Sell,31,38051,41009.65227585819
2024,358,Ergi Kirkin,25,37600,40523.584809131644
2024,359,Kris Van Wyk,28,37518,40435.20890609045
2024,360,Gerard Campana Lee,20,37239,40134.515284767374
2024,361,Juan Bautista Torres,22,37210,40103.26039222841
2024,362,Justin Engel,17,37054,39935.13062546712
2024,363,Steven Diez,33,36978,39853.22125191675
2024,364,Andrea Picchione,26,36623,39470.6182570433
2024,365,Marko Topo,21,36347,39173.15790046563
2024,366,Jacopo Berrettini,26,36189,39002.87262387407
2024,367,Hady Habib,26,35957,38752.833483562405
2024,368,Martin Klizan,35,35071,37797.94262875148
2024,369,Rigele Te,27,35063,37789.32058943039
2024,370,Guy Den Ouden,22,35046,37770.99875587307
2024,371,Anton Matusevich,23,35020,37742.977128079525
2024,372,Toby Kodat,21,34381,37054.291737307314
2024,373,Thai-Son Kwiatkowski,29,34039,36685.699556330634
2024,374,Mukund Sasikumar,27,33695,36314.95186552369
2024,375,Hazem Naw,24,33626,36240.58677637927
2024,376,Jelle Sels,29,33610,36223.342697737084
2024,377,Sandro Kopp,24,33575,36185.62127570731
2024,378,Alexander Weis,27,33496,36100.47863741153
2024,379,Luka Mikrut,20,33491,36095.08986283585
2024,380,Mathys Erhard,23,33253,35838.58419303336
2024,381,Frederico Ferreira Silva,29,33165,35743.741760501354
2024,382,Nicholas David Ionel,22,33104,35677.998710678025
2024,383,Kaylan Bigun,18,32700,35242.58572496289
2024,384,Ricardas Berankis,34,32665,35204.864302933114
2024,385,Carlos Sanchez Jover,24,32488,35014.10168295396
2024,386,Stuart Parker,27,32050,34542.04503012418
2024,387,Daniel Merida,20,32029,34519.41217690631
2024,388,Blake Ellis,25,31932,34414.869950138076
2024,389,Daniel Dutra da Silva,36,31854,34330.80506675743
2024,390,Juan Carlos Prado Angelo,19,31844,34320.02751760606
2024,391,Kaichi Uchida,30,31788,34259.67324235842
2024,392,Joao Lucas Reis Da Silva,24,31663,34124.95387796636
2024,393,Cezar Cretu,23,31488,33936.34676781748
2024,394,Michael Vrbensky,25,31451,33896.469835957425
2024,395,Tristan Lamasine,31,31428,33871.68147290929
2024,396,Benjamin Lock,31,31405,33846.89310986115
2024,397,Michael Zheng,20,31221,33648.58620547604
2024,398,Alexey Zakharov,24,31002,33412.55787906115
2024,399,Matthew Dellavedova,24,30511,32883.380215729136
2024,400,Nicolas Alvarez Varona,23,30415,32779.91574387603
2024,401,Stefanos Sakellaridis,20,30371,32732.49452761003
2024,402,Arthur Gea,19,29681,31988.843636165857
2024,403,Pavle Marinkov,18,29068,31328.179873187197
2024,404,Maxime Chazal,31,28966,31218.248871843272
2024,405,Marek Gengel,29,28847,31089.996036942033
2024,406,Hiroki Moriya,34,28798,31037.186046100345
2024,407,Mika Brunold,20,28782,31019.941967458162
2024,408,Stefan Kozlov,26,28360,30565.129393270567
2024,409,Kiranpal Pannu,27,28331,30533.87450073161
2024,410,Alex Marti Pujolras,25,28282,30481.064509889922
2024,411,Corentin Denolly,27,28247,30443.343087860147
2024,412,Eliakim Coulibaly,22,28115,30301.07943906213
2024,413,Jakub Nicod,20,28004,30181.44864348198
2024,414,Giovanni Oradini,27,27677,29829.02278623235
2024,415,Leo Borg,21,27649,29798.84564860853
2024,416,Max Houkes,24,27627,29775.13504047553
2024,417,Kasidit Samrej,23,27214,29330.02226052416
2024,418,Kyle Edmund,29,27083,29188.836366641284
2024,419,Franco Roncadelli,24,26858,28946.341510735576
2024,420,Chris Rodesch,23,26655,28727.55726296287
2024,421,Murphy Cassone,22,26580,28646.725644327635
2024,422,Linang Xiao,24,26406,28459.196289093885
2024,423,Masamichi Imamura,26,26269,28311.54386572019
2024,424,Hayden Jones,18,26101,28130.481039977258
2024,425,Mathias Bourgue,30,26033,28057.193705747977
2024,426,Ryan Seggerman,25,25991,28011.927999312247
2024,427,Oleksandr Ovcharenko,23,25978,27997.917185415474
2024,428,Viktor Durasovic,27,25813,27820.087624417953
2024,429,Oscar Otte,31,25772,27775.899672897358
2024,430,Gonzalo Villanueva,29,25755,27757.577839340036
2024,431,Daniel Michalski,24,25289,27255.344048886436
2024,432,Orlando Luz,26,25110,27062.425919077006
2024,433,Marat Sharipov,22,25051,26998.838379083954
2024,434,Ryan Nijboer,25,24998,26941.71736858172
2024,435,Luka Pavlovic,24,24863,26796.220455038296
2024,436,Oleg Prihodko,27,24719,26641.023747258645
2024,437,Jonas Forejtek,23,24549,26457.805411685444
2024,438,Luciano Emanuel Ambrogi,21,24303,26192.67770256187
2024,439,Ilia Simakin,21,24059,25929.705503268568
2024,440,Norbert Gombos,34,23936,25797.14164870678
2024,441,Nicola Kuhn,24,23859,25714.15452024127
2024,442,Marvin Moeller,25,23771,25619.312087709262
2024,443,Jakub Paul,25,23573,25405.91661451224
2024,444,Giles Hussey,27,23286,25096.60095386807
2024,445,Blake Mott,28,23250,25057.801776923156
2024,446,Naoki Nakagawa,28,23058,24850.872833216952
2024,447,Miguel Damas,25,23038,24829.31773491422
2024,448,Max Alcala Gurri,22,22966,24751.719381024395
2024,449,Lucas Poullain,29,22892,24671.965517304296
2024,450,Christian Langmo,28,22684,24447.79249495591
2024,451,Bor Artnak,20,22385,24125.5437753301
2024,452,Sascha Gueymard Wayenburg,21,22328,24064.11174516732
2024,453,Blaise Bicknell,23,22274,24005.91297974995
2024,454,Saba Purtseladze,23,22252,23982.20237161695
2024,455,Neil Oberleitner,25,22251,23981.12461670181
2024,456,Valerio Aboian,22,22239,23968.191557720176
2024,457,Colton Smith,21,22231,23959.569518399083
2024,458,Dan Added,25,21808,23503.679189296352
2024,459,Gabriele Pennaforti,24,21782,23475.6575615028
2024,460,Hernan Casanova,30,21685,23371.115334734564
2024,461,Aidan McHugh,24,21587,23265.49535305119
2024,462,Adria Soriano Barrera,25,21533,23207.29658763382
2024,463,Moez Echargui,31,21509,23181.430469670544
2024,464,Andre Ilagan,24,21475,23144.786802555904
2024,465,Andres Martin,23,21272,22926.002554783197
2024,466,Johannus Monday,22,21156,22800.982984627368
2024,467,Duarte Vale,25,21121,22763.26156259759
2024,468,Pedro Araujo,22,21004,22637.16423752662
2024,469,Tennys Sandgren,33,20890,22514.300177201065
2024,470,Evgenii Tiurnev,27,20821,22439.935088056645
2024,471,Louis Wessels,26,20787,22403.291420942005
2024,472,Roberto Cid Subervi,31,20633,22237.317164010987
2024,473,Lilian Marmousez,22,20536,22132.77493724275
2024,474,Bogdan Bobrov,27,20335,21916.146199300318
2024,475,Evgeny Karlovskiy,30,20319,21898.902120658135
2024,476,Omni Kumar,23,20308,21887.04681659163
2024,477,Rei Sakamoto,18,20194,21764.182756266073
2024,478,Lautaro Midon,20,20166,21734.00561864225
2024,479,Tom Gentzsch,21,20154,21721.072559660613
2024,480,Philip Henning,24,20122,21686.584402376247
2024,481,Gabriele Piraino,21,20105,21668.262568818926
2024,482,Arthur Bouquier,24,20090,21652.096245091878
2024,483,Yanki Erel,24,20059,21618.685842722647
2024,484,Antoine Bellier,28,20035,21592.819724759374
2024,485,Carlos Lopez Montagud,24,20006,21561.564832220414
2024,486,Gianluca Cadenasso,20,19990,21544.32075357823
2024,487,Luke Saville,30,19947,21497.977292227362
2024,488,Mikalai Haliak,26,19919,21467.80015460354
2024,489,Milos Karol,22,19917,21465.644644773267
2024,490,Martin Krumich,22,19810,21350.324868853666
2024,491,Petr Bar Biryukov,22,19735,21269.493250218427
2024,492,Alexis Gautier,27,19536,21055.02002210627
2024,493,Federico Cina,17,19452,20964.488609234806
2024,494,Alejo Lorenzo Lingua Lavallen,23,19323,20825.4582251822
2024,495,Hynek Barton,20,19317,20818.99169569138
2024,496,Eric Vanshelboim,23,19237,20732.77130248046
2024,497,Govind Nanda,23,19127,20614.218261815447
2024,498,Nino Serdarusic,28,18850,20315.680150322645
2024,499,Jake Delaney,27,18778,20238.081796432816
2024,500,Kokoro Isomura,21,18723,20178.805276100313
2024,501,Dominik Palan,24,18686,20138.928344240263
2024,502,Yusuke Takahashi,27,18683,20135.695079494853
2024,503,Petr Nesterov,21,18595,20040.85264696284
2024,504,Lukas Pokorny,22,18514,19953.554498836787
2024,505,Evgeny Donskoy,34,18512,19951.398989006513
2024,506,Pedro Boscardin Dias,21,18507,19946.010214430833
2024,507,Marcello Serafini,22,18204,19619.45047514448
2024,508,Mohamed Safwat,34,18174,19587.117827690385
2024,509,Michael Agwi,21,18142,19552.629670406015
2024,510,Patrick Zahraj,25,18142,19552.629670406015
2024,511,Jacob Bradshaw,22,18112,19520.297022951923
2024,512,Strong Kirchheimer,29,18091,19497.664169734056
2024,513,Altug Celikbilek,28,18036,19438.38764940155
2024,514,Daniil Glinka,24,18012,19412.521531438273
2024,515,Tiago Pereira,20,17930,19324.145628397084
2024,516,Elliot Benchetrit,26,17919,19312.29032433058
2024,517,Alessandro Pecci,23,17811,19195.89279349584
2024,518,Peter Bertran,28,17770,19151.704841975246
2024,519,Jose Pereira,33,17738,19117.21668469088
2024,520,Damien Wenger,24,17709,19085.96179215192
2024,521,Tommaso Compagnucci,25,17661,19034.22955622537
2024,522,Lucas Gerch,30,17642,19013.752212837775
2024,523,Karan Singh,21,17585,18952.320182674997
2024,524,Edoardo Lavagno,26,17563,18928.609574541995
2024,525,Christoph Negritu,30,17526,18888.732642681945
2024,526,Mats Rosenkranz,26,17511,18872.566318954898
2024,527,Alafia Ayeni,25,17440,18796.045719980208
2024,528,Yurii Dzhavakian,31,17390,18742.157974223384
2024,529,Micah Braswell,23,17270,18612.827384407006
2024,530,Andrew Paulson,23,17168,18502.896383063086
2024,531,Shintaro Imai,31,17057,18383.265587482936
2024,532,Michiel De Krom,26,17025,18348.77743019857
2024,533,Robert Strombachs,25,16994,18315.36702782934
2024,534,Adam Neff,23,16944,18261.479282072512
2024,535,Max Wiskandt,22,16748,18050.239318705764
2024,536,Guido Ivan Justo,27,16746,18048.08380887549
2024,537,Joao Domingues,31,16739,18040.539524469536
2024,538,Kirill Kivattsev,27,16692,17989.88504345812
2024,539,Alejo Sanchez Quilez,19,16678,17974.79647464621
2024,540,Guido Andreozzi,33,16667,17962.94117057971
2024,541,Stefan Dostanic,23,16592,17882.10955194447
2024,542,Alberto Barroso Campos,28,16454,17733.37937365564
2024,543,Yshai Oliel,24,16436,17713.979785183183
2024,544,Federico Iannaccone,25,16393,17667.636323832314
2024,545,Tomas Farjat,23,16365,17637.459186208493
2024,546,Ryuki Matsuda,25,16365,17637.459186208493
2024,547,Dan Alexandru Tomescu,25,16342,17612.67082316035
2024,548,Aleksandre Bakshi,27,16187,17445.618811314198
2024,549,Oleksii Krutykh,24,16178,17435.91901707797
2024,550,Yanaki Milev,20,16050,17297.9663879405
2024,551,Stefan Popovic,21,16020,17265.633740486406
2024,552,Branko Djuric,19,15911,17148.15845473653
2024,553,Andrea Guerrieri,26,15648,16864.708912055637
2024,554,Taha Baadi,23,15570,16780.64402867499
2024,555,Niels Visker,23,15446,16647.002419198066
2024,556,Federico Bondioli,19,15403,16600.658957847198
2024,557,Moerani Bouzige,25,15227,16410.974092783177
2024,558,Florent Bax,25,15213,16395.88552397127
2024,559,Egor Agafonov,22,15195,16376.485935498811
2024,560,Takuya Kumasaka,26,15192,16373.252670753402
2024,561,Olaf Pieczkowski,20,15190,16371.097160923127
2024,562,Nick Chappell,32,15143,16320.442679911714
2024,563,Henry Bernet,17,15103,16277.332483306254
2024,564,Mariano Kestelboim,28,15034,16202.967394161837
2024,565,Joao Eduardo Schiessl,20,14970,16133.991079593103
2024,566,Nikolay Vylegzhanin,24,14878,16034.837627400546
2024,567,Alan Fernando Rubio Fierros,25,14838,15991.727430795087
2024,568,Tim Handel,28,14831,15984.183146389132
2024,569,Wishaya Trongcharoenchaikul,29,14698,15840.84174267598
2024,570,Yaroslav Demin,19,14693,15835.452968100299
2024,571,Mitsuki Wei Kang Leong,20,14689,15831.141948439752
2024,572,Arthur Weber,32,14633,15770.78767319211
2024,573,Svyatoslav Gulin,22,14629,15766.476653531563
2024,574,Kenny De Schepper,37,14609,15744.921555228833
2024,575,Pawel Juszczak,30,14585,15719.055437265559
2024,576,Orel Kimhi,21,14486,15612.357700667046
2024,577,Cannon Kingsley,23,14443,15566.014239316179
2024,578,Patrick Maloney,24,14434,15556.31444507995
2024,579,Liam Gavrielides,20,14428,15549.847915589131
2024,580,Stijn Slump,25,14410,15530.448327116674
2024,581,Ajeet Rai,25,14286,15396.80671763975
2024,582,Adrian Oetzbach,27,14263,15372.018354591612
2024,583,Dominik Kellovsky,28,14179,15281.486941720148
2024,584,Gianmarco Ferrari,24,14167,15268.55388273851
2024,585,Mario Gonzalez Fernandez,22,14151,15251.309804096325
2024,586,Ye Cong Mo,24,14147,15246.99878443578
2024,587,Elmar Ejupovic,31,14105,15201.733078000048
2024,588,Antoine Ghibaudo,19,13997,15085.335547165309
2024,589,Stefan Palosi,24,13993,15081.024527504762
2024,590,Buvaysar Gadamauri,24,13992,15079.946772589625
2024,591,Arthur Reymond,25,13987,15074.557998013943
2024,592,Juan Pablo Paz,29,13986,15073.480243098807
2024,593,Tristan McCormick,25,13946,15030.370046493348
2024,594,Sebastian Gima,22,13941,15024.981271917664
2024,595,Mirza Basic,33,13916,14998.037399039253
2024,596,Garrett Johns,24,13868,14946.305163112702
2024,597,Aziz Ouakaa,25,13798,14870.862319053149
2024,598,Constantin Bittoun Kouzmine,25,13599,14656.38909094099
2024,599,Gilles Arnaud Bailly,19,13569,14624.056443486894
2024,600,Eduardo Ribeiro,26,13558,14612.201139420393
2024,601,Alex Rybakov,27,13521,14572.324207560343
2024,602,Peter Fajta,22,13460,14506.581157737019
2024,603,Emilien Demanet,19,13433,14477.481775028333
2024,604,Johan Nikles,27,13419,14462.393206216422
2024,605,Tsung-Hao Huang,25,13341,14378.328322835778
2024,606,Iliyan Radulov,19,13326,14362.16199910873
2024,607,Andrej Martin,35,13301,14335.218126230318
2024,608,Nicolai Budkov Kjaer,18,13261,14292.107929624859
2024,609,Harrison Adams,30,13188,14213.431820819897
2024,610,Cem Ilkel,29,13161,14184.33243811121
2024,611,Sergey Fomin,23,13145,14167.088359469028
2024,612,Tibo Colson,24,13100,14118.589388287886
2024,613,Francisco Rocha,25,13070,14086.25674083379
2024,614,Joao Sousa,35,13069,14085.178985918654
2024,615,Lucas Bouquet,27,13006,14017.280426265057
2024,616,Harry Wendelken,23,12910,13913.815954411953
2024,617,Viacheslav Bielinskyi,21,12832,13829.751071031309
2024,618,Daniel Cukierman,29,12830,13827.595561201037
2024,619,Mae Malige,18,12740,13730.597618838752
2024,620,Tyler Zink,23,12710,13698.264971384659
2024,621,Keegan Smith,26,12695,13682.09864765761
2024,622,Emile Hudd,24,12677,13662.699059185155
2024,623,Felix Corwin,28,12666,13650.843755118653
2024,624,Inaki Montes-De La Torre,22,12592,13571.089891398553
2024,625,David Pichler,28,12579,13557.07907750178
2024,626,Hikaru Shiraishi,24,12508,13480.55847852709
2024,627,Sanhui Shin,27,12456,13424.515222939992
2024,628,Igor Gimenez,24,12256,13208.964239912697
2024,629,Hamish Stewart,25,12231,13182.020367034285
2024,630,Maxence Beauge,24,12107,13048.37875755736
2024,631,Ben Jones,26,12103,13044.067737896816
2024,632,Imanol Lopez Morillo,25,12102,13042.989982981679
2024,633,Sebastian Sorger,19,12063,13000.957541291356
2024,634,Alex Martinez,23,12045,12981.5579528189
2024,635,Peter Buldorini,20,11969,12899.648579268527
2024,636,Filip Peliwo,30,11953,12882.404500626342
2024,637,Woobin Shin,20,11781,12697.030655222869
2024,638,Diego Fernandez Flores,24,11765,12679.786576580686
2024,639,Leonardo Aboian,26,11737,12649.609438956864
2024,640,Alec Beckley,23,11731,12643.142909466045
2024,641,Eero Vasa,27,11706,12616.199036587632
2024,642,Martyn Pawelski,20,11699,12608.654752181677
2024,643,Thanapet Chanta,25,11682,12590.332918624357
2024,644,Wilson Leite,33,11667,12574.16659489731
2024,645,Dusan Obradovic,23,11487,12380.170710172744
2024,646,Vladyslav Orlov,29,11473,12365.082141360834
2024,647,Ilya Snitari,22,11472,12364.004386445697
2024,648,Louis Dussin,25,11468,12359.69336678515
2024,649,Marius Copil,34,11466,12357.537856954877
2024,650,Trevor Svajda,18,11383,12268.08419899855
2024,651,Peter Heller,32,11378,12262.695424422867
2024,652,Evan Furness,26,11311,12190.485845108724
2024,653,Nam Hoang Ly,27,11258,12133.36483460649
2024,654,Mariano Tammaro,20,11240,12113.965246134034
2024,655,Bautista Vilicich,23,11233,12106.420961728078
2024,656,Ryotaro Taguchi,24,11198,12068.6995396983
2024,657,Antoine Cornut-Chauvinc,24,11177,12046.066686480435
2024,658,Keisuke Saitoh,23,11142,12008.345264450658
2024,659,Sergi Perez Contri,26,11133,11998.64547021443
2024,660,Diego Augusto Barreto Sanchez,22,11059,11918.89160649433
2024,661,Alex Knaff,27,11059,11918.89160649433
2024,662,Jacob Brumm,26,11023,11880.092429549417
2024,663,Julio Cesar Porras,26,10917,11765.85040854495
2024,664,Juan Estevez,19,10897,11744.29531024222
2024,665,Nathan Ponwith,26,10832,11674.241240758349
2024,666,Nicolas Zanellato,22,10768,11605.264926189615
2024,667,Dali Blanch,21,10762,11598.798396698796
2024,668,Facundo Juarez,27,10750,11585.865337717158
2024,669,Theo Papamalamis,18,10684,11514.73351331815
2024,670,Antoine Hoang,29,10665,11494.256169930557
2024,671,Alex Barrena,22,10607,11431.746384852642
2024,672,Alexander Binda,23,10586,11409.113531634775
2024,673,S D Prajwal Dev,28,10581,11403.724757059093
2024,674,Radu Mihai Papoe,22,10564,11385.402923501773
2024,675,Fabrizio Andaloro,23,10553,11373.547619435272
2024,676,Quinn Vandecasteele,22,10550,11370.314354689863
2024,677,Niccolo Catini,27,10507,11323.970893338994
2024,678,Zura Tkemaladze,24,10481,11295.949265545445
2024,679,Aryan Shah,19,10458,11271.160902497306
2024,680,Simon Beaupain,25,10437,11248.528049279439
2024,681,Amr Elsayed,25,10395,11203.262342843707
2024,682,Alastair Gray,26,10385,11192.484793692343
2024,683,Marlon Vankan,24,10362,11167.696430644204
2024,684,Luca Castagnola,22,10313,11114.886439802516
2024,685,Lorenzo Carboni,18,10296,11096.564606245196
2024,686,Florian Broska,26,10270,11068.542978451647
2024,687,Yun seong Chung,26,10266,11064.231958791102
2024,688,Colin Sinclair,30,10212,11006.033193373733
2024,689,Maxence Rivet,21,10211,11004.955438458595
2024,690,Maximilian Neuchrist,33,10182,10973.700545919637
2024,691,Juan Manuel La Serna,20,10171,10961.845241853136
2024,692,Lorenzo Joaquin Rodriguez,25,10128,10915.501780502267
2024,693,Noah Schachter,25,10127,10914.424025587132
2024,694,Samir Hamza Reguig,22,10098,10883.169133048174
2024,695,Evan Zhu,26,10094,10878.858113387627
2024,696,Yuki Mochizuki,27,10090,10874.547093727082
2024,697,JiSung Nam,31,10076,10859.458524915171
2024,698,Johan Alexander Rodriguez,21,9992,10768.927112043706
2024,699,Carlos Gimeno Valero,23,9967,10741.983239165294
2024,700,Mateo Barreiros Reyes,24,9958,10732.283444929066
2024,701,John Sperle,22,9942,10715.039366286883
2024,702,Alex Hernandez,25,9941,10713.961611371746
2024,703,Kilian Feldbausch,19,9870,10637.441012397056
2024,704,William Grant,23,9849,10614.808159179189
2024,705,Gerald Melzer,34,9849,10614.808159179189
2024,706,Maik Steiner,30,9801,10563.075923252638
2024,707,Alejandro Manzanera Pertusa,21,9752,10510.265932410952
2024,708,Denis Klok,26,9718,10473.622265296312
2024,709,Deney Wassermann,23,9708,10462.844716144946
2024,710,Maximus Jones,20,9697,10450.989412078445
2024,711,Alexandre Reco,25,9690,10443.445127672489
2024,712,Leonardo Rossi,22,9682,10434.823088351397
2024,713,Kenta Miyoshi,20,9672,10424.045539200033
2024,714,Dev Javia,22,9648,10398.179421236757
2024,715,Samuele Pieri,22,9643,10392.790646661075
2024,716,Lorenzo Rottoli,22,9566,10309.803518195566
2024,717,Aristotelis Thanos,23,9560,10303.336988704747
2024,718,Albert Pedrico Kravtsov,19,9523,10263.460056844697
2024,719,Jack Loge,20,9507,10246.215978202514
2024,720,Thomas Fancutt,29,9491,10228.97189956033
2024,721,John Echeverria,23,9385,10114.729878555863
2024,722,Filippo Romano,19,9378,10107.185594149907
2024,723,Ezekiel Clark,26,9375,10103.952329404498
2024,724,Maxwell Mckennon,22,9334,10059.764377883903
2024,725,Makoto Ochi,28,9317,10041.442544326583
2024,726,Joshua Sheehy,27,9305,10028.509485344945
2024,727,Matt Hulme,25,9285,10006.954387042215
2024,728,Gergely Madarasz,30,9281,10002.643367381668
2024,729,Massimo Giunta,20,9265,9985.399288739485
2024,730,Franco Ribero,25,9248,9967.077455182165
2024,731,Maxence Bertimon,25,9217,9933.667052812934
2024,732,Alexandre Aubriot,25,9166,9878.701552140974
2024,733,Paulo Andre Saraiva Dos Santos,24,9072,9777.392590118145
2024,734,Grigoriy Lomakin,26,9060,9764.459531136506
2024,735,Max Basing,22,9027,9728.893618937003
2024,736,Noah Perfetti,23,9019,9720.271579615912
2024,737,Enzo Wallart,27,9005,9705.183010804001
2024,738,Ozan Baris,20,8998,9697.638726398045
2024,739,Andrej Nedic,20,8974,9671.77260843477
2024,740,Axel Garcian,22,8974,9671.77260843477
2024,741,Siddharth Vishwakarma,30,8959,9655.606284707723
2024,742,Bogdan Pavel,25,8955,9651.295265047176
2024,743,Aleksandr Braynin,25,8919,9612.496088102263
2024,744,Kosuke Ogura,28,8875,9565.074871836257
2024,745,Leo Vithoontien,25,8874,9563.997116921122
2024,746,Giuseppe La Vela,24,8757,9437.899791850154
2024,747,Filip Jeff Planinsek,23,8698,9374.312251857102
2024,748,Michele Ribecai,21,8692,9367.845722366283
2024,749,Savva Polukhin,26,8516,9178.160857302262
2024,750,Aidan Kim,20,8509,9170.616572896306
2024,751,Jesse Delaney,26,8473,9131.817395951393
2024,752,Oscar Jose Gutierrez,31,8458,9115.651072224346
2024,753,Ignacio Monzon,26,8452,9109.184542733527
2024,754,Juan Bautista Otegui,25,8431,9086.551689515662
2024,755,Dan  Martin,25,8411,9064.996591212932
2024,756,Peter Benjamin Privara,20,8396,9048.830267485884
2024,757,Adhithya Ganesan,19,8313,8959.376609529556
2024,758,Ewen Lumsden,24,8294,8938.899266141963
2024,759,Patrick Kaukovalta,26,8282,8925.966207160325
2024,760,Samir Banerjee,21,8264,8906.56661868787
2024,761,Axel Nefve,24,8263,8905.488863772733
2024,762,Andrew Fenty,24,8261,8903.33335394246
2024,763,Ivan Marrero Curbelo,26,8250,8891.47804987596
2024,764,Matthew William Donald,20,8244,8885.01152038514
2024,765,Trey Hilderbrand,24,8235,8875.311726148911
2024,766,Ioan Alexandru Chirita,22,8212,8850.523363100772
2024,767,Erik Arutiunian,20,8160,8794.480107513675
2024,768,Carlo Alberto Caniato,19,8126,8757.836440399034
2024,769,Loann Massard,19,8107,8737.359097011442
2024,770,Joaquin Aguilar Cardozo,19,8087,8715.803998708712
2024,771,Daniel Antonio Nunez,23,8079,8707.18195938762
2024,772,Skander Mansouri,29,7998,8619.883811261565
2024,773,Timo Legout,22,7985,8605.872997364791
2024,774,Adam Heinonen,22,7934,8550.907496692831
2024,775,Michael Zhu,32,7908,8522.885868899282
2024,776,Juan Sebastian Gomez,32,7848,8458.220573991093
2024,777,Blaz Rola,34,7843,8452.831799415411
2024,778,Preston Brown,23,7841,8450.676289585139
2024,779,Louis Tessa,26,7780,8384.933239761813
2024,780,Niklas Schell,25,7751,8353.678347222854
2024,781,Stefano D'Agostino,21,7746,8348.289572647172
2024,782,Andrey Chepelev,26,7721,8321.34569976876
2024,783,Sander Jong,24,7697,8295.479581805484
2024,784,Vlad Andrei Dancu,25,7686,8283.624277738983
2024,785,Luca Giacomini,27,7632,8225.425512321613
2024,786,Juan Carlos Aguilar,26,7619,8211.41469842484
2024,787,Kai Wehnelt,29,7590,8180.159805885882
2024,788,Francesco Ferrari,27,7588,8178.004296055608
2024,789,Luca Potenza,24,7570,8158.604707583152
2024,790,Juan Ignacio Londero,31,7570,8158.604707583152
2024,791,Lasse Poertner,19,7544,8130.583079789603
2024,792,Taisei Ichikawa,24,7540,8126.2720601290575
2024,793,Timo Stodder,28,7539,8125.194305213921
2024,794,Sheng Tang,24,7532,8117.650020807966
2024,795,Kyle Kang,19,7529,8114.4167560625565
2024,796,Adil Kalyanpur,24,7526,8111.183491317147
2024,797,Gabriele Maria Noce,29,7521,8105.794716741465
2024,798,Tomasz Berkieta,18,7515,8099.328187250646
2024,799,Pietro Marino,23,7453,8032.507382512184
2024,800,Olle Wallin,23,7447,8026.040853021365
2024,801,Karl Poling,25,7382,7955.986783537494
2024,802,Cooper Williams,19,7368,7940.898214725583
2024,803,Toby Martin,31,7341,7911.798832016898
2024,804,Diogo Marques,25,7338,7908.565567271489
2024,805,Mikhail Gorokhov,20,7331,7901.021282865533
2024,806,Collin Altamirano,29,7320,7889.165978799032
2024,807,Alexander Klintcharov,28,7276,7841.744762533027
2024,808,Luca Wiedenmann,26,7261,7825.57843880598
2024,809,Benjamin Winter Lopez,26,7239,7801.867830672977
2024,810,Fabien Salle,25,7226,7787.857016776203
2024,811,Luca Castelnuovo,27,7225,7786.7792618610665
2024,812,Maxim Zhukov,19,7225,7786.7792618610665
2024,813,Sebastian Eriksson,19,7218,7779.234977455111
2024,814,Kane Bonsach Ganley,20,7182,7740.435800510198
2024,815,Saveliy Ivanov,20,7166,7723.191721868015
2024,816,Vuk Radjenovic,19,7119,7672.5372408566
2024,817,Tomohiro Masabayashi,26,7119,7672.5372408566
2024,818,Niki Kaliyanda Poonacha,29,7099,7650.98214255387
2024,819,Yanis Ghazouani Durand,24,7090,7641.282348317642
2024,820,Salvatore Caruso,32,7042,7589.550112391091
2024,821,Amaury Raynel,22,7036,7583.083582900272
2024,822,Alvin Nicholas Tudorica,22,6973,7515.185023246674
2024,823,Jakub Filip,19,6952,7492.552170028807
2024,824,Rudy Quan,18,6949,7489.318905283399
2024,825,Fares Zakaria,23,6928,7466.686052065532
2024,826,Zhenxiong Dong,26,6874,7408.487286648162
2024,827,Lautaro Agustin Falabella,26,6822,7352.444031061065
2024,828,Sidane Pontjodikromo,24,6818,7348.1330114005195
2024,829,Rubin Statham,37,6803,7331.966687673472
2024,830,Mihai Razvan Marinescu,23,6800,7328.733422928062
2024,831,Martin Borisiouk,24,6769,7295.323020558832
2024,832,Fausto Tabacco,22,6736,7259.757108359328
2024,833,Stefan Adrian Andreescu,23,6656,7173.53671514841
2024,834,Alexander Stater,25,6653,7170.303450403
2024,835,Patrick Brady,20,6648,7164.914675827318
2024,836,Niccolò Ciavarella,20,6644,7160.6036561667715
2024,837,Kuzey Cekirge,24,6625,7140.126312779179
2024,838,James Story,23,6607,7120.726724306722
2024,839,Aliaksandr Liaonenka,25,6602,7115.33794973104
2024,840,Alexander Donski,26,6586,7098.093871088856
2024,841,Corban Crowther,21,6566,7076.538772786126
2024,842,Cengiz Aksu,26,6554,7063.605713804489
2024,843,Victor Lilov,20,6541,7049.5948999077145
2024,844,Etienne Donnet,23,6506,7011.873477877938
2024,845,Karlis Ozolins,22,6479,6982.774095169253
2024,846,Michael Bassem Sobhy,20,6462,6964.452261611933
2024,847,Duckhee Lee,26,6456,6957.985732121114
2024,848,Gabriele Bosio,24,6345,6838.354936540964
2024,849,Tianhui Zhang,18,6340,6832.966161965282
2024,850,Jasza Szajrych,22,6280,6768.3008670570935
2024,851,Pablo Trochu,21,6279,6767.223112141956
2024,852,Jack Loutit,20,6263,6749.979033499773
2024,853,Kristjan Tamm,26,6226,6710.1021016397235
2024,854,Christian Sigsgaard,27,6137,6614.181914192576
2024,855,Evgeny Philippov,22,6054,6524.728256236249
2024,856,Amit Vales,19,5999,6465.451735903743
2024,857,Sasa Markovic,19,5975,6439.585617940467
2024,858,Dragos Nicolae Cazacu,20,5970,6434.196843364784
2024,859,James Watt,24,5956,6419.108274552874
2024,860,Seydina Andre,21,5946,6408.330725401509
2024,861,Illya Beloborodko,23,5942,6404.019705740963
2024,862,Ignacio Antonio Becerra Otarola,24,5934,6395.397666419871
2024,863,Miljan Zekic,36,5926,6386.775627098779
2024,864,Devin Badenhorst,20,5909,6368.453793541459
2024,865,Filip Pieczonka,20,5909,6368.453793541459
2024,866,Jesse Flores,29,5887,6344.743185408457
2024,867,Miles Jones,24,5867,6323.188087105727
2024,868,Gian Marco Ortenzi,24,5834,6287.622174906223
2024,869,Gian Marco Moroni,26,5834,6287.622174906223
2024,870,Hayato Matsuoka,19,5826,6279.000135585131
2024,871,Daniel Paty,25,5796,6246.667488131037
2024,872,Oliver Ojakaar,19,5795,6245.5897332159
2024,873,Kuan-Yi Lee,28,5781,6230.50116440399
2024,874,Ignacio Parisca Romera,19,5678,6119.492408144933
2024,875,Tom Paris,22,5678,6119.492408144933
2024,876,Ali Habib,22,5673,6114.10363356925
2024,877,Gavin Young,22,5630,6067.760172218382
2024,878,Josip Simundza,20,5595,6030.038750188604
2024,879,Thijmen Loof,22,5589,6023.572220697785
2024,880,Lorenzo Bocchi,27,5577,6010.639161716148
2024,881,Petr Brunclik,18,5531,5961.06243561987
2024,882,Oliver Tarvet,21,5524,5953.518151213914
2024,883,Sergio Callejon Hernando,20,5486,5912.563464438728
2024,884,Fernando Cavallo,19,5478,5903.941425117637
2024,885,Guillaume Dalmasso,22,5473,5898.552650541954
2024,886,Manish Sureshkumar,25,5456,5880.230816984634
2024,887,Georgii Kravchenko,24,5438,5860.831228512177
2024,888,Juan Sebastian Osorio,27,5422,5843.5871498699935
2024,889,Thiago Cigarran,24,5374,5791.854913943443
2024,890,Taiyo Yamanaka,23,5358,5774.610835301259
2024,891,Adrien Gobat,23,5307,5719.645334629298
2024,892,Brian Bozemoj,21,5287,5698.090236326569
2024,893,Adrian Bodmer,29,5284,5694.856971581159
2024,894,Matthew Summers,26,5251,5659.291059381655
2024,895,Jason Jung,35,5250,5658.213304466519
2024,896,Nikola Milojevic,29,5219,5624.802902097288
2024,897,Gabriel Decamps,25,5216,5621.569637351879
2024,898,Pedro Vives Marcos,23,5215,5620.491882436742
2024,899,Ioannis Xilas,23,5178,5580.6149505766925
2024,900,Nikita Mashtakov,25,5160,5561.215362104236
2024,901,Philip Hjorth,25,5145,5545.0490383771885
2024,902,Khololwam Montsi,22,5129,5527.804959735005
2024,903,Daisuke Sumizawa,25,5129,5527.804959735005
2024,904,Seita Watanabe,24,5120,5518.105165498777
2024,905,Iannis Miletich,19,5112,5509.483126177684
2024,906,Isaac Becroft,24,5100,5496.550067196047
2024,907,Emilien Voisin,24,5075,5469.606194317635
2024,908,Luca Fantini,24,5063,5456.673135335997
2024,909,Dhakshineswar Suresh,24,5037,5428.651507542449
2024,910,Tomas Curras Abasolo,24,5021,5411.407428900265
2024,911,Matias Franco Descotte,30,5014,5403.863144494309
2024,912,Alessandro Bellifemine,23,4998,5386.619065852126
2024,913,Sebastian Prechtel,28,4986,5373.686006870488
2024,914,Alec Deckers,24,4975,5361.830702803987
2024,915,Mwendwa Mbithi,26,4950,5334.886829925575
2024,916,Conner Huertas del Pino,29,4889,5269.143780102249
2024,917,Cyril Vandermeersch,25,4877,5256.210721120612
2024,918,Ulises Blanch,26,4816,5190.467671297287
2024,919,Alfredo Perez,27,4800,5173.223592655103
2024,920,Alexander Bernard,21,4799,5172.145837739967
2024,921,Abel Forger,19,4793,5165.679308249148
2024,922,Niccolo Baroni,21,4758,5127.957886219371
2024,923,Mert Naci Turker,26,4749,5118.258091983143
2024,924,Mees Rottgering,17,4741,5109.636052662051
2024,925,Luis Carlos Alvarez,20,4626,4985.694237421356
2024,926,Matyas Cerny,23,4601,4958.750364542943
2024,927,Benjamin Thomas George,22,4567,4922.106697428303
2024,928,Artur Kukasian,20,4560,4914.562413022348
2024,929,Andrin Casanova,20,4554,4908.095883531529
2024,930,Adit Sinha,21,4463,4810.02018625411
2024,931,Kaito Uesugi,29,4443,4788.46508795138
2024,932,Jan Kupcic,23,4441,4786.309578121107
2024,933,Alexander Kotzen,24,4419,4762.598969988104
2024,934,Matteo De Vincentis,26,4406,4748.58815609133
2024,935,Benjamin Pietri,28,4377,4717.333263552372
2024,936,Nicolas Jadoun,22,4362,4701.166939825325
2024,937,Karim-Mohamed Maamoun,33,4362,4701.166939825325
2024,938,Gabriel Donev,28,4354,4692.544900504233
2024,939,Maxim Mrva,17,4310,4645.123684238228
2024,940,Pawit Sornlaksup,25,4274,4606.324507293315
2024,941,Viktor Jovic,22,4258,4589.080428651131
2024,942,Aldin Setkic,37,4242,4571.836350008947
2024,943,Yuta Kawahashi,26,4218,4545.970232045672
2024,944,Luc Fomba,25,4217,4544.892477130536
2024,945,Niels Lootsma,30,4200,4526.570643573215
2024,946,Milan Welte,23,4186,4511.482074761305
2024,947,M Rifki Fitriadi,25,4136,4457.594329004481
2024,948,Patrick Schoen,19,4091,4409.095357823339
2024,949,Stefan Latinovic,25,4060,4375.684955454108
2024,950,Mert Alkaya,24,3988,4298.086601564281
2024,951,Guy Orly Iradukunda,28,3973,4281.920277837235
2024,952,Fermin Tenti,27,3953,4260.365179534505
2024,953,Gregor Ramskogler,26,3926,4231.26579682582
2024,954,Elgin Khoeblal,23,3824,4121.334795481899
2024,955,Yuta Kikuchi,25,3814,4110.557246330534
2024,956,Alan Magadan,23,3602,3882.0732043216003
2024,957,Uisung Park,24,3573,3850.8183117826425
2024,958,Chirag Duhan,20,3524,3798.008320940955
2025,1,Carlos Alcaraz,22,21354778,21354778.0
2025,2,Jannik Sinner,24,19114396,19114396.0
2025,3,Alexander Zverev,28,7384324,7384324.0
2025,4,Alex de Minaur,26,6616603,6616603.0
2025,5,Lorenzo Musetti,23,6176026,6176026.0
2025,6,Taylor Fritz,28,5919347,5919347.0
2025,7,Felix Auger-Aliassime,25,5786377,5786377.0
2025,8,Ben Shelton,23,5528128,5528128.0
2025,9,Novak Djokovic,38,5127245,5127245.0
2025,10,Casper Ruud,27,3947549,3947549.0
2025,11,Daniil Medvedev,29,3505933,3505933.0
2025,12,Andrey Rublev,28,3485060,3485060.0
2025,13,Jack Draper,24,3421704,3421704.0
2025,14,Alejandro Davidovich Fokina,26,3363815,3363815.0
2025,15,Holger Rune,22,3333784,3333784.0
2025,16,Karen Khachanov,29,3170381,3170381.0
2025,17,Jakub Mensik,20,3052560,3052560.0
2025,18,Alexander Bublik,28,3031579,3031579.0
2025,19,Flavio Cobolli,23,2623372,2623372.0
2025,20,Jiri Lehecka,24,2596590,2596590.0
2025,21,Francisco Cerundolo,27,2580508,2580508.0
2025,22,Tommy Paul,28,2334222,2334222.0
2025,23,Arthur Rinderknech,30,2312833,2312833.0
2025,24,Learner Tien,20,2245561,2245561.0
2025,25,Stefanos Tsitsipas,27,2174910,2174910.0
2025,26,Tomas Machac,25,2161964,2161964.0
2025,27,Frances Tiafoe,27,2069592,2069592.0
2025,28,Brandon Nakashima,24,2040627,2040627.0
2025,29,Denis Shapovalov,26,2018950,2018950.0
2025,30,Cameron Norrie,30,1972588,1972588.0
2025,31,Valentin Vacherot,27,1945447,1945447.0
2025,32,Jaume Munar,28,1795515,1795515.0
2025,33,Tallon Griekspoor,29,1790038,1790038.0
2025,34,Joao Fonseca,19,1757191,1757191.0
2025,35,Grigor Dimitrov,34,1735659,1735659.0
2025,36,Alexei Popyrin,26,1707310,1707310.0
2025,37,Gabriel Diallo,24,1694023,1694023.0
2025,38,Lorenzo Sonego,30,1661931,1661931.0
2025,39,Ugo Humbert,27,1635293,1635293.0
2025,40,Luciano Darderi,23,1625078,1625078.0
2025,41,Corentin Moutet,26,1531711,1531711.0
2025,42,Nuno Borges,28,1530329,1530329.0
2025,43,Daniel Altmaier,27,1481497,1481497.0
2025,44,Alex Michelsen,21,1464284,1464284.0
2025,45,Arthur Fils,21,1464031,1464031.0
2025,46,Alexandre Muller,28,1421571,1421571.0
2025,47,Fabian Marozsan,26,1396753,1396753.0
2025,48,Sebastian Baez,25,1389186,1389186.0
2025,49,Zizou Bergs,26,1382401,1382401.0
2025,50,Tomas Martin Etcheverry,26,1352402,1352402.0
2025,51,Miomir Kecmanovic,26,1323725,1323725.0
2025,52,Marcos Giron,32,1286363,1286363.0
2025,53,Reilly Opelka,28,1206053,1206053.0
2025,54,Matteo Arnaldi,24,1198472,1198472.0
2025,55,Giovanni Mpetshi Perricard,22,1183294,1183294.0
2025,56,Sebastian Korda,25,1182353,1182353.0
2025,57,Jan-Lennard Struff,35,1179841,1179841.0
2025,58,Matteo Berrettini,29,1178756,1178756.0
2025,59,Hubert Hurkacz,28,1148175,1148175.0
2025,60,Adrian Mannarino,37,1131766,1131766.0
2025,61,Gael Monfils,39,1127483,1127483.0
2025,62,Jenson Brooksby,25,1123768,1123768.0
2025,63,Pedro Martinez,28,1110036,1110036.0
2025,64,Camilo Ugo Carabelli,26,1107687,1107687.0
2025,65,Quentin Halys,29,1101440,1101440.0
2025,66,Benjamin Bonzi,29,1094928,1094928.0
2025,67,Jacob Fearnley,24,1083543,1083543.0
2025,68,Aleksandar Vukic,29,1066368,1066368.0
2025,69,Damir Dzumhur,33,1050929,1050929.0
2025,70,Francisco Comesana,25,1034833,1034833.0
2025,71,Jordan Thompson,31,1028560,1028560.0
2025,72,Kamil Majchrzak,29,1028358,1028358.0
2025,73,Roberto Bautista Agut,37,1019026,1019026.0
2025,74,Alexander Shevchenko,25,999897,999897.0
2025,75,Mariano Navone,24,980327,980327.0
2025,76,Mattia Bellucci,24,960121,960121.0
2025,77,Alejandro Tabilo,28,945627,945627.0
2025,78,Adam Walton,26,922589,922589.0
2025,79,Ethan Quinn,21,899486,899486.0
2025,80,Nicolas Jarry,30,895466,895466.0
2025,81,Yunchaokete Bu,23,891149,891149.0
2025,82,Aleksandar Kovacevic,27,888532,888532.0
2025,83,Botic van de Zandschulp,30,877775,877775.0
2025,84,Marin Cilic,37,875928,875928.0
2025,85,David Goffin,35,860325,860325.0
2025,86,Hamad Medjedovic,22,845346,845346.0
2025,87,Marton Fucsovics,33,841447,841447.0
2025,88,Christopher O'Connell,31,824301,824301.0
2025,89,Pablo Carreno Busta,34,823119,823119.0
2025,90,Hugo Gaston,25,818904,818904.0
2025,91,Luca Nardi,22,805795,805795.0
2025,92,Arthur Cazaux,23,798644,798644.0
2025,93,Valentin Royer,24,792575,792575.0
2025,94,Nishesh Basavareddy,20,787523,787523.0
2025,95,Jesper de Jong,25,782720,782720.0
2025,96,Terence Atmane,23,781868,781868.0
2025,97,Yoshihito Nishioka,30,778758,778758.0
2025,98,Rinky Hijikata,24,773367,773367.0
2025,99,Roman Safiullin,28,741826,741826.0
2025,100,Alexander Blockx,20,740405,740405.0
2025,101,Roberto Carballes Baena,32,736646,736646.0
2025,102,Sebastian Ofner,29,732506,732506.0
2025,103,James Duckworth,33,723695,723695.0
2025,104,Mackenzie McDonald,30,710040,710040.0
2025,105,Tristan Schoolkate,24,690910,690910.0
2025,106,Vit Kopriva,28,674433,674433.0
2025,107,Laslo Djere,30,630259,630259.0
2025,108,Raphael Collignon,23,597961,597961.0
2025,109,Billy Harris,30,594003,594003.0
2025,110,Dusan Lajovic,35,585625,585625.0
2025,111,Nikoloz Basilashvili,33,578777,578777.0
2025,112,Yannick Hanfmann,34,573434,573434.0
2025,113,Coleman Wong,21,571700,571700.0
2025,114,Shintaro Mochizuki,22,568549,568549.0
2025,115,Jaime Faria,22,567313,567313.0
2025,116,Tristan Boyer,24,560537,560537.0
2025,117,Chun-Hsin Tseng,24,558310,558310.0
2025,118,Martin Landaluce,19,554125,554125.0
2025,119,Hugo Dellien,32,552666,552666.0
2025,120,Emilio Nava,24,552129,552129.0
2025,121,Cristian Garin,29,545939,545939.0
2025,122,Juan Manuel Cerundolo,24,545736,545736.0
2025,123,Francesco Passaro,24,535635,535635.0
2025,124,Ugo Blanchet,26,524926,524926.0
2025,125,Leandro Riedi,23,524069,524069.0
2025,126,Filip Misolic,24,514836,514836.0
2025,127,Eliot Spizzirri,24,513824,513824.0
2025,128,Matteo Gigante,23,508601,508601.0
2025,129,Brandon Holt,27,494503,494503.0
2025,130,Borna Coric,29,480135,480135.0
2025,131,Elmer Moller,22,474385,474385.0
2025,132,Stan Wawrinka,40,464651,464651.0
2025,133,Lloyd Harris,28,451874,451874.0
2025,134,Daniel Elahi Galan,29,451683,451683.0
2025,135,Thiago Agustin Tirante,24,434611,434611.0
2025,136,Dino Prizmic,20,433479,433479.0
2025,137,Nicolai Budkov Kjaer,19,423590,423590.0
2025,138,Henrique Rocha,21,412868,412868.0
2025,139,Dalibor Svrcina,23,408641,408641.0
2025,140,Federico Agustin Gomez,29,407107,407107.0
2025,141,Jerome Kym,22,402695,402695.0
2025,142,Daniel Evans,35,402022,402022.0
2025,143,Giulio Zeppieri,24,396277,396277.0
2025,144,James McCabe,22,388075,388075.0
2025,145,Thiago Monteiro,31,387803,387803.0
2025,146,Juncheng Shang,20,386705,386705.0
2025,147,Otto Virtanen,24,384806,384806.0
2025,148,August Holmgren,27,383332,383332.0
2025,149,Zachary Svajda,23,378810,378810.0
2025,150,Zhizhen Zhang,29,378404,378404.0
2025,151,Yosuke Watanuki,27,377594,377594.0
2025,152,Pierre-Hugues Herbert,34,377130,377130.0
2025,153,Thiago Seyboth Wild,25,374809,374809.0
2025,154,Mitchell Krueger,31,370205,370205.0
2025,155,Justin Engel,18,369450,369450.0
2025,156,Ignacio Buse,21,368731,368731.0
2025,157,Tomas Barrios Vera,28,364087,364087.0
2025,158,Taro Daniel,32,363306,363306.0
2025,159,Roman Andres Burruchaga,23,358621,358621.0
2025,160,Lukas Klein,27,356756,356756.0
2025,161,Christopher Eubanks,29,350565,350565.0
2025,162,Kei Nishikori,36,350428,350428.0
2025,163,Hady Habib,27,342741,342741.0
2025,164,Carlos Taberner,28,336196,336196.0
2025,165,Kyrian Jacquet,24,329839,329839.0
2025,166,Vilius Gaubas,20,319635,319635.0
2025,167,Titouan Droguet,24,306039,306039.0
2025,168,Juan Pablo Ficovich,28,304721,304721.0
2025,169,Rafael Jodar,19,303614,303614.0
2025,170,Marco Trungelliti,35,298448,298448.0
2025,171,Harold Mayot,23,293425,293425.0
2025,172,Colton Smith,22,285202,285202.0
2025,173,Pablo Llamas Ruiz,23,285021,285021.0
2025,174,Li Tu,29,279802,279802.0
2025,175,Benjamin Hassan,30,278041,278041.0
2025,176,Mark Lajal,22,277776,277776.0
2025,177,Dominic Stricker,23,263847,263847.0
2025,178,Alex Bolt,32,262124,262124.0
2025,179,Luca Van Assche,21,262099,262099.0
2025,180,James Trotter,26,260967,260967.0
2025,181,Facundo Diaz Acosta,25,254615,254615.0
2025,182,Yibing Wu,26,254218,254218.0
2025,183,Alexis Galarneau,26,253820,253820.0
2025,184,Yasutaka Uchiyama,33,250022,250022.0
2025,185,Beibit Zhukayev,25,249814,249814.0
2025,186,Jurij Rodionov,26,246919,246919.0
2025,187,Gauthier Onclin,24,244980,244980.0
2025,188,Hugo Grenier,29,243581,243581.0
2025,189,Mikhail Kukushkin,38,242990,242990.0
2025,190,Jan Choinski,29,241233,241233.0
2025,191,Jack Pinnington Jones,22,240499,240499.0
2025,192,Richard Gasquet,39,240347,240347.0
2025,193,Liam Draxl,24,236676,236676.0
2025,194,Pavel Kotov,27,233256,233256.0
2025,195,Bernard Tomic,33,231225,231225.0
2025,196,Jay Clarke,27,229407,229407.0
2025,197,Omar Jasika,28,226516,226516.0
2025,198,Marc-Andrea Huesler,29,220254,220254.0
2025,199,Sumit Nagal,28,216829,216829.0
2025,200,Borna Gojo,27,215053,215053.0
2025,201,Martin Damm,22,214458,214458.0
2025,202,Sho Shimabukuro,28,213436,213436.0
2025,203,Aziz Dougaz,28,213435,213435.0
2025,204,Rodrigo Pacheco Mendez,20,212623,212623.0
2025,205,Patrick Kypson,26,211569,211569.0
2025,206,Andrea Collarini,33,210907,210907.0
2025,207,Zsombor Piros,26,209843,209843.0
2025,208,Oliver Crawford,26,209593,209593.0
2025,209,Chris Rodesch,24,208592,208592.0
2025,210,Lukas Neumayer,23,208296,208296.0
2025,211,Arthur Fery,23,205633,205633.0
2025,212,Kimmer Coppejans,31,205354,205354.0
2025,213,Dmitry Popko,29,203316,203316.0
2025,214,Federico Cina,18,200654,200654.0
2025,215,Johannus Monday,23,195377,195377.0
2025,216,Federico Coria,33,193013,193013.0
2025,217,Jason Kubler,32,191282,191282.0
2025,218,Clement Tabur,25,190445,190445.0
2025,219,Rei Sakamoto,19,190358,190358.0
2025,220,George Loffhagen,24,188026,188026.0
2025,221,Luka Pavlovic,25,187807,187807.0
2025,222,Calvin Hemery,30,184345,184345.0
2025,223,Timofey Skatov,24,183925,183925.0
2025,224,Murphy Cassone,23,182613,182613.0
2025,225,Andrea Pellegrino,28,182176,182176.0
2025,226,Francesco Maestrelli,23,176134,176134.0
2025,227,Darwin Blanch,18,175367,175367.0
2025,228,Filip Cristian Jianu,24,173875,173875.0
2025,229,Yuta Shimizu,26,173248,173248.0
2025,230,Vitaliy Sachko,28,172170,172170.0
2025,231,Elias Ymer,29,172132,172132.0
2025,232,Felipe Meligeni Alves,27,171501,171501.0
2025,233,Federico Arnaboldi,25,168616,168616.0
2025,234,Alibek Kachmazov,23,166940,166940.0
2025,235,Alejandro Moro Canas,25,166048,166048.0
2025,236,Daniel Merida,21,164029,164029.0
2025,237,Guy Den Ouden,23,162367,162367.0
2025,238,Albert Ramos-Vinolas,37,162181,162181.0
2025,239,Sascha Gueymard Wayenburg,22,160446,160446.0
2025,240,Duje Ajdukovic,24,160330,160330.0
2025,241,Jozef Kovalik,33,157660,157660.0
2025,242,Oliver Tarvet,22,153280,153280.0
2025,243,Arthur Bouquier,25,152741,152741.0
2025,244,Nick Kyrgios,30,148315,148315.0
2025,245,Emil Ruusuvuori,26,146318,146318.0
2025,246,Edas Butvilas,21,145646,145646.0
2025,247,Fajing Sun,29,145111,145111.0
2025,248,Murkel Dellien,28,144659,144659.0
2025,249,Adolfo Daniel Vallejo,21,144243,144243.0
2025,250,Alvaro Guillen Meza,22,143900,143900.0
2025,251,Clement Chidekh,24,143608,143608.0
2025,252,Thanasi Kokkinakis,29,143435,143435.0
2025,253,Constant Lestienne,33,142567,142567.0
2025,254,Facundo Bagnis,35,140785,140785.0
2025,255,Michael Mmoh,27,139839,139839.0
2025,256,Henry Searle,19,136953,136953.0
2025,257,Maximilian Marterer,30,135922,135922.0
2025,258,Geoffrey Blancaneaux,27,134693,134693.0
2025,259,Pol Martin Tiffon,26,132866,132866.0
2025,260,Daniel Rincon,22,131955,131955.0
2025,261,Stefano Napolitano,30,131221,131221.0
2025,262,Stefan Dostanic,24,131132,131132.0
2025,263,Santiago Rodriguez Taverna,26,130441,130441.0
2025,264,Henri Squire,25,129200,129200.0
2025,265,Facundo Mena,33,128249,128249.0
2025,266,Matteo Martineau,26,123510,123510.0
2025,267,Nicolas Mejia,25,123136,123136.0
2025,268,Viktor Durasovic,28,123108,123108.0
2025,269,Stefano Travaglia,34,121993,121993.0
2025,270,Moez Echargui,32,119745,119745.0
2025,271,Kasidit Samrej,24,115705,115705.0
2025,272,Yi Zhou,20,114448,114448.0
2025,273,Arthur Gea,20,113811,113811.0
2025,274,Antoine Escoffier,33,112144,112144.0
2025,275,Yu Hsiou Hsu,26,107551,107551.0
2025,276,Rio Noguchi,27,107145,107145.0
2025,277,Lucas Pouille,31,106962,106962.0
2025,278,Michael Zheng,21,106910,106910.0
2025,279,Joao Lucas Reis Da Silva,25,106649,106649.0
2025,280,Andres Martin,24,104772,104772.0
2025,281,Diego Dedura,17,102643,102643.0
2025,282,Garrett Johns,25,101991,101991.0
2025,283,Gustavo Heide,23,100821,100821.0
2025,284,Dominik Koepfer,31,100021,100021.0
2025,285,Alex Barrena,23,98533,98533.0
2025,286,Radu Albot,36,95780,95780.0
2025,287,Ryan Peniston,30,94699,94699.0
2025,288,Dane Sweeny,24,94646,94646.0
2025,289,Gregoire Barrere,31,93745,93745.0
2025,290,Paul Jubb,26,91163,91163.0
2025,291,Luka Mikrut,21,89374,89374.0
2025,292,Tyler Zink,24,88469,88469.0
2025,293,Khumoyun Sultanov,27,87310,87310.0
2025,294,Hamish Stewart,26,87122,87122.0
2025,295,Matej Dodig,20,86571,86571.0
2025,296,Patrick Zahraj,26,85204,85204.0
2025,297,Mathys Erhard,24,85069,85069.0
2025,298,Zdenek Kolar,29,84953,84953.0
2025,299,Gijs Brouwer,29,84418,84418.0
2025,300,Robin Bertrand,22,83009,83009.0
2025,301,Gonzalo Bueno,21,82261,82261.0
2025,302,Nicolas Moreno De Alboran,28,80776,80776.0
2025,303,Dan Added,26,79973,79973.0
2025,304,Juan Carlos Prado Angelo,20,79936,79936.0
2025,305,Marko Topo,22,79673,79673.0
2025,306,Remy Bertola,27,79474,79474.0
2025,307,Patrick Maloney,25,79182,79182.0
2025,308,Genaro Alberto Olivieri,27,78114,78114.0
2025,309,Abdullah Shelbayh,22,77625,77625.0
2025,310,Juan Pablo Varillas,30,75547,75547.0
2025,311,Joel Schwaerzler,19,75536,75536.0
2025,312,Dimitar Kuzmanov,32,74794,74794.0
2025,313,Lorenzo Giustino,34,74737,74737.0
2025,314,Marco Cecchinato,33,72402,72402.0
2025,315,Ivan Gakhov,29,72071,72071.0
2025,316,Saba Purtseladze,24,71985,71985.0
2025,317,Alex Molcan,28,70290,70290.0
2025,318,Denis Yevseyev,32,70042,70042.0
2025,319,Javier Barranco Cosano,27,68684,68684.0
2025,320,Nerman Fatic,31,68640,68640.0
2025,321,Andrea Vavassori,30,66850,66850.0
2025,322,Max Houkes,25,66163,66163.0
2025,323,Tiago Pereira,21,65833,65833.0
2025,324,Frederico Ferreira Silva,30,65743,65743.0
2025,325,Blake Ellis,26,65703,65703.0
2025,326,Daniil Glinka,25,64761,64761.0
2025,327,Gilles Arnaud Bailly,20,64157,64157.0
2025,328,Lautaro Midon,21,62962,62962.0
2025,329,Mae Malige,19,62075,62075.0
2025,330,Maks Kasnikowski,22,61758,61758.0
2025,331,Michael Geerts,30,61050,61050.0
2025,332,Daniel Michalski,25,61045,61045.0
2025,333,Alastair Gray,27,60322,60322.0
2025,334,Jie Cui,27,59150,59150.0
2025,335,Andres Andrade,27,57724,57724.0
2025,336,Norbert Gombos,35,56880,56880.0
2025,337,Daniel Dutra da Silva,37,56739,56739.0
2025,338,Carlos Sanchez Jover,25,56701,56701.0
2025,339,Ilia Simakin,22,56362,56362.0
2025,340,Trevor Svajda,19,56030,56030.0
2025,341,Oriol Roca Batalla,32,55966,55966.0
2025,342,Alexander Ritschard,31,55258,55258.0
2025,343,Tom Paris,23,55137,55137.0
2025,344,Giles Hussey,28,55038,55038.0
2025,345,Marat Sharipov,23,54539,54539.0
2025,346,Hynek Barton,21,54536,54536.0
2025,347,Christoph Negritu,31,53292,53292.0
2025,348,Matthew Dellavedova,25,52943,52943.0
2025,349,Mika Brunold,21,52733,52733.0
2025,350,Stefanos Sakellaridis,21,52548,52548.0
2025,351,Nikolas Sanchez Izquierdo,26,52319,52319.0
2025,352,Moerani Bouzige,26,51863,51863.0
2025,353,Marek Gengel,30,51010,51010.0
2025,354,Matheus Pucinelli De Almeida,24,50932,50932.0
2025,355,Nicolas Kicker,33,50875,50875.0
2025,356,Pedro Boscardin Dias,22,50423,50423.0
2025,357,Jelle Sels,30,50318,50318.0
2025,358,Nicolas Arseneault,18,50114,50114.0
2025,359,Alex Hernandez,26,50071,50071.0
2025,360,Tom Gentzsch,22,50005,50005.0
2025,361,Kaichi Uchida,31,49476,49476.0
2025,362,Henry Bernet,18,49180,49180.0
2025,363,Stefan Kozlov,27,49162,49162.0
2025,364,Mili Poljicak,21,49130,49130.0
2025,365,Matias Soto,26,48972,48972.0
2025,366,Corentin Denolly,28,48432,48432.0
2025,367,Mats Rosenkranz,27,48432,48432.0
2025,368,Dan  Martin,26,48400,48400.0
2025,369,Marc Polmans,28,48148,48148.0
2025,370,Daniel Masur,31,47842,47842.0
2025,371,Alexey Vatutin,33,46016,46016.0
2025,372,Juan Bautista Torres,23,45988,45988.0
2025,373,James Story,24,45923,45923.0
2025,374,Petr Bar Biryukov,23,45899,45899.0
2025,375,Alfredo Perez,28,45495,45495.0
2025,376,Andre Ilagan,25,45384,45384.0
2025,377,Alex Rybakov,28,45283,45283.0
2025,378,Eliakim Coulibaly,23,45192,45192.0
2025,379,Andrej Martin,36,44921,44921.0
2025,380,Gonzalo Villanueva,30,44798,44798.0
2025,381,Charles Broom,27,44546,44546.0
2025,382,Petr Brunclik,19,44297,44297.0
2025,383,Sandro Kopp,25,44205,44205.0
2025,384,Moise Kouame,16,44167,44167.0
2025,385,Enzo Couacaud,30,43924,43924.0
2025,386,Jacopo Berrettini,27,43842,43842.0
2025,387,Maxim Mrva,18,43520,43520.0
2025,388,Christian Langmo,29,43078,43078.0
2025,389,Jakub Paul,26,42932,42932.0
2025,390,Miguel Damas,26,42839,42839.0
2025,391,Tung-Lin Wu,27,42719,42719.0
2025,392,Mees Rottgering,18,42614,42614.0
2025,393,Edward Winter,21,42564,42564.0
2025,394,Gabriele Piraino,22,42522,42522.0
2025,395,Oliver Bonding,18,42400,42400.0
2025,396,Bernabe Zapata Miralles,28,42073,42073.0
2025,397,Juan Carlos Aguilar,27,41956,41956.0
2025,398,Florent Bax,26,41862,41862.0
2025,399,Maxime Janvier,29,41820,41820.0
2025,400,Gastao Elias,35,41654,41654.0
2025,401,Justin Boulais,24,41614,41614.0
2025,402,Pavle Marinkov,19,41412,41412.0
2025,403,Mateus Alves,24,41412,41412.0
2025,404,Nicolas Alvarez Varona,24,41292,41292.0
2025,405,Kilian Feldbausch,20,41253,41253.0
2025,406,Aidan Mayo,22,41203,41203.0
2025,407,Adrian Andreev,24,41058,41058.0
2025,408,Oleg Prihodko,28,40463,40463.0
2025,409,Yan Bai,36,40289,40289.0
2025,410,Nick Hardt,25,40242,40242.0
2025,411,Federico Bondioli,20,40080,40080.0
2025,412,Max Wiskandt,23,40070,40070.0
2025,413,Harry Wendelken,24,38330,38330.0
2025,414,Karue Sell,32,38258,38258.0
2025,415,Fabrizio Andaloro,24,38227,38227.0
2025,416,Gianluca Cadenasso,21,37954,37954.0
2025,417,Antoine Ghibaudo,20,37772,37772.0
2025,418,Alvin Nicholas Tudorica,23,37351,37351.0
2025,419,Franco Roncadelli,25,37152,37152.0
2025,420,Toby Samuel,23,37133,37133.0
2025,421,Rudolf Molleker,25,37110,37110.0
2025,422,Neil Oberleitner,26,37067,37067.0
2025,423,Maximus Jones,21,37020,37020.0
2025,424,Enrico Dalla Valle,27,37011,37011.0
2025,425,Franco Agamenone,32,36660,36660.0
2025,426,Lilian Marmousez,23,35914,35914.0
2025,427,Aryan Shah,20,35472,35472.0
2025,428,Hyeon Chung,29,35403,35403.0
2025,429,Akira Santillan,28,35250,35250.0
2025,430,Leo Borg,22,35103,35103.0
2025,431,Guido Ivan Justo,28,34929,34929.0
2025,432,Mikael Ymer,27,34830,34830.0
2025,433,David Jorda Sanchis,31,34824,34824.0
2025,434,Renta Tokuda,27,34758,34758.0
2025,435,Andrej Nedic,21,34754,34754.0
2025,436,Govind Nanda,24,34543,34543.0
2025,437,Aslan Karatsev,32,34482,34482.0
2025,438,Lucas Poullain,30,34429,34429.0
2025,439,Lorenzo Carboni,19,34389,34389.0
2025,440,Liam Broady,31,34222,34222.0
2025,441,Sergey Fomin,24,34164,34164.0
2025,442,Max Hans Rehberg,22,34148,34148.0
2025,443,Ryan Nijboer,26,34059,34059.0
2025,444,Raul Brancaccio,28,33880,33880.0
2025,445,Max Alcala Gurri,23,33532,33532.0
2025,446,Andrea Picchione,27,33528,33528.0
2025,447,Gianluca Mager,31,33304,33304.0
2025,448,Cruz Hewitt,17,33279,33279.0
2025,449,Martin Krumich,23,33141,33141.0
2025,450,Carlo Alberto Caniato,20,33017,33017.0
2025,451,Luca Potenza,25,32819,32819.0
2025,452,Cedrik-Marcel Stebe,35,32643,32643.0
2025,453,Sanhui Shin,28,32529,32529.0
2025,454,Pedro Sakamoto,32,32410,32410.0
2025,455,Jack Kennedy,17,31860,31860.0
2025,456,Milos Karol,23,31682,31682.0
2025,457,Philip Henning,25,31470,31470.0
2025,458,Rigele Te,28,31367,31367.0
2025,459,Inaki Montes-De La Torre,23,31030,31030.0
2025,460,Masamichi Imamura,27,30902,30902.0
2025,461,Mariano Kestelboim,29,30344,30344.0
2025,462,Giovanni Fonio,27,29960,29960.0
2025,463,Hayato Matsuoka,20,29938,29938.0
2025,464,Karan Singh,22,29910,29910.0
2025,465,Adria Soriano Barrera,26,29742,29742.0
2025,466,Alex Martinez,24,29699,29699.0
2025,467,Luciano Emanuel Ambrogi,22,29634,29634.0
2025,468,Olle Wallin,24,29400,29400.0
2025,469,Ergi Kirkin,26,29338,29338.0
2025,470,Samir Banerjee,22,29330,29330.0
2025,471,Hernan Casanova,31,29308,29308.0
2025,472,Pierluigi Basile,18,29297,29297.0
2025,473,Pedro Araujo,23,29233,29233.0
2025,474,Ricardas Berankis,35,29146,29146.0
2025,475,Yusuke Takahashi,28,29026,29026.0
2025,476,Cezar Cretu,24,28951,28951.0
2025,477,Robert Strombachs,26,28819,28819.0
2025,478,Taha Baadi,24,28022,28022.0
2025,479,Daniel Milavsky,24,27963,27963.0
2025,480,Michael Vrbensky,26,27910,27910.0
2025,481,Vadym Ursu,28,27660,27660.0
2025,482,Manas Dhamne,18,27539,27539.0
2025,483,Luca Castelnuovo,28,27504,27504.0
2025,484,Hiroki Moriya,35,27316,27316.0
2025,485,Renzo Olivo,33,27292,27292.0
2025,486,Alexander Binda,24,27272,27272.0
2025,487,Carlos Lopez Montagud,25,27153,27153.0
2025,488,Stuart Parker,28,26926,26926.0
2025,489,Aidan McHugh,25,26877,26877.0
2025,490,Michele Ribecai,22,26514,26514.0
2025,491,Jacopo Vasami,18,26145,26145.0
2025,492,Philip Sekulic,22,26084,26084.0
2025,493,Tristan McCormick,26,25936,25936.0
2025,494,Roberto Cid Subervi,32,25860,25860.0
2025,495,Kokoro Isomura,22,25822,25822.0
2025,496,Tsung-Hao Huang,26,25783,25783.0
2025,497,Florian Broska,27,25630,25630.0
2025,498,Felix Gill,23,25547,25547.0
2025,499,Maximilian Neuchrist,34,25343,25343.0
2025,500,Andrew Fenty,25,25143,25143.0
2025,501,Nikolay Vylegzhanin,25,25025,25025.0
2025,502,Eduardo Ribeiro,27,24950,24950.0
2025,503,Benoit Paire,36,24928,24928.0
2025,504,Buvaysar Gadamauri,25,24926,24926.0
2025,505,Sebastian Gima,23,24886,24886.0
2025,506,Oleksandr Ovcharenko,24,24868,24868.0
2025,507,Eric Vanshelboim,24,24818,24818.0
2025,508,Hikaru Shiraishi,25,24810,24810.0
2025,509,Eero Vasa,28,24786,24786.0
2025,510,Ryuki Matsuda,26,24770,24770.0
2025,511,Cannon Kingsley,24,24702,24702.0
2025,512,Joao Eduardo Schiessl,21,24684,24684.0
2025,513,Lorenzo Joaquin Rodriguez,26,24572,24572.0
2025,514,Jonas Forejtek,24,24559,24559.0
2025,515,Lukas Pokorny,23,24437,24437.0
2025,516,Filip Peliwo,31,24397,24397.0
2025,517,Juan Manuel La Serna,21,24355,24355.0
2025,518,Jake Delaney,28,24341,24341.0
2025,519,Manuel Guinard,30,24151,24151.0
2025,520,Dali Blanch,22,23931,23931.0
2025,521,Alan Magadan,24,23906,23906.0
2025,522,Marvin Moeller,26,23894,23894.0
2025,523,Maxim Zhukov,20,23826,23826.0
2025,524,Alex Marti Pujolras,26,23367,23367.0
2025,525,Luis Carlos Alvarez,21,23361,23361.0
2025,526,Ioannis Xilas,24,23330,23330.0
2025,527,Ryan Seggerman,26,23305,23305.0
2025,528,Blaise Bicknell,24,23264,23264.0
2025,529,Gerard Campana Lee,21,23261,23261.0
2025,530,Etienne Donnet,24,23229,23229.0
2025,531,Mert Alkaya,25,23086,23086.0
2025,532,Miguel Tobon,19,23040,23040.0
2025,533,Viacheslav Bielinskyi,22,22916,22916.0
2025,534,Gabriele Pennaforti,25,22738,22738.0
2025,535,Keegan Smith,27,22734,22734.0
2025,536,Tibo Colson,25,22445,22445.0
2025,537,Bruno Kuzuhara,21,22206,22206.0
2025,538,Aristotelis Thanos,24,22124,22124.0
2025,539,Andrey Chepelev,27,21995,21995.0
2025,540,Raphael Perot,24,21932,21932.0
2025,541,Tadeas Paroulek,25,21892,21892.0
2025,542,Juan Estevez,20,21809,21809.0
2025,543,Laurent Lokoli,31,21770,21770.0
2025,544,Olaf Pieczkowski,21,21732,21732.0
2025,545,Gianmarco Ferrari,25,21704,21704.0
2025,546,Vladyslav Orlov,30,21704,21704.0
2025,547,Alberto Barroso Campos,29,21502,21502.0
2025,548,Cyril Vandermeersch,26,21452,21452.0
2025,549,Alexander Weis,28,21428,21428.0
2025,550,Dennis Novak,32,21382,21382.0
2025,551,Takuya Kumasaka,27,21351,21351.0
2025,552,Erik Arutiunian,21,21337,21337.0
2025,553,Adhithya Ganesan,20,21330,21330.0
2025,554,Evan Zhu,27,21268,21268.0
2025,555,Igor Marcondes,28,21257,21257.0
2025,556,Tommaso Compagnucci,26,21185,21185.0
2025,557,Paulo Andre Saraiva Dos Santos,25,21160,21160.0
2025,558,Mukund Sasikumar,28,21156,21156.0
2025,559,Maxime Chazal,32,20978,20978.0
2025,560,Andrew Paulson,24,20920,20920.0
2025,561,Linang Xiao,25,20729,20729.0
2025,562,Karl Poling,26,20651,20651.0
2025,563,Max Schoenhaus,18,20502,20502.0
2025,564,Woobin Shin,21,20415,20415.0
2025,565,Strong Kirchheimer,30,20296,20296.0
2025,566,Yurii Dzhavakian,32,20209,20209.0
2025,567,Yanki Erel,25,20142,20142.0
2025,568,Naoki Nakagawa,29,20113,20113.0
2025,569,Mika Petkovic,19,19956,19956.0
2025,570,Egor Agafonov,23,19953,19953.0
2025,571,Jack Loge,21,19948,19948.0
2025,572,Amir Omarkhanov,18,19796,19796.0
2025,573,Arthur Weber,33,19574,19574.0
2025,574,Aleksandre Bakshi,28,19530,19530.0
2025,575,Kirill Kivattsev,28,19503,19503.0
2025,576,Maxwell Mckennon,23,19483,19483.0
2025,577,Sebastian Sorger,20,19457,19457.0
2025,578,Pietro Fellin,24,19365,19365.0
2025,579,Igor Gimenez,25,19264,19264.0
2025,580,Yuki Mochizuki,28,19244,19244.0
2025,581,Thomas Faurel,19,19136,19136.0
2025,582,Max Basing,23,19019,19019.0
2025,583,Branko Djuric,20,18909,18909.0
2025,584,Fares Zakaria,24,18833,18833.0
2025,585,Jay Friend,22,18758,18758.0
2025,586,Dhakshineswar Suresh,25,18749,18749.0
2025,587,Stefan Adrian Andreescu,24,18749,18749.0
2025,588,Loann Massard,20,18687,18687.0
2025,589,Alafia Ayeni,26,18668,18668.0
2025,590,Bor Artnak,21,18643,18643.0
2025,591,Andrea Guerrieri,27,18635,18635.0
2025,592,Svyatoslav Gulin,23,18619,18619.0
2025,593,Sean Cuenin,21,18589,18589.0
2025,594,Elmar Ejupovic,32,18574,18574.0
2025,595,Rudy Quan,19,18539,18539.0
2025,596,Francesco Forti,26,18423,18423.0
2025,597,Mirza Basic,34,18412,18412.0
2025,598,Kaylan Bigun,19,18322,18322.0
2025,599,Dominik Kellovsky,29,18311,18311.0
2025,600,S D Prajwal Dev,29,18282,18282.0
2025,601,Stefan Palosi,25,18205,18205.0
2025,602,Toby Kodat,22,18164,18164.0
2025,603,Aziz Ouakaa,26,18151,18151.0
2025,604,Sergio Callejon Hernando,21,18117,18117.0
2025,605,Lui Maxted,22,18095,18095.0
2025,606,Soonwoo Kwon,28,18036,18036.0
2025,607,Stefan Popovic,22,17993,17993.0
2025,608,Petr Nesterov,22,17938,17938.0
2025,609,Theo Papamalamis,19,17919,17919.0
2025,610,Tomasz Berkieta,19,17863,17863.0
2025,611,Filippo Romano,20,17803,17803.0
2025,612,Nicholas David Ionel,23,17613,17613.0
2025,613,Johan Nikles,28,17495,17495.0
2025,614,Pedro Cachin,30,17389,17389.0
2025,615,Tristan Lamasine,32,17344,17344.0
2025,616,Valerio Aboian,23,17304,17304.0
2025,617,Anton Matusevich,24,17248,17248.0
2025,618,Francisco Rocha,26,17241,17241.0
2025,619,Mario Gonzalez Fernandez,23,17240,17240.0
2025,620,Arthur Reymond,26,17227,17227.0
2025,621,Quinn Vandecasteele,23,17187,17187.0
2025,622,Rodrigo Alujas,23,17176,17176.0
2025,623,Tim Handel,29,17093,17093.0
2025,624,Constantin Bittoun Kouzmine,26,17090,17090.0
2025,625,Filippo Moroni,24,16986,16986.0
2025,626,Pedro Vives Marcos,24,16922,16922.0
2025,627,Robin Catry,23,16804,16804.0
2025,628,Samuele Pieri,23,16803,16803.0
2025,629,Ivan Marrero Curbelo,27,16731,16731.0
2025,630,Georgii Kravchenko,25,16667,16667.0
2025,631,Giovanni Oradini,28,16631,16631.0
2025,632,Felix Corwin,29,16582,16582.0
2025,633,Andres Santamarta Roig,18,16581,16581.0
2025,634,Joaquin Aguilar Cardozo,20,16562,16562.0
2025,635,Tai Sach,23,16547,16547.0
2025,636,Ivan Ivanov,17,16542,16542.0
2025,637,Maxence Beauge,25,16539,16539.0
2025,638,Luca Preda,19,16537,16537.0
2025,639,Aoran Wang,28,16390,16390.0
2025,640,Federico Iannaccone,26,16364,16364.0
2025,641,Kenta Miyoshi,21,16351,16351.0
2025,642,Amr Elsayed,26,16339,16339.0
2025,643,Adrian Oetzbach,28,16279,16279.0
2025,644,Kenny De Schepper,38,16246,16246.0
2025,645,Dominik Palan,25,15962,15962.0
2025,646,Ye Cong Mo,25,15930,15930.0
2025,647,Michiel De Krom,27,15919,15919.0
2025,648,Louis Wessels,27,15904,15904.0
2025,649,Carlos Maria Zarate,20,15883,15883.0
2025,650,Ognjen Milic,18,15813,15813.0
2025,651,Michal Krajci,20,15687,15687.0
2025,652,Nino Ehrenschneider,24,15667,15667.0
2025,653,Alan Fernando Rubio Fierros,26,15646,15646.0
2025,654,Dusan Obradovic,24,15622,15622.0
2025,655,Carl Emil Overbeck,24,15616,15616.0
2025,656,Matthew William Donald,21,15598,15598.0
2025,657,Filip Jeff Planinsek,24,15596,15596.0
2025,658,Sergi Perez Contri,27,15379,15379.0
2025,659,Luca Castagnola,23,15366,15366.0
2025,660,Wishaya Trongcharoenchaikul,30,15358,15358.0
2025,661,Lucio Ratti,21,15046,15046.0
2025,662,Lorenzo Sciahbasi,20,15031,15031.0
2025,663,Oleksii Krutykh,25,14971,14971.0
2025,664,Tianhui Zhang,19,14954,14954.0
2025,665,Dimitris Sakellaridis,19,14897,14897.0
2025,666,Manuel Mazza,26,14848,14848.0
2025,667,Arthur Nagel,22,14697,14697.0
2025,668,Jose Pereira,34,14665,14665.0
2025,669,Peter Fajta,23,14653,14653.0
2025,670,Tomas Curras Abasolo,25,14648,14648.0
2025,671,Taisei Ichikawa,25,14608,14608.0
2025,672,Facundo Juarez,28,14548,14548.0
2025,673,Niels Visker,24,14501,14501.0
2025,674,Alexander Donski,27,14475,14475.0
2025,675,Wilson Leite,34,14388,14388.0
2025,676,Millen Hurrion,26,14374,14374.0
2025,677,Lucas Gerch,31,14308,14308.0
2025,678,Ajeet Rai,26,14235,14235.0
2025,679,Santiago De La Fuente,23,14177,14177.0
2025,680,James Watt,25,14095,14095.0
2025,681,Mitsuki Wei Kang Leong,21,14092,14092.0
2025,682,Digvijaypratap Singh,25,14068,14068.0
2025,683,Sidharth Rawat,32,14056,14056.0
2025,684,Kuan-Yi Lee,29,13832,13832.0
2025,685,Jakub Nicod,21,13795,13795.0
2025,686,Yanaki Milev,21,13745,13745.0
2025,687,Daniel Antonio Nunez,24,13720,13720.0
2025,688,Kosuke Ogura,29,13647,13647.0
2025,689,Diego Schwartzman,33,13640,13640.0
2025,690,Samuel Heredia,19,13625,13625.0
2025,691,Maik Steiner,31,13622,13622.0
2025,692,Ryan Fishback,23,13583,13583.0
2025,693,Juan Sebastian Gomez,33,13577,13577.0
2025,694,William Rejchtman Vinciguerra,18,13485,13485.0
2025,695,Fausto Tabacco,23,13473,13473.0
2025,696,Pierre Delage,24,13466,13466.0
2025,697,Massimo Giunta,21,13465,13465.0
2025,698,Shinji Hazawa,26,13440,13440.0
2025,699,Leo Raquillet,20,13420,13420.0
2025,700,Radu Mihai Papoe,23,13399,13399.0
2025,701,Aidan Kim,21,13389,13389.0
2025,702,Naoya Honda,19,13333,13333.0
2025,703,Kris Van Wyk,29,13331,13331.0
2025,704,Shintaro Imai,32,13318,13318.0
2025,705,Matteo Covato,20,13292,13292.0
2025,706,Keisuke Saitoh,24,13280,13280.0
2025,707,Axel Garcian,23,13262,13262.0
2025,708,Emilien Demanet,20,13223,13223.0
2025,709,Georgi Georgiev,19,13192,13192.0
2025,710,Stijn Slump,26,13190,13190.0
2025,711,Ryan Dickerson,28,13160,13160.0
2025,712,Leo Vithoontien,26,13137,13137.0
2025,713,Jan Kumstat,18,13085,13085.0
2025,714,Evgeny Karlovskiy,31,13077,13077.0
2025,715,Martin Klizan,36,13062,13062.0
2025,716,Yuta Kikuchi,26,13038,13038.0
2025,717,Peter Bertran,29,12982,12982.0
2025,718,Alejo Sanchez Quilez,20,12923,12923.0
2025,719,Samuel Alejandro Linde Palacios,18,12909,12909.0
2025,720,Younes Lalami,24,12882,12882.0
2025,721,Chase Ferguson,26,12879,12879.0
2025,722,Alessandro Pecci,24,12774,12774.0
2025,723,Joshua Sheehy,28,12750,12750.0
2025,724,Yusuke Kusuhara,28,12746,12746.0
2025,725,Imanol Lopez Morillo,26,12673,12673.0
2025,726,Alec Deckers,25,12669,12669.0
2025,727,William Grant,24,12660,12660.0
2025,728,Damien Wenger,25,12650,12650.0
2025,729,Arda Azkara,22,12594,12594.0
2025,730,John Echeverria,24,12571,12571.0
2025,731,Guillaume Dalmasso,23,12564,12564.0
2025,732,Duncan Chan,20,12558,12558.0
2025,733,Koki Matsuda,25,12545,12545.0
2025,734,Colin Sinclair,31,12543,12543.0
2025,735,Uisung Park,25,12540,12540.0
2025,736,Trey Hilderbrand,25,12534,12534.0
2025,737,Dan Alexandru Tomescu,26,12525,12525.0
2025,738,Christian Sigsgaard,28,12489,12489.0
2025,739,Noah Schachter,26,12461,12461.0
2025,740,Alexander Klintcharov,29,12460,12460.0
2025,741,Diego Augusto Barreto Sanchez,23,12446,12446.0
2025,742,Kai Wehnelt,30,12431,12431.0
2025,743,Amaury Raynel,23,12393,12393.0
2025,744,Leonardo Rossi,23,12341,12341.0
2025,745,Oscar Jose Gutierrez,32,12309,12309.0
2025,746,Jacob Brumm,27,12296,12296.0
2025,747,Ben Jones,27,12169,12169.0
2025,748,Cem Ilkel,30,12152,12152.0
2025,749,Tiago Torres,23,12129,12129.0
2025,750,Abel Forger,20,12083,12083.0
2025,751,Denis Klok,27,12067,12067.0
2025,752,Braden Shick,22,12055,12055.0
2025,753,Michael Agwi,22,12002,12002.0
2025,754,Yanis Ghazouani Durand,25,11972,11972.0
2025,755,Joris De Loore,32,11951,11951.0
2025,756,Samir Hamza Reguig,23,11889,11889.0
2025,757,Juan Cruz Martin Manzano,21,11873,11873.0
2025,758,Joshua Charlton,26,11833,11833.0
2025,759,Kalin Ivanovski,21,11817,11817.0
2025,760,Jacob Bradshaw,23,11763,11763.0
2025,761,Igor Kudriashov,22,11762,11762.0
2025,762,Daniel Siniakov,22,11757,11757.0
2025,763,John Sperle,23,11745,11745.0
2025,764,Daniil Ostapenkov,22,11722,11722.0
2025,765,Ilya Ivashka,31,11721,11721.0
2025,766,Johan Alexander Rodriguez,22,11702,11702.0
2025,767,Yassine Dlimi,22,11673,11673.0
2025,768,Iliyan Radulov,20,11625,11625.0
2025,769,Michael Bassem Sobhy,21,11604,11604.0
2025,770,Giuseppe La Vela,25,11554,11554.0
2025,771,Shunsuke Mitsui,23,11510,11510.0
2025,772,Matt Kuhar,29,11490,11490.0
2025,773,Dinko Dinev,21,11417,11417.0
2025,774,Grigoriy Lomakin,27,11372,11372.0
2025,775,Benjamin Torrealba,20,11319,11319.0
2025,776,Petros Tsitsipas,25,11307,11307.0
2025,777,JiSung Nam,32,11242,11242.0
2025,778,Aleksandr Braynin,26,11219,11219.0
2025,779,Gabriel Ghetu,18,11217,11217.0
2025,780,Ignacio Monzon,27,11215,11215.0
2025,781,Matisse Bobichon,23,11208,11208.0
2025,782,Matthew Summers,27,11108,11108.0
2025,783,Micah Braswell,24,11092,11092.0
2025,784,Thiago Cigarran,25,11087,11087.0
2025,785,Alejandro Manzanera Pertusa,22,11022,11022.0
2025,786,Maxence Bertimon,26,10934,10934.0
2025,787,Kyle Kang,20,10928,10928.0
2025,788,Egor Gerasimov,33,10853,10853.0
2025,789,Pawit Sornlaksup,26,10845,10845.0
2025,790,Jesse Delaney,27,10831,10831.0
2025,791,Thanapet Chanta,26,10827,10827.0
2025,792,Kyle Edmund,30,10783,10783.0
2025,793,Ryotaro Taguchi,25,10565,10565.0
2025,794,Tomas Serrano Luis,23,10537,10537.0
2025,795,Radu David Turcanu,19,10456,10456.0
2025,796,J.J. Wolf,27,10453,10453.0
2025,797,Marcel Zielinski,25,10441,10441.0
2025,798,Felix Balshaw,19,10418,10418.0
2025,799,Karol Filar,27,10406,10406.0
2025,800,Tomas Farjat,24,10401,10401.0
2025,801,Victor Lilov,21,10401,10401.0
2025,802,Nitin Kumar Sinha,26,10324,10324.0
2025,803,Reda Bennani,18,10293,10293.0
2025,804,Charlie Robertson,19,10255,10255.0
2025,805,Iannis Miletich,20,10248,10248.0
2025,806,Adrien Gobat,24,10217,10217.0
2025,807,Nicolas Villalon,21,10112,10112.0
2025,808,Alejandro Juan Mano,20,10101,10101.0
2025,809,Mate Valkusz,27,10090,10090.0
2025,810,Mikalai Haliak,27,10037,10037.0
2025,811,Niklas Schell,26,10021,10021.0
2025,812,Alec Beckley,24,10017,10017.0
2025,813,Alexandre Aubriot,26,10015,10015.0
2025,814,Ali Yazdani,22,9997,9997.0
2025,815,Lucas Bouquet,28,9957,9957.0
2025,816,Hoyoung Roh,19,9930,9930.0
2025,817,Isaiah Strode,28,9825,9825.0
2025,818,Nicolas Tepmahc,24,9811,9811.0
2025,819,Duckhee Lee,27,9754,9754.0
2025,820,Sora Fukuda,28,9749,9749.0
2025,821,Gustavo Ribeiro De Almeida,19,9732,9732.0
2025,822,Bautista Vilicich,24,9704,9704.0
2025,823,Mwendwa Mbithi,27,9678,9678.0
2025,824,Martin Van Der Meerschen,25,9637,9637.0
2025,825,Marko Maksimovic,19,9625,9625.0
2025,826,Arklon Huertas Del Pino Cordova,31,9620,9620.0
2025,827,Emile Hudd,25,9618,9618.0
2025,828,Samuel Vincent Ruggeri,23,9609,9609.0
2025,829,Nikola Slavic,25,9569,9569.0
2025,830,Yuta Kawahashi,27,9530,9530.0
2025,831,Artur Kukasian,21,9504,9504.0
2025,832,Bruno Fernandez,21,9495,9495.0
2025,833,Josip Simundza,21,9482,9482.0
2025,834,Lorenzo Rottoli,23,9472,9472.0
2025,835,Conner Huertas del Pino,30,9465,9465.0
2025,836,Finn Bass,26,9461,9461.0
2025,837,Mathias Bourgue,31,9459,9459.0
2025,838,Alexis Gautier,28,9389,9389.0
2025,839,Semen Pankin,26,9372,9372.0
2025,840,Ignacio Parisca Romera,20,9329,9329.0
2025,841,Diego Fernandez Flores,25,9324,9324.0
2025,842,Pablo Martinez Gomez,19,9239,9239.0
2025,843,Rafael Izquierdo Luque,25,9196,9196.0
2025,844,Niccolo Catini,28,9140,9140.0
2025,845,Dev Javia,23,9115,9115.0
2025,846,Alex Knaff,28,9103,9103.0
2025,847,Tuncay Duran,21,9101,9101.0
2025,848,Matyas Cerny,24,9090,9090.0
2025,849,Melios Efstathiou,26,9060,9060.0
2025,850,Julio Cesar Porras,27,9051,9051.0
2025,851,Maximo Zeitune,19,9026,9026.0
2025,852,Pedro Rodrigues,19,9008,9008.0
2025,853,Lautaro Agustin Falabella,27,8969,8969.0
2025,854,Blu Baker,24,8953,8953.0
2025,855,Filip Pieczonka,21,8945,8945.0
2025,856,Seydina Andre,22,8942,8942.0
2025,857,Dragos Nicolae Cazacu,21,8908,8908.0
2025,858,Cooper Williams,20,8868,8868.0
2025,859,Ezekiel Clark,27,8825,8825.0
2025,860,Maximilian Homberg,22,8799,8799.0
2025,861,Lucas Marionneau,19,8775,8775.0
2025,862,Jack Anthrop,22,8734,8734.0
2025,863,Salvador Price,20,8712,8712.0
2025,864,Marlon Vankan,25,8692,8692.0
2025,865,Vincent Marysko,19,8667,8667.0
2025,866,Nikita Mashtakov,26,8618,8618.0
2025,867,Toufik Sahtali,26,8611,8611.0
2025,868,Michael Zhu,33,8595,8595.0
2025,869,Yaojie Zeng,23,8584,8584.0
2025,870,Taiyo Yamanaka,24,8578,8578.0
2025,871,Anas Mazdrashki,19,8498,8498.0
2025,872,Jakub Filip,20,8490,8490.0
2025,873,Alejandro Turriziani Alvarez,22,8489,8489.0
2025,874,Tomas Martinez,22,8397,8397.0
2025,875,Adan Freire Da Silva,26,8389,8389.0
2025,876,Nicolas Jadoun,23,8376,8376.0
2025,877,Dragos Nicolae Madaras,28,8374,8374.0
2025,878,Chirag Duhan,21,8364,8364.0
2025,879,Fernando Cavallo,20,8345,8345.0
2025,880,Izan Almazan Valiente,19,8315,8315.0
2025,881,Timofei Derepasko,18,8283,8283.0
2025,882,Amit Vales,20,8280,8280.0
2025,883,Luca Staeheli,25,8269,8269.0
2025,884,Kristjan Tamm,27,8213,8213.0
2025,885,Xiaofei Wang,22,8186,8186.0
2025,886,Jorge Plans,23,8161,8161.0
2025,887,Lorenzo Bocchi,28,8152,8152.0
2025,888,Finn Murgett,24,8119,8119.0
2025,889,Axel Nefve,25,8114,8114.0
2025,890,Andrea Fiorentini,24,8074,8074.0
2025,891,Karim Bennani,18,8048,8048.0
2025,892,Giorgio Tabacco,22,8039,8039.0
2025,893,Carles Hernandez,24,8001,8001.0
2025,894,Daisuke Sumizawa,26,7873,7873.0
2025,895,Alejo Lorenzo Lingua Lavallen,24,7868,7868.0
2025,896,Jeffrey Von Der Schulenburg,23,7861,7861.0
2025,897,Nicolas Zanellato,23,7809,7809.0
2025,898,Mert Naci Turker,27,7786,7786.0
2025,899,Tiago Cacao,27,7710,7710.0
2025,900,Orlando Luz,27,7700,7700.0
2025,901,Fryderyk Lechno-Wasiutynski,20,7688,7688.0
2025,902,Evgenii Tiurnev,28,7662,7662.0
2025,903,M Rifki Fitriadi,26,7657,7657.0
2025,904,Nicolas Ian Kotzen,22,7645,7645.0
2025,905,Matyas Fuele,27,7645,7645.0
2025,906,Michel Hopp,27,7643,7643.0
2025,907,Mihai Razvan Marinescu,24,7641,7641.0
2025,908,Daniel De Jonge,26,7633,7633.0
2025,909,Gian Luca Tanner,24,7522,7522.0
2025,910,Scott Jones,27,7513,7513.0
2025,911,Joao Victor Couto Loureiro,22,7511,7511.0
2025,912,Thomas Braithwaite,26,7454,7454.0
2025,913,Cesar Bouchelaghem,21,7428,7428.0
2025,914,Oscar Weightman,24,7414,7414.0
2025,915,Giannicola Misasi,25,7378,7378.0
2025,916,Roger Pascual Ferra,19,7346,7346.0
2025,917,Ewen Lumsden,25,7326,7326.0
2025,918,Romain Faucon,23,7314,7314.0
2025,919,Evan Bynoe,26,7303,7303.0
2025,920,Ivan Nedelko,39,7283,7283.0
2025,921,Attila Boros,22,7230,7230.0
2025,922,David Pichler,29,7218,7218.0
2025,923,Matt Ponchet,21,7211,7211.0
2025,924,Pedro Rodenas,21,7202,7202.0
2025,925,Marcello Serafini,23,7171,7171.0
2025,926,John Hallquist Lithen,24,7162,7162.0
2025,927,Enzo Wallart,28,7137,7137.0
2025,928,Qian Sun,24,7131,7131.0
2025,929,Yaroslav Demin,20,7117,7117.0
2025,930,Albert Pedrico Kravtsov,20,7065,7065.0
2025,931,Shunsuke Nakagawa,25,7039,7039.0
2025,932,Pietro Marino,24,6967,6967.0
2025,933,Matt Hulme,26,6963,6963.0
2025,934,Lucas Andrade Da Silva,20,6915,6915.0
2025,935,Emon Van Loben Sels,21,6847,6847.0
2025,936,Lorenzo Angelini,19,6821,6821.0
2025,937,Nikita Belozertsev,17,6806,6806.0
2025,938,Manish Sureshkumar,26,6802,6802.0
2025,939,Justin Schlageter,24,6720,6720.0
2025,940,Marc Van Der Merwe,31,6715,6715.0
2025,941,Benjamin Pietri,29,6650,6650.0
2025,942,Juan Sebastian Osorio,28,6569,6569.0
2025,943,Aleksandr Lobanov,24,6501,6501.0
2025,944,Enzo Kohlmann De Freitas,19,6483,6483.0
2025,945,Jumpei Yamasaki,28,6454,6454.0
2025,946,Marcus Walters,27,6414,6414.0
2025,947,Lorenzo Lorusso,25,6365,6365.0
2025,948,Kristijan Juhas,24,6352,6352.0
2025,949,Bekkhan Atlangeriev,24,6309,6309.0
2025,950,Jeremy Gschwendtner,27,6264,6264.0
2025,951,Leonardo Aboian,27,6256,6256.0
2025,952,Luca Wiedenmann,27,6227,6227.0
2025,953,Yun seong Chung,27,6222,6222.0
2025,954,Miles Jones,25,6106,6106.0
2025,955,Luca Pow,20,6078,6078.0
2025,956,Manuel Plunger,23,6057,6057.0
2025,957,Mateo Barreiros Reyes,25,6052,6052.0
2025,958,Brian Bozemoj,22,5949,5949.0
2025,959,Marc Majdandzic,20,5933,5933.0
2025,960,Patrick Schoen,20,5922,5922.0
2025,961,Pietro Romeo Scomparin,24,5870,5870.0
2025,962,Dong Ju Kim,23,5860,5860.0
2025,963,Ilya Snitari,23,5801,5801.0
2025,964,Peter Makk,24,5764,5764.0
2025,965,Kasra Rahmani,19,5530,5530.0
2025,966,Maxim Shin,22,5496,5496.0
2025,967,Anton Shepp,23,5484,5484.0
2025,968,Karlis Ozolins,23,5449,5449.0
2025,969,Gabriel Debru,20,5380,5380.0
2025,970,Johannes Ingildsen,28,5235,5235.0
2025,971,Dominik Recek,30,5074,5074.0
2025,972,Stijn Paardekooper,22,5014,5014.0
2025,973,Ozan Baris,21,5001,5001.0
2025,974,Thantub Suksumrarn,24,4741,4741.0
2025,975,Jea Moon Lee,32,4207,4207.0
2025,976,Nicolas Barrientos,38,3660,3660.0
