,ATP Prize Money Leaders (US$),,,,
"Rankings Date: Nov 16, 2015",,,,,
Money,,,,,
Rank,Player,Career,YTD,Singles,Doubles
1,"Federer, Roger","$95,245,556","$6,634,017","$6,624,892","$9,125"
2,"Djokovic, Novak","$89,164,053 $16,760,145 $16,706,125",,,"$54,020"
3,"Nadal, Rafael","$74,655,125","$3,275,888","$3,188,513","$87,375"
4,"Sampras, Pete","$43,280,489",$0,$0,$0
5,"Murray, Andy","$40,676,316","$6,486,230","$6,456,153","$30,077"
6,"Agassi, Andre","$31,152,975",$0,$0,$0
7,"Ferrer, David","$27,798,864","$3,065,755","$3,043,627","$22,128"
8,"Becker, Boris","$25,080,956",$0,$0,$0
9,"Kafelnikov, Yevgeny","$23,883,797",$0,$0,$0
10,"Berdych, Tomas","$23,177,551","$3,128,082","$3,090,921","$37,161"
11,"Lendl, Ivan","$21,262,417",$0,$0,$0
12,"Hewitt, Lleyton","$20,717,156","$264,279","$212,068","$52,211"
13,"Roddick, Andy","$20,640,030","$2,640",$0,"$2,640"
14,"Edberg, Stefan","$20,630,941",$0,$0,$0
15,"Ivanisevic, Goran","$19,878,007",$0,$0,$0
16,"Wawrinka, Stan","$19,736,676","$5,336,877","$5,299,265","$37,612"
17,"Chang, Michael","$19,145,632",$0,$0,$0
18,"Tsonga, Jo-Wilfried","$16,436,474","$1,963,690","$1,936,220","$27,470"
19,"Davydenko, Nikolay","$16,186,480",$0,$0,$0
20,"Del Potro, Juan Martin","$15,369,422","$23,475","$23,475",$0
21,"Kuerten, Gustavo","$14,807,000",$0,$0,$0
22,"Bjorkman, Jonas","$14,610,671",$0,$0,$0
23,"Safin, Marat","$14,373,291",$0,$0,$0
24,"Courier, Jim","$14,034,132",$0,$0,$0
25,"Ferrero, Juan Carlos","$13,992,895",$0,$0,$0
26,"Moya, Carlos","$13,443,970",$0,$0,$0
27,"Cilic, Marin","$13,380,332","$2,063,576","$2,033,973","$29,603"
28,"Haas, Tommy","$13,313,605","$201,072","$183,560","$17,512"
29,"Bryan, Bob","$13,301,074","$702,722",$0,"$702,722"
30,"Gasquet, Richard","$13,109,902","$2,146,835","$2,136,995","$9,840"
31,"Bryan, Mike","$13,075,894","$706,465",$0,"$706,465"
32,"Youzhny, Mikhail","$12,806,538","$442,517","$405,766","$36,751"
33,"Robredo, Tommy","$12,787,213","$746,317","$714,706","$31,611"
34,"Stich, Michael","$12,595,128",$0,$0,$0
35,"McEnroe, John","$12,552,132",$0,$0,$0
36,"Muster, Thomas","$12,266,977",$0,$0,$0
37,"Verdasco, Fernando","$12,245,234","$819,607","$745,137","$74,470"
38,"Nestor, Daniel","$12,089,606","$488,767",$0,"$488,767"
39,"Henman, Tim","$11,635,542",$0,$0,$0
40,"Bruguera, Sergi","$11,632,199",$0,$0,$0
41,"Lopez, Feliciano","$11,201,822","$1,542,755","$1,350,027","$192,728"
42,"Rafter, Patrick","$11,133,128",$0,$0,$0
43,"Nalbandian, David","$11,123,125",$0,$0,$0
44,"Mirnyi, Max","$11,035,168","$246,257",$0,"$246,257"
Page 1 of 483,Statistics/ Prize Money/ Career,,,Report as of,"Nov 15, 2015"
,ATP Prize Money Leaders (US$),,,,
"Rankings Date: Nov 16, 2015",,,,,
Money,,,,,
Rank,Player,Career,YTD,Singles,Doubles
45,"Nishikori, Kei","$10,735,625","$2,712,055","$2,702,325","$9,730"
46,"Stepanek, Radek","$10,645,526","$328,016","$241,037","$86,979"
47,"Simon, Gilles","$10,510,871","$1,475,856","$1,437,081","$38,775"
48,"Enqvist, Thomas","$10,461,641",$0,$0,$0
49,"Korda, Petr","$10,448,900",$0,$0,$0
50,"Soderling, Robin","$10,423,124",$0,$0,$0
51,"Corretja, Alex","$10,411,354",$0,$0,$0
52,"Ljubicic, Ivan","$10,181,121",$0,$0,$0
53,"Woodbridge, Todd","$10,078,820",$0,$0,$0
54,"Krajicek, Richard","$10,077,425",$0,$0,$0
55,"Santoro, Fabrice","$10,013,832",$0,$0,$0
56,"Ferreira, Wayne","$9,969,617",$0,$0,$0
57,"Melzer, Jurgen","$9,734,956","$358,460","$271,587","$86,873"
58,"Rios, Marcelo","$9,713,771",$0,$0,$0
59,"Almagro, Nicolas","$9,558,871","$437,670","$388,306","$49,364"
60,"Monfils, Gael","$9,328,600","$1,069,706","$1,033,015","$36,691"
61,"Rusedski, Greg","$8,944,841",$0,$0,$0
62,"Gonzalez, Fernando","$8,862,276",$0,$0,$0
63,"Isner, John","$8,834,246","$1,776,682","$1,699,342","$77,340"
64,"Raonic, Milos","$8,806,174","$1,493,503","$1,482,983","$10,520"
65,"Connors, Jimmy","$8,641,040",$0,$0,$0
66,"Kohlschreiber, Philipp","$8,555,984","$775,355","$761,540","$13,815"
67,"Woodforde, Mark","$8,551,305",$0,$0,$0
68,"Llodra, Michael","$8,533,350",$0,$0,$0
69,"Martin, Todd","$8,232,355",$0,$0,$0
70,"Grosjean, Sebastien","$8,131,803",$0,$0,$0
71,"Paes, Leander","$8,115,868","$196,484",$0,"$196,484"
72,"Blake, James","$7,981,786",$0,$0,$0
73,"Wilander, Mats","$7,956,101",$0,$0,$0
74,"Zimonjic, Nenad","$7,893,606","$479,884",$0,"$479,884"
75,"Haarhuis, Paul","$7,751,962",$0,$0,$0
76,"Nieminen, Jarkko","$7,743,345","$382,821","$353,966","$28,855"
77,"Costa, Albert","$7,685,228",$0,$0,$0
78,"Benneteau, Julien","$7,674,742","$118,644","$74,679","$43,965"
79,"Novak, Jiri","$7,618,613",$0,$0,$0
80,"Tipsarevic, Janko","$7,529,804","$182,799","$132,732","$50,067"
81,"Monaco, Juan","$7,524,038","$605,772","$548,046","$57,726"
82,"Kiefer, Nicolas","$7,480,465",$0,$0,$0
83,"Fish, Mardy","$7,460,641","$125,280","$110,245","$15,035"
84,"Seppi, Andreas","$7,445,187","$1,110,625","$1,028,401","$82,224"
85,"Schuettler, Rainer","$7,407,508",$0,$0,$0
86,"Granollers, Marcel","$7,267,409","$707,079","$515,242","$191,837"
87,"Johansson, Thomas","$7,168,029",$0,$0,$0
88,"Clement, Arnaud","$7,125,228",$0,$0,$0
Page 2 of 483,Statistics/ Prize Money/ Career,,,Report as of,"Nov 15, 2015"
,ATP Prize Money Leaders (US$),,,,
"Rankings Date: Nov 16, 2015",,,,,
Money,,,,,
Rank,Player,Career,YTD,Singles,Doubles
89,"Hrbaty, Dominik","$7,070,095",$0,$0,$0
90,"Fognini, Fabio","$7,068,340","$1,779,408","$1,200,275","$579,133"
91,"Knowles, Mark","$7,058,483",$640,$0,$640
92,"Philippoussis, Mark","$6,987,402","$2,200",$0,"$2,200"
93,"Pioline, Cedric","$6,921,029",$0,$0,$0
94,"Karlovic, Ivo","$6,847,624","$1,125,290","$1,097,622","$27,668"
95,"Rosset, Marc","$6,812,693",$0,$0,$0
96,"Medvedev, Andrei","$6,721,560",$0,$0,$0
97,"Baghdatis, Marcos","$6,652,563","$606,952","$591,440","$15,512"
98,"Bhupathi, Mahesh","$6,634,220","$24,690",$0,"$24,690"
99,"Chela, Juan Ignacio","$6,572,494",$0,$0,$0
100,"Anderson, Kevin","$6,556,934","$1,874,052","$1,790,131","$83,921"
101,"Querrey, Sam","$6,460,797","$715,497","$526,081","$189,416"
102,"Lapentti, Nicolas","$6,313,898",$0,$0,$0
103,"Garcia-Lopez, Guillermo","$6,095,008","$1,052,342","$949,400","$102,942"
104,"Gaudio, Gaston","$6,066,156",$0,$0,$0
105,"Coria, Guillermo","$5,915,620",$0,$0,$0
106,"Hlasek, Jakob","$5,890,993",$0,$0,$0
107,"Larsson, Magnus","$5,839,451",$0,$0,$0
108,"Troicki, Viktor","$5,837,489","$1,179,128","$1,079,166","$99,962"
109,"Dimitrov, Grigor","$5,825,196","$1,001,679","$968,788","$32,891"
110,"Gulbis, Ernests","$5,739,223","$618,280","$595,540","$22,740"
111,"Damm, Martin","$5,735,972",$0,$0,$0
112,"Malisse, Xavier","$5,694,825",$108,$0,$108
113,"Chardy, Jeremy","$5,675,992","$1,143,921","$991,908","$152,013"
114,"Forget, Guy","$5,669,934",$0,$0,$0
115,"Montanes, Albert","$5,650,964","$161,420","$151,193","$10,227"
116,"Tursunov, Dmitry","$5,577,082","$21,019","$1,263","$19,756"
117,"Mathieu, Paul-Henri","$5,574,523","$292,030","$287,740","$4,290"
118,"Gilbert, Brad","$5,509,060",$0,$0,$0
119,"Mayer, Florian","$5,464,940","$258,511","$226,622","$31,889"
120,"Jarryd, Anders","$5,378,067",$0,$0,$0
121,"Mahut, Nicolas","$5,374,754","$1,045,008","$444,016","$600,992"
122,"Dolgopolov, Alexandr","$5,370,636","$749,741","$740,971","$8,770"
123,"Sanchez, Emilio","$5,339,395",$0,$0,$0
124,"Mantilla, Felix","$5,332,214",$0,$0,$0
125,"Canas, Guillermo","$5,285,575",$0,$0,$0
126,"Wheaton, David","$5,238,401",$0,$0,$0
127,"Pavel, Andrei","$5,225,028",$0,$0,$0
128,"Schalken, Sjeng","$5,192,798",$0,$0,$0
129,"Black, Byron","$5,159,775",$0,$0,$0
130,"Kucera, Karol","$5,061,125",$0,$0,$0
131,"Spadea, Vincent","$5,004,680",$0,$0,$0
132,"Vilas, Guillermo","$4,923,882",$0,$0,$0
Page 3 of 483,Statistics/ Prize Money/ Career,,,Report as of,"Nov 15, 2015"
,ATP Prize Money Leaders (US$),,,,
"Rankings Date: Nov 16, 2015",,,,,
Money,,,,,
Rank,Player,Career,YTD,Singles,Doubles
133,"Eltingh, Jacco","$4,920,410",$0,$0,$0
134,"Rochus, Olivier","$4,905,754",$0,$0,$0
135,"Vacek, Daniel","$4,803,388",$0,$0,$0
136,"Kubot, Lukasz","$4,696,631","$277,761","$40,327","$237,434"
137,"Berasategui, Alberto","$4,676,187",$0,$0,$0
138,"Dodig, Ivan","$4,601,571","$924,612","$267,033","$657,579"
139,"Gustafsson, Magnus","$4,545,489",$0,$0,$0
140,"Norman, Magnus","$4,537,247",$0,$0,$0
141,"Andreev, Igor","$4,510,376",$0,$0,$0
142,"Sanchez, Javier","$4,427,811",$0,$0,$0
143,"Reneberg, Richey","$4,407,308",$0,$0,$0
144,"Gomez, Andres","$4,385,130",$0,$0,$0
145,"Siemerink, Jan","$4,347,693",$0,$0,$0
146,"Massu, Nicolas","$4,343,298",$0,$0,$0
147,"Hanescu, Victor","$4,323,925","$52,414","$51,013","$1,401"
148,"Leach, Rick","$4,293,554",$0,$0,$0
149,"Clavet, Francisco","$4,271,881",$0,$0,$0
150,"Andujar, Pablo","$4,190,978","$773,363","$701,492","$71,871"
151,"Istomin, Denis","$4,173,624","$593,624","$516,272","$77,352"
152,"Bolelli, Simone","$4,171,771","$1,203,488","$634,088","$569,400"
153,"Ullyett, Kevin","$4,138,771",$0,$0,$0
154,"Stakhovsky, Sergiy","$4,101,015","$688,541","$629,510","$59,031"
155,"Bellucci, Thomaz","$4,094,090","$780,532","$731,423","$49,109"
156,"Roger-Vasselin, Edouard","$4,070,272","$666,132","$247,224","$418,908"
157,"El Aynaoui, Younes","$4,044,125",$36,$0,$36
158,"Ancic, Mario","$4,024,686",$0,$0,$0
159,"Prinosil, David","$4,016,496",$0,$0,$0
160,"Lu, Yen-Hsun","$3,988,958","$514,900","$460,007","$54,893"
161,"Becker, Benjamin","$3,979,735","$543,518","$491,232","$52,286"
162,"Leconte, Henri","$3,917,596",$0,$0,$0
163,"Volandri, Filippo","$3,903,992","$35,745","$35,745",$0
164,"Ginepri, Robby","$3,897,123","$6,455","$6,455",$0
165,"Martin, Alberto","$3,840,885",$0,$0,$0
166,"Starace, Potito","$3,796,316","$11,189","$9,138","$2,051"
167,"Stolle, Sandon","$3,762,442",$0,$0,$0
168,"Calleri, Agustin","$3,753,387",$0,$0,$0
169,"Tarango, Jeff","$3,730,289",$0,$0,$0
170,"Novacek, Karel","$3,729,540",$0,$0,$0
171,"Giraldo, Santiago","$3,715,261","$645,817","$573,526","$72,291"
172,"Krickstein, Aaron","$3,710,447",$0,$0,$0
173,"Mayer, Leonardo","$3,705,851","$814,582","$704,175","$110,407"
174,"Smid, Tomas","$3,699,738",$0,$0,$0
175,"Bautista Agut, Roberto","$3,688,327","$1,275,439","$1,249,406","$26,033"
176,"Arthurs, Wayne","$3,687,809",$36,$0,$36
Page 4 of 483,Statistics/ Prize Money/ Career,,,Report as of,"Nov 15, 2015"
,ATP Prize Money Leaders (US$),,,,
"Rankings Date: Nov 16, 2015",,,,,
Money,,,,,
Rank,Player,Career,YTD,Singles,Doubles
177,"Borg, Bjorn","$3,655,751",$0,$0,$0
178,"Suk, Cyril","$3,651,530",$0,$0,$0
179,"Cuevas, Pablo","$3,647,082","$1,023,296","$780,570","$242,726"
180,"Petzschner, Philipp","$3,642,473","$121,912","$15,026","$106,886"
181,"Acasuso, Jose","$3,642,422",$0,$0,$0
182,"Gambill, Jan-Michael","$3,612,785",$198,$0,$198
183,"Haase, Robin","$3,609,202","$518,721","$434,629","$84,092"
184,"Arazi, Hicham","$3,602,644",$0,$0,$0
185,"Tomic, Bernard","$3,601,931","$1,188,195","$1,158,571","$29,624"
186,"Ulihrach, Bohdan","$3,553,302",$0,$0,$0
187,"O'Brien, Alex","$3,526,390",$0,$0,$0
188,"Pospisil, Vasek","$3,486,127","$1,337,584","$856,814","$480,770"
189,"Srichaphan, Paradorn","$3,459,655",$0,$0,$0
190,"Rosol, Lukas","$3,446,220","$821,431","$709,956","$111,475"
191,"Noah, Yannick","$3,440,660",$0,$0,$0
192,"Palmer, Jared","$3,413,189",$0,$0,$0
193,"Matkowski, Marcin","$3,377,914","$447,082",$0,"$447,082"
194,"Gabashvili, Teymuraz","$3,369,958","$612,668","$557,072","$55,596"
195,"Koubek, Stefan","$3,365,024",$0,$0,$0
196,"Volkov, Alexander","$3,362,786",$0,$0,$0
197,"Janowicz, Jerzy","$3,355,637","$602,089","$588,780","$13,309"
198,"Berlocq, Carlos","$3,350,136","$248,810","$192,871","$55,939"
199,"Black, Wayne","$3,300,258",$0,$0,$0
200,"Peya, Alexander","$3,283,835","$337,645",$0,"$337,645"
201,"Grabb, Jim","$3,274,155",$0,$0,$0
202,"Stoltenberg, Jason","$3,259,607",$0,$0,$0
203,"Muller, Gilles","$3,245,083","$809,786","$749,895","$59,891"
204,"Washington, MaliVai","$3,232,565",$0,$0,$0
205,"Stark, Jonathan","$3,220,867",$0,$0,$0
206,"Escude, Nicolas","$3,216,150",$0,$0,$0
207,"Olhovskiy, Andrei","$3,208,620",$0,$0,$0
208,"Fitzgerald, John","$3,207,272",$0,$0,$0
209,"Zabaleta, Mariano","$3,204,127",$0,$0,$0
210,"Kulti, Nicklas","$3,186,946",$0,$0,$0
211,"Carbonell, Tomas","$3,157,584",$0,$0,$0
212,"Paire, Benoit","$3,140,243","$902,047","$855,640","$46,407"
213,"Masur, Wally","$3,134,718",$0,$0,$0
214,"Costa, Carlos","$3,134,189",$0,$0,$0
215,"Dlouhy, Lukas","$3,120,754",$246,$0,$246
216,"McEnroe, Patrick","$3,118,316",$0,$0,$0
217,"Melo, Marcelo","$3,116,234","$949,964",$0,"$949,964"
218,"Chesnokov, Andrei","$3,084,188",$0,$0,$0
219,"Lindstedt, Robert","$3,076,021","$252,019",$0,"$252,019"
220,"Gaudenzi, Andrea","$3,063,479",$0,$0,$0
Page 5 of 483,Statistics/ Prize Money/ Career,,,Report as of,"Nov 15, 2015"
,ATP Prize Money Leaders (US$),,,,
"Rankings Date: Nov 16, 2015",,,,,
Money,,,,,
Rank,Player,Career,YTD,Singles,Doubles
221,"Rikl, David","$3,063,353",$0,$0,$0
222,"Curren, Kevin","$3,055,510",$0,$0,$0
223,"Boetsch, Arnaud","$3,031,247",$0,$0,$0
224,"Sock, Jack","$3,021,771","$1,413,560","$902,175","$511,385"
225,"Carlsen, Kenneth","$2,990,980",$0,$0,$0
226,"Falla, Alejandro","$2,990,374","$257,046","$252,446","$4,600"
227,"Portas, Albert","$2,972,633",$0,$0,$0
228,"Serra, Florent","$2,970,611","$8,407","$2,844","$5,563"
229,"Fyrstenberg, Mariusz","$2,936,670","$103,977",$0,"$103,977"
230,"Sanguinetti, Davide","$2,935,584",$0,$0,$0
231,"Gimeno-Traver, Daniel","$2,927,993","$385,869","$349,476","$36,393"
232,"Vicente, Fernando","$2,917,616",$0,$0,$0
233,"Tecau, Horia","$2,911,793","$675,084",$0,"$675,084"
234,"Connell, Grant","$2,911,097",$0,$0,$0
235,"Lareau, Sebastien","$2,879,682",$0,$0,$0
236,"Knowle, Julian","$2,878,630","$125,199",$0,"$125,199"
237,"Hanley, Paul","$2,871,560",$0,$0,$0
238,"Kunitsyn, Igor","$2,861,069",$0,$0,$0
239,"Soares, Bruno","$2,835,092","$356,504",$0,"$356,504"
240,"Lopez, Marc","$2,826,171","$201,012",$0,"$201,012"
241,"Delaitre, Olivier","$2,788,904",$0,$0,$0
242,"Klizan, Martin","$2,782,950","$826,326","$717,473","$108,853"
243,"Gottfried, Brian","$2,782,514",$0,$0,$0
244,"Young, Donald","$2,780,958","$726,168","$671,719","$54,449"
245,"Gerulaitis, Vitas","$2,778,748",$0,$0,$0
246,"Goffin, David","$2,768,911","$1,153,706","$1,116,561","$37,145"
247,"Bopanna, Rohan","$2,761,165","$534,188",$0,"$534,188"
248,"Rochus, Christophe","$2,753,294",$0,$0,$0
249,"Fibak, Wojtek","$2,725,403",$0,$0,$0
250,"Mannarino, Adrian","$2,722,391","$820,680","$751,237","$69,443"
251,"Goellner, Marc-Kevin","$2,700,899",$104,$104,$0
252,"Kukushkin, Mikhail","$2,697,362","$511,665","$475,569","$36,096"
253,"Galbraith, Patrick","$2,684,136",$0,$0,$0
254,"Rojer, Jean-Julien","$2,682,765","$678,846",$0,"$678,846"
255,"Sela, Dudi","$2,665,751","$315,575","$309,376","$6,199"
256,"Mayotte, Tim","$2,663,672",$0,$0,$0
257,"Horna, Luis","$2,648,482",$0,$0,$0
258,"Ram, Andy","$2,647,616",$0,$0,$0
259,"Mecir Sr., Miloslav","$2,632,538",$0,$0,$0
260,"Ram, Rajeev","$2,621,502","$464,032","$258,824","$205,208"
261,"Berrer, Michael","$2,608,539","$260,321","$258,638","$1,683"
262,"Fromberg, Richard","$2,605,740",$0,$0,$0
263,"Sargsian, Sargis","$2,603,732",$0,$0,$0
264,"Gimelstob, Justin","$2,575,522",$0,$0,$0
Page 6 of 483,Statistics/ Prize Money/ Career,,,Report as of,"Nov 15, 2015"
,ATP Prize Money Leaders (US$),,,,
"Rankings Date: Nov 16, 2015",,,,,
Money,,,,,
Rank,Player,Career,YTD,Singles,Doubles
265,"Dent, Taylor","$2,563,378",$0,$0,$0
266,"Golubev, Andrey","$2,557,648","$210,688","$176,102","$34,586"
267,"Meligeni, Fernando","$2,555,367",$0,$0,$0
268,"Adams, David","$2,534,247",$0,$0,$0
269,"Gicquel, Marc","$2,513,052",$252,$0,$252
270,"Squillari, Franco","$2,504,591",$0,$0,$0
271,"Moodie, Wesley","$2,455,112",$0,$0,$0
272,"Russell, Michael","$2,452,569","$54,381","$36,239","$18,142"
273,"Dosedel, Slava","$2,452,512",$0,$0,$0
274,"Furlan, Renzo","$2,449,043",$0,$0,$0
275,"Raoux, Guillaume","$2,446,506",$0,$0,$0
276,"Steven, Brett","$2,439,714",$0,$0,$0
277,"Svensson, Jonas","$2,439,702",$0,$0,$0
278,"Sousa, Joao","$2,435,816","$919,928","$848,973","$70,955"
279,"Cermak, Frantisek","$2,415,211","$80,137",$0,"$80,137"
280,"Mansdorf, Amos","$2,412,691",$0,$0,$0
281,"Sa, Andre","$2,406,110","$132,422",$384,"$132,038"
282,"Ramos-Vinolas, Albert","$2,404,247","$536,502","$492,582","$43,920"
283,"Kriek, Johan","$2,383,794",$0,$0,$0
284,"Qureshi, Aisam-Ul-Haq","$2,379,238","$178,738",$999,"$177,739"
285,"Ferreira, Ellis","$2,375,220",$0,$0,$0
286,"Lee, Hyung-Taik","$2,355,686","$2,173",$520,"$1,653"
287,"Vizner, Pavel","$2,337,009",$0,$0,$0
288,"Steeb, Carl-Uwe","$2,320,082",$0,$0,$0
289,"Zeballos, Horacio","$2,298,867","$166,097","$120,811","$45,286"
290,"Johnson, Donald","$2,294,044",$0,$0,$0
291,"Davis, Scott","$2,286,711",$0,$0,$0
292,"Erlich, Jonathan","$2,272,603","$128,297",$0,"$128,297"
293,"Pozzi, Gianluca","$2,272,035",$0,$0,$0
294,"Cherkasov, Andrei","$2,260,227",$0,$0,$0
295,"Ramirez Hidalgo, Ruben","$2,243,946","$31,611","$29,721","$1,890"
296,"Yzaga, Jaime","$2,235,560",$0,$0,$0
297,"Ramirez, Raul","$2,217,971",$0,$0,$0
298,"Golmard, Jerome","$2,215,784",$0,$0,$0
299,"Lacko, Lukas","$2,211,758","$287,485","$280,485","$7,000"
300,"Phau, Bjorn","$2,189,473",$0,$0,$0
301,"Darcis, Steve","$2,186,656","$288,769","$272,363","$16,406"
302,"Marach, Oliver","$2,166,853","$122,046",$370,"$121,676"
303,"Hernych, Jan","$2,155,326","$74,002","$72,785","$1,217"
304,"Aspelin, Simon","$2,121,037",$0,$0,$0
305,"Zverev, Mischa","$2,120,056","$113,674","$99,071","$14,603"
306,"Beck, Karol","$2,109,570",$320,$0,$320
307,"Casal, Sergio","$2,107,745",$0,$0,$0
308,"Johnson, Steve","$2,094,753","$1,062,535","$928,658","$133,877"
Page 7 of 483,Statistics/ Prize Money/ Career,,,Report as of,"Nov 15, 2015"
,ATP Prize Money Leaders (US$),,,,
"Rankings Date: Nov 16, 2015",,,,,
Money,,,,,
Rank,Player,Career,YTD,Singles,Doubles
309,"Alami, Karim","$2,087,596",$0,$0,$0
310,"Lorenzi, Paolo","$2,084,108","$383,936","$351,992","$31,944"
311,"Nastase, Ilie","$2,076,761",$0,$0,$0
312,"Nystrom, Joakim","$2,074,947",$0,$0,$0
313,"Flach, Ken","$2,065,246",$0,$0,$0
314,"Bogomolov Jr., Alex","$2,054,594",$0,$0,$0
315,"Karbacher, Bernd","$2,043,057",$0,$0,$0
316,"Tillstrom, Mikael","$2,030,525",$0,$0,$0
317,"Pate, David","$2,028,823",$0,$0,$0
318,"Norman, Dick","$2,019,581",$0,$0,$0
319,"Dibbs, Eddie","$2,016,426",$0,$0,$0
320,"Filippini, Marcelo","$2,016,190",$0,$0,$0
321,"Agenor, Ronald","$2,014,601",$0,$0,$0
322,"Thiem, Dominic","$2,009,504","$1,123,704","$1,052,936","$70,768"
323,"Clerc, Jose-Luis","$1,987,036",$0,$0,$0
324,"Fleming, Peter","$1,986,799",$0,$0,$0
325,"Vliegen, Kristof","$1,964,020",$0,$0,$0
326,"Matosevic, Marinko","$1,961,993","$237,837","$224,774","$13,063"
327,"Cash, Pat","$1,950,345",$0,$0,$0
328,"Hernandez, Oscar","$1,943,820",$100,$0,$100
329,"Kamke, Tobias","$1,936,820","$118,703","$110,665","$8,038"
330,"Sijsling, Igor","$1,924,960","$206,954","$193,329","$13,625"
331,"Van Rensburg, Christo","$1,912,831",$0,$0,$0
332,"Harrison, Ryan","$1,901,850","$235,582","$208,422","$27,160"
333,"Woodruff, Chris","$1,900,659",$0,$0,$0
334,"Seguso, Robert","$1,888,353",$0,$0,$0
335,"Burgsmuller, Lars","$1,887,164",$0,$0,$0
336,"Marrero, David","$1,878,521","$284,709","$1,104","$283,605"
337,"Jaite, Martin","$1,873,881",$0,$0,$0
338,"Arrese, Jordi","$1,847,136",$0,$0,$0
339,"Voinea, Adrian","$1,836,277",$0,$0,$0
340,"Ondruska, Marcos","$1,835,129",$0,$0,$0
341,"Blanco, Galo","$1,832,691",$0,$0,$0
342,"Norval, Piet","$1,832,303",$0,$0,$0
343,"Arias, Jimmy","$1,831,140",$0,$0,$0
344,"Nargiso, Diego","$1,807,857",$0,$0,$0
345,"Solomon, Harold","$1,802,769",$0,$0,$0
346,"Kohlmann, Michael","$1,798,467",$0,$0,$0
347,"Kyrgios, Nick","$1,786,525","$1,022,947","$961,017","$61,930"
348,"Puerta, Mariano","$1,781,372",$0,$0,$0
349,"Pugh, Jim","$1,780,466",$0,$0,$0
350,"Smith, Stan","$1,774,811",$0,$0,$0
351,"Brands, Daniel","$1,758,178","$49,021","$47,049","$1,972"
352,"Brown, Dustin","$1,749,456","$404,122","$347,312","$56,810"
Page 8 of 483,Statistics/ Prize Money/ Career,,,Report as of,"Nov 15, 2015"
,ATP Prize Money Leaders (US$),,,,
"Rankings Date: Nov 16, 2015",,,,,
Money,,,,,
Rank,Player,Career,YTD,Singles,Doubles
353,"Bracciali, Daniele","$1,749,020","$6,077",$0,"$6,077"
354,"Murray, Jamie","$1,745,619","$587,334",$0,"$587,334"
355,"Arnold Ker, Lucas","$1,745,436",$900,$0,$900
356,"Macpherson, David","$1,729,899",$0,$0,$0
357,"Sluiter, Raemon","$1,726,539",$0,$0,$0
358,"Chiudinelli, Marco","$1,707,533","$75,163","$67,026","$8,137"
359,"Dancevic, Frank","$1,707,329","$68,659","$63,254","$5,405"
360,"Tanner, Roscoe","$1,696,198",$0,$0,$0
361,"Holm, Henrik","$1,693,931",$0,$0,$0
362,"Frana, Javier","$1,691,848",$0,$0,$0
363,"Ebden, Matthew","$1,689,608","$210,626","$181,296","$29,330"
364,"Perez-Roldan, Guillermo","$1,686,459",$0,$0,$0
365,"Pescosolido, Stefano","$1,657,671",$0,$0,$0
366,"Delbonis, Federico","$1,655,357","$397,575","$360,187","$37,388"
367,"Teltscher, Eliot","$1,653,997",$0,$0,$0
368,"Skoff, Horst","$1,651,858",$0,$0,$0
369,"Schwank, Eduardo","$1,648,048",$312,$276,$36
370,"Annacone, Paul","$1,646,602",$0,$0,$0
371,"Kuhnen, Patrik","$1,646,328",$0,$0,$0
372,"Butorac, Eric","$1,628,485","$146,161",$400,"$145,761"
373,"Haider-Maurer, Andreas","$1,622,559","$591,206","$556,485","$34,721"
374,"Rostagno, Derrick","$1,621,535",$0,$0,$0
375,"Goldstein, Paul","$1,620,456",$0,$0,$0
376,"Camporese, Omar","$1,610,475",$0,$0,$0
377,"Gonzalez, Maximo","$1,608,943","$202,546","$141,734","$60,812"
378,"Rosewall, Ken","$1,602,700",$0,$0,$0
379,"Stewart, Sherwood","$1,602,565",$0,$0,$0
380,"Vanek, Jiri","$1,600,539",$0,$0,$0
381,"Draper, Scott","$1,594,598",$0,$0,$0
382,"Dupuis, Antony","$1,591,333",$0,$0,$0
383,"Cipolla, Flavio","$1,587,316","$31,885","$16,621","$15,264"
384,"Ashe, Arthur","$1,584,909",$0,$0,$0
385,"Levy, Harel","$1,579,872",$180,$0,$180
386,"Reynolds, Bobby","$1,573,292",$0,$0,$0
387,"Laver, Rod","$1,565,413",$0,$0,$0
388,"Verkerk, Martin","$1,564,520",$0,$0,$0
389,"Etlis, Gaston","$1,559,459",$0,$0,$0
390,"Gunthardt, Heinz","$1,550,007",$0,$0,$0
391,"Johansson, Joachim","$1,549,039",$0,$0,$0
392,"Kim, Kevin","$1,545,970","$1,052",$520,$532
393,"Beck, Andreas","$1,540,429","$67,939","$62,403","$5,536"
394,"Mancini, Alberto","$1,535,520",$0,$0,$0
395,"Visser, Danie","$1,528,201",$0,$0,$0
396,"Korolev, Evgeny","$1,509,930",$723,$723,$0
Page 9 of 483,Statistics/ Prize Money/ Career,,,Report as of,"Nov 15, 2015"
,ATP Prize Money Leaders (US$),,,,
"Rankings Date: Nov 16, 2015",,,,,
Money,,,,,
Rank,Player,Career,YTD,Singles,Doubles
397,"Pimek, Libor","$1,509,018",$0,$0,$0
398,"de Bakker, Thiemo","$1,508,418","$146,691","$139,122","$7,569"
399,"Mertinak, Michal","$1,508,095",$0,$0,$0
400,"Dewulf, Filip","$1,503,987",$0,$0,$0
401,"Soeda, Go","$1,501,923","$242,620","$240,250","$2,370"
402,"Braasch, Karsten","$1,497,244",$0,$0,$0
403,"Kavcic, Blaz","$1,496,112","$224,852","$217,234","$7,618"
404,"Berankis, Ricardas","$1,485,945","$455,974","$410,559","$45,415"
405,"Mattar, Luiz","$1,484,831",$0,$0,$0
406,"Mello, Ricardo","$1,484,044",$0,$0,$0
407,"Nijssen, Tom","$1,474,432",$0,$0,$0
408,"Roig, Francisco","$1,466,830",$0,$0,$0
409,"Guccione, Chris","$1,462,295","$105,071",$545,"$104,526"
410,"Vesely, Jiri","$1,459,145","$754,614","$694,121","$60,493"
411,"Sanchez, David","$1,451,767",$0,$0,$0
412,"Edmondson, Mark","$1,451,680",$0,$0,$0
413,"Zivojinovic, Slobodan","$1,450,654",$0,$0,$0
414,"Muller, Gary","$1,447,445",$0,$0,$0
415,"Devvarman, Somdev","$1,439,987","$78,188","$70,044","$8,144"
416,"Taroczy, Balazs","$1,437,443",$0,$0,$0
417,"Boutter, Julien","$1,430,283",$0,$0,$0
418,"Hajek, Jan","$1,427,267",$104,$104,$0
419,"Scanlon, Bill","$1,427,007",$0,$0,$0
420,"Teacher, Brian","$1,426,514",$0,$0,$0
421,"Eagle, Joshua","$1,421,375",$0,$0,$0
422,"Witsken, Todd","$1,420,910",$0,$0,$0
423,"Vassallo Arguello, Martin","$1,420,101",$0,$0,$0
424,"Lipsky, Scott","$1,419,521","$163,565",$0,"$163,565"
425,"Robert, Stephane","$1,419,327","$131,272","$125,974","$5,298"
426,"Higueras, Jose","$1,406,355",$0,$0,$0
427,"Apell, Jan","$1,404,957",$0,$0,$0
428,"Gil, Frederico","$1,400,619","$6,357","$4,579","$1,778"
429,"Ruud, Christian","$1,399,813",$0,$0,$0
430,"Orantes, Manuel","$1,398,303",$0,$0,$0
431,"Zib, Tomas","$1,395,646",$0,$0,$0
432,"Saulnier, Cyril","$1,391,494",$0,$0,$0
433,"Delgado, Ramon","$1,385,410",$0,$0,$0
434,"Mayer, Gene","$1,382,422",$0,$0,$0
435,"Vinciguerra, Andreas","$1,381,556",$0,$0,$0
436,"Kratzmann, Mark","$1,378,936",$0,$0,$0
437,"Carreno Busta, Pablo","$1,374,900","$509,739","$427,993","$81,746"
438,"Gonzalez, Santiago","$1,371,478","$114,368",$750,"$113,618"
439,"Caratti, Cristiano","$1,368,916",$0,$0,$0
440,"Dreekmann, Hendrik","$1,366,435",$0,$0,$0
Page 10 of 483,Statistics/ Prize Money/ Career,,,Report as of,"Nov 15, 2015"
,ATP Prize Money Leaders (US$),,,,
"Rankings Date: Nov 16, 2015",,,,,
Money,,,,,
Rank,Player,Career,YTD,Singles,Doubles
441,"Kendrick, Robert","$1,365,211",$0,$0,$0
442,"Groth, Sam","$1,362,369","$579,628","$503,646","$75,982"
443,"de Jager, John-Laffnie","$1,357,700",$0,$0,$0
444,"Pernfors, Mikael","$1,357,188",$0,$0,$0
445,"Fleurian, Jean-Philippe","$1,352,977",$0,$0,$0
446,"Kas, Christopher","$1,350,322",$0,$0,$0
447,"De Voest, Rik","$1,349,991",$0,$0,$0
448,"Cahill, Darren","$1,349,247",$0,$0,$0
449,"Luczak, Peter","$1,348,036",$688,$378,$310
450,"Waske, Alexander","$1,339,987",$0,$0,$0
451,"Bates, Jeremy","$1,339,965",$0,$0,$0
452,"Calatrava, Alex","$1,335,933",$0,$0,$0
453,"Amritraj, Vijay","$1,331,913",$0,$0,$0
454,"MacPhie, Brian","$1,331,539",$0,$0,$0
455,"Ilie, Andrew","$1,327,838",$0,$0,$0
456,"Greul, Simon","$1,320,950",$0,$0,$0
457,"Herbert, Pierre-Hugues","$1,320,111","$776,037","$209,664","$566,373"
458,"Kuznetsov, Andrey","$1,319,775","$300,655","$293,973","$6,682"
459,"Schaller, Gilbert","$1,317,163",$0,$0,$0
460,"Voltchkov, Vladimir","$1,315,133",$0,$0,$0
461,"Jensen, Luke","$1,313,255",$0,$0,$0
462,"Stafford, Grant","$1,307,208",$0,$0,$0
463,"Przysiezny, Michal","$1,305,038","$89,475","$84,875","$4,600"
464,"Prpic, Goran","$1,303,639",$0,$0,$0
465,"Riba, Pere","$1,296,261","$48,472","$43,379","$5,093"
466,"Roitman, Sergio","$1,296,022",$0,$0,$0
467,"Wilkison, Tim","$1,289,085",$0,$0,$0
468,"Gunnarsson, Jan","$1,285,040",$0,$0,$0
469,"Prieto, Sebastian","$1,271,907",$0,$0,$0
470,"Bastl, George","$1,271,019",$0,$0,$0
471,"Krishnan, Ramesh","$1,263,130",$0,$0,$0
472,"Ventura, Santiago","$1,260,406",$0,$0,$0
473,"Bergstrom, Christian","$1,258,492",$0,$0,$0
474,"Okker, Tom","$1,257,200",$0,$0,$0
475,"Roux, Lionel","$1,255,648",$0,$0,$0
476,"Champion, Thierry","$1,255,229",$0,$0,$0
477,"Smyczek, Tim","$1,252,637","$308,928","$294,387","$14,541"
478,"Montana, Francisco","$1,248,094",$0,$0,$0
479,"Saretta, Flavio","$1,239,319",$0,$0,$0
480,"De La Pena, Horacio","$1,234,768",$0,$0,$0
481,"Labadze, Irakli","$1,234,668",$0,$0,$0
482,"McNamee, Paul","$1,233,615",$0,$0,$0
483,"Gumy, Hernan","$1,226,776",$0,$0,$0
484,"De Schepper, Kenny","$1,224,851","$211,310","$201,162","$10,148"
Page 11 of 483,Statistics/ Prize Money/ Career,,,Report as of,"Nov 15, 2015"
,ATP Prize Money Leaders (US$),,,,
"Rankings Date: Nov 16, 2015",,,,,
Money,,,,,
Rank,Player,Career,YTD,Singles,Doubles
485,"Navarro, Ivan","$1,222,193",$36,$0,$36
486,"Friedl, Leos","$1,221,403",$0,$0,$0
487,"Rodriguez, Martin","$1,221,361",$0,$0,$0
488,"Shelton, Bryan","$1,220,283",$0,$0,$0
489,"Lajovic, Dusan","$1,219,551","$424,816","$374,743","$50,073"
490,"Alexander, John","$1,214,079",$0,$0,$0
491,"Jaziri, Malek","$1,213,270","$416,693","$388,154","$28,539"
492,"Oncins, Jaime","$1,211,476",$0,$0,$0
493,"Marin, Juan Antonio","$1,210,117",$0,$0,$0
494,"Broad, Neil","$1,205,610",$0,$0,$0
495,"Burillo, Jordi","$1,198,126",$0,$0,$0
496,"Haggard, Chris","$1,195,855",$342,$0,$342
497,"Ilhan, Marsel","$1,193,650","$365,984","$364,723","$1,261"
498,"Minar, Ivo","$1,192,418",$172,$172,$0
499,"van Lottum, John","$1,188,163",$0,$0,$0
500,"Coetzee, Jeff","$1,178,517",$0,$0,$0
501,"Daniel, Marcos","$1,177,189",$0,$0,$0
502,"Marchenko, Illya","$1,175,617","$218,537","$213,200","$5,337"
503,"Cabal, Juan Sebastian","$1,173,092","$250,568",$0,"$250,568"
504,"Kroslak, Jan","$1,169,329",$0,$0,$0
505,"Jones, Kelly","$1,168,278",$0,$0,$0
506,"Lutz, Robert","$1,165,276",$0,$0,$0
507,"Bedene, Aljaz","$1,163,081","$462,272","$432,041","$30,231"
508,"Di Pasquale, Arnaud","$1,162,796",$0,$0,$0
509,"Estrella Burgos, Victor","$1,161,561","$525,610","$482,455","$43,155"
510,"Kratochvil, Michel","$1,159,379",$0,$0,$0
511,"Odesnik, Wayne","$1,155,255","$8,600","$8,280",$320
512,"Capdeville, Paul","$1,150,846",$0,$0,$0
513,"Gilbert, Rodolphe","$1,143,173",$0,$0,$0
514,"Lisnard, Jean-Rene","$1,142,109",$0,$0,$0
515,"Donskoy, Evgeny","$1,140,935","$213,619","$206,823","$6,796"
516,"Struff, Jan-Lennard","$1,136,727","$349,053","$311,632","$37,421"
517,"Bachinger, Matthias","$1,134,678","$127,508","$127,081",$427
518,"Levine, Jesse","$1,131,456",$0,$0,$0
519,"Lundgren, Peter","$1,130,516",$0,$0,$0
520,"Pless, Kristian","$1,127,884",$0,$0,$0
521,"Souza, Joao","$1,124,813","$338,885","$289,545","$49,340"
522,"Schapers, Michiel","$1,124,730",$0,$0,$0
523,"Gullikson, Tim","$1,121,880",$0,$0,$0
524,"Zemlja, Grega","$1,117,165","$34,593","$31,037","$3,556"
525,"Matsuoka, Shuzo","$1,117,112",$0,$0,$0
526,"Tebbutt, Michael","$1,114,448",$0,$0,$0
527,"Wang, Jimmy","$1,114,046","$59,827","$58,753","$1,074"
528,"Florent, Andrew","$1,113,285",$0,$0,$0
Page 12 of 483,Statistics/ Prize Money/ Career,,,Report as of,"Nov 15, 2015"
,ATP Prize Money Leaders (US$),,,,
"Rankings Date: Nov 16, 2015",,,,,
Money,,,,,
Rank,Player,Career,YTD,Singles,Doubles
529,"Pala, Petr","$1,106,011",$0,$0,$0
530,"Davin, Franco","$1,101,560",$0,$0,$0
531,"Kudla, Denis","$1,101,273","$441,965","$431,070","$10,895"
532,"Jelen, Eric","$1,100,059",$0,$0,$0
533,"Marray, Jonathan","$1,098,497","$104,310",$0,"$104,310"
534,"Udomchoke, Danai","$1,095,170","$7,534","$5,974","$1,560"
535,"Klaasen, Raven","$1,091,536","$409,657",$0,"$409,657"
536,"Denton, Steve","$1,084,664",$0,$0,$0
537,"Mamiit, Cecil","$1,084,438",$0,$0,$0
538,"Michibata, Glenn","$1,081,667",$0,$0,$0
539,"Pereira, Nicolas","$1,077,159",$0,$0,$0
540,"Ito, Tatsuma","$1,072,761","$214,958","$212,098","$2,860"
541,"Kerr, Jordan","$1,071,061",$0,$0,$0
542,"Stockton, Dick","$1,063,385",$0,$0,$0
543,"Newcombe, John","$1,062,408",$0,$0,$0
544,"Peers, John","$1,060,879","$609,585",$0,"$609,585"
545,"Tulasne, Thierry","$1,058,412",$0,$0,$0
546,"Mayer, Sandy","$1,057,783",$0,$0,$0
547,"McNamara, Peter","$1,046,935",$0,$0,$0
548,"Ward, James","$1,045,263","$291,303","$283,062","$8,241"
549,"Perez, Diego","$1,042,224",$0,$0,$0
550,"Oosting, Menno","$1,041,725",$0,$0,$0
551,"Wassen, Rogier","$1,040,061",$0,$0,$0
552,"Ascione, Thierry","$1,031,961",$0,$0,$0
553,"Patience, Olivier","$1,030,897",$0,$0,$0
554,"Sweeting, Ryan","$1,024,486","$3,510","$3,330",$180
555,"Antonitsch, Alex","$1,024,171",$0,$0,$0
556,"Gremelmayr, Denis","$1,023,334",$0,$0,$0
557,"Knippschild, Jens","$1,017,972",$0,$0,$0
558,"Mergea, Florin","$1,017,192","$476,452",$0,"$476,452"
559,"Huss, Stephen","$1,010,831",$0,$0,$0
560,"Carlsson, Kent","$998,956",$0,$0,$0
561,"Pecci Sr., Victor","$994,408",$0,$0,$0
562,"Warwick, Kim","$994,045",$0,$0,$0
563,"Berger, Jay","$992,136",$0,$0,$0
564,"Orsanic, Daniel","$991,800",$0,$0,$0
565,"Motta, Cassio","$986,595",$0,$0,$0
566,"Bemelmans, Ruben","$977,401","$306,296","$298,027","$8,269"
567,"Behrend, Tomas","$977,352",$0,$0,$0
568,"Kratzmann, Andrew","$976,085",$0,$0,$0
569,"Popp, Alexander","$976,038",$0,$0,$0
570,"Polasek, Filip","$975,899",$0,$0,$0
571,"Fleming, Colin","$971,302","$100,674",$545,"$100,129"
572,"Devilder, Nicolas","$959,359",$36,$0,$36
Page 13 of 483,Statistics/ Prize Money/ Career,,,Report as of,"Nov 15, 2015"
,ATP Prize Money Leaders (US$),,,,
"Rankings Date: Nov 16, 2015",,,,,
Money,,,,,
Rank,Player,Career,YTD,Singles,Doubles
573,"Heuberger, Ivo","$950,068",$0,$0,$0
574,"Koenig, Robbie","$944,191",$0,$0,$0
575,"Skoch, David","$942,739",$154,$0,$154
576,"Delic, Amer","$935,409",$0,$0,$0
577,"Farah, Robert","$935,140","$230,341",$0,"$230,341"
578,"Huta Galung, Jesse","$931,805","$48,031","$34,840","$13,191"
579,"Albano, Pablo","$931,670",$0,$0,$0
580,"Youl, Simon","$930,856",$0,$0,$0
581,"Wessels, Peter","$928,863",$0,$0,$0
582,"Coric, Borna","$926,187","$674,277","$667,984","$6,293"
583,"Slozil, Pavel","$925,242",$0,$0,$0
584,"Davids, Hendrik Jan","$923,459",$0,$0,$0
585,"Huey, Treat","$916,457","$172,896",$465,"$172,431"
586,"Evernden, Kelly","$914,750",$0,$0,$0
587,"Lobo, Luis","$913,682",$0,$0,$0
588,"Godwin, Neville","$912,783",$0,$0,$0
589,"Schwartzman, Diego","$907,609","$434,832","$372,110","$62,722"
590,"Cane, Paolo","$903,958",$0,$0,$0
591,"Lavalle, Leonardo","$903,200",$0,$0,$0
592,"Benfele Alvarez, Emilio","$902,099",$0,$0,$0
593,"Nyborg, Peter","$898,987",$0,$0,$0
594,"Srejber, Milan","$898,323",$0,$0,$0
595,"Machado, Rui","$896,997","$34,313","$32,235","$2,078"
596,"Sinner, Martin","$896,974",$0,$0,$0
597,"Kuznetsov, Alex","$895,519","$32,657","$31,077","$1,580"
598,"Sadri, John","$895,455",$0,$0,$0
599,"Inglot, Dominic","$891,232","$268,655",$0,"$268,655"
600,"Gullikson, Tom","$889,492",$0,$0,$0
601,"Jonsson, Lars","$888,998",$0,$0,$0
602,"Gonzalez, Alejandro","$880,626","$210,179","$200,466","$9,713"
603,"Ungur, Adrian","$876,797","$63,171","$43,147","$20,024"
604,"Gross, Oliver","$876,452",$0,$0,$0
605,"Pfister, Henry","$873,431",$0,$0,$0
606,"Van Scheppingen, Dennis","$871,886",$300,$0,$300
607,"Fisher, Ashley","$871,439",$270,$0,$270
608,"Garcia, Martin","$868,540",$0,$0,$0
609,"Warder, Laurie","$865,628",$0,$0,$0
610,"Talbot, Byron","$861,245",$0,$0,$0
611,"Nielsen, Frederik","$857,558","$47,249","$14,883","$32,366"
612,"Marques, Nuno","$857,262",$0,$0,$0
613,"Tabara, Michal","$853,900",$0,$0,$0
614,"Alonso, Julian","$852,891",$0,$0,$0
615,"Melville, Scott","$851,666",$0,$0,$0
616,"Viloca-Puig, Juan Albert","$851,371",$0,$0,$0
Page 14 of 483,Statistics/ Prize Money/ Career,,,Report as of,"Nov 15, 2015"
,ATP Prize Money Leaders (US$),,,,
"Rankings Date: Nov 16, 2015",,,,,
Money,,,,,
Rank,Player,Career,YTD,Singles,Doubles
617,"Hood, Mariano","$847,665",$0,$0,$0
618,"Koevermans, Mark","$842,859",$0,$0,$0
619,"Riglewski, Udo","$842,211",$0,$0,$0
620,"Pashanski, Boris","$837,645",$0,$0,$0
621,"Carraz, Gregory","$836,734",$0,$0,$0
622,"Reister, Julian","$836,699","$29,085","$29,085",$0
623,"Delgado, Jamie","$834,831",$0,$0,$0
624,"Di Mauro, Alessio","$833,633",$427,$0,$427
625,"Lopez Moron, Alex","$833,225",$0,$0,$0
626,"Hutchins, Ross","$831,609",$0,$0,$0
627,"Mronz, Alexander","$830,234",$0,$0,$0
628,"Munoz-De La Nava, Daniel","$829,270","$87,466","$82,264","$5,202"
629,"Dyke, Broderick","$827,530",$0,$0,$0
630,"Aguilera, Juan","$825,000",$0,$0,$0
631,"Duckworth, James","$823,857","$317,916","$299,891","$18,025"
632,"Vemic, Dusan","$821,902",$0,$0,$0
633,"Davis, Marty","$821,513",$0,$0,$0
634,"Sundstrom, Henrik","$819,393",$0,$0,$0
635,"Pearce, Brad","$818,850",$0,$0,$0
636,"Adams, Chuck","$818,519",$0,$0,$0
637,"Balcells, Juan","$815,801",$0,$0,$0
638,"Thomas, Jim","$801,553",$0,$0,$0
639,"Mezzadri, Claudio","$797,458",$0,$0,$0
640,"Purcell, Mel","$797,197",$0,$0,$0
641,"Simian, Stephane","$796,223",$0,$0,$0
642,"Zoecke, Markus","$795,369",$0,$0,$0
643,"Vacek, Jan","$794,420",$0,$0,$0
644,"Ho, Tommy","$793,819",$0,$0,$0
645,"Barnard, Marius","$793,416",$0,$0,$0
646,"Galvani, Stefano","$791,336",$0,$0,$0
647,"Aldrich, Pieter","$790,019",$0,$0,$0
648,"Karanusic, Roko","$789,254",$0,$0,$0
649,"Hipfl, Markus","$787,415",$0,$0,$0
650,"Levinsky, Jaroslav","$784,970",$0,$0,$0
651,"Okun, Noam","$784,555","$1,028",$848,$180
652,"Perry, Todd","$777,545",$0,$0,$0
653,"Moor, Terry","$776,732",$0,$0,$0
654,"Panatta, Adriano","$776,187",$0,$0,$0
655,"Barazzutti, Corrado","$775,783",$0,$0,$0
656,"Tieleman, Laurence","$773,130",$0,$0,$0
657,"Morrison, Jeff","$770,476",$0,$0,$0
658,"Kinnear, Kent","$770,149",$0,$0,$0
659,"Cibulec, Tomas","$769,316",$0,$0,$0
660,"Allegro, Yves","$768,327",$0,$0,$0
Page 15 of 483,Statistics/ Prize Money/ Career,,,Report as of,"Nov 15, 2015"
,ATP Prize Money Leaders (US$),,,,
"Rankings Date: Nov 16, 2015",,,,,
Money,,,,,
Rank,Player,Career,YTD,Singles,Doubles
661,"Brunstrom, Johan","$768,236","$43,776",$350,"$43,426"
662,"Koellerer, Daniel","$757,918",$0,$0,$0
663,"Joyce, Michael","$756,999",$0,$0,$0
664,"Vajda, Marian","$756,646",$0,$0,$0
665,"Drewett, Brad","$755,546",$0,$0,$0
666,"Giammalva Jr., Sammy","$754,113",$0,$0,$0
667,"Keil, Mark","$749,587",$0,$0,$0
668,"Ouanna, Josselin","$741,340","$5,161",$208,"$4,953"
669,"Gildemeister, Hans","$740,858",$0,$0,$0
670,"Lozano, Jorge","$739,424",$0,$0,$0
671,"Alves, Thiago","$739,405",$0,$0,$0
672,"Saceanu, Christian","$738,632",$0,$0,$0
673,"Cunha-Silva, Joao","$735,607",$0,$0,$0
674,"Kudryavtsev, Alexander","$733,748","$98,111","$87,169","$10,942"
675,"Stoliarov, Andrei","$733,499",$0,$0,$0
676,"Rufin, Guillaume","$732,052","$8,776","$8,776",$0
677,"Dabul, Brian","$728,653",$0,$0,$0
678,"Junqueira, Diego","$727,371",$0,$0,$0
679,"Suzuki, Takao","$726,497","$4,566","$4,182",$384
680,"Schukin, Yuri","$723,089",$0,$0,$0
681,"Arraya, Pablo","$723,086",$0,$0,$0
682,"Dutra Silva, Rogerio","$720,762","$62,149","$55,777","$6,372"
683,"Van Herck, Johan","$717,393",$0,$0,$0
684,"Baker, Brian","$717,365",$0,$0,$0
685,"Sabau, Razvan","$714,646",$0,$0,$0
686,"Bozoljac, Ilija","$713,772","$24,405","$9,015","$15,390"
687,"Elgin, Mikhail","$709,704","$51,468","$14,056","$37,412"
688,"Baur, Patrick","$709,282",$0,$0,$0
689,"Pella, Guido","$707,373","$142,094","$135,533","$6,561"
690,"Eschauer, Werner","$703,735",$0,$0,$0
691,"Pouille, Lucas","$701,445","$426,375","$389,486","$36,889"
692,"Vik, Robin","$700,030",$0,$0,$0
693,"Radulescu, Alex","$698,887",$0,$0,$0
694,"Savolt, Attila","$698,823",$0,$0,$0
695,"Bogdanovic, Alex","$695,395",$0,$0,$0
696,"Amaya, Victor","$694,304",$0,$0,$0
697,"Bloom, Gilad","$694,271",$0,$0,$0
698,"Kodes, Jan","$693,197",$0,$0,$0
699,"Diaz, Jacobo","$689,680",$0,$0,$0
700,"Dickson, Mark","$686,138",$0,$0,$0
701,"Zopp, Jurgen","$683,875","$96,478","$88,683","$7,795"
702,"Goldie, Dan","$682,952",$0,$0,$0
703,"Jensen, Murphy","$681,817",$0,$0,$0
704,"Carretero, Roberto","$680,211",$0,$0,$0
Page 16 of 483,Statistics/ Prize Money/ Career,,,Report as of,"Nov 15, 2015"
,ATP Prize Money Leaders (US$),,,,
"Rankings Date: Nov 16, 2015",,,,,
Money,,,,,
Rank,Player,Career,YTD,Singles,Doubles
705,"Guez, David","$677,153","$70,509","$66,576","$3,933"
706,"Pescariu, Dinu","$676,539",$0,$0,$0
707,"Odizor, Nduka","$675,673",$0,$0,$0
708,"Vanhoudt, Tom","$675,139",$0,$0,$0
709,"Nydahl, Tomas","$671,903",$0,$0,$0
710,"Flach, Doug","$670,927",$0,$0,$0
711,"Ball, Carsten","$669,016","$14,266","$1,090","$13,176"
712,"Nedovyesov, Aleksandr","$668,987","$151,211","$138,644","$12,567"
713,"Taygan, Ferdi","$668,104",$0,$0,$0
714,"Kokkinakis, Thanasi","$664,047","$491,698","$436,843","$54,855"
715,"Krajinovic, Filip","$662,940","$304,066","$286,600","$17,466"
716,"Gorriz, Marcos Aurelio","$662,335",$0,$0,$0
717,"Gojowczyk, Peter","$660,097","$102,258","$92,488","$9,770"
718,"Petchey, Mark","$657,776",$0,$0,$0
719,"Parrott, Travis","$656,339",$0,$0,$0
720,"Ketola, Tuomas","$656,258",$0,$0,$0
721,"Menendez-Maceiras, Adrian","$653,498","$147,984","$127,869","$20,115"
722,"Humphries, Scott","$652,092",$0,$0,$0
723,"Miniussi, Christian","$651,069",$0,$0,$0
724,"Lewis (NZL), Chris","$647,550",$0,$0,$0
725,"Layendecker, Glenn","$647,475",$0,$0,$0
726,"Fischer, Martin","$640,889","$10,539","$9,535","$1,004"
727,"Morgan, Jamie","$640,354",$0,$0,$0
728,"Polansky, Peter","$635,575","$20,640","$13,724","$6,916"
729,"Randall, Dave","$635,374",$0,$0,$0
730,"Luxa, Petr","$635,062",$0,$0,$0
731,"Sugita, Yuichi","$631,613","$166,894","$165,717","$1,177"
732,"Copil, Marius","$631,184","$168,891","$154,059","$14,832"
733,"Brzezicki, Juan Pablo","$629,845",$0,$0,$0
734,"Van Emburgh, Greg","$625,031",$0,$0,$0
735,"Crivoi, Victor","$624,672","$6,819","$5,101","$1,718"
736,"Haygarth, Brent","$624,649",$0,$0,$0
737,"Zovko, Lovro","$623,479",$296,$0,$296
738,"Santopadre, Vincenzo","$619,300",$0,$0,$0
739,"Galimberti, Giorgio","$619,170",$0,$0,$0
740,"Kitinov, Aleksandar","$618,346",$0,$0,$0
741,"Salzenstein, Jeff","$616,017",$0,$0,$0
742,"Hewitt, Bob","$613,837",$0,$0,$0
743,"Wilkinson, Chris","$613,641",$0,$0,$0
744,"Bauer, Mike","$611,891",$0,$0,$0
745,"Hogstedt, Thomas","$609,935",$0,$0,$0
746,"McMillan, Frew","$609,072",$0,$0,$0
747,"Kronemann, Trevor","$608,844",$0,$0,$0
748,"Buehning, Fritz","$608,506",$0,$0,$0
Page 17 of 483,Statistics/ Prize Money/ Career,,,Report as of,"Nov 15, 2015"
,ATP Prize Money Leaders (US$),,,,
"Rankings Date: Nov 16, 2015",,,,,
Money,,,,,
Rank,Player,Career,YTD,Singles,Doubles
749,"Brandi, Cristian","$607,038",$0,$0,$0
750,"Garcia, Adrian","$605,753",$64,$0,$64
751,"Mutis, Olivier","$605,413",$0,$0,$0
752,"Ogorodov, Oleg","$602,095",$0,$0,$0
753,"Dzumhur, Damir","$601,702","$305,548","$290,074","$15,474"
754,"Hill, Michael","$601,306",$0,$0,$0
755,"Lloyd, John","$598,092",$0,$0,$0
756,"Waite, Jack","$597,013",$0,$0,$0
757,"Vahaly, Brian","$596,775",$0,$0,$0
758,"Kravchuk, Konstantin","$595,255","$111,359","$99,063","$12,296"
759,"Markus, Gabriel","$589,053",$0,$0,$0
760,"Glickstein, Shlomo","$588,880",$0,$0,$0
761,"Bohli, Stephane","$588,725",$0,$0,$0
762,"Stadler, Simon","$588,660","$1,437",$0,"$1,437"
763,"Armando, Hugo","$588,523",$0,$0,$0
764,"Pistolesi, Claudio","$587,945",$0,$0,$0
765,"Begemann, Andre","$584,148","$120,841",$750,"$120,091"
766,"DeVries, Steve","$584,096",$0,$0,$0
767,"Cerretani, James","$572,892","$18,756",$0,"$18,756"
768,"Hartfield, Diego","$571,141",$0,$0,$0
769,"Kirmayr, Carlos","$570,207",$0,$0,$0
770,"Oswald, Philipp","$569,722","$145,452","$1,600","$143,852"
771,"Wibier, Fernon","$563,876",$0,$0,$0
772,"Luna, Fernando","$561,404",$0,$0,$0
773,"Zverev, Alexander","$561,300","$372,891","$355,607","$17,284"
774,"Lee, Martin","$561,085",$0,$0,$0
775,"Millot, Vincent","$560,905","$120,121","$117,854","$2,267"
776,"Veic, Antonio","$560,485","$23,272","$22,631",$641
777,"Brown, Jimmy","$560,131",$0,$0,$0
778,"Stebe, Cedrik-Marcel","$558,568",$584,$584,$0
779,"Zhang, Ze","$554,674","$146,968","$130,274","$16,694"
780,"Bagnis, Facundo","$554,506","$131,179","$123,072","$8,107"
781,"Klahn, Bradley","$554,092","$14,590","$13,240","$1,350"
782,"Krajicek, Austin","$553,207","$299,476","$242,265","$57,211"
783,"Bryan, Steve","$552,962",$0,$0,$0
784,"Healey, Nathan","$552,190",$0,$0,$0
785,"Prodon, Eric","$551,992",$0,$0,$0
786,"Matuszewski, Richard","$551,306",$0,$0,$0
787,"Kilderry, Paul","$551,195",$0,$0,$0
788,"Lapentti, Giovanni","$549,840","$47,206","$42,715","$4,491"
789,"De Chaunac, Sebastien","$547,906",$0,$0,$0
790,"Luzzi, Federico","$544,562",$0,$0,$0
791,"Ruah, Maurice","$542,546",$0,$0,$0
792,"Herrera, Luis","$542,438",$0,$0,$0
Page 18 of 483,Statistics/ Prize Money/ Career,,,Report as of,"Nov 15, 2015"
,ATP Prize Money Leaders (US$),,,,
"Rankings Date: Nov 16, 2015",,,,,
Money,,,,,
Rank,Player,Career,YTD,Singles,Doubles
793,"Taino, Eric","$542,367",$0,$0,$0
794,"Nelson, Todd","$541,277",$0,$0,$0
795,"Mertl, Jan","$541,058","$76,577","$69,687","$6,890"
796,"Millman, John","$539,720","$277,864","$267,266","$10,598"
797,"Dupre, Pat","$533,743",$0,$0,$0
798,"Lammer, Michael","$533,475","$10,035",$910,"$9,125"
799,"Monroe, Nicholas","$533,422","$106,988",$477,"$106,511"
800,"Zelenay, Igor","$533,399","$38,155",$0,"$38,155"
801,"Silva, Julio","$531,580",$0,$0,$0
802,"Niemeyer, Frederic","$530,673",$0,$0,$0
803,"Huet, Stephane","$529,583",$0,$0,$0
804,"Roche, Tony","$529,199",$0,$0,$0
805,"Smith, Roger","$528,200",$0,$0,$0
806,"Cannon, Shelby","$526,800",$0,$0,$0
807,"Tramacchi, Peter","$526,544",$0,$0,$0
808,"Guardiola, Thierry","$525,936",$0,$0,$0
809,"Rola, Blaz","$524,272","$181,228","$172,866","$8,362"
810,"Hadad, Mauricio","$523,801",$0,$0,$0
811,"Parmar, Arvind","$519,643",$0,$0,$0
812,"Moser, Frank","$518,813","$39,401",$390,"$39,011"
813,"Borwick, Neil","$517,035",$0,$0,$0
814,"Viola, Matteo","$515,340","$58,040","$51,421","$6,619"
815,"Hantschk, Markus","$514,852",$0,$0,$0
816,"Duncan, Lawson","$514,450",$0,$0,$0
817,"Bale, Lan","$514,265",$0,$0,$0
818,"Fontang, Frederic","$513,509",$0,$0,$0
819,"Meffert, Dominik","$513,278","$10,801",$0,"$10,801"
820,"Pospisil, Jaroslav","$510,145","$32,601","$29,234","$3,367"
821,"Elias, Gastao","$509,244","$110,403","$101,836","$8,567"
822,"Benhabiles, Tarik","$505,471",$0,$0,$0
823,"Renzenbrink, Joern","$504,929",$0,$0,$0
824,"Merklein, Mark","$502,870",$0,$0,$0
825,"Nainkin, David","$501,132",$0,$0,$0
826,"Groen, Sander","$501,013","$1,460",$0,"$1,460"
827,"Weiss, Robbie","$499,723",$0,$0,$0
828,"Draganja, Marin","$498,929","$188,820",$0,"$188,820"
829,"Weiner, Glenn","$498,614",$0,$0,$0
830,"Van't Hof, Robert","$496,384",$0,$0,$0
831,"Kempers, Tom","$494,330",$0,$0,$0
832,"Albot, Radu","$493,574","$223,522","$141,350","$82,172"
833,"Manson, Bruce","$492,338",$0,$0,$0
834,"Ran, Eyal","$492,055",$0,$0,$0
835,"Thorne, Kenny","$492,045",$0,$0,$0
836,"Vagnozzi, Simone","$490,559",$344,$344,$0
Page 19 of 483,Statistics/ Prize Money/ Career,,,Report as of,"Nov 15, 2015"
,ATP Prize Money Leaders (US$),,,,
"Rankings Date: Nov 16, 2015",,,,,
Money,,,,,
Rank,Player,Career,YTD,Singles,Doubles
837,"Evans, Daniel","$489,493","$47,905","$47,053",$852
838,"Kontinen, Henri","$488,965","$266,094",$0,"$266,094"
839,"Smith, John-Patrick","$488,676","$191,786","$174,029","$17,757"
840,"Bergh, Rikard","$488,500",$0,$0,$0
841,"Bertolini, Massimo","$487,354",$0,$0,$0
842,"Anger, Matt","$486,506",$0,$0,$0
843,"Campbell, Steve","$484,898",$0,$0,$0
844,"Stanoytchev, Orlin","$484,515",$0,$0,$0
845,"Gonzalez, Francisco","$483,023",$0,$0,$0
846,"Vinck, Christian","$482,534",$0,$0,$0
847,"Puentes, German","$481,369",$0,$0,$0
848,"Arnaboldi, Andrea","$480,688","$164,213","$152,810","$11,403"
849,"Hooper, Chip","$479,798",$0,$0,$0
850,"Elseneer, Gilles","$477,809",$0,$0,$0
851,"Motomura, Gouichi","$477,077",$0,$0,$0
852,"Bengoechea, Eduardo","$476,094",$0,$0,$0
853,"Alund, Martin","$475,938",$440,$260,$180
854,"Canter, Jonathan","$474,516",$0,$0,$0
855,"Haehnel, Jerome","$472,122",$0,$0,$0
856,"Skupski, Ken","$468,232","$29,447",$0,"$29,447"
857,"Shiras, Leif","$467,156",$0,$0,$0
858,"Bowen, Devin","$466,878",$0,$0,$0
859,"Wuyts, Bart","$465,408",$0,$0,$0
860,"Cancellotti, Francesco","$464,876",$0,$0,$0
861,"Wahlgren, Lars-Anders","$464,310",$0,$0,$0
862,"Altur, Jose Francisco","$463,453",$0,$0,$0
863,"Marx, Philipp","$463,260",$0,$0,$0
864,"Amritraj, Prakash","$460,805",$0,$0,$0
865,"Bubka, Sergei","$460,341",$962,$104,$858
866,"Dustov, Farrukh","$456,579","$80,699","$75,915","$4,784"
867,"Hernandez, Alejandro","$456,412",$0,$0,$0
868,"Panatta, Claudio","$455,711",$0,$0,$0
869,"Walts, Butch","$454,343",$0,$0,$0
870,"Sapsford, Danny","$450,722",$0,$0,$0
871,"Wekesa, Paul","$448,114",$0,$0,$0
872,"Sirianni, Joseph","$447,569",$0,$0,$0
873,"Doohan, Peter","$446,667",$0,$0,$0
874,"Kroon, Nicklas","$446,524",$0,$0,$0
875,"Landsberg, Johan","$444,593",$54,$0,$54
876,"Edwards, Eddie","$441,869",$0,$0,$0
877,"Fetterlein, Frederik","$441,561",$0,$0,$0
878,"Azar, Roberto","$441,303",$0,$0,$0
879,"Williams, Rhyne","$439,353","$13,909","$11,923","$1,986"
880,"Poliakov, Dimitri","$438,529",$0,$0,$0
Page 20 of 483,Statistics/ Prize Money/ Career,,,Report as of,"Nov 15, 2015"
,ATP Prize Money Leaders (US$),,,,
"Rankings Date: Nov 16, 2015",,,,,
Money,,,,,
Rank,Player,Career,YTD,Singles,Doubles
881,"Thomann, Nicolas","$437,629",$0,$0,$0
882,"Rebolledo, Pedro","$435,551",$0,$0,$0
883,"Ghem, Andre","$434,410","$83,770","$75,998","$7,772"
884,"Shimada, Thomas","$433,946",$0,$0,$0
885,"Van Patten, Vincent","$433,522",$0,$0,$0
886,"Limberger, Carl","$431,503",$0,$0,$0
887,"Pridham, Chris","$431,272",$0,$0,$0
888,"Cervantes, Inigo","$430,251","$104,036","$96,929","$7,107"
889,"Van der Merwe, Izak","$430,017",$0,$0,$0
890,"Recouderc, Laurent","$429,305",$780,$584,$196
891,"Manta, Lorenzo","$429,102",$0,$0,$0
892,"Goodall, Josh","$428,956",$630,$414,$216
893,"Junaid, Rameez","$427,321","$92,421",$0,"$92,421"
894,"Klein, Brydan","$422,484","$110,763","$102,219","$8,544"
895,"Klec, Ivo","$421,632","$13,754","$11,413","$2,341"
896,"Sidorenko, Alexandre","$420,592","$29,315","$22,063","$7,252"
897,"Sznajder, Andrew","$419,995",$0,$0,$0
898,"Marcelino, Danilo","$419,467",$0,$0,$0
899,"Vasek, Radomir","$418,622",$0,$0,$0
900,"Moriya, Hiroki","$416,559","$125,238","$121,590","$3,648"
901,"Basilashvili, Nikoloz","$414,616","$299,864","$296,200","$3,664"
902,"Ouahab, Lamine","$413,270","$43,529","$38,842","$4,687"
903,"Chamberlin, Paul","$410,831",$0,$0,$0
904,"Evans, Brendan","$410,076",$0,$0,$0
905,"Edmund, Kyle","$409,723","$212,325","$204,794","$7,531"
906,"Guzman, Juan-Pablo","$408,122",$0,$0,$0
907,"Winitsky, Van","$408,120",$0,$0,$0
908,"De Palmer, Mike","$406,143",$0,$0,$0
909,"Yani, Michael","$403,300",$0,$0,$0
910,"Solves, Gerard","$403,190",$0,$0,$0
911,"Economidis, Konstantinos","$403,020","$1,660","$1,106",$554
912,"Ratiwatana, Sonchat","$402,570","$13,462",$0,"$13,462"
913,"Baker, Jamie","$401,380",$0,$0,$0
914,"Strelba, Martin","$400,835",$0,$0,$0
915,"Masso, Eduardo","$400,093",$0,$0,$0
916,"Martin, Andrej","$399,546","$68,059","$53,024","$15,035"
917,"Bednarek, Tomasz","$399,217","$19,829",$0,"$19,829"
918,"Bathman, Ronnie","$398,055",$0,$0,$0
919,"Witten, Jesse","$396,681","$7,562","$6,870",$692
920,"Bachelot, Jean-Francois","$395,248",$0,$0,$0
921,"Simoni, Alexandre","$394,788",$0,$0,$0
922,"Ratiwatana, Sanchai","$394,472","$13,462",$0,"$13,462"
923,"Wu, Di","$392,964","$81,006","$69,022","$11,984"
924,"Thoms, Arne","$392,232",$0,$0,$0
Page 21 of 483,Statistics/ Prize Money/ Career,,,Report as of,"Nov 15, 2015"
,ATP Prize Money Leaders (US$),,,,
"Rankings Date: Nov 16, 2015",,,,,
Money,,,,,
Rank,Player,Career,YTD,Singles,Doubles
925,"Maurer, Andreas","$391,562",$0,$0,$0
926,"Coutelot, Nicolas","$390,290",$0,$0,$0
927,"Osterthun, Ricki","$390,259",$0,$0,$0
928,"Arguello, Facundo","$388,851","$120,866","$110,841","$10,025"
929,"Ferreiro, Franco","$388,719",$519,$0,$519
930,"Rive, Joey","$388,558",$0,$0,$0
931,"Dier, Dirk","$388,546",$0,$0,$0
932,"Ellwood, Ben","$388,461",$0,$0,$0
933,"Fukarek, Ota","$387,322",$0,$0,$0
934,"Naso, Gianluca","$387,183","$32,912","$28,407","$4,505"
935,"Emmrich, Martin","$386,542","$18,180",$0,"$18,180"
936,"Chen, Ti","$385,399","$62,120","$48,331","$13,789"
937,"Kindlmann, Dieter","$381,485",$0,$0,$0
938,"Fleishman, Zack","$381,160",$0,$0,$0
939,"Vanni, Luca","$380,963","$235,515","$229,245","$6,270"
940,"Leach, Mike","$379,811",$0,$0,$0
941,"Fabbiano, Thomas","$379,349","$97,004","$91,482","$5,522"
942,"Snobel, Pavel","$377,192",$0,$0,$0
943,"Ignatik, Uladzimir","$377,176","$45,352","$40,134","$5,218"
944,"Noszaly, Sandor","$376,265",$0,$0,$0
945,"Testerman, Ben","$375,659",$0,$0,$0
946,"Middleton, T.J.","$374,521",$0,$0,$0
947,"Montcourt, Mathieu","$374,461",$0,$0,$0
948,"Browne, Federico","$370,589",$0,$0,$0
949,"Donnelly, Gary","$370,579",$0,$0,$0
950,"Pavic, Mate","$370,305","$114,349","$12,084","$102,265"
951,"Winogradsky, Eric","$370,072",$0,$0,$0
952,"Elsner, Daniel","$369,334",$0,$0,$0
953,"Bahrami, Mansour","$368,780",$0,$0,$0
954,"Holmes, Greg","$368,690",$0,$0,$0
955,"Engel, David","$363,721",$0,$0,$0
956,"Rehnquist, Bjorn","$363,078",$0,$0,$0
957,"Oresar, Bruno","$361,152",$0,$0,$0
958,"Molchanov, Denys","$359,462","$53,623","$35,492","$18,131"
959,"Chung, Hyeon","$357,595","$292,929","$283,209","$9,720"
960,"Oliver, Graydon","$357,113",$0,$0,$0
961,"Shamasdin, Adil","$356,301","$95,184",$0,"$95,184"
962,"Balleret, Benjamin","$356,144","$34,072","$22,401","$11,671"
963,"Smeets, Robert","$355,595",$0,$0,$0
964,"Miranda, Ivan","$355,570",$0,$0,$0
965,"Weintraub, Amir","$355,520","$48,798","$40,189","$8,609"
966,"Gehring, Rolf","$355,057",$0,$0,$0
967,"Martin, David","$354,753",$0,$0,$0
968,"Paloheimo, Veli","$353,661",$0,$0,$0
Page 22 of 483,Statistics/ Prize Money/ Career,,,Report as of,"Nov 15, 2015"
,ATP Prize Money Leaders (US$),,,,
"Rankings Date: Nov 16, 2015",,,,,
Money,,,,,
Rank,Player,Career,YTD,Singles,Doubles
969,"Jenkins, Scoville","$353,515",$0,$0,$0
970,"Desein, Niels","$353,120","$55,970","$52,595","$3,375"
971,"Bloomfield, Richard","$352,855","$5,752","$5,752",$0
972,"Grant, Geoff","$351,932",$0,$0,$0
973,"Venus, Michael","$351,081","$138,817","$17,235","$121,582"
974,"Kruger, Stefan","$350,994",$0,$0,$0
975,"Eysseric, Jonathan","$350,235","$39,866","$33,932","$5,934"
976,"Laurendeau, Martin","$349,692",$0,$0,$0
977,"Sitak, Artem","$348,368","$133,817","$2,460","$131,357"
978,"Hocevar, Ricardo","$345,631","$7,601","$5,751","$1,850"
979,"Castle, Andrew","$344,338",$0,$0,$0
980,"Cecchinato, Marco","$343,527","$160,575","$145,162","$15,413"
981,"Roese, Fernando","$341,334",$0,$0,$0
982,"Bhambri, Yuki","$339,119","$118,565","$110,685","$7,880"
983,"Keretic, Damir","$338,421",$0,$0,$0
984,"Pretzsch, Axel","$336,815",$0,$0,$0
985,"Garnett, Bret","$336,551",$0,$0,$0
986,"Yang, Tsung-Hua","$336,165","$46,861","$37,167","$9,694"
987,"Carlsson, Johan","$335,509",$0,$0,$0
988,"Anzari , Tomas","$335,020",$0,$0,$0
989,"Mertens, Yannick","$334,577","$66,975","$61,959","$5,016"
990,"Marti, Javier","$332,875","$22,215","$21,903",$312
991,"Amritraj, Anand","$332,133",$0,$0,$0
992,"Fredriksson, Patrik","$331,508",$0,$0,$0
993,"Crugnola, Marco","$331,072",$0,$0,$0
994,"Middelkoop, Matwe","$330,108","$36,679","$3,033","$33,646"
995,"Salamanca, Carlos","$330,097","$3,101","$2,781",$320
996,"Hocevar, Marcos","$330,047",$0,$0,$0
997,"Iwabuchi, Satoshi","$329,243",$0,$0,$0
998,"Decoud, Sebastian","$328,980",$0,$0,$0
999,"Charpentier, Marcelo","$328,886",$0,$0,$0
1000,"Flegl, Vojtech","$328,104",$0,$0,$0
1001,"Ryderstedt, Michael","$327,437",$0,$0,$0
1002,"Dowdeswell, Colin","$327,277",$0,$0,$0
1003,"Coupe, Brandon","$326,938",$0,$0,$0
1004,"Simpson, Russell","$326,467",$0,$0,$0
1005,"Ocleppo, Gianni","$325,570",$0,$0,$0
1006,"Simonsson, Hans","$325,035",$0,$0,$0
1007,"Saville, Luke","$324,355","$131,443","$119,124","$12,319"
1008,"Teixeira, Maxime","$324,012","$38,431","$25,818","$12,613"
1009,"Kempes, Edwin","$322,221",$0,$0,$0
1010,"Wakefield, Myles","$321,107",$0,$0,$0
1011,"Azzaro, Leonardo","$320,438",$0,$0,$0
1012,"Martelli, Marzio","$320,131",$0,$0,$0
Page 23 of 483,Statistics/ Prize Money/ Career,,,Report as of,"Nov 15, 2015"
,ATP Prize Money Leaders (US$),,,,
"Rankings Date: Nov 16, 2015",,,,,
Money,,,,,
Rank,Player,Career,YTD,Singles,Doubles
1013,"Jones, Greg","$319,777","$2,052","$1,872",$180
1014,"Trifu, Gabriel","$319,110",$0,$0,$0
1015,"Burrieza-Lopez, Oscar","$318,724",$150,$0,$150
1016,"Doyle, Grant","$318,037",$0,$0,$0
1017,"Clezar, Guilherme","$317,146","$90,850","$84,680","$6,170"
1018,"Goossens, Kris","$316,648",$0,$0,$0
1019,"Cowan, Barry","$315,856",$0,$0,$0
1020,"Potier, Jerome","$315,454",$0,$0,$0
1021,"Arriens, Carsten","$314,588",$0,$0,$0
1022,"Cierro, Massimo","$313,726",$0,$0,$0
1023,"Andersen, Jan Frode","$312,946",$0,$0,$0
1024,"Hirszon, Sasa","$312,767",$0,$0,$0
1025,"Aguilar, Jorge","$312,371","$9,269","$6,340","$2,929"
1026,"Phillips, Tripp","$311,162",$0,$0,$0
1027,"Daniel, Taro","$310,452","$131,255","$130,284",$971
1028,"Vico, Uros","$309,892",$0,$0,$0
1029,"Navarra, Mose","$309,483",$0,$0,$0
1030,"Reid, Matt","$308,429","$41,053","$23,117","$17,936"
1031,"Giammalva, Tony","$307,994",$0,$0,$0
1032,"Naewie, Markus","$307,182",$0,$0,$0
1033,"Larkham, Todd","$306,108",$0,$0,$0
1034,"Costa, Francisco","$305,428",$0,$0,$0
1035,"Authom, Maxime","$305,299","$55,377","$51,335","$4,042"
1036,"Mitchell, Matt","$303,978",$0,$0,$0
1037,"Skugor, Franko","$302,510","$46,658","$33,031","$13,627"
1038,"Reid, Todd","$302,000",$0,$0,$0
1039,"Warburg, Sam","$301,995",$0,$0,$0
1040,"Cervenak, Pavol","$301,988",$258,$258,$0
1041,"Noteboom, Stephen","$301,344",$0,$0,$0
1042,"Lojda, Dusan","$301,046","$15,077","$12,836","$2,241"
1043,"Massa, Edgardo","$300,279",$0,$0,$0
1044,"Lopez, German","$298,869",$0,$0,$0
1045,"Birner, Stanislav","$298,727",$0,$0,$0
1046,"Pavic, Ante","$298,572","$35,718","$32,026","$3,692"
1047,"Jones, Alun","$298,154",$0,$0,$0
1048,"Wostenholme, Martin","$298,147",$0,$0,$0
1049,"Kutsenko, Vadim","$297,093",$0,$0,$0
1050,"Behr, Noam","$296,611",$144,$0,$144
1051,"Schwaier, Hans","$295,886",$0,$0,$0
1052,"Bourne, Lloyd","$295,736",$0,$0,$0
1053,"Witt, David","$295,543",$0,$0,$0
1054,"Dasnieres de Veigy, Jonathan","$294,812",$0,$0,$0
1055,"Sell, Michael","$294,371",$0,$0,$0
1056,"Prpic, Filip","$293,095",$0,$0,$0
Page 24 of 483,Statistics/ Prize Money/ Career,,,Report as of,"Nov 15, 2015"
,ATP Prize Money Leaders (US$),,,,
"Rankings Date: Nov 16, 2015",,,,,
Money,,,,,
Rank,Player,Career,YTD,Singles,Doubles
1057,"Cakl, Tomas","$293,005",$36,$0,$36
1058,"Ostoja, Marko","$292,826",$0,$0,$0
1059,"Melzer, Gerald","$292,584","$97,799","$94,784","$3,015"
1060,"Acuna, Ricardo","$291,650",$0,$0,$0
1061,"Jonsson, Fredrik","$291,169",$0,$0,$0
1062,"Messori, Filippo","$291,151",$0,$0,$0
1063,"Stefanki, Larry","$290,073",$0,$0,$0
1064,"Faurel, Jean-Christophe","$289,530",$0,$0,$0
1065,"Stoppini, Andrea","$289,443",$0,$0,$0
1066,"Frawley, John","$289,416",$0,$0,$0
1067,"Colombo, Simone","$289,230",$0,$0,$0
1068,"Doumbia, Yahiya","$287,231",$0,$0,$0
1069,"Knittel, Bastian","$287,072",$0,$0,$0
1070,"Ymer, Elias","$284,681","$232,234","$229,229","$3,005"
1071,"Krajan, Zeljko","$284,128",$0,$0,$0
1072,"Ghedin, Riccardo","$283,338","$23,950","$11,195","$12,755"
1073,"Dilucia, David","$281,857",$0,$0,$0
1074,"Kim, Alex","$281,041",$0,$0,$0
1075,"Simonsson, Stefan","$278,086",$0,$0,$0
1076,"Mektic, Nikola","$277,896","$36,487","$26,420","$10,067"
1077,"Jabali, Roberto","$277,807",$0,$0,$0
1078,"Ingaramo, Marcelo","$276,559",$0,$0,$0
1079,"Olivetti, Albano","$275,808",$0,$0,$0
1080,"Stenlund, Ulf","$274,501",$0,$0,$0
1081,"Craca, Marcello","$273,659",$0,$0,$0
1082,"Demoliner, Marcelo","$273,346","$75,134","$11,910","$63,224"
1083,"Rehmann, Lars","$271,500",$0,$0,$0
1084,"Gombos, Norbert","$270,827","$101,141","$94,132","$7,009"
1085,"Minar, Jan","$270,013",$0,$0,$0
1086,"Hadad, Amir","$269,231",$0,$0,$0
1087,"Couto, Emanuel","$269,186",$0,$0,$0
1088,"Andreozzi, Guido","$268,698","$69,117","$60,033","$9,084"
1089,"Schoorel, Thomas","$267,992","$3,486","$3,432",$54
1090,"Lopez Jaen, Miguel Angel","$267,794",$400,$156,$244
1091,"Serrano, Oscar","$267,670",$0,$0,$0
1092,"Mortensen, Michael","$267,435",$0,$0,$0
1093,"Giannessi, Alessandro","$265,456","$30,221","$21,864","$8,357"
1094,"Koslowski, Lars","$265,437",$0,$0,$0
1095,"Donaldson, Jared","$264,665","$174,138","$172,588","$1,550"
1096,"Cassidy, Dan","$263,755",$0,$0,$0
1097,"Ledovskikh, Mikhail","$262,914","$7,540","$7,395",$145
1098,"Baccanello, Paul","$261,855",$0,$0,$0
1099,"Carrasco, Juan Ignacio","$261,327",$0,$0,$0
1100,"Sergeyev, Ivan","$260,943",$0,$0,$0
Page 25 of 483,Statistics/ Prize Money/ Career,,,Report as of,"Nov 15, 2015"
,ATP Prize Money Leaders (US$),,,,
"Rankings Date: Nov 16, 2015",,,,,
Money,,,,,
Rank,Player,Career,YTD,Singles,Doubles
1101,"Feigl, Peter","$260,885",$0,$0,$0
1102,"Auckland, James","$260,610",$0,$0,$0
1103,"Nishioka, Yoshihito","$260,182","$178,374","$175,764","$2,610"
1104,"Granollers, Gerard","$258,828","$28,879","$18,646","$10,233"
1105,"Navarro, Salvador","$257,406",$0,$0,$0
1106,"Rahunen, Aki","$257,054",$0,$0,$0
1107,"Mazarakis, Vasilis","$256,787",$0,$0,$0
1108,"Frawley, Rod","$256,333",$0,$0,$0
1109,"Westphal, Michael","$255,317",$0,$0,$0
1110,"Scherrer, Jean-Claude","$255,121",$0,$0,$0
1111,"Aldi, Francesco","$254,542",$0,$0,$0
1112,"Mota, Bernardo","$253,659",$0,$0,$0
1113,"Steyn, Christo","$253,361",$0,$0,$0
1114,"Michon, Axel","$253,097","$37,868","$28,677","$9,191"
1115,"Daufresne, Xavier","$252,896",$0,$0,$0
1116,"Martin, Fabrice","$252,677","$83,469","$18,986","$64,483"
1117,"Molteni, Andres","$251,833","$40,076","$15,099","$24,977"
1118,"Utgren, Nicklas","$251,285",$0,$0,$0
1119,"Dorsch, Benedikt","$251,123",$0,$0,$0
1120,"Gensse, Augustin","$250,651",$0,$0,$0
1121,"Van Garsse, Christophe","$249,730",$0,$0,$0
1122,"Willenborg, Blaine","$249,307",$0,$0,$0
1123,"Fucsovics, Marton","$248,561","$83,568","$81,562","$2,006"
1124,"Morejon, Luis Adrian","$247,814",$0,$0,$0
1125,"Anderson, Johan","$247,738",$0,$0,$0
1126,"MacLagan, Miles","$247,737",$0,$0,$0
1127,"Niland, Conor","$247,686",$0,$0,$0
1128,"Mitchell, Benjamin","$247,631","$46,031","$37,414","$8,617"
1129,"Olaso, Guillermo","$247,035",$0,$0,$0
1130,"Richardson, Andrew","$246,675",$0,$0,$0
1131,"Lapidus, Jay","$246,102",$0,$0,$0
1132,"Feeney, Adam","$246,101",$0,$0,$0
1133,"Rahnasto, Olli","$245,624",$0,$0,$0
1134,"Svantesson, Tobias","$245,564",$0,$0,$0
1135,"Cortes, Sergio","$244,706",$0,$0,$0
1136,"Sekulov, James","$244,696",$0,$0,$0
1137,"Gallardo-Valles, Miguel","$243,949",$0,$0,$0
1138,"Fraile, Gorka","$243,795",$0,$0,$0
1139,"Motti, Alessandro","$243,624","$16,020",$0,"$16,020"
1140,"Podlipnik-Castillo, Hans","$243,210","$59,817","$39,676","$20,141"
1141,"Rettenmaier, Travis","$243,091",$0,$0,$0
1142,"Garrow, Brian","$242,556",$0,$0,$0
1143,"Winnink, Joost","$242,379",$0,$0,$0
1144,"Elter, Peter","$242,362",$0,$0,$0
Page 26 of 483,Statistics/ Prize Money/ Career,,,Report as of,"Nov 15, 2015"
,ATP Prize Money Leaders (US$),,,,
"Rankings Date: Nov 16, 2015",,,,,
Money,,,,,
Rank,Player,Career,YTD,Singles,Doubles
1145,"Meinecke, Tore","$242,301",$0,$0,$0
1146,"Garner, Chris","$242,281",$0,$0,$0
1147,"Trujillo-Soler, Gabriel","$242,179",$0,$0,$0
1148,"Cox, Daniel","$241,634","$20,049","$19,038","$1,011"
1149,"Cihak, Josef","$241,359",$0,$0,$0
1150,"Arguello, Roberto","$241,299",$0,$0,$0
1151,"McGee, James","$240,682","$57,253","$57,253",$0
1152,"Dzelde, Girts","$240,274",$0,$0,$0
1153,"Martinez, Oscar","$240,090",$0,$0,$0
1154,"Gong, Mao-Xin","$239,608","$32,291","$2,850","$29,441"
1155,"Widom, Todd","$239,052",$0,$0,$0
1156,"Zampieri, Caio","$238,717","$16,915","$13,436","$3,479"
1157,"Carter, David","$238,612",$0,$0,$0
1158,"Mordegan, Federico","$236,608",$0,$0,$0
1159,"Siljestrom, Andreas","$236,431","$33,536",$0,"$33,536"
1160,"Salumaa, Sven","$236,003",$0,$0,$0
1161,"Puetz, Tim","$235,050","$60,956","$55,315","$5,641"
1162,"Burquier, Gregoire","$234,673","$4,590","$2,908","$1,682"
1163,"Satschko, Alexander","$234,424","$50,199",$0,"$50,199"
1164,"Meister, Steve","$233,795",$0,$0,$0
1165,"Aerts, Nelson","$233,278",$0,$0,$0
1166,"Matsukevich, Denis","$233,176","$5,370","$3,039","$2,331"
1167,"Rosner, Paul","$232,555",$0,$0,$0
1168,"Carballes Baena, Roberto","$231,936","$92,271","$85,713","$6,558"
1169,"Kralert, Petr","$231,463",$0,$0,$0
1170,"Allgardh, Christer","$231,280",$0,$0,$0
1171,"Capkovic, Kamil","$229,227",$480,$380,$100
1172,"Mecir, Miloslav","$228,362","$7,697","$7,149",$548
1173,"Kowalczyk, Mateusz","$228,155","$28,988","$1,258","$27,730"
1174,"Lopez-Maeso, Jose","$227,600",$0,$0,$0
1175,"Portes, Pascal","$227,283",$0,$0,$0
1176,"Laaksonen, Henri","$225,760","$40,184","$31,243","$8,941"
1177,"Jeanpierre, Julien","$225,543",$0,$0,$0
1178,"Westerhof, Boy","$225,209","$28,868","$25,061","$3,807"
1179,"Jouan, Romain","$224,366","$3,561","$2,264","$1,297"
1180,"Golovanov, Denis","$223,998",$0,$0,$0
1181,"Melo, Daniel","$223,693",$0,$0,$0
1182,"Echagaray, Bruno","$222,895",$0,$0,$0
1183,"Brugues-Davi, Arnau","$222,854",$0,$0,$0
1184,"Rublev, Andrey","$222,429","$191,601","$157,522","$34,079"
1185,"Li, Zhe","$222,277","$31,571","$22,990","$8,581"
1186,"Moldovan, Ion","$222,260",$0,$0,$0
1187,"Matsui, Toshihide","$221,028","$19,477","$7,341","$12,136"
1188,"Basic, Mirza","$220,624","$60,661","$58,735","$1,926"
Page 27 of 483,Statistics/ Prize Money/ Career,,,Report as of,"Nov 15, 2015"
,ATP Prize Money Leaders (US$),,,,
"Rankings Date: Nov 16, 2015",,,,,
Money,,,,,
Rank,Player,Career,YTD,Singles,Doubles
1189,"Robertson, Michael","$218,827",$0,$0,$0
1190,"DeHeart, Ryler","$218,358",$0,$0,$0
1191,"Schneiter, Andres","$217,790",$0,$0,$0
1192,"Bolt, Alex","$217,719","$58,907","$36,262","$22,645"
1193,"Felder, Marcel","$217,371",$0,$0,$0
1194,"Tenconi, Tomas","$217,290",$0,$0,$0
1195,"Lindahl, Nick","$217,220",$0,$0,$0
1196,"Kuharszky, Zoltan","$217,169",$0,$0,$0
1197,"Avendano, Juan","$216,639",$0,$0,$0
1198,"Navratil, Jaroslav","$216,482",$0,$0,$0
1199,"Beckman, Charles","$215,307",$0,$0,$0
1200,"Grigelis, Laurynas","$215,080","$27,185","$18,411","$8,774"
1201,"Buchanan, Chase","$214,967","$58,110","$47,074","$11,036"
1202,"Brizzi, Alberto","$214,785",$0,$0,$0
1203,"Van Gemerden, Melle","$214,727",$0,$0,$0
1204,"Koves, Gabor","$214,507",$0,$0,$0
1205,"Renavand, Nicolas","$213,884",$0,$0,$0
1206,"Popp, Wolfgang","$213,504",$0,$0,$0
1207,"Moyano, Diego","$213,394",$0,$0,$0
1208,"Maciel, Francisco","$213,185",$0,$0,$0
1209,"Setkic, Aldin","$212,945","$47,781","$44,212","$3,569"
1210,"Olivo, Renzo","$212,461","$67,614","$60,115","$7,499"
1211,"Chang, Albert","$212,100",$0,$0,$0
1212,"Garza, Daniel","$211,523","$22,880","$18,841","$4,039"
1213,"Gitlin, Drew","$211,109",$0,$0,$0
1214,"Duclos, Pierre-Ludovic","$210,912",$0,$0,$0
1215,"Meneschincheri, Marco","$208,940",$0,$0,$0
1216,"Bailey, Chris","$208,917",$0,$0,$0
1217,"Trungelliti, Marco","$208,858","$49,766","$45,023","$4,743"
1218,"Derlin, Bruce","$208,630",$0,$0,$0
1219,"Luza, Gustavo","$208,619",$0,$0,$0
1220,"Cruciat, Adrian","$208,556",$0,$0,$0
1221,"Bester, Philip","$206,685","$56,068","$43,186","$12,882"
1222,"Fornell-Mestres, Marc","$206,436","$2,854","$1,188","$1,666"
1223,"Wiltschnig, Herbert","$206,275",$0,$0,$0
1224,"Perkiss, Shahar","$206,224",$0,$0,$0
1225,"Aranguren, Juan-Martin","$206,172",$0,$0,$0
1226,"Larose, Simon","$205,394",$0,$0,$0
1227,"Carlsson, Marcio","$205,297",$0,$0,$0
1228,"Flur, Marc","$204,967",$0,$0,$0
1229,"Quintero, Michael","$204,462","$1,857","$1,793",$64
1230,"Raja, Purav","$203,873","$42,269",$692,"$41,577"
1231,"Fratangelo, Bjorn","$203,113","$141,565","$130,688","$10,877"
1232,"Statham, Jose","$202,248","$20,797","$15,531","$5,266"
Page 28 of 483,Statistics/ Prize Money/ Career,,,Report as of,"Nov 15, 2015"
,ATP Prize Money Leaders (US$),,,,
"Rankings Date: Nov 16, 2015",,,,,
Money,,,,,
Rank,Player,Career,YTD,Singles,Doubles
1233,"Childs, Lee","$201,900",$0,$0,$0
1234,"Ebelthite, Colin","$201,516",$0,$0,$0
1235,"McGuire, Wade","$201,114",$0,$0,$0
1236,"Tous, Alberto","$200,221",$0,$0,$0
1237,"Sorensen, Louk","$199,032","$3,783","$3,783",$0
1238,"Yunis, Francisco","$198,607",$0,$0,$0
1239,"Velotti, Agustin","$198,351","$12,898","$11,643","$1,255"
1240,"Roditi, David","$198,155",$0,$0,$0
1241,"Schultz, Bud","$197,894",$0,$0,$0
1242,"Barbosa, Givaldo","$197,465",$0,$0,$0
1243,"Fromm, Eric","$197,330",$0,$0,$0
1244,"Ciric, Nikola","$197,303",$0,$0,$0
1245,"Kley, Ivan","$196,614",$0,$0,$0
1246,"Broady, Liam","$196,377","$127,553","$115,703","$11,850"
1247,"Barthez, Lionel","$196,324",$0,$0,$0
1248,"Brown, Nick","$195,180",$0,$0,$0
1249,"Conde, Jose Antonio (Pepe)","$195,135",$0,$0,$0
1250,"Szymanski, Jimy","$194,839",$0,$0,$0
1251,"El Sawy, Tamer","$193,953",$0,$0,$0
1252,"Jun, Woong-Sun","$193,790","$3,132","$2,960",$172
1253,"Whitehouse, Wesley","$193,676","$1,505",$172,"$1,333"
1254,"Moir, Barry","$193,347",$0,$0,$0
1255,"Villagran, Cristian","$192,894","$1,300","$1,192",$108
1256,"Segarceanu, Florin","$192,212",$0,$0,$0
1257,"Eitzinger, Rainer","$192,197",$64,$0,$64
1258,"Deppe, Royce","$192,064",$0,$0,$0
1259,"Sharan, Divij","$191,740","$16,987","$1,872","$15,115"
1260,"Simmonds, Phillip","$191,421",$502,$502,$0
1261,"Yoon, Yong-Il","$190,990",$0,$0,$0
1262,"Rascon-Lope, Juan-Luis","$190,867",$0,$0,$0
1263,"Dell'Acqua, Massimo","$190,825",$0,$0,$0
1264,"Coppejans, Kimmer","$190,704","$107,661","$104,751","$2,910"
1265,"Lindell, Christian","$190,585","$76,118","$71,463","$4,655"
1266,"Kaplan, Mark","$189,570",$0,$0,$0
1267,"Viver, Raul Antonio","$189,118",$0,$0,$0
1268,"Vysand, Andres","$188,934",$0,$0,$0
1269,"Todero, Nicolas","$188,600",$0,$0,$0
1270,"Varlet, Julien","$188,412",$0,$0,$0
1271,"Saad, Roberto","$188,147",$0,$0,$0
1272,"Fillol Sr., Jaime","$187,169",$0,$0,$0
1273,"Im, Kyu Tae","$186,974",$0,$0,$0
1274,"Fruttero, John Paul","$186,548","$3,128",$0,"$3,128"
1275,"Olejniczak, Dawid","$185,982",$0,$0,$0
1276,"Ortiz, Oscar","$185,806",$0,$0,$0
Page 29 of 483,Statistics/ Prize Money/ Career,,,Report as of,"Nov 15, 2015"
,ATP Prize Money Leaders (US$),,,,
"Rankings Date: Nov 16, 2015",,,,,
Money,,,,,
Rank,Player,Career,YTD,Singles,Doubles
1277,"Crabb, Jaymon","$185,771",$0,$0,$0
1278,"Merinov, Andrei","$185,632",$0,$0,$0
1279,"Sandgren, Tennys","$184,891","$36,154","$27,370","$8,784"
1280,"Juska, Andis","$184,884",$0,$0,$0
1281,"Poch-Gradin, Carlos","$184,376",$36,$0,$36
1282,"Musa, Daniele","$183,355",$0,$0,$0
1283,"Tavares, Leonardo","$183,160","$2,477","$1,052","$1,425"
1284,"Terachi, Takahiro","$182,784",$0,$0,$0
1285,"Gigounon, Germain","$181,903","$72,114","$67,964","$4,150"
1286,"Del Rio, Diego","$181,755",$0,$0,$0
1287,"Semjan, Marek","$181,576","$2,450","$2,386",$64
1288,"Mackin, Alan","$181,136",$0,$0,$0
1289T,"Barrientos, Nicolas","$181,104","$45,341","$29,926","$15,415"
1289T,"Gamonal, Hermes","$181,104",$0,$0,$0
1291,"Novikov, Dennis","$180,993","$92,013","$73,351","$18,662"
1292,"Nemecek, Libor","$180,351",$0,$0,$0
1293,"Freeman, Marcel","$180,275",$0,$0,$0
1294,"Veronelli, Diego","$179,686",$0,$0,$0
1295,"Pawsat, Tim","$179,360",$0,$0,$0
1296,"Kondo, Hiroki","$179,144","$4,702","$3,272","$1,430"
1297,"Kirillov, Evgeny","$179,027",$36,$0,$36
1298,"Diez, Steven","$178,847","$10,200","$9,084","$1,116"
1299,"Hjertquist, Per","$178,667",$0,$0,$0
1300,"Cabello, Francisco","$178,075",$100,$0,$100
1301,"Smethurst, Daniel","$176,892","$13,817","$10,719","$3,098"
1302,"Gregorc, Luka","$176,066",$0,$0,$0
1303,"Rieschick, Sebastian","$175,839",$0,$0,$0
1304,"Kretschmer, Gero","$175,725","$45,113",$520,"$44,593"
1305,"Santos, Pablo","$175,723",$0,$0,$0
1306,"Panfil, Grzegorz","$175,508","$16,149","$13,791","$2,358"
1307,"Devening, Brian","$175,493",$0,$0,$0
1308,"King-Turner, Daniel","$175,333",$0,$0,$0
1309,"Artoni, Enzo","$174,943",$0,$0,$0
1310,"Green, Bob","$174,337",$0,$0,$0
1311,"Uchiyama, Yasutaka","$173,773","$50,002","$43,299","$6,703"
1312,"Brasington, Jack","$173,770",$0,$0,$0
1313,"Samper-Montana, Jordi","$173,752","$43,298","$40,752","$2,546"
1314,"Cook, Lester","$173,600",$0,$0,$0
1315,"Di Laura, Carlos","$173,556",$0,$0,$0
1316,"Hilton, Mark","$173,513",$0,$0,$0
1317,"Sousa, Pedro","$173,169","$21,981","$19,189","$2,792"
1318,"Erlich, Eyal","$172,773",$0,$0,$0
1319,"Stringari, Martin","$172,652",$0,$0,$0
1320,"Checa-Calvo, Jose","$172,526","$10,664","$9,066","$1,598"
Page 30 of 483,Statistics/ Prize Money/ Career,,,Report as of,"Nov 15, 2015"
,ATP Prize Money Leaders (US$),,,,
"Rankings Date: Nov 16, 2015",,,,,
Money,,,,,
Rank,Player,Career,YTD,Singles,Doubles
1321,"Wolmarans, Fritz","$172,382","$6,619","$6,555",$64
1322,"Bruno, Nicola","$171,486",$0,$0,$0
1323,"Slanar, Martin","$171,093",$0,$0,$0
1324,"Giorgini, Daniele","$170,869","$5,283","$4,218","$1,065"
1325,"Lucena, Matt","$170,523",$0,$0,$0
1326,"Betov, Sergey","$170,060","$61,575","$5,373","$56,202"
1327,"Moraru, Gabriel","$169,856",$0,$0,$0
1328,"Kohlberg, Andy","$169,395",$0,$0,$0
1329,"Eaton, Chris","$168,596",$0,$0,$0
1330,"Baguena, Juan Carlos","$168,464",$0,$0,$0
1331,"Foster, Andrew","$168,329",$0,$0,$0
1332,"Schranz, Wolfgang","$168,313",$0,$0,$0
1333,"Scala, Davide","$168,066",$0,$0,$0
1334,"Romboli, Fernando","$167,982","$24,761","$16,944","$7,817"
1335,"Stankovic, Branislav","$167,847",$0,$0,$0
1336,"Nieminen, Timo","$167,767",$0,$0,$0
1337,"Rochette, Laurent","$167,593","$11,897","$9,666","$2,231"
1338,"Struvay, Eduardo","$167,054","$35,756","$24,701","$11,055"
1339,"Karatsev, Aslan","$166,577","$77,840","$69,406","$8,434"
1340,"Gurfein, Jim","$166,472",$0,$0,$0
1341,"Ireland, Jon","$166,355",$0,$0,$0
1342,"Nielsen, Mark","$166,271",$0,$0,$0
1343,"Delfino, Mariano","$166,257",$100,$0,$100
1344,"Bower, Justin","$166,067",$0,$0,$0
1345,"Petrovic, Dejan","$165,819",$0,$0,$0
1346,"Woehrmann, Jens","$165,790",$0,$0,$0
1347,"Valeri, Massimo","$164,828",$0,$0,$0
1348,"Oudsema, Scott","$164,610",$0,$0,$0
1349,"Ardinghi, Massimo","$164,274",$0,$0,$0
1350,"Dunk, Chris","$164,030",$0,$0,$0
1351,"Mankad, Harsh","$163,939",$0,$0,$0
1352,"Alcaide, Guillermo","$163,651",$36,$0,$36
1353,"Chvojka, Erik","$163,316",$0,$0,$0
1354,"Thompson, Jordan","$163,018","$76,379","$69,986","$6,393"
1355,"Guy, Steve","$162,353",$0,$0,$0
1356,"De Miguel, David","$162,266",$0,$0,$0
1357,"Menezes, Mauro","$162,044",$0,$0,$0
1358,"Bury, Aliaksandr","$161,731","$72,954",$0,"$72,954"
1359,"Delic, Mate","$161,206","$37,341","$35,047","$2,294"
1360,"Bai, Yan","$161,199","$65,904","$53,328","$12,576"
1361,"Saoudi, Slimane","$161,196",$0,$0,$0
1362,"Ghareeb, Mohammad","$160,611",$474,$0,$474
1363,"Summerer, Tobias","$160,426",$0,$0,$0
1364,"Langer, Nils","$159,239","$52,256","$45,823","$6,433"
Page 31 of 483,Statistics/ Prize Money/ Career,,,Report as of,"Nov 15, 2015"
,ATP Prize Money Leaders (US$),,,,
"Rankings Date: Nov 16, 2015",,,,,
Money,,,,,
Rank,Player,Career,YTD,Singles,Doubles
1365,"Nunez, Eric","$159,055",$0,$0,$0
1366,"Lugassy, Gary","$158,482",$192,$0,$192
1367,"Torebko, Peter","$158,324","$19,057","$17,739","$1,318"
1368,"Tuksar, Sasa","$158,262",$0,$0,$0
1369,"Gloria, Louis","$158,068",$0,$0,$0
1370,"Henricsson, Per","$158,044",$0,$0,$0
1371,"Safwat, Mohamed","$157,563","$36,169","$31,905","$4,264"
1372,"Miele, Andre","$157,369","$8,193","$5,100","$3,093"
1373,"Van Der Duim, Antal","$156,223","$12,091","$7,976","$4,115"
1374,"Ross, John","$156,098",$0,$0,$0
1375T,"Korita, Eric","$155,943",$0,$0,$0
1375T,"Rice, David","$155,943","$11,713","$7,648","$4,065"
1377,"Lopez-Perez, Enrique","$155,649","$19,430","$14,616","$4,814"
1378,"Doyle, Matt","$155,442",$0,$0,$0
1379,"Gard, Catalin-Ionut","$154,717","$1,808",$916,$892
1380,"Smirnov, Artem","$154,571","$27,460","$25,127","$2,333"
1381,"Briggs, Mike","$154,114",$0,$0,$0
1382,"Windahl, Jorgen","$152,785",$0,$0,$0
1383,"Acioly, Ricardo","$152,766",$0,$0,$0
1384,"Kowalski, Wojtek","$152,514",$0,$0,$0
1385,"Daniell, Marcus","$152,267","$74,360",$770,"$73,590"
1386,"Pequery, Jean-Michel","$152,149",$108,$0,$108
1387,"Goes, Julio","$151,995",$0,$0,$0
1388,"Ganzabal, Alejandro","$151,882",$0,$0,$0
1389,"King, Phillip","$151,763",$0,$0,$0
1390,"Visconti, Mario","$151,136",$0,$0,$0
1391,"Duran, Guillermo","$150,865","$54,402","$1,755","$52,647"
1392,"Milligan, Luke","$150,362",$0,$0,$0
1393,"Androic, Toni","$150,212","$19,071","$17,111","$1,960"
1394,"Nido, Miguel","$150,021",$0,$0,$0
1395,"Kedryuk, Alexey","$149,645",$420,$312,$108
1396,"Brown, Jeff","$149,541",$0,$0,$0
1397,"Gisbert Jr, Juan","$149,429",$0,$0,$0
1398,"Vojtischek, Paul","$149,428",$0,$0,$0
1399,"Mancisidor, Alejo","$149,180",$0,$0,$0
1400,"Fernandez, Oliver","$148,944",$0,$0,$0
1401,"Kirche, Leonardo","$148,456","$6,455","$5,541",$914
1402,"Ionita, Victor","$147,106",$0,$0,$0
1403,"Krocsko, Jozsef","$146,884",$0,$0,$0
1404,"Balazs, Attila","$146,830",$0,$0,$0
1405,"Tourte, Nicolas","$146,206",$0,$0,$0
1406,"Grassi, Claudio","$146,054","$3,037",$974,"$2,063"
1407,"Chadaj, Adam","$145,999","$1,414",$952,$462
1408,"Adaktusson, Jacob","$145,751","$3,628","$3,376",$252
Page 32 of 483,Statistics/ Prize Money/ Career,,,Report as of,"Nov 15, 2015"
,ATP Prize Money Leaders (US$),,,,
"Rankings Date: Nov 16, 2015",,,,,
Money,,,,,
Rank,Player,Career,YTD,Singles,Doubles
1409,"Sarstrand, Marcus","$145,732",$0,$0,$0
1410,"Campozano, Julio Cesar","$145,730",$0,$0,$0
1411,"Dowlen, David","$145,552",$0,$0,$0
1412,"Behrens, Bill","$145,547",$0,$0,$0
1413,"El Amrani, Reda","$145,522",$0,$0,$0
1414,"Perlant, Jean-Baptiste","$145,439",$0,$0,$0
1415,"Moreno, Agustin","$144,576",$0,$0,$0
1416,"Urpi, Gabriel","$144,450",$0,$0,$0
1417,"Washington, Mashiska","$143,963",$0,$0,$0
1418,"Trusendi, Walter","$143,901","$3,786","$2,880",$906
1419,"Vogel, Richard","$143,874",$0,$0,$0
1420,"Tosic, Goran","$143,605",$0,$0,$0
1421,"Aramburu, Alejandro","$143,267",$0,$0,$0
1422,"McClune, Michael","$142,880",$0,$0,$0
1423,"Hemmes, Fred","$142,365",$0,$0,$0
1424,"Silcock, Grant","$142,184",$0,$0,$0
1425,"Ishii, Yaoki","$142,174",$0,$0,$0
1426,"Rodrigues, Mathieu","$142,067",$108,$0,$108
1427,"Borvanov, Roman","$142,053",$0,$0,$0
1428,"Blake, Thomas","$141,801",$0,$0,$0
1429,"Larkham, Brent","$141,612",$0,$0,$0
1430,"Blackman, Martin","$141,468",$0,$0,$0
1431,"Lee, Hsin-Han","$141,460","$25,286",$0,"$25,286"
1432,"Cadart, Rodolphe","$141,251",$0,$0,$0
1433,"Palin, Leo","$140,695",$0,$0,$0
1434,"Gawron, Marcin","$140,376","$8,517","$6,763","$1,754"
1435,"Settergren, Johan","$140,242",$0,$0,$0
1436,"Gutierrez-Ferrol, Sergio","$140,144",$376,$276,$100
1437,"Zhyrmont, Dzmitry","$140,000","$24,777","$22,308","$2,469"
1438,"Alvarez, Diego","$139,675",$0,$0,$0
1439,"Munoz-Hernandez, Joaquin","$139,658",$610,$610,$0
1440,"Lamasine, Tristan","$139,529","$81,558","$60,588","$20,970"
1441,"Cain, Tom","$139,482",$0,$0,$0
1442,"Miller , Craig A","$139,258",$0,$0,$0
1443,"Petrazzuolo, Giancarlo","$139,004",$0,$0,$0
1444,"Tiafoe, Frances","$138,381","$116,492","$114,407","$2,085"
1445,"Velasco Jr, Jairo","$137,633",$0,$0,$0
1446,"Flock, Alexander","$136,571",$0,$0,$0
1447,"De Paula, Fabiano","$136,308","$15,851","$11,287","$4,564"
1448,"Tauson, Michael","$136,167",$0,$0,$0
1449,"Corrie, Edward","$135,608","$31,762","$22,832","$8,930"
1450,"Reichel, Alexander","$135,419",$0,$0,$0
1451,"Svarc, Ladislav","$135,227",$0,$0,$0
1452,"De Armas, Jose","$134,746",$0,$0,$0
Page 33 of 483,Statistics/ Prize Money/ Career,,,Report as of,"Nov 15, 2015"
,ATP Prize Money Leaders (US$),,,,
"Rankings Date: Nov 16, 2015",,,,,
Money,,,,,
Rank,Player,Career,YTD,Singles,Doubles
1453,"Khachanov, Karen","$134,740","$65,277","$61,562","$3,715"
1454,"Hippensteel, KJ","$134,558",$0,$0,$0
1455,"Tideman, Magnus","$134,531",$0,$0,$0
1456,"Kubler, Jason","$134,526","$30,252","$29,719",$533
1457,"Kovalik, Jozef","$134,448","$47,150","$43,767","$3,383"
1458,"Pedersen, Bent-Ove","$134,339",$0,$0,$0
1459,"Huang, Liang-Chi","$134,315","$27,350","$22,082","$5,268"
1460,"Ramirez, Cesar","$134,027","$19,266","$1,523","$17,743"
1461,"Sanchez, Federico","$134,015",$0,$0,$0
1462,"Vosloo, Louis","$133,880",$0,$0,$0
1463,"Vitoux, Frederic","$133,362",$0,$0,$0
1464,"Ycaza, Ricardo","$133,237",$0,$0,$0
1465,"Milton, Joshua","$133,207","$27,669","$26,221","$1,448"
1466,"Marti, Yann","$133,058","$14,574","$14,574",$0
1467,"Rincon, Mario","$132,921",$0,$0,$0
1468,"Kosakowski, Daniel","$132,841",$0,$0,$0
1469,"Wilson, Brian","$132,648",$0,$0,$0
1470,"Donati, Matteo","$132,506","$94,279","$84,599","$9,680"
1471,"Dutra da Silva, Daniel","$131,922","$8,687","$7,377","$1,310"
1472,"Boeker, Matias","$131,854",$0,$0,$0
1473,"Galdon, Pablo","$131,555",$140,$104,$36
1474,"Marcaccio, Gustavo","$131,434",$0,$0,$0
1475,"Abel, Maximilian","$130,828",$0,$0,$0
1476,"Propoggia, Dane","$130,680","$25,869","$21,903","$3,966"
1477,"Piccari, Francesco","$130,638",$0,$0,$0
1478,"Londero, Juan Ignacio","$130,534","$27,042","$23,537","$3,505"
1479,"Vardhan, Vishnu","$130,072","$12,061","$9,047","$3,014"
1480,"Rudnev, Valery","$129,751","$2,796","$2,796",$0
1481,"Fabbri, Alejandro","$128,896",$0,$0,$0
1482,"Motevassel, Oren","$128,807",$0,$0,$0
1483,"Baron, Ivan","$128,779",$0,$0,$0
1484,"Craciun, Teodor-Dacian","$128,445","$3,648","$3,350",$298
1485,"Tarr, Derek","$128,284",$0,$0,$0
1486,"Djordjevic, Nebojsa","$128,135",$0,$0,$0
1487,"Ekerot, David","$127,909",$0,$0,$0
1488,"Jebavy, Roman","$127,713","$10,760","$2,175","$8,585"
1489,"Shaw, Steve","$127,632",$0,$0,$0
1490,"El Aarej, Mounir","$127,514",$0,$0,$0
1491,"Wauters, Stefan","$127,269",$0,$0,$0
1492,"Kist, Cesar","$127,040",$0,$0,$0
1493,"Myneni, Saketh","$126,690","$61,338","$47,845","$13,493"
1494,"Bergh, Fredrik","$126,618",$0,$0,$0
1495,"Marcan, Dino","$126,345","$19,338","$1,780","$17,558"
1496,"Sherwood, David","$126,338",$0,$0,$0
Page 34 of 483,Statistics/ Prize Money/ Career,,,Report as of,"Nov 15, 2015"
,ATP Prize Money Leaders (US$),,,,
"Rankings Date: Nov 16, 2015",,,,,
Money,,,,,
Rank,Player,Career,YTD,Singles,Doubles
1497,"Bourgue, Mathias","$126,326","$59,315","$57,699","$1,616"
1498,"Jonsson, Ola","$125,947",$0,$0,$0
1499,"Whittington, Andrew","$125,804","$37,290","$10,062","$27,228"
1500,"Jenkins, Jarmere","$125,755","$36,017","$33,589","$2,428"
1501,"Tobon, Miguel","$125,127",$0,$0,$0
1502,"Amado, Juan-Pablo","$125,049",$0,$0,$0
1503,"Daher, Jose","$124,483",$0,$0,$0
1504,"Eleskovic, Ervin","$124,271",$0,$0,$0
1505,"Buchmayer, Thomas","$124,133",$0,$0,$0
1506,"Luncanu, Petru-Alexandru","$123,780","$14,855","$9,877","$4,978"
1507,"Burzi, Enrico","$123,297",$732,$604,$128
1508,"Garat, Juan","$122,941",$0,$0,$0
1509,"Bossel, Adrien","$122,820","$26,121","$19,837","$6,284"
1510,"Levine, Jon","$122,618",$0,$0,$0
1511,"Mesaros, Kristijan","$122,350",$36,$0,$36
1512,"Uebel, Lars","$122,231",$0,$0,$0
1513,"Gattiker, Carlos","$121,831",$0,$0,$0
1514,"Van Boeckel, Huub","$121,719",$0,$0,$0
1515,"Perez, Didac","$121,472",$0,$0,$0
1516,"Lokoli, Laurent","$121,390","$40,441","$38,428","$2,013"
1517,"Roubicek, Vaclav","$121,317",$0,$0,$0
1518,"Ianni, Stefano","$121,254",$0,$0,$0
1519,"Gonzalez King, Ignacio","$120,966",$0,$0,$0
1520,"Bourgeois, Luke","$120,817",$0,$0,$0
1521,"De Minicis, Alessandro","$120,206",$0,$0,$0
1522,"Gerasimov, Egor","$120,165","$32,111","$27,372","$4,739"
1523,"Singh, Sanam","$119,992","$30,404","$21,083","$9,321"
1524,"Kauffmann, Cedric","$119,891",$0,$0,$0
1525,"Mina, Gianni","$119,537","$33,462","$26,156","$7,306"
1526,"Skupski, Neal","$119,243","$29,777",$0,"$29,777"
1527,"Zeng, Shao-Xuan","$119,093",$0,$0,$0
1528,"Tkalec, Marko","$119,059",$0,$0,$0
1529,"Reyes-Varela, Miguel Angel","$119,027","$27,437","$1,655","$25,782"
1530,"De Greef, Arthur","$119,020","$32,838","$32,111",$727
1531,"Charroin, Olivier","$118,947",$648,$0,$648
1532,"Trevisan, Matteo","$118,725","$13,132","$12,026","$1,106"
1533,"Gaio, Federico","$118,550","$47,313","$39,437","$7,876"
1534,"Tereshchuk, Orest","$118,377",$0,$0,$0
1535,"Delatte, Tracy","$118,340",$0,$0,$0
1536,"Weinzierl, Jan","$118,107",$0,$0,$0
1537,"Nicolas, Eduardo","$117,508",$0,$0,$0
1538,"Peralta, Julio","$117,429","$24,055","$1,654","$22,401"
1539,"Krawietz, Kevin","$117,395","$16,720","$11,200","$5,520"
1540,"Iwami, Tasuku","$117,324",$0,$0,$0
Page 35 of 483,Statistics/ Prize Money/ Career,,,Report as of,"Nov 15, 2015"
,ATP Prize Money Leaders (US$),,,,
"Rankings Date: Nov 16, 2015",,,,,
Money,,,,,
Rank,Player,Career,YTD,Singles,Doubles
1541,"Collarini, Andrea","$117,212","$10,998","$6,792","$4,206"
1542,"Mor, Lior","$117,177",$0,$0,$0
1543,"Jakupovic, Alexandros","$116,707","$4,011","$2,282","$1,729"
1544,"Silberstein, Gabriel","$116,651",$0,$0,$0
1545,"Slabinsky, Alexander","$116,593",$0,$0,$0
1546,"Heliovaara, Harri","$116,584","$2,276","$1,464",$812
1547,"Gomez, Emilio","$116,464","$20,719","$16,144","$4,575"
1548,"Saavedra-Corvalan, Cristobal","$116,171","$7,744","$5,362","$2,382"
1549,"Oger, Thomas","$116,051",$0,$0,$0
1550,"Sanchez-de Luna, Jose Antonio","$115,956",$0,$0,$0
1551,"Kokavec, Bobby","$115,924",$0,$0,$0
1552,"Giustino, Lorenzo","$115,814","$26,178","$25,087","$1,091"
1553,"Pavlasek, Adam","$115,405","$53,595","$50,227","$3,368"
1554,"Kadir, Sadik","$115,240",$0,$0,$0
1555,"Liukko, Ville","$114,816",$0,$0,$0
1556,"Ramanathan, Ramkumar","$114,540","$60,272","$54,378","$5,894"
1557,"Ward, Alexander","$114,319","$22,683","$20,611","$2,072"
1558,"Peliwo, Filip","$114,112","$25,005","$22,746","$2,259"
1559,"Caldwell, David","$114,102",$0,$0,$0
1560,"Imaz-Ruiz, Jose","$114,053",$0,$0,$0
1561,"Mandl, Gerald","$113,624",$0,$0,$0
1562,"Hormazabal, Guillermo","$113,496",$0,$0,$0
1563,"Masson, Jeroen","$113,066",$0,$0,$0
1564,"Beutel, Hans-Dieter","$113,016",$0,$0,$0
1565,"Courteau, Loic","$113,008",$0,$0,$0
1566,"Arnold, Patricio","$112,935",$0,$0,$0
1567,"Marcora, Roberto","$112,885","$41,406","$40,348","$1,058"
1568,"Rivera, Felipe","$112,854",$0,$0,$0
1569,"Mmoh, Tony","$112,557",$0,$0,$0
1570,"Mlynarik, Zbynek","$112,394",$0,$0,$0
1571,"Lopes, Tiago","$112,086","$5,623","$3,887","$1,736"
1572,"Tiilikainen, Kim","$111,567",$0,$0,$0
1573,"Alawadhi, Omar","$111,421","$1,222","$1,186",$36
1574,"Bruthans, Victor","$111,244",$36,$0,$36
1575,"Cerovic, Ivan","$110,558",$0,$0,$0
1576,"Stadler, Roland","$110,370",$0,$0,$0
1577,"Truyol, Ignacio","$109,540",$0,$0,$0
1578,"Lim, Yong-Kyu","$109,402","$4,270","$3,566",$704
1579,"El Mihdawy, Adam","$108,752","$15,110","$13,024","$2,086"
1580,"Hirigoyen, Ignacio","$108,737",$0,$0,$0
1581,"Gabrichidze, Vladimir","$108,548",$0,$0,$0
1582,"Strode, Charles Buzz","$108,448",$0,$0,$0
1583,"Dunn, Brian","$107,978",$0,$0,$0
1584,"Robichaud, Jocelyn","$107,888",$0,$0,$0
Page 36 of 483,Statistics/ Prize Money/ Career,,,Report as of,"Nov 15, 2015"
,ATP Prize Money Leaders (US$),,,,
"Rankings Date: Nov 16, 2015",,,,,
Money,,,,,
Rank,Player,Career,YTD,Singles,Doubles
1585,"Sitak, Dmitri","$107,595",$222,$0,$222
1586,"Medica, Eduardo","$107,359",$0,$0,$0
1587,"Ouellette, Greg","$107,125","$3,238","$2,675",$563
1588,"Krueger, Mitchell","$106,883","$50,982","$43,146","$7,836"
1589,"Hanquez, Jerome","$106,849",$0,$0,$0
1590,"Soules, Olivier","$106,777",$0,$0,$0
1591,"Coelho, Andrew","$106,145",$0,$0,$0
1592,"Tabares, Mario","$106,057",$0,$0,$0
1593,"Eriksson, Stefan","$105,682",$0,$0,$0
1594,"Brkic, Tomislav","$105,570","$33,243","$29,466","$3,777"
1595,"Michalicka, Marek","$105,405","$28,605","$24,802","$3,803"
1596,"Traykov, Ivaylo","$105,394",$0,$0,$0
1597,"Mora, Alfonso","$105,367",$0,$0,$0
1598,"Narducci, Massimiliano","$105,308",$0,$0,$0
1599,"Migani, Leandro","$105,192",$0,$0,$0
1600,"Pereira, Jose","$105,116","$23,417","$21,194","$2,223"
1601,"Zekic, Miljan","$104,876","$22,199","$19,576","$2,623"
1602,"Salva-Vidal, Bartolome","$104,873",$0,$0,$0
1603,"Barton, Matthew","$104,866","$17,640","$15,960","$1,680"
1604,"Lavergne, Regis","$104,618",$0,$0,$0
1605,"Sikora, Adrian","$104,602","$16,087","$12,897","$3,190"
1606,"Bardoczky, Kornel","$104,149",$0,$0,$0
1607,"Greenhalgh, James","$104,001",$0,$0,$0
1608,"Kumantsov, Andrey","$103,856",$0,$0,$0
1609,"Takeuchi, Kento","$103,774","$12,656","$11,270","$1,386"
1610,"Clavet, Jose","$103,507",$0,$0,$0
1611,"Randjelovic, Steven","$103,377",$0,$0,$0
1612,"Baluda, Victor","$103,214","$2,664","$2,056",$608
1613,"Marrai, Matteo","$103,160",$0,$0,$0
1614,"Gaudi, Igor","$103,002",$0,$0,$0
1615,"Travaglia, Stefano","$102,972","$13,453","$11,176","$2,277"
1616,"Couacaud, Enzo","$102,809","$59,905","$51,833","$8,072"
1617,"Konecny, Michal","$102,612","$16,072","$12,967","$3,105"
1618,"Harmon, Rodney","$102,003",$0,$0,$0
1619,"Radic, Mario","$101,843",$0,$0,$0
1620,"Campos, Dacio","$101,721",$0,$0,$0
1621,"Gauthier, Pier","$101,628",$0,$0,$0
1622,"Brezac, Charles-Antoine","$101,482",$0,$0,$0
1623,"Pech, Philippe","$101,424",$0,$0,$0
1624,"Miketa, David","$101,371",$0,$0,$0
1625,"Op der Heijde, Melvyn","$100,988",$0,$0,$0
1626,"Sadecky, Alexander","$100,501",$0,$0,$0
1627,"Arevalo, Marcelo","$100,273","$24,186","$17,404","$6,782"
1628,"Tomashevich, Dmitri","$100,223",$0,$0,$0
Page 37 of 483,Statistics/ Prize Money/ Career,,,Report as of,"Nov 15, 2015"
,ATP Prize Money Leaders (US$),,,,
"Rankings Date: Nov 16, 2015",,,,,
Money,,,,,
Rank,Player,Career,YTD,Singles,Doubles
1629,"Lama, Gonzalo","$100,096","$26,000","$23,804","$2,196"
1630,"McCain, Scott","$99,991",$0,$0,$0
1631,"Welgreen, Nir","$99,926",$0,$0,$0
1632,"Zillner, Markus","$99,911",$0,$0,$0
1633,"Geserer, Michael","$99,790",$0,$0,$0
1634,"Patriarca, Damian","$99,782",$0,$0,$0
1635,"Krotiouk, Sergei","$99,709",$0,$0,$0
1636,"Vlasov, Dmitry","$99,524",$0,$0,$0
1637,"Weir Smith, Jason","$99,336",$0,$0,$0
1638,"Zingman, Andy","$99,269",$0,$0,$0
1639,"Halys, Quentin","$99,069","$75,856","$68,099","$7,757"
1640,"Giron, Marcos","$99,038","$19,010","$16,631","$2,379"
1641,"Ivanov-Smolensky, Kirill","$98,959",$0,$0,$0
1642,"Peppas, Solon","$98,878",$0,$0,$0
1643,"Kaneko, Hideki","$98,787",$0,$0,$0
1644,"Hernandez-Fernandez, Jose","$98,729","$43,291","$38,814","$4,477"
1645,"Cox, Charles Bud","$98,692",$0,$0,$0
1646,"King, Kevin","$98,557","$25,822","$19,896","$5,926"
1647,"Fulwood, Nick","$98,425",$0,$0,$0
1648,"Schmidt, Richard","$98,332",$0,$0,$0
1649,"Jung, Jason","$98,233","$49,670","$46,536","$3,134"
1650,"Trimmel, Clemens","$97,932",$0,$0,$0
1651,"Clar-Rossello, Pedro","$97,905",$0,$0,$0
1652,"Leblanc, Sebastien","$97,899",$0,$0,$0
1653,"Rivera-Aranguiz, Guillermo","$97,794","$8,398","$6,943","$1,455"
1654,"Hawk, Brandon","$97,578",$0,$0,$0
1655,"Agaev, Emin","$97,489",$0,$0,$0
1656,"Harper-Griffith, Levar","$97,075",$472,$0,$472
1657,"Lemke, James","$97,047",$0,$0,$0
1658,"Strode, Morris Skip","$96,917",$0,$0,$0
1659,"Endara, Ivan","$96,780","$14,557","$11,331","$3,226"
1660,"Lobkov, Alexander","$96,642",$0,$0,$0
1661,"Pavlovs, Deniss","$96,567",$0,$0,$0
1662,"Clemens, Tobias","$95,871",$0,$0,$0
1663,"Maamoun, Karim","$95,738",$0,$0,$0
1664,"Crichton, Tim","$95,519",$0,$0,$0
1665,"Donar, Johan","$95,363",$0,$0,$0
1666,"Inoyatov, Murad","$95,310",$0,$0,$0
1667,"Golding, Oliver","$95,264",$96,$0,$96
1668,"Derepasko, Artem","$95,261",$0,$0,$0
1669,"Olguin, Leonardo","$94,988",$0,$0,$0
1670,"Dickinson, Brett","$94,910",$0,$0,$0
1671,"Rastogi, Karan","$94,514",$0,$0,$0
1672,"Sabry, Sherif","$94,507","$6,734","$4,832","$1,902"
Page 38 of 483,Statistics/ Prize Money/ Career,,,Report as of,"Nov 15, 2015"
,ATP Prize Money Leaders (US$),,,,
"Rankings Date: Nov 16, 2015",,,,,
Money,,,,,
Rank,Player,Career,YTD,Singles,Doubles
1673,"Willis, Marcus","$94,453","$11,806","$8,916","$2,890"
1674,"Smit, Jasper","$94,414",$0,$0,$0
1675,"Velev, Milen","$94,296",$0,$0,$0
1676,"Durek, Raphael","$94,218",$0,$0,$0
1677,"Rivas, Guillermo","$93,919",$0,$0,$0
1678,"Mercer, Tom","$93,715",$0,$0,$0
1679,"Enev, Todor","$93,577",$0,$0,$0
1680,"Eisenman, Doug","$93,466",$0,$0,$0
1681,"Bjelica, Ivan","$92,992","$11,081","$8,380","$2,701"
1682,"Dabrowski, Bartlomiej","$92,858",$0,$0,$0
1683,"Ferreira, Adriano","$92,834",$0,$0,$0
1684,"Prieto, Antonio","$92,509",$0,$0,$0
1685,"Jorquera, Manuel","$92,176",$0,$0,$0
1686,"Vejmelka, Adam","$92,064",$0,$0,$0
1687,"Walter, Ludovic","$92,013",$0,$0,$0
1688,"Ito, Yuichi","$91,754","$5,282","$3,694","$1,588"
1689,"Roelofse, Ruan","$91,241","$19,082","$5,332","$13,750"
1690,"Draper, Mark","$91,212",$0,$0,$0
1691,"Koolhof, Wesley","$91,135","$34,650","$1,040","$33,610"
1692,"Maggi, Fabio","$91,039",$0,$0,$0
1693,"Sobel, John","$91,012",$0,$0,$0
1694,"Obry, Julien","$90,823","$2,528","$2,018",$510
1695,"Rackl, Markus","$90,675",$0,$0,$0
1696,"Angelinos, Theodoros","$90,621",$168,$104,$64
1697,"Hocevar, Alexandre","$90,542",$0,$0,$0
1698,"Letts, John","$90,475",$0,$0,$0
1699,"Crepaldi, Erik","$90,453","$25,061","$19,586","$5,475"
1700,"Karol, Dusan","$90,450",$0,$0,$0
1701,"Zivkovic, Denis","$90,393",$0,$0,$0
1702,"Ortega-Olmedo, Roberto","$90,371","$15,768","$13,197","$2,571"
1703,"Belyaev, Ilya","$90,328",$0,$0,$0
1704,"Joseph, Lesley","$89,810",$0,$0,$0
1705,"Torresi, Federico","$89,686",$0,$0,$0
1706,"Bellotti, Riccardo","$89,649","$27,390","$24,883","$2,507"
1707,"Balaji, N.Sriram","$89,539","$12,777","$7,693","$5,084"
1708,"Kozlov, Stefan","$89,395","$36,750","$32,155","$4,595"
1709,"Yamamoto, Yasufumi","$89,348",$0,$0,$0
1710,"Roca Batalla, Oriol","$89,193","$36,458","$27,001","$9,457"
1711,"Neuchrist, Maximilian","$89,116","$22,104","$13,463","$8,641"
1712,"Kapas, Andriej","$88,881","$17,182","$11,499","$5,683"
1713,"Ziadi, Mehdi","$88,867",$0,$0,$0
1714,"Herm-Zahlava, Jakub","$88,638",$0,$0,$0
1715,"Rubin, Noah","$88,461","$28,198","$28,036",$162
1716,"Echazu, Mauricio","$88,281","$8,860","$6,245","$2,615"
Page 39 of 483,Statistics/ Prize Money/ Career,,,Report as of,"Nov 15, 2015"
,ATP Prize Money Leaders (US$),,,,
"Rankings Date: Nov 16, 2015",,,,,
Money,,,,,
Rank,Player,Career,YTD,Singles,Doubles
1717,"Linzer, Michael","$88,228","$17,654","$17,050",$604
1718,"Tahiri, Mehdi","$88,160",$0,$0,$0
1719,"Nedunchezhiyan, Jeevan","$87,991","$19,228","$10,658","$8,570"
1720,"Kordasz, Cristian","$87,964",$0,$0,$0
1721,"Giussani, Gustavo","$87,872",$0,$0,$0
1722,"Kristiansson, Ola","$87,830",$0,$0,$0
1723,"Giner, Marc","$87,794","$15,038","$13,709","$1,329"
1724,"Turini, Thales","$87,751","$10,463","$9,037","$1,426"
1725,"Novak, Dennis","$87,442","$50,426","$47,636","$2,790"
1726,"Campana, Pablo","$87,437",$0,$0,$0
1727,"Nedelko, Ivan","$87,228","$16,349","$15,611",$738
1728,"Koning, Michel","$87,210",$0,$0,$0
1729,"Moraing, Peter","$86,834",$0,$0,$0
1730,"Savic, David","$86,727",$0,$0,$0
1731,"Kwon, Oh-Hee","$86,572",$898,$708,$190
1732,"Cosac, George","$86,518",$0,$0,$0
1733,"Schlachter, Ricardo","$86,503",$0,$0,$0
1734,"Ismail, Haroon","$86,308",$0,$0,$0
1735,"Thornley, Sean","$86,217","$2,610",$0,"$2,610"
1736,"Lewis, David","$86,158",$0,$0,$0
1737,"Vasiliev, Mikhail","$86,153",$0,$0,$0
1738,"Bulant, Jaroslav","$85,900",$0,$0,$0
1739,"Willems, Reginald","$85,760",$0,$0,$0
1740,"Colangelo, Fabio","$85,613",$36,$0,$36
1741,"Reix, Clement","$85,511",$0,$0,$0
1742,"Nguyen, Daniel","$85,506","$44,159","$39,183","$4,976"
1743,"Reuter, Yannik","$85,363","$16,612","$14,304","$2,308"
1744,"Flygt, Kalle","$85,350",$0,$0,$0
1745,"Bangoura, Sekou","$85,292","$27,042","$17,843","$9,199"
1746,"Gollwitzer, Thomas","$85,217",$0,$0,$0
1747,"Khalfan, Sultan","$85,177",$0,$0,$0
1748,"Paukku, Juho","$85,140",$0,$0,$0
1749,"Wachiramanowong, Kittipong","$85,119","$6,307","$4,707","$1,600"
1750,"Eriksson, Markus","$85,115","$17,651","$14,247","$3,404"
1751,"Krstin, Pedja","$85,052","$29,645","$27,845","$1,800"
1752,"Dezort, Petr","$84,770",$0,$0,$0
1753,"Stauder, Franz","$84,765",$0,$0,$0
1754,"Aparisi, Jose-Luis","$84,641",$0,$0,$0
1755,"Djere, Laslo","$84,537","$54,868","$49,207","$5,661"
1756,"Smith, Luke","$84,208",$0,$0,$0
1757,"Kryvonos, Nikita","$83,982","$4,024","$3,294",$730
1758,"Rexach-Itoiz, Carlos","$83,958",$0,$0,$0
1759,"Genaro-Martinez, Javier","$83,915",$0,$0,$0
1760,"Seifert, Stefan","$83,729",$162,$0,$162
Page 40 of 483,Statistics/ Prize Money/ Career,,,Report as of,"Nov 15, 2015"
,ATP Prize Money Leaders (US$),,,,
"Rankings Date: Nov 16, 2015",,,,,
Money,,,,,
Rank,Player,Career,YTD,Singles,Doubles
1761,"Chaki, Rabie","$83,679",$0,$0,$0
1762,"Kisgyorgy, Gergely","$83,531",$0,$0,$0
1763,"Shvec, Alexander","$83,446",$0,$0,$0
1764,"Cuadrado, Carlos","$83,404",$0,$0,$0
1765,"Mirnegg, Marco","$83,350",$0,$0,$0
1766,"Rosenholm, Patrik","$83,295","$2,898","$1,898","$1,000"
1767,"Fogues, Francisco","$83,263",$0,$0,$0
1768,"Niki, Takuto","$83,245","$28,297","$25,557","$2,740"
1769,"Schiessling, Thomas","$83,192",$0,$0,$0
1770,"Kim, Bong-Soo","$83,173",$0,$0,$0
1771,"Jarry, Nicolas","$83,132","$45,803","$41,741","$4,062"
1772,"Belobrajdic, Allen","$83,068",$0,$0,$0
1773,"Zitko, Radim","$83,012",$0,$0,$0
1774,"Souto, David","$82,773","$3,608","$3,054",$554
1775,"Stepanek, Martin","$82,685",$0,$0,$0
1776,"Meister, Nicolas","$82,395","$21,604","$18,605","$2,999"
1777,"Volante, Matteo","$82,200","$7,037",$0,"$7,037"
1778,"Malcor, Olivier","$82,160",$0,$0,$0
1779,"Kicker, Nicolas","$81,851","$47,135","$41,520","$5,615"
1780,"Gonzalez, Pablo","$81,817",$0,$0,$0
1781,"Levine, Brian","$81,541",$0,$0,$0
1782,"Colombini, Ugo","$81,537",$0,$0,$0
1783,"Moretti, Hector","$81,458",$0,$0,$0
1784,"Gunthardt, Markus","$81,388",$0,$0,$0
1785,"Britton, Devin","$81,276",$0,$0,$0
1786,"Bozic, Iztok","$81,097",$0,$0,$0
1787,"Hilpert, Marcus","$80,965",$0,$0,$0
1788,"Hamou, Maxime","$80,702","$62,882","$61,755","$1,127"
1789,"Sauer, Freddie","$80,690",$0,$0,$0
1790,"Montgomery, Huntley","$80,613",$0,$0,$0
1791,"Dellatorre, Andres","$80,611",$0,$0,$0
1792,"King, Darian","$80,498","$37,450","$32,418","$5,032"
1793,"Painter, Andrew","$80,468",$0,$0,$0
1794,"Rungkat, Christopher","$80,340","$12,087","$9,101","$2,986"
1795,"Holmes, Jamie","$80,021",$0,$0,$0
1796,"Diaz-Figueroa, Christopher","$79,973","$8,735","$7,015","$1,720"
1797,"Marie, Jules","$79,915","$15,378","$13,815","$1,563"
1798,"Zhu, Ben-Qiang","$79,836",$0,$0,$0
1799,"Cacic, Nikola","$79,473",$0,$0,$0
1800,"Allan, Trevor","$79,423",$0,$0,$0
1801,"Garin, Christian","$79,120","$22,668","$20,598","$2,070"
1802,"Matheson, Ross","$79,011",$0,$0,$0
1803,"Estevez, Maximiliano","$79,003","$8,815","$7,319","$1,496"
1804,"Furmanski, Damian","$78,999",$0,$0,$0
Page 41 of 483,Statistics/ Prize Money/ Career,,,Report as of,"Nov 15, 2015"
,ATP Prize Money Leaders (US$),,,,
"Rankings Date: Nov 16, 2015",,,,,
Money,,,,,
Rank,Player,Career,YTD,Singles,Doubles
1805,"Wang, Yu Jr.","$78,868",$0,$0,$0
1806,"Zimmermann, Marcel","$78,735",$0,$0,$0
1807,"Graham, David","$78,580",$0,$0,$0
1808,"Gould, Nick","$78,554",$0,$0,$0
1809,"Yu, Xin-Yuan","$78,457",$0,$0,$0
1810,"Kutrovsky, Dimitar","$78,307","$24,819","$19,056","$5,763"
1811,"Van Der Meer, Nick","$78,214",$0,$0,$0
1812,"Chekhov, Pavel","$78,101",$0,$0,$0
1813,"Stadling, Mikael","$77,893",$0,$0,$0
1814,"Ghouse, Mustafa","$77,802",$0,$0,$0
1815,"An, Jae-Sung","$77,609",$0,$0,$0
1816,"Parada, Felipe","$77,520",$0,$0,$0
1817,"Prades, Laurent","$77,467",$0,$0,$0
1818,"Saez, Juan Carlos","$77,231","$21,996","$18,427","$3,569"
1819,"Neis, Fabricio","$77,212","$11,952","$4,652","$7,300"
1820,"Tsujino, Ryuso","$76,990",$0,$0,$0
1821,"Yi, Chu-Huan","$76,761","$13,342","$5,219","$8,123"
1822,"Hunt, Alistair","$76,749",$0,$0,$0
1823,"Yoo, Daniel","$76,608","$1,254",$808,$446
1824,"Marx, Guillaume","$76,331",$0,$0,$0
1825,"Suwandi, Suwandi","$76,231",$0,$0,$0
1826,"Battistone, Brian","$76,088",$316,$0,$316
1827,"Engel, Lucas","$75,987",$0,$0,$0
1828,"Pastorino, Antonio","$75,903",$0,$0,$0
1829,"Sekiguchi, Shuichi","$75,817","$15,983","$14,159","$1,824"
1830,"Cobolli, Stefano","$75,704",$0,$0,$0
1831,"Van Haasteren, Martijn","$75,582",$0,$0,$0
1832,"Peterson, Adam","$75,519",$0,$0,$0
1833,"Renstrom, Marten","$75,307",$0,$0,$0
1834,"Coll-Riudavets, Ignacio","$75,171",$0,$0,$0
1835,"Weidenfeld, Raviv","$75,054",$0,$0,$0
1836,"Mustard, David","$74,934",$0,$0,$0
1837,"Auffray, Charles","$74,867",$0,$0,$0
1838,"Torres, Marcio","$74,300",$0,$0,$0
1839,"Clarke, Peter","$74,290",$0,$0,$0
1840,"Loglo, Komlavi","$74,234",$0,$0,$0
1841,"Geyer, Christian","$74,159",$0,$0,$0
1842,"Satral, Jan","$74,013","$37,179","$28,450","$8,729"
1843,"Huning, Mathias","$73,997",$0,$0,$0
1844,"Caruso, Salvatore","$73,854","$33,734","$27,961","$5,773"
1845,"Silberberg, Fabio","$73,823",$0,$0,$0
1846,"Fancutt, Michael","$73,820",$0,$0,$0
1847,"Heras, Patricio","$73,758","$12,659","$10,568","$2,091"
1848,"Francis, Alberto","$73,670",$0,$0,$0
Page 42 of 483,Statistics/ Prize Money/ Career,,,Report as of,"Nov 15, 2015"
,ATP Prize Money Leaders (US$),,,,
"Rankings Date: Nov 16, 2015",,,,,
Money,,,,,
Rank,Player,Career,YTD,Singles,Doubles
1849,"Moser, Nikolaus","$73,570",$0,$0,$0
1850,"Pastura, Miguel","$73,220",$0,$0,$0
1851,"Warneke, Tomm","$73,152",$0,$0,$0
1852,"Da Col, Alessandro","$73,116",$0,$0,$0
1853,"Soares, Joao","$73,074",$0,$0,$0
1854,"Harrison, Christian","$72,899","$2,775",$0,"$2,775"
1855,"Kern, Robin","$72,879","$5,974","$5,542",$432
1856,"Sanon, Valentin","$72,622",$0,$0,$0
1857,"Ayala, Diego","$72,482",$0,$0,$0
1858,"Sansoni, Stephane","$72,358",$0,$0,$0
1859,"Wang, Chuhan","$72,296","$8,749","$7,885",$864
1860,"Barr, Shane","$72,239",$0,$0,$0
1861,"Johnson, Philip","$72,135",$0,$0,$0
1862,"Grilli, Rodrigo-Antonio","$72,000",$0,$0,$0
1863,"Villar, Juan-Pablo","$71,994",$0,$0,$0
1864,"Ferreira, Clinton","$71,930",$0,$0,$0
1865,"Giner, Juan","$71,812",$0,$0,$0
1866,"Obradovic, Vladimir","$71,788",$0,$0,$0
1867,"Sprengelmeyer, Mitch","$71,636",$0,$0,$0
1868,"Pehar, Mirko","$71,582",$0,$0,$0
1869,"Madjarovski, Darko","$71,526",$0,$0,$0
1870,"Djokovic, Marko","$71,525",$0,$0,$0
1871,"Tarallo, Stefano","$71,508",$0,$0,$0
1872,"Dupre, Thomas","$71,486",$0,$0,$0
1873,"Joelson, Brian","$71,427",$0,$0,$0
1874,"Reissig, Nicolas","$71,213","$4,744","$3,740","$1,004"
1875,"Onoda, Michihisa","$71,056",$0,$0,$0
1876,"Carter, Peter","$70,705",$0,$0,$0
1877,"Kimmich, Marc","$70,565",$0,$0,$0
1878,"Navratil, Michal","$70,498",$0,$0,$0
1879,"Kim, Young-Jun","$70,359",$0,$0,$0
1880,"Kato, Jun","$70,312",$0,$0,$0
1881,"Carlsson, Peter","$70,262",$0,$0,$0
1882,"Shyla, Yaraslav","$70,260","$30,596","$22,482","$8,114"
1883,"Beretta, Duilio","$70,206","$7,446","$4,747","$2,699"
1884,"Reynet, Florian","$70,138",$930,$542,$388
1885,"Raditschnigg, Max","$69,982",$0,$0,$0
1886,"Pedroso, Andres","$69,938",$0,$0,$0
1887,"Capalik, Kristian","$69,855",$0,$0,$0
1888,"Scott, Larry","$69,740",$0,$0,$0
1889,"Trinker, Bastian","$69,715","$26,932","$26,597",$335
1890,"Sun, Peng","$69,629",$0,$0,$0
1891,"Sakharov, Gleb","$69,579","$13,948","$12,605","$1,343"
1892,"Arenas-Gualda, Ivan","$69,569","$10,882","$5,276","$5,606"
Page 43 of 483,Statistics/ Prize Money/ Career,,,Report as of,"Nov 15, 2015"
,ATP Prize Money Leaders (US$),,,,
"Rankings Date: Nov 16, 2015",,,,,
Money,,,,,
Rank,Player,Career,YTD,Singles,Doubles
1893,"Romero, Yohny","$69,353",$0,$0,$0
1894,"Sanchez, Mariano","$69,245",$0,$0,$0
1895,"Dellien, Hugo","$69,240","$14,466","$11,316","$3,150"
1896,"Bonatto, Alexandre","$69,192",$0,$0,$0
1897,"Martinez, Luis David","$69,158","$11,810","$5,843","$5,967"
1898,"Schmid, Michal","$69,128","$5,098","$4,478",$620
1899,"Virali-Murugesan, Ranjeet","$68,965","$5,410","$4,590",$820
1900,"Ehrat, Sandro","$68,948","$7,309","$7,083",$226
1901,"Veglio, Filippo","$68,926",$0,$0,$0
1902,"Hand, Paul","$68,830",$0,$0,$0
1903,"Sieber, Marc","$68,796","$5,384","$5,284",$100
1904,"Vasilevski, Andrei","$68,781","$13,530","$5,806","$7,724"
1905,"Onozawa, Arata","$68,758","$9,041","$6,451","$2,590"
1906,"Hromec, Martin","$68,673",$0,$0,$0
1907,"Sancic, Antonio","$68,665","$24,530","$3,702","$20,828"
1908,"Paul, Tommy","$68,437","$66,027","$57,319","$8,708"
1909,"Noviski, Lionel","$68,414",$0,$0,$0
1910,"Sugiyama, Norikazu","$68,319",$0,$0,$0
1911,"Mlendea, Andrei","$68,147",$0,$0,$0
1912,"Markovits, Laszlo","$67,898",$0,$0,$0
1913,"Fancutt, Charlie","$67,880",$0,$0,$0
1914,"Nurminen, Tapio","$67,872",$0,$0,$0
1915,"Nam, Ji Sung","$67,860","$12,540","$8,177","$4,363"
1916,"Sanchez, Manuel","$67,683","$15,535","$6,745","$8,790"
1917,"Camilo, Rafael","$67,670","$6,298","$5,068","$1,230"
1918,"Semrajc, Janez","$67,543",$808,$808,$0
1919,"Romero, Victor","$67,460",$0,$0,$0
1920,"Gorcic, Ismar","$67,256",$0,$0,$0
1921,"Gomez-Herrera, Carlos","$67,254","$8,835","$7,687","$1,148"
1922,"Vovk, Stanislav","$67,248",$0,$0,$0
1923,"Jankovits, Yannick","$67,151","$22,296","$18,085","$4,211"
1924,"Galdos, Sergio","$67,135","$10,120",$0,"$10,120"
1925,"Garanganga, Takanyi","$67,002","$9,663","$8,963",$700
1926,"Peng, Hsien-Yin","$66,694","$16,278",$0,"$16,278"
1927,"Ruiz-Cadenas, Hector","$66,531",$0,$0,$0
1928,"Solves, Vicente","$66,473",$0,$0,$0
1929,"Patridge, Scott","$66,388",$0,$0,$0
1930,"Vasudevan, Srinivasan","$66,359",$0,$0,$0
1931,"Della, Otavio","$66,279",$0,$0,$0
1932,"Lizariturry, Juan","$66,266","$10,038","$7,739","$2,299"
1933,"Bardou, Jorge","$66,260",$0,$0,$0
1934,"Folie, Alexandre","$66,051","$8,002","$7,262",$740
1935,"Avellan, Carlos","$66,024",$0,$0,$0
1936,"Campbell, Craig","$65,931",$0,$0,$0
Page 44 of 483,Statistics/ Prize Money/ Career,,,Report as of,"Nov 15, 2015"
,ATP Prize Money Leaders (US$),,,,
"Rankings Date: Nov 16, 2015",,,,,
Money,,,,,
Rank,Player,Career,YTD,Singles,Doubles
1937,"Ager, Johannes","$65,861",$0,$0,$0
1938,"Mitsuhashi, Junn","$65,836",$0,$0,$0
1939,"Hipperdinger, Diego","$65,704",$0,$0,$0
1940,"Adams, Egan","$65,640",$0,$0,$0
1941,"Quigley, Eric","$65,542","$27,310","$22,275","$5,035"
1942,"Lustig, Daniel","$65,502",$0,$0,$0
1943,"Chramosta, Ladislav","$65,491",$0,$0,$0
1944,"Jasika, Omar","$65,379","$44,433","$31,851","$12,582"
1945,"Orellana, Kepler","$65,350",$0,$0,$0
1946,"Guidolin, Rodrigo","$65,337",$0,$0,$0
1947,"Boje-Ordonez, Agustin","$65,206",$490,$490,$0
1948,"Bega, Alessandro","$65,072","$17,025","$14,263","$2,762"
1949,"Gomez-Diaz, Carlos","$64,983",$0,$0,$0
1950,"Rasheed, Roger","$64,951",$0,$0,$0
1951,"Fagel, Rick","$64,787",$0,$0,$0
1952,"Ivanov, Vladimir","$64,770","$17,333","$13,930","$3,403"
1953,"Holm, Nils","$64,757",$0,$0,$0
1954,"Santos, Nicolas","$64,670","$2,876","$2,158",$718
1955,"Kellner, Adam","$64,663",$726,$0,$726
1956,"Ballauff, Peter","$64,538",$0,$0,$0
1957,"Nys, Hugo","$64,392","$14,863","$11,289","$3,574"
1958,"Cachin, Pedro","$64,383","$35,117","$30,004","$5,113"
1959,"Hemery , Calvin","$64,303","$46,912","$45,830","$1,082"
1960,"Perez Sanz, David","$64,214","$22,123","$18,070","$4,053"
1961,"Popp, Torsten","$64,150",$0,$0,$0
1962,"Arneodo, Romain","$64,126","$18,073","$6,289","$11,784"
1963,"Caballero, David","$64,042",$0,$0,$0
1964,"Elizondo, Juan-Manuel","$63,980",$0,$0,$0
1965,"Koniusz, Blazej","$63,829","$1,756",$156,"$1,600"
1966,"Marsh, Clinton","$63,729",$0,$0,$0
1967,"Theine, Torben","$63,641",$0,$0,$0
1968,"Sela, Ofer","$63,483",$0,$0,$0
1969,"Baxter, Rill","$63,445",$0,$0,$0
1970,"Bohaboy, Doug","$63,432",$0,$0,$0
1971,"Malik, Adam","$63,365",$0,$0,$0
1972,"Martin-Adalia, Pablo","$63,170",$64,$0,$64
1973,"Urban, Filip","$63,159",$0,$0,$0
1974,"Kelly, Dayne","$63,131","$7,358","$4,934","$2,424"
1975,"Pennisi, Pietro","$63,092",$0,$0,$0
1976,"Rodriguez, Bruno","$63,073",$54,$0,$54
1977,"Cuevas, Martin","$62,993","$5,660","$3,390","$2,270"
1978,"Courcol, Daniel","$62,945",$0,$0,$0
1979,"Colas, Jesus","$62,790",$0,$0,$0
1980,"Bastiansen, Peter","$62,785",$0,$0,$0
Page 45 of 483,Statistics/ Prize Money/ Career,,,Report as of,"Nov 15, 2015"
,ATP Prize Money Leaders (US$),,,,
"Rankings Date: Nov 16, 2015",,,,,
Money,,,,,
Rank,Player,Career,YTD,Singles,Doubles
1981,"Hennemann, Marcelo","$62,670",$0,$0,$0
1982,"Strengberger, Thomas","$62,659",$0,$0,$0
1983,"Sipaeya, Sunil-Kumar","$62,462",$0,$0,$0
1984,"Gabb, Richard","$62,451","$18,678","$14,737","$3,941"
1985,"Barry, Sam","$62,441","$14,292","$9,669","$4,623"
1986,"Masuda, Kentaro","$62,434",$0,$0,$0
1987,"Pambianco, Paolo","$62,279",$0,$0,$0
1988,"Fahlke, Andy","$62,211",$0,$0,$0
1989,"Evans, Keith","$62,148",$0,$0,$0
1990,"Coco, Rudy","$62,133","$1,704","$1,704",$0
1991,"Sinicropi, Riccardo","$62,095","$10,033","$6,901","$3,132"
1992,"Cristin, Diego","$62,084",$0,$0,$0
1993,"Monteiro, Thiago","$61,902","$11,278","$9,759","$1,519"
1994,"Osorio, Marco","$61,889",$0,$0,$0
1995,"Barlow, Russell","$61,805",$0,$0,$0
1996,"Shabaz, Michael","$61,749","$2,954","$2,280",$674
1997,"Phillips, Morgan","$61,748",$0,$0,$0
1998,"Van Peperzeel, Gavin","$61,728","$27,458","$22,878","$4,580"
1999,"Cluskey, James","$61,382","$7,289",$0,"$7,289"
2000,"Coria, Federico","$61,309","$15,641","$12,609","$3,032"
2001,"Mas, Jordi","$61,274",$0,$0,$0
2002,"Spinks, Tom","$61,253",$0,$0,$0
2003,"Mena, Facundo","$61,150","$16,603","$13,305","$3,298"
2004,"Prashanth, N Vijay Sundar","$60,972","$19,331","$15,659","$3,672"
2005,"Rusevski, Predrag","$60,927",$0,$0,$0
2006,"Ferrer-Victoria, Cesar","$60,876",$0,$0,$0
2007,"Gadomski, Piotr","$60,737",$890,$638,$252
2008,"Quinzi, Gianluigi","$60,506","$22,610","$19,476","$3,134"
2009,"Valent, Roman","$60,375",$0,$0,$0
2010,"Bastie, Gilles","$60,314",$0,$0,$0
2011,"Spencer, Kyle","$60,291",$0,$0,$0
2012,"Pujo, Xavier","$60,262",$366,$0,$366
2013,"Denman, Heath","$60,213",$0,$0,$0
2014,"Sarkissian, Alexander","$60,204","$46,302","$43,994","$2,308"
2015,"Vogeli, Roman","$60,181",$0,$0,$0
2016,"Pulgar-Garcia, Jaime","$60,174","$9,776","$7,899","$1,877"
2017,"Strode, Blake","$60,116",$0,$0,$0
2018,"Banes, Maverick","$60,076","$19,301","$14,600","$4,701"
2019,"Rodriguez - Pace, Ricardo","$60,072","$11,719","$10,145","$1,574"
2020,"Fransen, Stephan","$59,942","$4,356",$658,"$3,698"
2021T,"Dubail, Julien","$59,685","$9,813","$8,400","$1,413"
2021T,"Krupa, Tomas","$59,685",$0,$0,$0
2023,"Magdincev, Lazar","$59,643",$173,$0,$173
2024,"Leite, Wilson","$59,513","$12,520","$8,566","$3,954"
Page 46 of 483,Statistics/ Prize Money/ Career,,,Report as of,"Nov 15, 2015"
,ATP Prize Money Leaders (US$),,,,
"Rankings Date: Nov 16, 2015",,,,,
Money,,,,,
Rank,Player,Career,YTD,Singles,Doubles
2025,"Marshall, Jason","$59,506",$0,$0,$0
2026,"Davletshin, Vadim","$59,503",$0,$0,$0
2027,"Pan, Bing","$59,368",$0,$0,$0
2028,"Kures, Michael","$59,332",$0,$0,$0
2029,"Braga, Pedro","$59,313",$0,$0,$0
2030,"Fitz, Sebastian","$59,256",$0,$0,$0
2031,"Albert-Ferrando, Mariano","$59,235",$0,$0,$0
2032,"Silva, Frederico Ferreira","$59,220","$28,004","$22,742","$5,262"
2033,"Pedrini, Marco","$59,107",$0,$0,$0
2034,"Kovacka, Petr","$59,060",$0,$0,$0
2035,"Kodes Jr., Jan","$59,054",$0,$0,$0
2036,"Lestienne, Constant","$59,050","$27,810","$25,522","$2,288"
2037,"Breen, Matthew","$59,047",$0,$0,$0
2038,"Chaen, Tetsuya","$59,037",$0,$0,$0
2039,"Ikramov, Sarvar","$58,993","$1,528","$1,366",$162
2040,"Grossi, Elia","$58,983",$0,$0,$0
2041,"Sullivan, John","$58,849",$0,$0,$0
2042,"Fillol, Alvaro","$58,805",$0,$0,$0
2043,"Marco, Daniel","$58,605",$0,$0,$0
2044,"Pearson, Lee","$58,600",$0,$0,$0
2045,"Pils, Bernhard","$58,589",$0,$0,$0
2046,"Hansen-Dent, Brett","$58,580",$0,$0,$0
2047,"Vivanco-Guzman, Andoni","$58,420",$0,$0,$0
2048,"Fritz, Taylor","$58,344","$51,625","$42,925","$8,700"
2049,"Logtens, Paul","$58,333",$0,$0,$0
2050,"Beks, Bart","$58,315",$0,$0,$0
2051,"Balducci, Daniele","$58,225",$0,$0,$0
2052,"Nam, Hyun-Woo","$58,177","$1,728","$1,312",$416
2053,"Bortolotti, Marco","$57,967","$18,509","$12,453","$6,056"
2054,"Dahan, Lior","$57,874",$0,$0,$0
2055,"Leonardi, Filippo","$57,803","$7,860","$6,442","$1,418"
2056,"Svensson, Peter","$57,659",$0,$0,$0
2057,"Reininger, Robert","$57,642",$0,$0,$0
2058,"Lenho, Tommi","$57,575",$0,$0,$0
2059,"Petrovic, Danilo","$57,469","$14,889","$11,761","$3,128"
2060,"Ortegren, Johan","$57,399",$0,$0,$0
2061,"Dubarenco, Maxim","$57,370","$18,159","$15,542","$2,617"
2062T,"Hensel, Kaden","$57,229",$0,$0,$0
2062T,"Klaparda, Jeff","$57,229",$0,$0,$0
2064,"Haldin, Thomas","$57,174",$0,$0,$0
2065,"Wang, Tak Khunn","$57,089","$8,438","$6,192","$2,246"
2066,"Gubenco, Philip","$57,078",$0,$0,$0
2067,"Inzerillo, Jerome","$56,928","$10,988","$7,399","$3,589"
2068,"Masik, Jan","$56,883",$0,$0,$0
Page 47 of 483,Statistics/ Prize Money/ Career,,,Report as of,"Nov 15, 2015"
,ATP Prize Money Leaders (US$),,,,
"Rankings Date: Nov 16, 2015",,,,,
Money,,,,,
Rank,Player,Career,YTD,Singles,Doubles
2069,"Testa, Cristiano","$56,825",$0,$0,$0
2070,"Roberts, Damien","$56,811",$0,$0,$0
2071,"Idmbarek, Yassine","$56,792","$8,966","$8,160",$806
2072,"Dondo, Federico","$56,725",$0,$0,$0
2073,"Santanna, Bruno","$56,687","$6,941","$3,436","$3,505"
2074,"Gomez, Juan Sebastian","$56,665","$15,159","$8,695","$6,464"
2075,"Garizzio, Agustin","$56,611",$0,$0,$0
2076,"Cassaigne, Benjamin","$56,402",$0,$0,$0
2077,"Leonte, Bogdan","$56,389",$0,$0,$0
2078,"Chang, Yu","$56,264",$0,$0,$0
2079,"Hasek, Jakub","$56,261",$0,$0,$0
2080,"Uzakov, Vaja","$56,241",$0,$0,$0
2081,"Loven, Fredrik","$56,189",$0,$0,$0
2082,"Marterer, Maximilian","$56,113","$37,267","$32,955","$4,312"
2083,"Kornienko, Igor","$56,014",$0,$0,$0
2084,"Pastor, Nicolas","$55,988",$0,$0,$0
2085,"Beecher, Colin","$55,969",$0,$0,$0
2086,"Bradaric, Marin","$55,929","$1,360",$880,$480
2087,"Belloli, Jeff","$55,843",$0,$0,$0
2088,"Svetlik, Radovan","$55,840",$0,$0,$0
2089,"Gonzalia, Jonathan","$55,794",$0,$0,$0
2090,"Gonzales, Ruben","$55,779","$10,312",$0,"$10,312"
2091,"Lazov, Alexandar","$55,542","$13,637","$10,562","$3,075"
2092,"Fufygin, Mikhail","$55,481","$1,276",$588,$688
2093,"Spottl, Martin","$55,466",$0,$0,$0
2094,"Ciumac, Andrei","$55,388",$208,$172,$36
2095,"Vatutin, Alexey","$55,275","$21,011","$17,939","$3,072"
2096,"Ojala, Janne","$55,265",$0,$0,$0
2097,"Arquez, Patricio","$55,233",$0,$0,$0
2098,"Carry, Guillermo","$55,232",$36,$0,$36
2099,"Maytin, Roberto","$55,140","$19,931",$0,"$19,931"
2100,"Apostu-Efremov, Artemon","$55,070",$0,$0,$0
2101,"Lukaev, Radoslav","$55,014",$0,$0,$0
2102,"Jeong, Suk-Young","$54,911",$0,$0,$0
2103,"Anderson, Andrew","$54,889",$0,$0,$0
2104,"King, Evan","$54,864","$12,001","$8,998","$3,003"
2105,"Eremin, Edoardo","$54,829","$19,453","$16,568","$2,885"
2106,"Nastase, Mihnea-Ion","$54,828",$0,$0,$0
2107,"Marse-Vidri, Jordi","$54,558",$108,$0,$108
2108,"Valtzer, Dekel","$54,390",$0,$0,$0
2109,"Lipovsek Puches, Tomas","$54,333","$18,048","$14,485","$3,563"
2110,"Tarantino, Agustin","$54,168",$0,$0,$0
2111,"Skenderovic, Vjekoslav","$54,161",$0,$0,$0
2112,"Zaitcev, Anton","$54,127","$17,503","$9,669","$7,834"
Page 48 of 483,Statistics/ Prize Money/ Career,,,Report as of,"Nov 15, 2015"
,ATP Prize Money Leaders (US$),,,,
"Rankings Date: Nov 16, 2015",,,,,
Money,,,,,
Rank,Player,Career,YTD,Singles,Doubles
2113,"Hank, Tigre","$54,117","$21,941","$13,155","$8,786"
2114,"Audouy, Xavier","$54,101",$0,$0,$0
2115,"Altamirano, Collin","$54,065","$4,643","$3,600","$1,043"
2116,"Horansky, Filip","$54,052","$16,267","$14,708","$1,559"
2117,"Bouteyre, Pierre","$54,033",$0,$0,$0
2118,"Warner, Scott","$53,917",$0,$0,$0
2119,"Alekseenko, Vadim","$53,821","$7,948","$6,620","$1,328"
2120,"Cunha, Henrique","$53,811","$17,909","$16,114","$1,795"
2121,"Musialek, Alexis","$53,658","$17,687","$15,099","$2,588"
2122,"Borroni, Corrado","$53,599",$0,$0,$0
2123,"De Beer, Johan","$53,581",$0,$0,$0
2124,"Vaisse, Martin","$53,437","$4,679","$3,745",$934
2125,"Mitchell, Toby","$53,242",$0,$0,$0
2126,"Rumyantsev, Alexander","$53,233",$954,$918,$36
2127,"Roshan, Nima","$53,227",$0,$0,$0
2128,"Smith, Connor","$53,131","$32,574","$27,193","$5,381"
2129,"Escobar, Gonzalo","$53,104","$25,560","$22,019","$3,541"
2130,"Barrere, Gregoire","$53,066","$27,834","$24,868","$2,966"
2131,"Rachidi, Younes","$53,049","$7,271","$2,222","$5,049"
2132,"Bottazzi, Luca","$52,945",$0,$0,$0
2133,"Urzua-Rivera, Ricardo","$52,931","$5,722","$3,518","$2,204"
2134,"Grozdanov, Tihomir","$52,836",$974,$448,$526
2135,"Nettle, Shannon","$52,822",$0,$0,$0
2136,"Grenier, Stephane","$52,788",$0,$0,$0
2137,"Marafiote, Domenic","$52,763",$0,$0,$0
2138,"Behar, Ariel","$52,511","$7,969",$0,"$7,969"
2139,"Gomes, Eric","$52,482",$0,$0,$0
2140,"Dupuy, Baptiste","$52,477",$0,$0,$0
2141,"Valverde, Juan-Manuel","$52,185",$0,$0,$0
2142,"Larsen, Thomas","$52,164",$0,$0,$0
2143,"Mirzadeh, Vahid","$52,139","$1,362",$0,"$1,362"
2144,"Becker, Richard","$51,696","$8,012","$7,710",$302
2145,"Turner, James","$51,682",$0,$0,$0
2146,"Napolitano, Stefano","$51,535","$25,793","$15,250","$10,543"
2147,"Bamford, Neil","$51,328",$0,$0,$0
2148,"Biryukov, Mikhail","$51,200",$0,$0,$0
2149,"Scherman, Ted","$51,188",$0,$0,$0
2150,"Vajda, Ivan","$51,136",$0,$0,$0
2151,"Moneke, Steven","$51,103",$0,$0,$0
2152,"Rath, Marc","$51,059",$0,$0,$0
2153,"Tiberti, Gustavo","$51,046",$0,$0,$0
2154,"Bonneau, Stephane","$50,979",$0,$0,$0
2155,"Ouyang, Bowen","$50,856","$7,332","$5,194","$2,138"
2156,"Novak, David","$50,722",$36,$0,$36
Page 49 of 483,Statistics/ Prize Money/ Career,,,Report as of,"Nov 15, 2015"
,ATP Prize Money Leaders (US$),,,,
"Rankings Date: Nov 16, 2015",,,,,
Money,,,,,
Rank,Player,Career,YTD,Singles,Doubles
2157,"Monteferrario, Joaquin-Jesus","$50,670",$0,$0,$0
2158,"Krumrey, Florian","$50,668",$0,$0,$0
2159,"Downs, Steven","$50,607",$0,$0,$0
2160,"Weissborn, Tristan-Samuel","$50,583","$12,211","$2,806","$9,405"
2161,"Burton, Lewis","$50,500",$759,$208,$551
2162,"Williams, Jeff","$50,498",$0,$0,$0
2163,"Vlaski, Aleksandar","$50,462",$0,$0,$0
2164,"Erguden, Baris","$50,447","$11,747","$9,073","$2,674"
2165,"Rybalko, Andrei","$50,368",$0,$0,$0
2166,"Vilarrubi, Martin","$50,366",$0,$0,$0
2167,"Chazal, Maxime","$50,359","$21,579","$19,188","$2,391"
2168,"Frantzen, Romano","$50,344","$2,909",$156,"$2,753"
2169,"Cagnina, Julien","$50,325","$17,539","$14,505","$3,034"
2170,"Michelotti, Francesco","$50,317",$0,$0,$0
2171,"Artunedo Martinavarro, Andres","$50,075","$6,044","$4,816","$1,228"
2172,"Sato, Bumpei","$50,042","$3,304",$726,"$2,578"
2173,"Hubble, Adam","$49,986","$2,918",$0,"$2,918"
2174,"Urh, Borut","$49,943",$0,$0,$0
2175,"Haenle, Pirmin","$49,885","$8,674","$6,541","$2,133"
2176,"Saric, Igor","$49,842",$0,$0,$0
2177,"Gajjar, Rohan","$49,823",$0,$0,$0
2178,"Ouahabi, Talal","$49,817",$36,$0,$36
2179,"Kuzmanov, Dimitar","$49,810","$18,199","$15,613","$2,586"
2180,"Haas, Rudiger","$49,741",$0,$0,$0
2181,"Ehara, Hiroyasu","$49,731","$14,934","$13,174","$1,760"
2182,"Johansson, Kjell","$49,711",$0,$0,$0
2183,"McDonald, Mackenzie","$49,705","$17,452","$15,090","$2,362"
2184,"Scheidweiler, Mike","$49,645","$1,586",$0,"$1,586"
2185,"Burniol, Guillem","$49,555",$0,$0,$0
2186,"Ilkel, Cem","$49,536","$27,007","$22,401","$4,606"
2187,"Sachire, Ryan","$49,419",$0,$0,$0
2188,"Sorgi, Joao Pedro","$49,380","$7,869","$5,288","$2,581"
2189,"Kontinen, Micke","$49,328","$5,290","$4,800",$490
2190,"Tyson, Desmond","$49,090",$0,$0,$0
2191,"Giacalone, Omar","$49,071","$14,951","$11,073","$3,878"
2192,"Grimolizzi, Gaston-Arturo","$49,010",$0,$0,$0
2193,"Kandler, Hans-Peter","$48,938",$0,$0,$0
2194,"Stancik, Jan","$48,937",$0,$0,$0
2195,"Kon, Alejandro","$48,817",$0,$0,$0
2196,"Pokrajac, Milan","$48,765",$0,$0,$0
2197,"Kim, Cheong-Eui","$48,675","$10,822","$8,854","$1,968"
2198,"Bale, Stuart","$48,554",$0,$0,$0
2199,"Vega Hernandez, David","$48,223","$19,570","$16,887","$2,683"
2200,"Gorban, Andrei","$48,213",$0,$0,$0
Page 50 of 483,Statistics/ Prize Money/ Career,,,Report as of,"Nov 15, 2015"
,ATP Prize Money Leaders (US$),,,,
"Rankings Date: Nov 16, 2015",,,,,
Money,,,,,
Rank,Player,Career,YTD,Singles,Doubles
2201,"Davydenko, Philipp","$48,205","$7,277","$5,075","$2,202"
2202,"Belgraver, Martijn","$48,166",$0,$0,$0
2203,"Lin, Bing Chao","$48,098",$0,$0,$0
2204,"Altuna, Tuna","$48,055","$6,087",$760,"$5,327"
2205,"Becka, Jaromir","$48,013",$0,$0,$0
2206,"Sekulic, Milos","$47,914","$5,794","$3,984","$1,810"
2207,"Mamoun, Mohamed","$47,866",$0,$0,$0
2208,"Letcher, Chris","$47,802",$270,$0,$270
2209,"Saliola, Marcelo","$47,779",$0,$0,$0
2210,"Andersson, Henrik","$47,713",$0,$0,$0
2211,"Renard, Alexandre","$47,681",$0,$0,$0
2212,"Garcia-Sintes, Javier","$47,604",$0,$0,$0
2213,"Sekac, Branislav","$47,549",$0,$0,$0
2214,"Luddi, Gianluca","$47,526",$0,$0,$0
2215,"Fortuna, Claudio","$47,525","$10,761","$8,548","$2,213"
2216,"Cortes, Jaime","$47,483",$0,$0,$0
2217,"Aubone, Jean-Yves","$47,448","$10,411","$7,222","$3,189"
2218,"Brunken, Jaan-Frederik","$47,359",$0,$0,$0
2219,"Boutillier, Remi","$47,335","$21,312","$18,577","$2,735"
2220,"Ivanov, Pavel","$47,150",$0,$0,$0
2221,"Falenti, Rainer","$47,149",$0,$0,$0
2222,"Mukhometov, Philipp","$47,110",$0,$0,$0
2223,"Christensen, Morten","$47,096",$0,$0,$0
2224,"Fernandes, Tiago","$47,095",$0,$0,$0
2225,"Thompson, Nathan","$47,083",$0,$0,$0
2226,"Zeballos, Federico","$47,049","$8,802","$6,396","$2,406"
2227,"Ribeiro Neto, Eladio","$47,046",$0,$0,$0
2228,"Kudrnac, Pavel","$46,869",$0,$0,$0
2229,"Boscatto, Massimo","$46,799",$0,$0,$0
2230,"Bloemke, Dennis","$46,756",$954,$918,$36
2231,"Botfield, Stephen","$46,689",$0,$0,$0
2232,"Navarro-Batles, Lazaro","$46,644",$0,$0,$0
2233,"Borgula, Boris","$46,381",$320,$0,$320
2234,"Flanagan, Ian","$46,354",$0,$0,$0
2235,"Rodriguez, Juan Antonio","$46,337",$0,$0,$0
2236,"Filenkov, Alexei","$46,322",$840,$552,$288
2237,"N'Goran, Clement","$46,321",$0,$0,$0
2238,"Yim, Robert","$46,307",$0,$0,$0
2239,"Stimpson, John","$46,176",$0,$0,$0
2240,"Vervoort, Mark","$46,132","$12,942","$1,780","$11,162"
2241,"Rousset, Elie","$46,073","$4,504","$3,049","$1,455"
2242,"Shane, Ryan","$45,889","$42,897","$42,252",$645
2243,"Sandbichler, Armin","$45,780",$0,$0,$0
2244,"Harboe, Phillip","$45,737",$0,$0,$0
Page 51 of 483,Statistics/ Prize Money/ Career,,,Report as of,"Nov 15, 2015"
,ATP Prize Money Leaders (US$),,,,
"Rankings Date: Nov 16, 2015",,,,,
Money,,,,,
Rank,Player,Career,YTD,Singles,Doubles
2245,"Mantilla, Felipe","$45,686","$10,532","$7,584","$2,948"
2246,"Rudi, Patricio","$45,667",$0,$0,$0
2247,"Ali, Zeeshan","$45,664",$0,$0,$0
2248,"Lindgren, Peter","$45,617",$0,$0,$0
2249,"Spir, Juan-Carlos","$45,437","$2,280",$0,"$2,280"
2250,"Nevolo, Dennis","$45,433","$9,276","$7,932","$1,344"
2251,"Jeanclaude, Frederic","$45,401",$0,$0,$0
2252,"Allgauer, Florian","$45,256",$0,$0,$0
2253,"Armstrong, Miles","$45,245",$0,$0,$0
2254,"Lejnieks, Karlis","$45,204",$0,$0,$0
2255,"Dischinger, Eduardo","$45,196","$9,490","$4,057","$5,433"
2256,"Benneteau, Antoine","$45,178",$0,$0,$0
2257,"Boretti, Stian","$45,065",$0,$0,$0
2258,"Abid, Haythem","$45,060",$0,$0,$0
2259,"Galovic, Viktor","$44,988","$8,067","$6,977","$1,090"
2260,"Boltz, Sebastien","$44,922","$20,198","$18,528","$1,670"
2261,"Look, Michael","$44,890",$156,$156,$0
2262,"Gasparyan, Ervand","$44,814",$0,$0,$0
2263,"Ladipo, Sule","$44,781",$0,$0,$0
2264,"Neunteibl, Marko","$44,751",$0,$0,$0
2265,"Margaroli, Luca","$44,739","$15,799","$4,832","$10,967"
2266,"Miyachi, Kotaro","$44,690",$0,$0,$0
2267,"Buckley, Mark","$44,636",$0,$0,$0
2268,"Bohrer, Eduardo","$44,602",$0,$0,$0
2269,"O'Brien, Dean","$44,594","$16,604","$1,454","$15,150"
2270,"Siegel, Tim","$44,582",$0,$0,$0
2271,"Makiguchi, Ryusei","$44,564","$5,920","$4,752","$1,168"
2272,"Pauffley, Neil","$44,480","$7,853","$6,875",$978
2273,"Kennedy, Adam","$44,468",$0,$0,$0
2274,"Hidalgo, Gabriel Alejandro","$44,424","$4,030","$2,788","$1,242"
2275,"Hombrecher, Alexis","$44,404",$0,$0,$0
2276,"Noriega, Jose-Luis","$44,341",$0,$0,$0
2277,"Torroni, Giulio","$44,253","$1,488","$1,208",$280
2278,"N'Goran, Claude","$44,203",$0,$0,$0
2279,"Diaz-Barriga, Luis","$44,075",$162,$0,$162
2280,"Felgate, David","$44,072",$0,$0,$0
2281,"Topic, Josko","$44,071","$1,612","$1,140",$472
2282,"Moir, Kevin","$44,047",$0,$0,$0
2283,"Bambridge, Luke","$44,036","$17,035","$5,462","$11,573"
2284,"Morel, Clement","$43,924",$0,$0,$0
2285,"Catar, Tomas","$43,891",$0,$0,$0
2286,"Huard, Maxime","$43,844",$0,$0,$0
2287,"Pellerin, Ludwig","$43,800",$0,$0,$0
2288,"Kim, Dong-Hyun","$43,612",$0,$0,$0
Page 52 of 483,Statistics/ Prize Money/ Career,,,Report as of,"Nov 15, 2015"
,ATP Prize Money Leaders (US$),,,,
"Rankings Date: Nov 16, 2015",,,,,
Money,,,,,
Rank,Player,Career,YTD,Singles,Doubles
2289,"Palencia, Carlos","$43,476",$162,$0,$162
2290,"Reshetnikov, Vitali","$43,470","$1,526",$572,$954
2291T,"Furusho, Eduardo","$43,441",$0,$0,$0
2291T,"Osta, Eduardo","$43,441",$0,$0,$0
2293,"Marsalek, James","$43,397","$6,836","$5,386","$1,450"
2294,"Jordan, Alvaro","$43,306",$0,$0,$0
2295,"Stansbury, Cary","$43,282",$0,$0,$0
2296,"De Loore, Joris","$43,094","$5,998","$5,134",$864
2297,"Godlewski, Robert","$43,089",$0,$0,$0
2298,"Tatlot, Johan","$42,997","$18,215","$12,992","$5,223"
2299,"Vibert, Francois-Arthur","$42,986","$6,904","$4,858","$2,046"
2300,"Kim Jr., Sun-Yong","$42,945",$180,$0,$180
2301,"Martinez, Mateo Nicolas","$42,926","$6,709","$4,905","$1,804"
2302,"Jankovic, Miki","$42,732","$15,228","$13,378","$1,850"
2303,"Singh, Ashutosh","$42,696",$36,$0,$36
2304,"Yevseyev, Denis","$42,532","$5,687","$4,621","$1,066"
2305,"Baldellou-Esteva, Antonio","$42,531",$0,$0,$0
2306,"Vorster, Tucker","$42,516","$19,071","$16,230","$2,841"
2307,"Ojeda Lara, Ricardo","$42,475","$10,021","$8,945","$1,076"
2308,"Prahlad, Srinath","$42,470",$0,$0,$0
2309,"Garetto, Gustavo","$42,421",$0,$0,$0
2310,"Menga, Giuseppe","$42,370",$36,$0,$36
2311,"Dickson, Simon","$42,304",$0,$0,$0
2312,"Poerschke, Lars","$42,291",$0,$0,$0
2313,"Heller, Peter","$42,275","$9,930","$8,274","$1,656"
2314,"Matos, Diego","$42,232",$0,$0,$0
2315,"Skoloudik, Jiri","$42,217",$0,$0,$0
2316,"Benedetti, Cristhian Ignacio","$42,172",$0,$0,$0
2317,"Fioroni, Michele","$42,141",$0,$0,$0
2318,"Alekseenko, Gleb","$42,137","$6,598","$4,992","$1,606"
2319,"Boluda-Purkiss, Carlos","$42,103","$12,448","$10,710","$1,738"
2320,"Royer, Rocky","$42,018",$0,$0,$0
2321,"Severino, Carlos Eduardo","$41,976","$14,188","$12,632","$1,556"
2322,"Jimenez-Guerra, Joan","$41,882",$0,$0,$0
2323,"Malik, Vijayant","$41,874",$0,$0,$0
2324,"Zay, Marius","$41,863",$0,$0,$0
2325,"Biasella, Adriano","$41,862",$0,$0,$0
2326,"Norby, Rasmus","$41,854",$0,$0,$0
2327,"Menendez, Roberto","$41,837",$0,$0,$0
2328,"Medina-Alvarez, Jhonathan","$41,792",$0,$0,$0
2329,"Gruber, Konstantin Don","$41,782",$0,$0,$0
2330,"Carvalho, Ronaldo","$41,771",$0,$0,$0
2331,"Balazs, Gyorgy","$41,753",$0,$0,$0
2332,"Williamson, Phillip","$41,716",$0,$0,$0
Page 53 of 483,Statistics/ Prize Money/ Career,,,Report as of,"Nov 15, 2015"
,ATP Prize Money Leaders (US$),,,,
"Rankings Date: Nov 16, 2015",,,,,
Money,,,,,
Rank,Player,Career,YTD,Singles,Doubles
2333,"Doble, Jordane","$41,685",$0,$0,$0
2334,"Fattar, Anas","$41,669",$0,$0,$0
2335,"Weal, Nick","$41,659",$0,$0,$0
2336,"Mazur, Dimitri","$41,611",$0,$0,$0
2337,"Ismailov, Temur","$41,544","$15,228","$12,484","$2,744"
2338,"Munar, Jaume","$41,537","$38,732","$34,515","$4,217"
2339,"Popovic, Petar","$41,492",$0,$0,$0
2340,"Scholtz, Nicolaas","$41,467","$9,998","$8,493","$1,505"
2341,"Anikanov, Ivan","$41,458",$0,$0,$0
2342,"Aprili, Corrado","$41,323",$0,$0,$0
2343,"Recarte, Roman","$41,300",$0,$0,$0
2344,"Mangiante, Angelo","$41,299",$0,$0,$0
2345,"Plamberger, Udo","$41,298",$0,$0,$0
2346,"Bergman, Carl","$41,282",$0,$0,$0
2347,"Milojevic, Nikola","$41,221","$17,558","$15,988","$1,570"
2348,"Zlatanovic, Arsenije","$41,212","$1,602","$1,020",$582
2349,"Estruch, David","$41,156",$480,$380,$100
2350,"Arvidsson, Isak","$41,115","$9,108","$4,361","$4,747"
2351,"Baumann, Moritz","$41,071","$1,958","$1,526",$432
2352,"Smirnov, Evgueni","$41,027",$0,$0,$0
2353,"Holzinger, Tony","$41,014",$0,$0,$0
2354,"Zumpft, Martin","$40,974",$0,$0,$0
2355,"Brunner, Pascal","$40,900","$12,575","$10,388","$2,187"
2356,"Manafov, Vladyslav","$40,822","$12,646","$9,044","$3,602"
2357,"Accardo, Alessandro","$40,780",$0,$0,$0
2358,"Cho, Soong-Jae","$40,740",$510,$276,$234
2359,"Plotniy, Andrei","$40,732","$2,826","$2,418",$408
2360,"Muzaev, Richard","$40,728","$7,785","$4,404","$3,381"
2361,"Dmitriev, Kirill","$40,650","$14,968","$12,074","$2,894"
2362,"Maqdes, Abdullah","$40,624","$2,062","$1,588",$474
2363,"Rovas, Nikos","$40,600",$0,$0,$0
2364,"Timfjord, Nicklas","$40,564",$0,$0,$0
2365,"Camargo, Ricardo","$40,506",$0,$0,$0
2366,"Burke, Doug","$40,488",$0,$0,$0
2367,"Coene, Dominique","$40,435",$0,$0,$0
2368,"Ali Mutawa, Jabor Mohammed","$40,432","$14,040","$11,060","$2,980"
2369,"Jallali, Walid","$40,419",$0,$0,$0
2370,"Picco, Francesco","$40,350","$6,354","$5,610",$744
2371,"Pedersen, Martin","$40,313",$0,$0,$0
2372,"Adjei-Darko, Henry","$40,307",$0,$0,$0
2373,"Blumauer, Georg","$40,240",$0,$0,$0
2374,"Uzhylovsky, Vladimir","$40,075","$10,802","$7,512","$3,290"
2375,"Dadamo, Jeff","$40,028",$356,$292,$64
2376,"Abou El Khair, Motaz","$39,985",$0,$0,$0
Page 54 of 483,Statistics/ Prize Money/ Career,,,Report as of,"Nov 15, 2015"
,ATP Prize Money Leaders (US$),,,,
"Rankings Date: Nov 16, 2015",,,,,
Money,,,,,
Rank,Player,Career,YTD,Singles,Doubles
2377,"Hsieh, Cheng-Peng","$39,984","$16,923","$1,662","$15,261"
2378,"Xia, Jia-Ping","$39,911",$0,$0,$0
2379,"Luisi, Piero","$39,891",$0,$0,$0
2380,"Baughman, Deiton","$39,721","$25,979","$14,759","$11,220"
2381,"Banks, Andrew","$39,626",$0,$0,$0
2382,"Farrow, Buff","$39,624",$0,$0,$0
2383,"Arauzo-Martinez, Juan-Samuel","$39,608","$9,951","$5,828","$4,123"
2384,"Amritraj, Stephen","$39,589",$0,$0,$0
2385,"Kiiski, Lauri","$39,533",$498,$0,$498
2386T,"Madsen, Bertrand","$39,485",$0,$0,$0
2386T,"Sabate-Bretos, Oscar","$39,485",$140,$104,$36
2388,"Iannuzzi, Enrico","$39,475",$0,$0,$0
2389,"Page, Brian","$39,466",$0,$0,$0
2390,"Hossam, Karim","$39,271","$5,352","$3,686","$1,666"
2391,"Gyetko, Brian","$39,188",$0,$0,$0
2392,"Goffi, Josh","$39,165",$0,$0,$0
2393,"Akkoyun, Haluk","$39,145",$0,$0,$0
2394,"Rake, Rodolfo","$39,070",$0,$0,$0
2395,"Chang, Carl","$39,054",$0,$0,$0
2396,"Andersson, Daniel","$39,052",$0,$0,$0
2397,"Canudas-Fernandez, David","$39,018",$0,$0,$0
2398,"Tsuchihashi, Toshihisa","$38,984",$0,$0,$0
2399,"Strambini, Alexandre","$38,972",$0,$0,$0
2400,"Kallias, Photos","$38,910",$0,$0,$0
2401,"Ysern, Pierrick","$38,875",$0,$0,$0
2402,"Alvarez, Roberto","$38,841",$0,$0,$0
2403,"Brydolf, Patrik","$38,839",$412,$312,$100
2404,"Penaud, Alexandre","$38,820",$696,$260,$436
2405,"Singh, Karunuday","$38,788","$10,294","$8,168","$2,126"
2406,"Niesten, Miliaan","$38,759","$7,120","$6,352",$768
2407,"Majchrzak, Kamil","$38,679","$22,038","$18,370","$3,668"
2408,"Taweel, Issam Haitham","$38,635","$9,767","$6,348","$3,419"
2409,"Esquerdo, Ivan","$38,597",$0,$0,$0
2410,"Wooldridge, Mark","$38,454",$0,$0,$0
2411,"Taicher, Paulo","$38,430",$0,$0,$0
2412,"Wang, Chieh-Fu","$38,358","$8,660","$3,704","$4,956"
2413,"Magg, Christian","$38,341",$0,$0,$0
2414T,"Davis, Tres","$38,296",$0,$0,$0
2414T,"Veger, Filip","$38,296","$7,161","$6,663",$498
2416,"Mager, Gianluca","$38,278","$21,763","$19,099","$2,664"
2417,"Gao, Xin","$38,253","$10,507","$5,641","$4,866"
2418,"Borgo, Francesco","$38,141","$8,641","$3,988","$4,653"
2419,"Kekez, Duje","$38,121","$8,991","$8,011",$980
2420,"Hellstrom, Mathias","$38,106",$0,$0,$0
Page 55 of 483,Statistics/ Prize Money/ Career,,,Report as of,"Nov 15, 2015"
,ATP Prize Money Leaders (US$),,,,
"Rankings Date: Nov 16, 2015",,,,,
Money,,,,,
Rank,Player,Career,YTD,Singles,Doubles
2421,"Daniel, Michael","$38,093",$0,$0,$0
2422,"Hammer, Philipp","$38,084",$0,$0,$0
2423,"Yuksel, Anil","$38,059","$10,704","$7,584","$3,120"
2424,"Yarmola, Alexander","$38,030",$0,$0,$0
2425,"Falgheri, Andrea","$38,018",$497,$497,$0
2426,"Maamoun , Karim-Mohamed","$37,987","$13,236","$8,853","$4,383"
2427,"Nixon, Randy","$37,961",$0,$0,$0
2428,"Dennhardt, Frank","$37,907",$0,$0,$0
2429,"Siriluethaiwattana, Peerakiat","$37,879",$0,$0,$0
2430,"Van't Hof, Kaes","$37,788",$0,$0,$0
2431,"Zwetsch, Joao","$37,779",$0,$0,$0
2432,"Krkoska, Jiri","$37,697",$0,$0,$0
2433,"Lee, Duckhee","$37,687","$24,662","$23,842",$820
2434,"Kloer, Sascha","$37,662",$0,$0,$0
2435,"Capone, Massimo","$37,632",$0,$0,$0
2436,"Pitta, Gabriel","$37,596",$0,$0,$0
2437,"Rudman, Shaun","$37,590",$0,$0,$0
2438,"Rittersbacher, Harald","$37,551",$0,$0,$0
2439,"Maes, Julien","$37,528",$0,$0,$0
2440,"Comporto, Antonio","$37,511",$0,$0,$0
2441,"Domingues, Joao","$37,376","$12,247","$8,209","$4,038"
2442,"Vucic, Ilija","$37,362","$9,395","$2,680","$6,715"
2443,"Dragicevic, Goran","$37,360",$0,$0,$0
2444,"Popko, Dmitry","$37,335","$22,049","$20,255","$1,794"
2445,"Mohr, Patrick","$37,258",$0,$0,$0
2446,"Amador, Marcello","$37,214",$0,$0,$0
2447,"Bok, Martijn","$37,127",$0,$0,$0
2448,"Stasiak, Jurek","$37,058",$0,$0,$0
2449,"Pazicky, Michal","$37,036",$852,$536,$316
2450,"Krasnoroutskiy, Alexandre","$36,904",$0,$0,$0
2451,"Ward Hibbert, Joshua","$36,839","$4,791","$2,596","$2,195"
2452,"Blandin, Jeremy","$36,769",$0,$0,$0
2453,"Koll, Helge","$36,761",$0,$0,$0
2454,"Kok, Ralph","$36,729",$0,$0,$0
2455T,"Laranja, Augusto","$36,695","$2,236","$1,620",$616
2455T,"Manegin, Anton","$36,695",$0,$0,$0
2457,"Flores, Luis Manuel","$36,677",$0,$0,$0
2458,"Doakmaiklee, Weerapat","$36,652",$0,$0,$0
2459,"Silva, Caio","$36,637","$5,319","$3,484","$1,835"
2460,"Smith, Otis","$36,612",$0,$0,$0
2461,"Escobedo, Ernesto","$36,557","$14,042","$13,934",$108
2462,"Moraing, Heiner","$36,539",$0,$0,$0
2463,"Boye, Maxime","$36,518",$0,$0,$0
2464,"Katic, Dejan","$36,514","$3,038","$2,930",$108
Page 56 of 483,Statistics/ Prize Money/ Career,,,Report as of,"Nov 15, 2015"
,ATP Prize Money Leaders (US$),,,,
"Rankings Date: Nov 16, 2015",,,,,
Money,,,,,
Rank,Player,Career,YTD,Singles,Doubles
2465,"Lopez Cassaccia, Daniel-Alejandro","$36,506",$0,$0,$0
2466,"Livraghi, Mattia","$36,395",$0,$0,$0
2467,"Zhang, Zhizhen","$36,354","$30,399","$23,314","$7,085"
2468,"Thomson, Clinton","$36,350",$0,$0,$0
2469,"Soulie, Serge","$36,307",$0,$0,$0
2470,"Krainik, Pavel","$36,263","$6,204","$4,524","$1,680"
2471,"Colla, Matteo","$36,261",$0,$0,$0
2472,"Jansson, Ville","$36,255",$0,$0,$0
2473,"Drake, Chris","$36,244",$0,$0,$0
2474,"Xu, Jun-Chao","$36,167",$0,$0,$0
2475,"Kwon, Chris","$36,150",$0,$0,$0
2476,"Cauvard, Simon","$36,124",$0,$0,$0
2477,"Garcia-Requena, Jose","$36,094",$0,$0,$0
2478,"Fernandez, Jose Antonio","$36,058",$0,$0,$0
2479,"Theissen, Harald","$36,019",$0,$0,$0
2480,"Miron, Marcel-Ioan","$35,988",$0,$0,$0
2481,"Calderon-Rodriguez, Carlos","$35,937",$0,$0,$0
2482,"Ghedin, Nicola","$35,913","$8,008","$6,734","$1,274"
2483,"Touzil, Simon","$35,841",$0,$0,$0
2484,"Mazza, Edoardo","$35,821",$0,$0,$0
2485,"Rumenov Payakov, Georgi","$35,749","$10,976","$10,278",$698
2486,"Perez-Perez, Sergio","$35,748","$1,160",$0,"$1,160"
2487,"Brown, Ricky","$35,729",$0,$0,$0
2488,"Agar, Ryan","$35,662","$3,536","$2,232","$1,304"
2489,"Galik, Branislav","$35,635",$0,$0,$0
2490,"Slovic, Aleksander","$35,556",$0,$0,$0
2491,"Vekemans, Johan","$35,500",$0,$0,$0
2492,"Burtscher, Roland","$35,498",$0,$0,$0
2493,"Sakamoto, Pedro","$35,467","$9,246","$7,655","$1,591"
2494,"Meniane, Trystan","$35,381",$0,$0,$0
2495,"Hajji, Abdulla","$35,376",$0,$0,$0
2496,"Vandenbulcke, Yannick","$35,312",$0,$0,$0
2497T,"De Bonnevie, Philippe","$35,246",$0,$0,$0
2497T,"Wiryawan, Bonit","$35,246",$0,$0,$0
2499,"Kannan, Vijay","$35,245",$0,$0,$0
2500,"Hasko, Juraj","$35,128",$0,$0,$0
2501,"Na, Jung-Woong","$35,099","$8,906","$8,038",$868
2502,"Hayes, John","$35,062",$0,$0,$0
2503,"O'Neille, Matias","$35,047",$0,$0,$0
2504,"Anagnastopol, Victor-Mugurel","$35,040","$1,796",$380,"$1,416"
2505,"Davidson, James","$34,863",$0,$0,$0
2506,"Failla, Greg","$34,837",$0,$0,$0
2507,"Siggia, Ricardo","$34,812",$0,$0,$0
2508,"Pecotic, Matija","$34,776","$28,138","$25,274","$2,864"
Page 57 of 483,Statistics/ Prize Money/ Career,,,Report as of,"Nov 15, 2015"
,ATP Prize Money Leaders (US$),,,,
"Rankings Date: Nov 16, 2015",,,,,
Money,,,,,
Rank,Player,Career,YTD,Singles,Doubles
2509,"Carpen, Alexandru-Daniel","$34,767","$5,114",$726,"$4,388"
2510,"Pham, Thierry","$34,754",$0,$0,$0
2511,"Gavrila, Adrian","$34,642",$0,$0,$0
2512,"Carril, Esteban","$34,580",$0,$0,$0
2513,"Viola, Marco","$34,560",$0,$0,$0
2514,"Glancy, Daniel","$34,532","$5,220","$3,220","$2,000"
2515,"Freelove, Oliver","$34,497",$0,$0,$0
2516,"Arevalo, Rafael","$34,441",$140,$104,$36
2517,"Ternar, Tomislav","$34,438","$5,990","$5,526",$464
2518,"Guerrero, Gustavo","$34,433",$0,$0,$0
2519,"Custer, Brett","$34,385",$0,$0,$0
2520,"Jones, G.D.","$34,371",$0,$0,$0
2521,"Chikhladze, Lado","$34,363",$0,$0,$0
2522,"Chung, Hee-Seok","$34,345",$0,$0,$0
2523,"Fitzpatrick, Andrew","$34,312",$0,$0,$0
2524,"Fischer, Holger","$34,298",$0,$0,$0
2525,"Vacek, Martin","$34,293",$0,$0,$0
2526,"Giraudo, Alberto","$34,287","$1,274",$0,"$1,274"
2527,"Barron, Scott","$34,262",$0,$0,$0
2528,"Fugate, Marcus","$34,227",$408,$344,$64
2529,"Mott, Blake","$34,204","$13,337","$12,183","$1,154"
2530,"Wettengel, Chris","$34,190",$0,$0,$0
2531,"Fernandez, Ernie","$34,167",$0,$0,$0
2532,"Fallert, Florian","$34,108","$11,123","$9,500","$1,623"
2533,"Fukui, Tsuyoshi","$34,083",$0,$0,$0
2534,"Jahn, Jeremy","$33,973","$7,127","$6,703",$424
2535,"Redondi, Emiliano","$33,970",$0,$0,$0
2536,"Blecha, Jan","$33,861","$3,160","$2,448",$712
2537,"Matos Gil, Israel","$33,860",$0,$0,$0
2538,"Schmolzer, Patrick","$33,858",$0,$0,$0
2539,"Patino, Luis","$33,848","$11,648","$5,706","$5,942"
2540,"Sykut, Maciek","$33,801",$0,$0,$0
2541,"Portaluri, Giorgio","$33,797","$3,242","$1,884","$1,358"
2542,"Cassaigne, Julien","$33,796",$0,$0,$0
2543,"Watanuki, Yusuke","$33,736","$8,908","$6,996","$1,912"
2544,"Uppal, Vishal","$33,728",$0,$0,$0
2545,"de Mesa, Rafael","$33,725",$0,$0,$0
2546,"Gao, Wan","$33,623",$0,$0,$0
2547,"Kunnap, Mait","$33,601",$0,$0,$0
2548,"Metreveli, Aleksandre","$33,549","$18,620","$15,552","$3,068"
2549,"Lee, Seung-Hoon","$33,511",$0,$0,$0
2550,"Mullner, Philipp","$33,507",$0,$0,$0
2551,"Bondarenko, Vladislav","$33,479",$366,$312,$54
2552,"Escoffier, Antoine","$33,463","$10,752","$9,037","$1,715"
Page 58 of 483,Statistics/ Prize Money/ Career,,,Report as of,"Nov 15, 2015"
,ATP Prize Money Leaders (US$),,,,
"Rankings Date: Nov 16, 2015",,,,,
Money,,,,,
Rank,Player,Career,YTD,Singles,Doubles
2553,"Sendin, Victor","$33,461",$0,$0,$0
2554,"Ventura-Martell, Ferran","$33,400",$0,$0,$0
2555,"Pozdnev, Sergei","$33,394",$0,$0,$0
2556,"Werner, Ivo","$33,382",$0,$0,$0
2557,"Cinkus, Ivan","$33,271",$0,$0,$0
2558,"Rushby, Tom","$33,257",$0,$0,$0
2559,"Danilovic, Daniel","$33,216",$0,$0,$0
2560,"Foxworth, Bruce","$33,214",$0,$0,$0
2561,"Camarco, Alessandro","$33,211",$0,$0,$0
2562,"Barrientos, Felix","$33,202",$0,$0,$0
2563,"Cazes-Carrere, Thomas","$33,189",$0,$0,$0
2564,"Duran, Sergi","$33,135",$0,$0,$0
2565,"May, James","$33,126",$0,$0,$0
2566,"Jotovski, Tomislav","$33,104","$7,180","$5,610","$1,570"
2567,"Aerts, Timothy","$33,098",$0,$0,$0
2568,"Snyman, Vaughan","$33,087",$0,$0,$0
2569,"Cox, Jordan","$33,061",$0,$0,$0
2570,"Shokeen, Vivek","$33,056",$0,$0,$0
2571,"Peralta-Tello, Eduardo","$33,024",$140,$104,$36
2572,"Kuchna, Patrice","$32,999",$0,$0,$0
2573,"Ritz, Kresimir","$32,994",$36,$0,$36
2574,"Uriarte, Sebastian","$32,950",$0,$0,$0
2575,"Walsh, Darren","$32,918","$10,606",$0,"$10,606"
2576,"Jastraunig, Lukas","$32,821","$2,408","$1,504",$904
2577,"Boruszewski, Jan","$32,796",$0,$0,$0
2578,"Parker, Al","$32,734",$0,$0,$0
2579,"Danis, Marko","$32,664",$0,$0,$0
2580,"Schnur, Brayden","$32,648","$7,882","$7,288",$594
2581,"Descloix, Dorian","$32,599","$1,846",$208,"$1,638"
2582,"O'Brien, Colin","$32,553",$0,$0,$0
2583,"Parun, Bernard","$32,551",$0,$0,$0
2584,"Hartman, Alexander","$32,472",$0,$0,$0
2585,"Picco, Agustin","$32,352",$0,$0,$0
2586,"Mathieu, Julien","$32,340",$156,$156,$0
2587,"Salaba, Libor","$32,335","$11,850","$6,900","$4,950"
2588,"Barber, Bill","$32,309",$0,$0,$0
2589,"Paval, Costin","$32,265","$11,184",$172,"$11,012"
2590,"Galarza, Juan Ignacio","$32,195","$14,746","$11,347","$3,399"
2591,"Tepavac, Marko","$32,136","$15,160","$13,261","$1,899"
2592,"Amend, Eric","$32,106",$0,$0,$0
2593,"Mmoh, Michael","$32,087","$18,019","$16,114","$1,905"
2594,"Hochwalt, Tyler","$32,023","$3,882","$3,332",$550
2595,"Uribe, Borja","$31,931",$0,$0,$0
2596,"Gemouchidis, Paris","$31,927",$0,$0,$0
Page 59 of 483,Statistics/ Prize Money/ Career,,,Report as of,"Nov 15, 2015"
,ATP Prize Money Leaders (US$),,,,
"Rankings Date: Nov 16, 2015",,,,,
Money,,,,,
Rank,Player,Career,YTD,Singles,Doubles
2597,"Nensel, Sascha","$31,912",$0,$0,$0
2598,"Paul, Todd","$31,907",$0,$0,$0
2599,"Kocevar-Desman, Tom","$31,872","$8,926","$7,734","$1,192"
2600,"Griekspoor, Scott","$31,782","$13,357","$12,061","$1,296"
2601,"Weis, Christian","$31,764",$0,$0,$0
2602,"Shofayziyev, Shonigmatjon","$31,757","$6,274","$4,360","$1,914"
2603,"Bocko, Matt","$31,754",$0,$0,$0
2604,"Vizcaino, Roberto","$31,748",$0,$0,$0
2605,"Rodriguez, Cristian","$31,745","$3,517","$2,732",$785
2606,"Cerdera, Rodrigo","$31,733",$0,$0,$0
2607,"Frost, Leon","$31,727",$0,$0,$0
2608T,"Kibi, Yuya","$31,717","$8,724","$6,160","$2,564"
2608T,"Rodriguez, Francisco","$31,717",$0,$0,$0
2610,"Derer, Andrew","$31,713",$0,$0,$0
2611,"Jaeger, Sebastian","$31,683",$0,$0,$0
2612,"Gao, Peng","$31,607",$0,$0,$0
2613,"Thompson, Adam","$31,544",$210,$156,$54
2614,"Dilaj, Maciej","$31,528",$0,$0,$0
2615,"Montero, Jorge","$31,514","$7,339","$5,335","$2,004"
2616,"Kushev, Ilia","$31,495",$0,$0,$0
2617,"Cuaz, Julien","$31,493",$0,$0,$0
2618,"Werner, Jean-Marc","$31,488","$8,793","$7,443","$1,350"
2619,"Reinwein, Sami","$31,476","$3,944","$2,914","$1,030"
2620,"Meigel, Marc","$31,372",$0,$0,$0
2621,"Vacarezza, Gerardo","$31,361",$0,$0,$0
2622,"Smith, Matthew","$31,355",$0,$0,$0
2623,"Insausti, Jean-Noel","$31,337",$0,$0,$0
2624,"D'Agord, Luigi","$31,328",$0,$0,$0
2625,"Galan, Daniel Elahi","$31,311","$22,852","$20,910","$1,942"
2626,"Lochbihler, Stefan","$31,299",$0,$0,$0
2627,"Kischkewitz, Nicolas","$31,294",$0,$0,$0
2628,"Peric, Tomislav","$31,282",$0,$0,$0
2629,"Pino, Juan","$31,225",$0,$0,$0
2630,"Doria-Medina, Mauricio","$31,218",$0,$0,$0
2631,"Fidirko, Nikolai","$31,190",$0,$0,$0
2632,"Syed, Fazaluddin","$31,184",$0,$0,$0
2633,"Nilsson, Fredrik","$31,176",$0,$0,$0
2634,"Feaver, James","$31,174",$0,$0,$0
2635,"Safranek, Vaclav","$31,143","$15,670","$12,961","$2,709"
2636,"Hodge, Bo","$31,130",$0,$0,$0
2637,"Toledo Bague, Pol","$31,097","$8,238","$5,112","$3,126"
2638,"Frontera, Jose","$31,089",$0,$0,$0
2639,"Mirad, Gerardo","$31,088",$0,$0,$0
2640,"Alcaraz Ivorra, Albert","$31,077","$10,630","$9,772",$858
Page 60 of 483,Statistics/ Prize Money/ Career,,,Report as of,"Nov 15, 2015"
,ATP Prize Money Leaders (US$),,,,
"Rankings Date: Nov 16, 2015",,,,,
Money,,,,,
Rank,Player,Career,YTD,Singles,Doubles
2641,"Merry, Marc","$31,050",$0,$0,$0
2642,"Poplavskyy, Stanislav","$31,026",$856,$692,$164
2643,"Munoz-Bejarano, Mario","$30,985",$0,$0,$0
2644,"Astorga, Mauricio","$30,971","$5,660","$2,592","$3,068"
2645,"Jeschonek, Florian","$30,960",$0,$0,$0
2646,"Vasiliadis, Taso","$30,952",$0,$0,$0
2647,"Morgan, George","$30,935",$0,$0,$0
2648,"Bujniewicz, Guillermo","$30,891",$0,$0,$0
2649,"Nelson, James","$30,864",$0,$0,$0
2650,"Zayed, Mousa Shanan","$30,845","$1,300",$900,$400
2651,"Kiernan, Daniel","$30,760",$0,$0,$0
2652,"Sato, Hiroyasu","$30,755",$0,$0,$0
2653,"Palandjian, Peter","$30,728",$0,$0,$0
2654,"Statham, Mikal","$30,708",$0,$0,$0
2655,"Castrichella, Gabrio","$30,706",$0,$0,$0
2656,"Lewis, Haydn","$30,693",$0,$0,$0
2657,"Condor, Frank","$30,659",$0,$0,$0
2658,"Quiroz, Roberto","$30,582","$1,108",$832,$276
2659,"Martirosyan, Tigran","$30,558",$0,$0,$0
2660,"Hizak, Mislav","$30,542",$0,$0,$0
2661,"Jara-Lozano, Nicolas","$30,538",$0,$0,$0
2662,"Haygarth, Kirk","$30,535",$0,$0,$0
2663,"Becerra, Nicolas","$30,514",$0,$0,$0
2664,"Jessup, Michael","$30,448",$0,$0,$0
2665,"Deden, Kevin","$30,394",$0,$0,$0
2666,"Masur, Daniel","$30,338","$16,307","$14,768","$1,539"
2667,"Frank, Mitchell","$30,277",$156,$156,$0
2668,"Daescu, Andrei","$30,252",$0,$0,$0
2669,"Domijan, Alexander","$30,172",$0,$0,$0
2670,"Goransson, Tim","$30,112",$0,$0,$0
2671,"Jelenic, Petar","$30,105",$0,$0,$0
2672,"Grills, Jacob","$30,104","$10,189","$8,041","$2,148"
2673,"Couillard, Guillaume","$30,052",$0,$0,$0
2674,"Villacorta-Alonso, Ricardo","$30,048","$6,571","$4,160","$2,411"
2675,"Perez Puigdomenech, Miquel","$30,044",$0,$0,$0
2676,"Fontaine, Arnaud","$30,007",$0,$0,$0
2677,"Eagle, Charlton","$29,981",$0,$0,$0
2678,"Janci, Tomas","$29,938",$0,$0,$0
2679,"Mezzadri, Stefano","$29,882",$175,$0,$175
2680,"Hernando Ruano, Jorge","$29,878","$9,156","$6,773","$2,383"
2681,"Miedler, Lucas","$29,849","$27,759","$22,131","$5,628"
2682,"Ruckelshausen, Richard","$29,848",$0,$0,$0
2683,"Khaddari, Hicham","$29,798","$2,085","$1,700",$385
2684,"Perez, Rodrigo","$29,793",$0,$0,$0
Page 61 of 483,Statistics/ Prize Money/ Career,,,Report as of,"Nov 15, 2015"
,ATP Prize Money Leaders (US$),,,,
"Rankings Date: Nov 16, 2015",,,,,
Money,,,,,
Rank,Player,Career,YTD,Singles,Doubles
2685T,"Basso, Andrea","$29,740","$8,538","$6,624","$1,914"
2685T,"Rondoni, Pietro","$29,740","$9,496","$5,374","$4,122"
2687,"Puc, Borut","$29,700","$1,274",$986,$288
2688,"La Porte, Shane","$29,649",$0,$0,$0
2689,"Such-Perez, Juan-Miguel","$29,615",$0,$0,$0
2690,"Belic, Luka","$29,579",$0,$0,$0
2691,"Gaspar Murta, Andre","$29,575","$6,656","$5,870",$786
2692,"Hrebec, Jiri","$29,559",$0,$0,$0
2693,"Kobelt, Peter","$29,552","$10,676","$9,406","$1,270"
2694,"Rasberger, Emanuel","$29,540",$0,$0,$0
2695,"Paz, Juan Pablo","$29,523","$9,532","$7,876","$1,656"
2696,"Abdukhalikov, Syrym","$29,495",$0,$0,$0
2697,"Fayziev, Sanjar","$29,472","$14,540","$10,958","$3,582"
2698,"Martin, Toby","$29,463","$6,712","$4,882","$1,830"
2699,"Meyer, W.P.","$29,359",$0,$0,$0
2700,"Hamadeh, Ali","$29,345",$0,$0,$0
2701,"Steckley, Rob","$29,301",$0,$0,$0
2702,"Ross, Anthony","$29,278",$0,$0,$0
2703,"Ivashka, Ilya","$29,219","$19,716","$16,190","$3,526"
2704,"Benson, Rich","$29,186",$0,$0,$0
2705,"Metenier, Pierre","$29,172",$0,$0,$0
2706,"Rudeen, Rick","$29,158",$0,$0,$0
2707,"Fioravante, Enrico","$29,151",$0,$0,$0
2708,"Frost, Isaac","$29,142","$2,856","$2,584",$272
2709,"Gakhov, Ivan","$29,123","$15,313","$12,009","$3,304"
2710,"Willman, Daniel","$29,109",$0,$0,$0
2711,"Wurtzman, Jeremy","$29,027",$0,$0,$0
2712,"Lorin, Dimitri","$29,020",$0,$0,$0
2713,"Giraldi Requena, Marcos","$28,983","$8,585","$7,623",$962
2714,"Rueb, Andrew","$28,966",$0,$0,$0
2715,"Goodall, Jason","$28,921",$0,$0,$0
2716,"Maasdorp, Denys","$28,846",$0,$0,$0
2717,"Korteling, Steven","$28,831",$0,$0,$0
2718,"Medvedev, Daniil","$28,752","$22,658","$16,228","$6,430"
2719T,"Monedero, Daniel","$28,650",$0,$0,$0
2719T,"Zovko, Ivan","$28,650",$0,$0,$0
2721,"Hung, Jui-Chen","$28,620","$10,428","$7,548","$2,880"
2722,"Pampoulov, Luben","$28,605",$0,$0,$0
2723,"Piccari, Alessandro","$28,566",$0,$0,$0
2724,"Della Tommasina, Davide","$28,545","$5,514","$3,366","$2,148"
2725,"Cleveland, Tyler","$28,534",$0,$0,$0
2726,"Klier, David","$28,507",$0,$0,$0
2727,"Grambow, Ralph","$28,503",$0,$0,$0
2728,"Marfia, Matteo","$28,344","$5,622","$4,033","$1,589"
Page 62 of 483,Statistics/ Prize Money/ Career,,,Report as of,"Nov 15, 2015"
,ATP Prize Money Leaders (US$),,,,
"Rankings Date: Nov 16, 2015",,,,,
Money,,,,,
Rank,Player,Career,YTD,Singles,Doubles
2729,"Rosenzweig, Nicolas","$28,319","$3,602","$2,586","$1,016"
2730,"Nesticky, Josef","$28,287",$0,$0,$0
2731,"Holland, Leigh","$28,260",$0,$0,$0
2732,"Si, Yew-Ming","$28,246",$0,$0,$0
2733,"Dogger, Paul","$28,240",$0,$0,$0
2734,"Neefs, Wim","$28,227",$0,$0,$0
2735,"Esteve Lobato, Eduard","$28,224","$8,530","$5,618","$2,912"
2736,"Martinez, Bernardo","$28,220",$0,$0,$0
2737,"Harris, Andrew","$28,205","$9,250","$9,070",$180
2738,"Lewis, Chris","$28,181",$0,$0,$0
2739,"Yanez, Juan-Felipe","$28,146",$0,$0,$0
2740,"Stanek, Robin","$28,138","$15,949","$14,195","$1,754"
2741,"Mazon-Hernandez, Rafael","$28,037","$1,108",$692,$416
2742,"Spina, Juan-Francisco","$28,036",$0,$0,$0
2743,"Andersen, Jean","$28,023",$0,$0,$0
2744,"Guenat, Mathieu","$28,009",$0,$0,$0
2745,"Palme, Milan","$27,941",$0,$0,$0
2746,"Stegmann, Dirk","$27,926",$0,$0,$0
2747,"Escobar, Felipe","$27,880","$5,350","$3,784","$1,566"
2748,"Roy, Rupesh","$27,858",$0,$0,$0
2749,"Naor, Amit","$27,840",$0,$0,$0
2750,"Henry, Ryan","$27,824",$0,$0,$0
2751,"Tsuchiya, Alexandre","$27,793","$8,195","$4,777","$3,418"
2752,"Roshardt, Robin","$27,748",$0,$0,$0
2753,"Licciardi, Pietro","$27,746","$10,463","$6,888","$3,575"
2754,"Jacob, Bjorn","$27,736",$0,$0,$0
2755,"Sillanpaa, Henrik","$27,719","$5,793","$4,887",$906
2756,"Franklin, Cary","$27,704",$0,$0,$0
2757,"Kalovelonis, George","$27,582",$0,$0,$0
2758,"Fuchs, Oliver","$27,536",$0,$0,$0
2759,"Kyriakos, William","$27,531",$0,$0,$0
2760,"Kaza, Vinayak Sharma","$27,514","$6,848","$5,366","$1,482"
2761,"Falk, Conny","$27,508",$0,$0,$0
2762,"Nicklisch, Rene","$27,493",$0,$0,$0
2763,"Karlovskiy, Evgeny","$27,476","$8,963","$7,346","$1,617"
2764,"Karagiannis, Niko","$27,428",$0,$0,$0
2765,"Guerses, Gustavo","$27,392","$3,738","$2,004","$1,734"
2766,"Short, Matthew","$27,328","$4,272","$3,030","$1,242"
2767,"Meuffels, Alban","$27,293","$1,156","$1,156",$0
2768,"Kanev, Yordan","$27,282",$0,$0,$0
2769,"Levine, Andrei","$27,262","$1,626",$776,$850
2770,"Takada, Mitsuru","$27,246",$0,$0,$0
2771,"Wilson, Glenn","$27,226",$0,$0,$0
2772,"Man Son Hing, Bruce","$27,220",$0,$0,$0
Page 63 of 483,Statistics/ Prize Money/ Career,,,Report as of,"Nov 15, 2015"
,ATP Prize Money Leaders (US$),,,,
"Rankings Date: Nov 16, 2015",,,,,
Money,,,,,
Rank,Player,Career,YTD,Singles,Doubles
2773,"Bezecny, George","$27,214",$0,$0,$0
2774,"Partl, Adrian","$27,210","$4,394","$3,838",$556
2775,"Bianchi, Pablo","$27,191",$0,$0,$0
2776,"Seeberger, Matt","$27,188","$19,226","$1,342","$17,884"
2777,"Sabanov, Matej","$27,093","$9,042","$3,210","$5,832"
2778,"Bejtulahi, Denis","$27,072","$4,356","$3,624",$732
2779,"Velez, Eduardo","$27,065",$0,$0,$0
2780,"Berta, Daniel","$27,060",$0,$0,$0
2781,"Stolt, Phil","$27,035",$0,$0,$0
2782,"Russell, Joseph","$27,031",$0,$0,$0
2783,"Zimmerman, Michael","$26,982",$0,$0,$0
2784,"Crowe, Joshua","$26,973",$0,$0,$0
2785,"Vilardo, Francesco","$26,969","$8,894","$6,506","$2,388"
2786,"Katayama, Sho","$26,968","$5,162","$3,040","$2,122"
2787,"Steinberger, Bertram","$26,964",$0,$0,$0
2788,"Barbosa, Romain","$26,741","$12,551","$9,718","$2,833"
2789,"Williams, Gareth","$26,685",$0,$0,$0
2790,"Cousin, Fabien","$26,682",$0,$0,$0
2791,"Singh, Navdeep","$26,674",$0,$0,$0
2792,"Ruiz-Rosales, Antonio","$26,671",$54,$0,$54
2793,"Botti, Kevin","$26,641",$0,$0,$0
2794,"Duldaev, Daniiar","$26,622","$4,913","$4,063",$850
2795,"El Mehelmy, Ahmed","$26,515",$0,$0,$0
2796,"Gooding, Jay","$26,453",$0,$0,$0
2797,"Swierk, Sebastian","$26,426",$0,$0,$0
2798,"Hewitt, Ashley","$26,299",$0,$0,$0
2799,"Roy , Matthieu","$26,287","$4,932","$3,642","$1,290"
2800,"Devide, Nevio","$26,277",$0,$0,$0
2801,"Kiss, Sebo","$26,254",$0,$0,$0
2802,"Henderson, Gary","$26,241",$0,$0,$0
2803,"Tveit, Erling","$26,235",$0,$0,$0
2804,"Jimenez-Letrado, Marcos","$26,190",$164,$0,$164
2805,"Falcao, Goncalo","$26,182","$4,004","$2,278","$1,726"
2806,"September, Donavan","$26,083",$0,$0,$0
2807,"Briaud, Patrick","$26,077",$0,$0,$0
2808,"Bass, Stephen","$26,069",$0,$0,$0
2809,"Bonadio, Riccardo","$26,048","$10,867","$8,258","$2,609"
2810,"Sistermans, Djalmar","$26,015",$0,$0,$0
2811,"Brewer, David","$25,990",$0,$0,$0
2812,"Nunez, Hugo","$25,970",$0,$0,$0
2813,"Beust, Alois","$25,969",$0,$0,$0
2814,"Fasching, Andreas","$25,862",$0,$0,$0
2815,"Chang, Eui-Jong","$25,850",$0,$0,$0
2816,"Demekhine, Sergei","$25,848",$0,$0,$0
Page 64 of 483,Statistics/ Prize Money/ Career,,,Report as of,"Nov 15, 2015"
,ATP Prize Money Leaders (US$),,,,
"Rankings Date: Nov 16, 2015",,,,,
Money,,,,,
Rank,Player,Career,YTD,Singles,Doubles
2817,"Stepanek, Alex","$25,847",$0,$0,$0
2818,"Zeman, Filip","$25,778",$0,$0,$0
2819,"Raspudic, Franjo","$25,769","$6,542","$5,046","$1,496"
2820,"Klingemann, Chris","$25,752",$0,$0,$0
2821,"Clark, Chad","$25,726",$0,$0,$0
2822,"Renard, Lucas","$25,704","$2,370","$1,678",$692
2823,"Martinez, Ignacio","$25,681",$0,$0,$0
2824,"Richter, Karl","$25,679",$0,$0,$0
2825,"Bourchier, Harry","$25,665","$18,893","$15,628","$3,265"
2826,"Lustyk, Jakub","$25,586",$624,$588,$36
2827,"Rea, Simon","$25,566",$0,$0,$0
2828,"Smola, Maciej","$25,551","$4,255","$2,276","$1,979"
2829,"Bar, Dekel","$25,529","$4,790","$3,672","$1,118"
2830,"Klein, Matheson","$25,487",$0,$0,$0
2831,"Agafonov, Aleksandr","$25,470",$0,$0,$0
2832,"Chvets, Vitali","$25,460",$0,$0,$0
2833,"Langvardt, Patrik","$25,454",$0,$0,$0
2834,"Ferraz, Danilo","$25,434",$0,$0,$0
2835,"Uchida, Kaichi","$25,418","$10,391","$8,563","$1,828"
2836,"Sborowitz, Matias","$25,396",$0,$0,$0
2837,"Casanova, Hernan","$25,391","$12,292","$10,062","$2,230"
2838,"Di Ienno, Damiano","$25,390",$0,$0,$0
2839,"Sabeckis, Gvidas","$25,356",$0,$0,$0
2840,"Moreno-Negrin, Rafael","$25,333",$0,$0,$0
2841,"Farcas, Remus","$25,267",$0,$0,$0
2842,"Abaroa, Enrique","$25,258",$0,$0,$0
2843,"Pavicevic, Vladimir","$25,254",$0,$0,$0
2844,"Miranda, Miguel","$25,213",$0,$0,$0
2845,"Kalovelonis, Markos","$25,186","$10,702","$6,456","$4,246"
2846,"Corkery, K.C.","$25,163",$0,$0,$0
2847,"Deviatiarov, Marat","$25,154","$6,896","$4,090","$2,806"
2848,"Wunner, Matthias","$25,152","$6,702","$4,908","$1,794"
2849,"Menzler, Markus","$25,141",$0,$0,$0
2850,"Gonzalez-Jimenez, Abraham","$25,127",$0,$0,$0
2851,"Igoshin, Alexandr","$25,124","$10,876","$7,393","$3,483"
2852,"Simoni, Marco","$25,113",$0,$0,$0
2853,"Oliveira, Goncalo","$25,105","$12,230","$7,405","$4,825"
2854,"Racz, Christopher","$25,092",$788,$692,$96
2855,"Herdoiza, Steve","$25,019",$0,$0,$0
2856,"Halebian, Alexios","$24,992","$7,061","$5,771","$1,290"
2857,"Colella, Alessandro","$24,985","$5,222","$3,784","$1,438"
2858,"Yalcinkale, Barkin","$24,979","$8,290","$5,987","$2,303"
2859,"Lemercier, Bertrand","$24,951",$0,$0,$0
2860,"Coman, Robert","$24,916",$0,$0,$0
Page 65 of 483,Statistics/ Prize Money/ Career,,,Report as of,"Nov 15, 2015"
,ATP Prize Money Leaders (US$),,,,
"Rankings Date: Nov 16, 2015",,,,,
Money,,,,,
Rank,Player,Career,YTD,Singles,Doubles
2861,"Florez, Valentin","$24,913","$1,641",$909,$732
2862,"Crowley, Keith-Patrick","$24,901","$7,898","$4,522","$3,376"
2863,"Zverev Sr. , Alexander","$24,897",$0,$0,$0
2864,"Antonescu, Vasile","$24,845","$10,949","$9,055","$1,894"
2865,"Janvier, Maxime","$24,829","$18,445","$15,833","$2,612"
2866,"Ribeiro, Rodrigo","$24,810",$0,$0,$0
2867,"Cha, Bo Ram","$24,806",$0,$0,$0
2868,"Ghoneim, Amro","$24,746",$0,$0,$0
2869,"Porumb, Ciprian Petre","$24,735",$0,$0,$0
2870,"Makhkamov, Abdul Hamid","$24,733",$0,$0,$0
2871,"Verryth, Mark","$24,730",$0,$0,$0
2872,"Kosler, Jiri","$24,676",$0,$0,$0
2873,"Clayton, Alex","$24,673",$0,$0,$0
2874,"Caswell, Ned","$24,660",$0,$0,$0
2875,"Lescure, Mick","$24,636","$8,559","$5,776","$2,783"
2876,"Wilder, Vallis","$24,605",$0,$0,$0
2877,"Ocera, Massimo","$24,587",$0,$0,$0
2878,"Rosa, Bruno","$24,579",$0,$0,$0
2879,"Dimov, Valentin","$24,575",$0,$0,$0
2880,"Burrow, Andrew","$24,542",$0,$0,$0
2881,"Fielding, Trace","$24,538",$0,$0,$0
2882,"Contzler, Bertrand","$24,501",$0,$0,$0
2883,"Kracman, Andrej","$24,420",$0,$0,$0
2884,"Zhurbin, Alexander","$24,397",$0,$0,$0
2885,"Kocyla, Arkadiusz","$24,371","$1,244",$552,$692
2886,"Kokurin, Anton","$24,346",$0,$0,$0
2887,"Schonenberg, Tom","$24,343","$6,935","$5,129","$1,806"
2888,"Shirato, Hitoshi","$24,337",$0,$0,$0
2889,"Arsenov, Danila","$24,320",$0,$0,$0
2890,"Platel, Guillermo","$24,298",$0,$0,$0
2891,"Bakalov, Boris Nicola","$24,271","$1,864","$1,416",$448
2892,"Urbanija, Mike","$24,257","$5,456","$4,656",$800
2893,"Jomby, Tom","$24,236","$17,176","$11,976","$5,200"
2894,"Yaroshenko, Sergei","$24,230",$0,$0,$0
2895,"McNamara, David","$24,226",$0,$0,$0
2896,"Hach Verdugo, Hans","$24,207","$14,731","$7,476","$7,255"
2897,"Fillol, Jaime","$24,167",$0,$0,$0
2898,"Diaz-Ventura, David","$24,138",$0,$0,$0
2899,"Suc, Dominik","$24,111","$6,097","$3,768","$2,329"
2900,"Irwin, Richard","$24,098",$0,$0,$0
2901,"Van der Valk, Bas","$24,078",$0,$0,$0
2902,"Bianchi, Juan Carlos","$24,075",$0,$0,$0
2903,"Le, Minh","$24,062",$180,$0,$180
2904,"Katliarov, Pavel","$24,015",$0,$0,$0
Page 66 of 483,Statistics/ Prize Money/ Career,,,Report as of,"Nov 15, 2015"
,ATP Prize Money Leaders (US$),,,,
"Rankings Date: Nov 16, 2015",,,,,
Money,,,,,
Rank,Player,Career,YTD,Singles,Doubles
2905,"Von Massow, George","$23,941","$5,774","$3,454","$2,320"
2906,"Sansonetti, Federico","$23,909",$0,$0,$0
2907,"Ortiz, Juan Pablo","$23,821",$0,$0,$0
2908,"Lencina-Ribes, Daniel","$23,814",$0,$0,$0
2909,"Basham, Mark","$23,813",$0,$0,$0
2910,"Belot, Constantin","$23,788","$3,814","$2,698","$1,116"
2911,"Tabatruong, Maxime","$23,771","$15,491","$13,301","$2,190"
2912,"Park, Seung-Kyu","$23,763",$0,$0,$0
2913,"Bazzica, Gianluca","$23,754",$0,$0,$0
2914,"Gregorc, Miha","$23,753",$0,$0,$0
2915T,"Galan, Sat","$23,724",$0,$0,$0
2915T,"Witt, Alex","$23,724",$0,$0,$0
2917,"Peranamallur, Vignesh","$23,699","$2,052","$1,140",$912
2918,"Maden, Yannick","$23,629","$5,551","$5,107",$444
2919,"Fago, Matteo","$23,580","$3,234","$2,552",$682
2920,"Song, Evan","$23,569","$8,119","$7,085","$1,034"
2921,"Hui, John","$23,562",$0,$0,$0
2922,"Ford, Ashley","$23,536",$0,$0,$0
2923,"Tearney, Finn","$23,529","$16,587","$12,660","$3,927"
2924,"Givone, Rob","$23,519",$0,$0,$0
2925,"Emerson, Antony","$23,515",$0,$0,$0
2926,"Tur, Gonzalo","$23,500",$54,$0,$54
2927,"Russell, Ryan","$23,493",$0,$0,$0
2928,"Ketola, Lassi","$23,430",$0,$0,$0
2929,"Fass, Adam","$23,404",$0,$0,$0
2930,"Zorlu, Ergun","$23,303",$0,$0,$0
2931T,"Kozin, Victor","$23,301",$0,$0,$0
2931T,"Salvador-Estepa, David","$23,301",$0,$0,$0
2933,"Scherer, Eric","$23,271",$0,$0,$0
2934,"Castro, Matias","$23,228","$2,708","$1,488","$1,220"
2935,"Taubert, Patrick","$23,209",$0,$0,$0
2936,"Vasilenko, Alexander","$23,166","$9,043","$7,657","$1,386"
2937,"Triska, Karel","$23,152",$0,$0,$0
2938,"Serrano, Sebastian","$23,142",$0,$0,$0
2939,"Froberg, Jonas","$23,134",$0,$0,$0
2940,"Dima, Dragos","$23,092","$9,461","$8,381","$1,080"
2941,"Martins, Eleuterio","$23,085",$0,$0,$0
2942T,"Chile-Fonte, Ricardo","$23,077",$144,$0,$144
2942T,"Lindner, Joel","$23,077",$0,$0,$0
2944,"Sridhar, Vinod","$23,076",$0,$0,$0
2945,"Pinto-Silva, Henrique","$23,070",$0,$0,$0
2946,"Osabnik, Bostjan","$23,061",$0,$0,$0
2947,"Poole, Robbye","$23,057",$0,$0,$0
2948,"Auradou, Marc","$23,051",$0,$0,$0
Page 67 of 483,Statistics/ Prize Money/ Career,,,Report as of,"Nov 15, 2015"
,ATP Prize Money Leaders (US$),,,,
"Rankings Date: Nov 16, 2015",,,,,
Money,,,,,
Rank,Player,Career,YTD,Singles,Doubles
2949,"Van't Hof, Erik","$23,043",$0,$0,$0
2950,"Jarc, Rok","$23,001",$385,$0,$385
2951,"Joachim, Mark","$22,998",$0,$0,$0
2952,"Hilaire, Jonathan","$22,993","$1,071","$1,071",$0
2953,"Igbinovia, Jonathan","$22,970",$0,$0,$0
2954,"Roche, Charles","$22,968",$0,$0,$0
2955,"Pereira, Goncalo","$22,963",$994,$448,$546
2956,"Gomez, Alejandro","$22,955","$19,986","$17,075","$2,911"
2957,"Oradini, Giacomo","$22,945","$2,390","$1,656",$734
2958,"Ma, Ya-Nan","$22,935",$0,$0,$0
2959,"Otte, Oscar","$22,913","$10,637","$9,809",$828
2960,"Arends, Sander","$22,911","$12,215","$2,016","$10,199"
2961,"Brown, Michael","$22,903",$0,$0,$0
2962,"Seator, Edward","$22,886",$0,$0,$0
2963,"Elistratov, Evgeny","$22,864","$10,899","$9,167","$1,732"
2964,"Di Vuolo, Marco","$22,859",$0,$0,$0
2965,"Mugevicius, Lukas","$22,856","$9,382","$5,278","$4,104"
2966,"Layne, Justin","$22,842",$0,$0,$0
2967,"Malla, Bastian","$22,832","$8,598","$8,448",$150
2968,"Vivanco, Juan-Sebastian","$22,803",$0,$0,$0
2969,"Miyao, Joji","$22,754",$0,$0,$0
2970,"Rumler , Robert","$22,637","$1,038",$676,$362
2971,"Cole, Sean","$22,636",$0,$0,$0
2972,"Costa, Charles","$22,630",$0,$0,$0
2973,"Ben Zvi, Gilad","$22,614",$0,$0,$0
2974,"Nakic-Alfirevic, Ante","$22,611",$0,$0,$0
2975,"Langaskens, Denis","$22,599",$0,$0,$0
2976,"Leach, Jonathan","$22,565",$0,$0,$0
2977,"Girault, Gregory","$22,564",$0,$0,$0
2978,"Chauvin, Julien","$22,562",$0,$0,$0
2979,"Palacios-Siegenthale, Marcelo","$22,546",$0,$0,$0
2980,"Munoz-Abreu, Jordi","$22,543","$3,660","$2,606","$1,054"
2981,"Bois, Michael","$22,541","$1,602","$1,466",$136
2982,"O'Connell, Christopher","$22,500","$9,790","$7,790","$2,000"
2983,"Neumuller, Ingo","$22,445",$0,$0,$0
2984,"Polmans, Marc","$22,395","$13,625","$9,134","$4,491"
2985,"Pfitzner, Gavin","$22,393",$0,$0,$0
2986,"Naumann, Ashley","$22,360",$0,$0,$0
2987,"Hermansson, Jan","$22,295",$0,$0,$0
2988,"Monte, Rodrigo","$22,280",$0,$0,$0
2989,"Mousley, Bradley","$22,277","$10,617","$6,829","$3,788"
2990,"Cho, Min-Hyeok","$22,276","$4,440","$4,296",$144
2991,"Couly, Julien","$22,257",$0,$0,$0
2992,"Doran, John","$22,247",$0,$0,$0
Page 68 of 483,Statistics/ Prize Money/ Career,,,Report as of,"Nov 15, 2015"
,ATP Prize Money Leaders (US$),,,,
"Rankings Date: Nov 16, 2015",,,,,
Money,,,,,
Rank,Player,Career,YTD,Singles,Doubles
2993,"Bezeruk, Yuri","$22,201",$0,$0,$0
2994,"Hildebrand, Tobias","$22,199",$0,$0,$0
2995,"Perez-Vazquez, Javier","$22,130",$0,$0,$0
2996,"Podzus, Martins","$22,119","$6,336","$5,214","$1,122"
2997,"Rossi, Eugenio","$22,110",$0,$0,$0
2998,"Doumbia, Sadio","$22,104","$14,417","$12,718","$1,699"
2999,"Opelka, Reilly","$22,090","$20,242","$11,562","$8,680"
3000,"Sanchez, Rodrigo","$22,087",$0,$0,$0
3001,"Rizza, Rylan","$22,081",$0,$0,$0
3002,"Oliveira, Edvaldo","$22,065",$0,$0,$0
3003,"Toroman, Nenad","$22,057",$0,$0,$0
3004,"Botha, Dean","$21,995",$0,$0,$0
3005,"Cias, Pawel","$21,985","$9,430","$7,870","$1,560"
3006,"Angelini, Pietro","$21,971",$0,$0,$0
3007,"Hertzog, Rolf","$21,863",$0,$0,$0
3008,"Chung, Seong-Yoon","$21,857",$0,$0,$0
3009,"Hatanaka, Masato","$21,830",$0,$0,$0
3010,"Brandao, Filipe","$21,827","$2,816","$2,140",$676
3011,"Sie, Elbert","$21,809",$0,$0,$0
3012,"Netuschil, Marvin","$21,800","$5,546","$4,792",$754
3013,"Finnberg, Axel","$21,769",$0,$0,$0
3014,"Markin, Alexander","$21,763",$0,$0,$0
3015,"Diep, Florent","$21,760","$7,146","$4,644","$2,502"
3016,"Ramaswami, Ajay","$21,729",$0,$0,$0
3017,"Gille, Sander","$21,728","$7,916","$4,418","$3,498"
3018,"Konfederak, Kevin","$21,723",$0,$0,$0
3019,"Grunes, Christian","$21,677",$0,$0,$0
3020,"Nijaki, Radoslaw","$21,668",$0,$0,$0
3021,"Fukuda, Katsushi","$21,603",$0,$0,$0
3022,"Lesch, Andreas","$21,600",$0,$0,$0
3023,"Burn, Tom","$21,595",$0,$0,$0
3024,"Sakai, Toshiaki","$21,582",$0,$0,$0
3025,"Baldoni, Alessandro","$21,575",$0,$0,$0
3026,"Claverie, Carlos","$21,559",$0,$0,$0
3027,"Yurtacan, Efe","$21,548","$3,517","$1,992","$1,525"
3028,"Rodrigo, Ivan","$21,526",$0,$0,$0
3029,"Brandt, Jan-Ralph","$21,492",$0,$0,$0
3030,"Pavlioutchenkov, Alexander","$21,416",$0,$0,$0
3031,"Demuynck, Karel","$21,413",$0,$0,$0
3032,"Figueroa, Pablo","$21,412",$0,$0,$0
3033,"Ciorcila , Patrick","$21,406",$140,$104,$36
3034T,"Conocente, Marcos","$21,405",$0,$0,$0
3034T,"Sorensen, Kevin","$21,405",$0,$0,$0
3036,"Rios-Benitez, Martin","$21,372",$0,$0,$0
Page 69 of 483,Statistics/ Prize Money/ Career,,,Report as of,"Nov 15, 2015"
,ATP Prize Money Leaders (US$),,,,
"Rankings Date: Nov 16, 2015",,,,,
Money,,,,,
Rank,Player,Career,YTD,Singles,Doubles
3037,"Frigerio, Lorenzo","$21,369","$3,214","$2,286",$928
3038,"Visak, Vilim","$21,356",$0,$0,$0
3039,"Venero, Americo Tupi","$21,339",$0,$0,$0
3040,"Schor, James","$21,319",$0,$0,$0
3041,"Barbu, Adrian","$21,309",$0,$0,$0
3042,"Siributwong, Kirati","$21,298",$0,$0,$0
3043,"Tanizawa, Hidehiko","$21,269",$0,$0,$0
3044,"Fernandez, Ruben","$21,244",$0,$0,$0
3045,"Luchici, Raian","$21,241",$0,$0,$0
3046,"Lootsma, Niels","$21,224","$9,697","$5,356","$4,341"
3047,"Hahn, Troy","$21,215",$0,$0,$0
3048,"Lajola, Dennis","$21,207",$180,$0,$180
3049,"Gavrilov, Alexey","$21,198",$0,$0,$0
3050,"Escribano, Pablo","$21,184",$0,$0,$0
3051,"Saber, Mohamed","$21,172",$457,$0,$457
3052,"Nesterov, Nikolai","$21,148",$0,$0,$0
3053,"Ogawa, Atsuo","$21,134",$0,$0,$0
3054,"Panta, Jorge","$21,132","$6,413","$4,602","$1,811"
3055,"Jacq, Gregoire","$21,114","$10,966","$8,317","$2,649"
3056,"Pulgar-Garcia, Javier","$21,110","$10,392","$7,766","$2,626"
3057,"Rocha, Diogo","$21,109",$0,$0,$0
3058,"Ganiev, Timur","$21,091",$0,$0,$0
3059,"King, Barry","$21,058",$0,$0,$0
3060,"Lucassen, Peter","$20,993",$0,$0,$0
3061,"Giussani, Gaston","$20,977",$0,$0,$0
3062,"Pfeiffer, Krystian","$20,974",$0,$0,$0
3063,"Rodriguez Manzano, Borja","$20,968","$5,879","$4,739","$1,140"
3064,"Berman, Sean","$20,941",$0,$0,$0
3065,"Capkovic, Peter","$20,938",$0,$0,$0
3066,"Newport, Ryan","$20,916",$0,$0,$0
3067,"Goldberg, Dan","$20,907",$0,$0,$0
3068,"Saltz, Danny","$20,869",$0,$0,$0
3069,"Carvalho, Raony","$20,852",$108,$0,$108
3070,"Van Duyn, Jacco","$20,843",$0,$0,$0
3071,"Sterin, Gustavo","$20,840",$0,$0,$0
3072T,"Battistone, Dann","$20,836",$0,$0,$0
3072T,"Chung, Hong","$20,836","$2,588","$2,198",$390
3074,"Caracciolo, Daniel","$20,834",$0,$0,$0
3075,"Shahgholi, Anoosha","$20,820","$1,818","$1,294",$524
3076,"Ning, Yuqing","$20,816","$8,748","$6,190","$2,558"
3077,"Tassart, Antoine","$20,773",$0,$0,$0
3078T,"Mijic, Ivo","$20,762",$692,$656,$36
3078T,"Wiespeiner, Stefan","$20,762",$0,$0,$0
3080,"Kirrtane, Nitten","$20,736",$0,$0,$0
Page 70 of 483,Statistics/ Prize Money/ Career,,,Report as of,"Nov 15, 2015"
,ATP Prize Money Leaders (US$),,,,
"Rankings Date: Nov 16, 2015",,,,,
Money,,,,,
Rank,Player,Career,YTD,Singles,Doubles
3081,"Fanucci, Pietro","$20,698",$0,$0,$0
3082,"Vitullo, Luciano","$20,693",$0,$0,$0
3083,"Noh, Sang-Woo","$20,676","$1,780",$640,"$1,140"
3084,"Rovai, Federico","$20,668",$0,$0,$0
3085,"Sikanov, Alexander","$20,649",$0,$0,$0
3086,"Djokovic, Djordje","$20,630","$13,990","$3,299","$10,691"
3087,"Du Randt, Johan","$20,628",$0,$0,$0
3088,"Blake, Myles","$20,624",$0,$0,$0
3089,"Vazquez-Valenzuela, Juan","$20,606",$0,$0,$0
3090T,"Farquharson, Tom","$20,589","$2,287","$2,287",$0
3090T,"Petrone, Alessandro","$20,589","$1,254","$1,164",$90
3092,"Crow, Pat","$20,570",$0,$0,$0
3093,"Surreaux, Arthur","$20,552","$5,501","$4,355","$1,146"
3094,"Rossetti, Ettore","$20,531",$0,$0,$0
3095,"Sajous, Olivier","$20,519",$0,$0,$0
3096,"Haybittel, Robert","$20,517",$0,$0,$0
3097,"Lukacs, Denes","$20,479",$0,$0,$0
3098,"Virgili, Adelchi","$20,476","$4,233","$2,285","$1,948"
3099,"Ziv, Kobi","$20,450",$0,$0,$0
3100,"Micolani, Giammarco","$20,447",$0,$0,$0
3101,"Martos Gornes, Sergio","$20,446","$8,568","$4,024","$4,544"
3102,"Szczepanik, Piotr","$20,429",$0,$0,$0
3103,"Chmela, Michal","$20,425",$0,$0,$0
3104,"Kato, Toshiharu","$20,417",$0,$0,$0
3105,"Koniecko, Bryan","$20,408",$0,$0,$0
3106,"Cerda, Juan Ignacio","$20,393",$0,$0,$0
3107,"Al Baloushi, Mahmoud-Nader","$20,365",$0,$0,$0
3108,"Van Terheijden, Tim","$20,341","$1,267","$1,046",$221
3109,"Carpenter, Jack","$20,334",$0,$0,$0
3110,"Mladenov, Vasko","$20,332","$6,432","$4,302","$2,130"
3111,"Fabian, Patrik","$20,325","$7,801","$6,716","$1,085"
3112,"Torre, Eduardo Agustin","$20,323","$6,338","$3,880","$2,458"
3113,"Salisbury, Joe","$20,322","$9,405","$5,452","$3,953"
3114,"Botzer, Bar Tzuf","$20,320","$8,554","$7,544","$1,010"
3115,"Gawlowski, Michal","$20,314",$0,$0,$0
3116,"Chung, Hee-Sung","$20,278",$0,$0,$0
3117,"Isarow, Pruchya","$20,240","$7,432","$5,110","$2,322"
3118,"Stojisavljevic, Sasa","$20,231",$64,$0,$64
3119,"Wolters, Ryan","$20,229",$0,$0,$0
3120,"Kachanovskiy, Vitaliy","$20,228",$720,$484,$236
3121,"Araya, Cristian","$20,204",$0,$0,$0
3122,"Laurent, Yanais","$20,194","$8,280","$6,710","$1,570"
3123,"Mocci, Stefano","$20,183",$0,$0,$0
3124,"Jecminek, Tomas","$20,171",$0,$0,$0
Page 71 of 483,Statistics/ Prize Money/ Career,,,Report as of,"Nov 15, 2015"
,ATP Prize Money Leaders (US$),,,,
"Rankings Date: Nov 16, 2015",,,,,
Money,,,,,
Rank,Player,Career,YTD,Singles,Doubles
3125,"Grabul, Dimitar","$20,159",$260,$260,$0
3126,"Diarra, Gibril","$20,121","$3,172","$3,172",$0
3127,"Kwon, Hyung-Tae","$20,111",$0,$0,$0
3128,"Sanjurjo Hermida, Adam","$20,086",$0,$0,$0
3129,"Cicenia, Miguel","$20,074",$0,$0,$0
3130,"Lane, Anthony","$20,065",$0,$0,$0
3131,"Barker, Marvin","$20,036",$0,$0,$0
3132,"Kim, Dylan Seong Kwan","$19,935",$732,$516,$216
3133,"Jayaprakash, Mohit Mayur","$19,914","$7,958","$5,916","$2,042"
3134,"Rainey, Nick","$19,913",$0,$0,$0
3135,"Simpson, Matt","$19,880",$0,$0,$0
3136,"Waite, Richard","$19,856","$1,686","$1,172",$514
3137,"Ivanov, Simeon","$19,855",$0,$0,$0
3138,"Klein, Tobias","$19,838",$0,$0,$0
3139,"Koeck, Tobias","$19,819",$0,$0,$0
3140,"Moraing, Mats","$19,816","$6,097","$5,534",$563
3141,"Szmigiel, Mateusz","$19,797",$0,$0,$0
3142,"Lu, Hao","$19,767",$0,$0,$0
3143,"Medem, Stephan","$19,754",$0,$0,$0
3144,"Sabanov, Ivan","$19,734","$7,822","$1,990","$5,832"
3145,"Perez Mota, Mauricio","$19,706","$2,144","$1,138","$1,006"
3146,"Sabanin, Yan","$19,682","$5,290","$3,320","$1,970"
3147,"Curry, Brendan","$19,675",$0,$0,$0
3148,"Courtney, Drew","$19,673",$0,$0,$0
3149,"Carvallo, Paulo","$19,655",$0,$0,$0
3150,"Badanov, Dmytro","$19,632","$8,074","$6,766","$1,308"
3151,"Herr, Howard","$19,629",$0,$0,$0
3152,"Koscielski, Paul","$19,550",$0,$0,$0
3153,"Goh, Steven","$19,530",$0,$0,$0
3154,"Grin, Thierry","$19,513",$0,$0,$0
3155,"Widhiyanto, Febi","$19,505",$0,$0,$0
3156,"Piacentile, Jean-Marc","$19,478",$0,$0,$0
3157,"Sarmiento, Raymond","$19,472","$7,781","$5,035","$2,746"
3158,"Estivariz, Mauricio","$19,444",$0,$0,$0
3159,"Aniola, Filip","$19,407",$0,$0,$0
3160,"Oliveira, Carlos","$19,389",$312,$258,$54
3161,"Maiga, Riccardo","$19,383","$1,042",$638,$404
3162,"Garzelli, Francesco","$19,360","$3,656","$2,948",$708
3163,"Vilella Martinez, Mario","$19,346","$11,107","$9,025","$2,082"
3164T,"Rovetta, Luca","$19,298",$104,$104,$0
3164T,"Varga, Robert","$19,298",$0,$0,$0
3166,"Zhang, Yu","$19,274",$0,$0,$0
3167,"Paiz, Cristian","$19,262",$0,$0,$0
3168,"Green, Warren","$19,258",$0,$0,$0
Page 72 of 483,Statistics/ Prize Money/ Career,,,Report as of,"Nov 15, 2015"
,ATP Prize Money Leaders (US$),,,,
"Rankings Date: Nov 16, 2015",,,,,
Money,,,,,
Rank,Player,Career,YTD,Singles,Doubles
3169,"Fournerie, Theo","$19,215","$7,088","$5,982","$1,106"
3170,"Vivero Gonzalez, Pablo","$19,214","$13,864","$12,334","$1,530"
3171,"Stratling, Marc-Andre","$19,171",$0,$0,$0
3172,"Thomas, Kiantki","$19,167",$0,$0,$0
3173,"Trongcharoenchaikul, Wishaya","$19,158","$2,446","$1,970",$476
3174,"Steele, Saar","$19,148",$276,$276,$0
3175,"Mirzadeh, Hamid","$19,145",$0,$0,$0
3176,"Khabibulin, Timur","$19,122","$6,514","$4,482","$2,032"
3177,"Molina, Emanuele","$19,112",$0,$0,$0
3178,"Kim, Hyun-Joon","$19,100",$572,$104,$468
3179,"Trombetta, Ty","$19,075",$104,$104,$0
3180,"Vandewiele, Olivier","$19,070",$0,$0,$0
3181T,"Honey, Charles","$19,055",$0,$0,$0
3181T,"Turek, Jerry","$19,055",$0,$0,$0
3183,"Dome, Andre","$19,053","$10,707","$8,163","$2,544"
3184,"Haviland, Ryan","$19,044","$3,271","$3,271",$0
3185,"Martinez-Comet, Carlos","$19,041",$0,$0,$0
3186,"Gisbert Sr, Juan","$19,030",$0,$0,$0
3187T,"Klymenko, Vladyslav","$19,020",$0,$0,$0
3187T,"Rodriguez-Sanchez, Oscar","$19,020",$0,$0,$0
3189,"Lemos, Felipe","$19,009",$0,$0,$0
3190,"Choinski, Jan","$18,995","$12,851","$11,993",$858
3191,"Luque-Velasco, David","$18,941",$36,$0,$36
3192,"Beros, Ivan","$18,869",$0,$0,$0
3193,"Gotti, Matteo","$18,847",$0,$0,$0
3194,"Baldi, Filippo","$18,828","$7,171","$4,595","$2,576"
3195,"Illingworth, Matthew","$18,789",$0,$0,$0
3196,"Lopes, Helder","$18,783",$0,$0,$0
3197,"Blake, Ryan","$18,771",$0,$0,$0
3198,"Tyurnev, Evgeny","$18,753","$9,539","$6,943","$2,596"
3199,"Anderson, Roger","$18,735",$0,$0,$0
3200T,"Ison, David","$18,719",$0,$0,$0
3200T,"Santiago, Mico","$18,719","$7,225","$6,181","$1,044"
3202,"Kasiri, Miles","$18,712",$0,$0,$0
3203,"Zormann, Marcelo","$18,699","$11,067","$7,429","$3,638"
3204,"Leonjuk, Sergei","$18,689",$0,$0,$0
3205,"Marco-Ripoll, Marc","$18,669",$0,$0,$0
3206,"Clayton, Scott","$18,657","$7,840","$4,120","$3,720"
3207,"Shiga, Masato","$18,654","$5,223","$4,253",$970
3208,"Escobar, Idio","$18,636",$0,$0,$0
3209,"Kirtane, Sandeep","$18,602",$0,$0,$0
3210T,"Ramos, Olivier","$18,601",$0,$0,$0
3210T,"Zeile, Magnus","$18,601",$0,$0,$0
3212,"Chervyakov, Fedor","$18,575","$5,602","$3,717","$1,885"
Page 73 of 483,Statistics/ Prize Money/ Career,,,Report as of,"Nov 15, 2015"
,ATP Prize Money Leaders (US$),,,,
"Rankings Date: Nov 16, 2015",,,,,
Money,,,,,
Rank,Player,Career,YTD,Singles,Doubles
3213,"Karatchenia, Andrei","$18,569",$0,$0,$0
3214,"Puncec, Frank","$18,567",$0,$0,$0
3215,"Oresic, Goran","$18,532",$260,$0,$260
3216,"Stalhandske, Thomas","$18,528",$0,$0,$0
3217,"Galkin, Anton","$18,515","$6,097","$4,785","$1,312"
3218,"Zornosa , Steffen","$18,491","$2,390","$1,652",$738
3219,"Razborsek, Nik","$18,487","$5,808","$5,140",$668
3220,"Kuncik, Jan","$18,432","$2,308","$1,070","$1,238"
3221,"Fynn, Mark","$18,427","$3,925","$1,860","$2,065"
3222,"Lami, Sebastien","$18,396",$0,$0,$0
3223,"Ross, Brett","$18,390",$0,$0,$0
3224,"Van Uffelen, Denis","$18,359",$0,$0,$0
3225,"Gomez, Lucas","$18,339","$9,030","$7,740","$1,290"
3226,"Eriksson, Robert","$18,315",$0,$0,$0
3227,"Merckx, Jonas","$18,306","$6,682","$5,366","$1,316"
3228,"Wintermantel, Frank","$18,287",$0,$0,$0
3229,"He, Yecong","$18,273","$14,545","$12,075","$2,470"
3230,"De Wet, Henri","$18,254",$0,$0,$0
3231,"Mihailovic, Dusan","$18,239",$0,$0,$0
3232,"De Sousa, Gilles","$18,203",$104,$104,$0
3233,"Rhode, Stephan","$18,181",$0,$0,$0
3234,"Oku, Hiromasa","$18,173","$5,606","$3,944","$1,662"
3235,"Shatskiy, Ilia","$18,161",$0,$0,$0
3236,"Waern, Fredrik","$18,123",$0,$0,$0
3237,"Blumenberg, Alex","$18,114","$1,458",$846,$612
3238,"Vilen, Tero","$18,111",$498,$0,$498
3239,"Norfeldt, Henrik","$18,097",$0,$0,$0
3240,"Casey, Owen","$18,088",$0,$0,$0
3241,"Stouff, Vincent","$18,084","$1,208",$396,$812
3242,"Tchoutakian, Maxime","$18,066","$4,764","$4,174",$590
3243,"Roy-Girardi, Marcos","$18,063",$0,$0,$0
3244,"Fragoso, Bruno","$18,037",$0,$0,$0
3245,"Canovas, Pedro","$18,035",$0,$0,$0
3246,"Riha, Pavel","$18,011",$0,$0,$0
3247,"Serpa-Guinazu, Rafael","$17,977",$0,$0,$0
3248,"Geens, Clement","$17,976","$12,907","$11,438","$1,469"
3249,"Espasandin, Joss","$17,944",$310,$0,$310
3250,"Hlawaty, Mark","$17,940",$0,$0,$0
3251,"Di Meo, Giulio","$17,937","$1,291",$816,$475
3252,"Vargas-Aboy, Alejandro","$17,932",$0,$0,$0
3253,"Hanlin, Matthew","$17,919",$0,$0,$0
3254,"Moore, Brendon","$17,918",$328,$292,$36
3255T,"Celebic, Ljubomir","$17,904","$7,700","$6,318","$1,382"
3255T,"Nealon, Billy","$17,904",$0,$0,$0
Page 74 of 483,Statistics/ Prize Money/ Career,,,Report as of,"Nov 15, 2015"
,ATP Prize Money Leaders (US$),,,,
"Rankings Date: Nov 16, 2015",,,,,
Money,,,,,
Rank,Player,Career,YTD,Singles,Doubles
3257,"Galli, Matteo","$17,884",$0,$0,$0
3258,"Mylokostov, Denys","$17,880","$2,992","$2,594",$398
3259,"Matic, Nico","$17,878","$8,562","$7,946",$616
3260,"Svensson, Stefan","$17,862",$0,$0,$0
3261,"Cavallero, Federico","$17,857",$0,$0,$0
3262,"Puget, Adrien","$17,842","$12,257","$10,472","$1,785"
3263,"Nisker, Andrew","$17,836",$0,$0,$0
3264,"Patel, Kamil","$17,831",$0,$0,$0
3265,"Criswell, Wynn","$17,821",$0,$0,$0
3266,"Ochiai, Guilherme","$17,796",$0,$0,$0
3267,"Babalola, Abdul-Mumin","$17,794",$0,$0,$0
3268,"Stiegler, Helmar","$17,781",$0,$0,$0
3269T,"Bayet, Baptiste","$17,772",$0,$0,$0
3269T,"Mayer Tischer, Peter","$17,772",$0,$0,$0
3271,"Shortall, James","$17,765",$0,$0,$0
3272,"Chettar, Medy","$17,757","$4,436","$3,610",$826
3273,"Schulz, Dominik","$17,736",$0,$0,$0
3274,"Tuckfield, Josh","$17,712",$0,$0,$0
3275,"Magyary, Chris","$17,677",$0,$0,$0
3276,"Bahamonde, Francisco","$17,661","$11,613","$10,621",$992
3277,"Palmanshofer, Christoph","$17,650",$0,$0,$0
3278,"Goldsteiner, Peter","$17,637","$2,904","$2,362",$542
3279T,"Maher, Jarryd","$17,633",$492,$438,$54
3279T,"Montes De Oca, Daniel","$17,633",$0,$0,$0
3281,"Kennedy, Chris","$17,615",$0,$0,$0
3282,"Van Beem, Colin","$17,582","$2,770","$2,490",$280
3283,"Sonego, Lorenzo","$17,573","$14,733","$12,229","$2,504"
3284,"Sichez, Romain","$17,556",$0,$0,$0
3285,"Pelikan, Jiri","$17,550",$0,$0,$0
3286,"Zarski, Jedrzej","$17,514",$0,$0,$0
3287,"Mohazebnia, Mohammed","$17,511",$980,$672,$308
3288,"Weston, Brad","$17,499",$0,$0,$0
3289,"Daruich, Rodolfo","$17,498",$0,$0,$0
3290,"Wagh, Akash","$17,494","$1,542",$692,$850
3291,"Klinger, Matt","$17,487",$0,$0,$0
3292,"Gunneswaran, Prajnesh","$17,470","$4,450","$4,450",$0
3293,"Wilborts, Eric","$17,469",$0,$0,$0
3294,"Matsushita, Akira","$17,428",$0,$0,$0
3295,"Kang, Byung-Kook","$17,426",$0,$0,$0
3296,"Pla Malfeito, Jaume","$17,424","$7,635","$6,159","$1,476"
3297,"Matheu, Stephane","$17,401",$0,$0,$0
3298,"Olin, Robin","$17,381",$0,$0,$0
3299,"Nastasi, Ugo","$17,356","$6,100","$4,732","$1,368"
3300,"Buffington, Brett","$17,342",$0,$0,$0
Page 75 of 483,Statistics/ Prize Money/ Career,,,Report as of,"Nov 15, 2015"
,ATP Prize Money Leaders (US$),,,,
"Rankings Date: Nov 16, 2015",,,,,
Money,,,,,
Rank,Player,Career,YTD,Singles,Doubles
3301,"Yancey, John","$17,310",$0,$0,$0
3302,"Torres, Ruben","$17,303",$0,$0,$0
3303,"Liu, Siyu","$17,302",$896,$570,$326
3304,"Lanyi, Andras","$17,276",$0,$0,$0
3305,"Foster, MarQuiestro","$17,255",$0,$0,$0
3306,"Agamenone, Franco","$17,249","$6,988","$5,426","$1,562"
3307,"Eros, Tal","$17,216",$190,$0,$190
3308,"Sanna, Tommaso","$17,191",$0,$0,$0
3309,"Tattermusch, Andreas","$17,175",$0,$0,$0
3310,"Martin, Angel Jose","$17,167",$0,$0,$0
3311,"Mori, Toshitsugu","$17,136",$0,$0,$0
3312,"Thurner, David","$17,125",$0,$0,$0
3313,"Lodder, Jan-Willem","$17,111",$0,$0,$0
3314,"Dracos, Benjamin","$17,094",$0,$0,$0
3315,"Gomez-Barrio, Sergio","$17,077",$0,$0,$0
3316T,"Pollock, Conor","$17,046",$0,$0,$0
3316T,"Simonsson, Fred","$17,046","$9,797","$4,783","$5,014"
3318,"Buscaglione, Cyril","$17,040",$0,$0,$0
3319,"Ollivier-Baquero, David","$17,035",$0,$0,$0
3320,"De Fays, Frederic","$17,023",$96,$0,$96
3321,"Propst, Bjorn","$17,019",$0,$0,$0
3322,"Lee, Chul-Hee","$17,016",$0,$0,$0
3323,"Pini, Sebastian Exequiel","$17,003","$5,559","$4,535","$1,024"
3324,"Caldas, Egberto","$16,995",$0,$0,$0
3325,"Styslinger, Mac","$16,979","$1,522","$1,246",$276
3326,"Villeneuve, Charly","$16,953",$0,$0,$0
3327,"Fatic, Nerman","$16,939","$6,570","$5,228","$1,342"
3328,"Melchiorre, Davide","$16,916","$2,808","$1,540","$1,268"
3329,"Alvarez-Guzman, Mauricio","$16,899","$1,554",$520,"$1,034"
3330,"Langre, Daniel","$16,888",$0,$0,$0
3331,"Llompart, Alex","$16,877",$0,$0,$0
3332,"Griekspoor, Kevin","$16,873","$1,024",$952,$72
3333,"Masar, Juraj","$16,864","$2,754","$1,826",$928
3334,"Kumar, Ashwin","$16,827",$0,$0,$0
3335,"Leppen, Dirk","$16,823",$0,$0,$0
3336,"To, David","$16,796",$0,$0,$0
3337,"Grigoriu, Patrick","$16,794","$6,712",$0,"$6,712"
3338,"Kauer, Nicolas Gustavo","$16,790",$0,$0,$0
3339,"Raturandang, Andrian","$16,787",$0,$0,$0
3340,"Kruk, Vladimir","$16,773",$0,$0,$0
3341,"Bader, Sebastian","$16,728","$1,826",$328,"$1,498"
3342,"Ho, Chih-Jen","$16,721","$4,488","$2,956","$1,532"
3343,"Fono, Laszlo","$16,688",$0,$0,$0
3344,"Abdelnour, Marc","$16,666",$0,$0,$0
Page 76 of 483,Statistics/ Prize Money/ Career,,,Report as of,"Nov 15, 2015"
,ATP Prize Money Leaders (US$),,,,
"Rankings Date: Nov 16, 2015",,,,,
Money,,,,,
Rank,Player,Career,YTD,Singles,Doubles
3345,"Pancaldi, Luca","$16,663","$5,906","$4,782","$1,124"
3346,"Malo, Borja","$16,658",$0,$0,$0
3347,"Platenik, Vladimir","$16,656",$0,$0,$0
3348,"Perez, Dario","$16,655",$0,$0,$0
3349,"Yessenbekov, Serizhan","$16,653",$108,$0,$108
3350T,"Majchrowicz, Adam","$16,599","$8,551","$1,598","$6,953"
3350T,"Saito, Takashi","$16,599","$5,602","$4,546","$1,056"
3352,"Papasidero, Lorenzo","$16,589",$0,$0,$0
3353,"Bosse, Dick","$16,567",$0,$0,$0
3354,"Somogyi, Alexander","$16,565",$0,$0,$0
3355,"Ciszek, Michal","$16,551",$0,$0,$0
3356,"Silva, Matias","$16,540",$0,$0,$0
3357,"Brukner, Igor","$16,516",$0,$0,$0
3358,"Franco, Francisco","$16,513",$0,$0,$0
3359,"Vaks, Mikhail","$16,507",$770,$448,$322
3360,"Lopez-Fabero, Gonzalo","$16,506",$0,$0,$0
3361,"Ameal, Juan Ignacio","$16,496","$5,244","$4,064","$1,180"
3362,"Knapp, Roger","$16,483",$0,$0,$0
3363,"Cornea, Victor Vlad","$16,473","$7,875","$4,566","$3,309"
3364,"Brunstrom, Jesper","$16,455",$956,$416,$540
3365,"Thomas, Andrew","$16,454",$0,$0,$0
3366,"Castellan, Carlos","$16,445",$0,$0,$0
3367,"Shults, Peter","$16,442",$0,$0,$0
3368,"Idoko, Candy","$16,414",$0,$0,$0
3369,"Stoehr, Daniel","$16,411",$0,$0,$0
3370,"Joelson, Brett","$16,409",$0,$0,$0
3371,"Eichenberger, Patrick","$16,391",$258,$258,$0
3372,"Koderisch, Christopher","$16,371",$0,$0,$0
3373,"Goncalves, Vasco","$16,361",$0,$0,$0
3374,"Martinez, Gerardo","$16,345",$0,$0,$0
3375,"Coupland, George","$16,336",$156,$156,$0
3376,"Oliveira, Marlon","$16,329",$634,$466,$168
3377,"Lesske, Daniel","$16,313",$0,$0,$0
3378,"Semenzato, Bruno","$16,310",$0,$0,$0
3379,"Rios, Juan","$16,302",$0,$0,$0
3380,"Bailey, Joel","$16,298",$0,$0,$0
3381,"Fernandez, Dane","$16,285",$0,$0,$0
3382,"Maynard, Victor","$16,256",$136,$0,$136
3383,"Belcher, Kelvin","$16,247",$0,$0,$0
3384,"Abdullahi, Sadiq","$16,227",$0,$0,$0
3385T,"Nekic, Tim","$16,220",$776,$776,$0
3385T,"Peranec, Gordan","$16,220",$0,$0,$0
3387,"Wijnmalen, Boy","$16,207",$0,$0,$0
3388,"Pramono, Hendri Susilo","$16,203",$0,$0,$0
Page 77 of 483,Statistics/ Prize Money/ Career,,,Report as of,"Nov 15, 2015"
,ATP Prize Money Leaders (US$),,,,
"Rankings Date: Nov 16, 2015",,,,,
Money,,,,,
Rank,Player,Career,YTD,Singles,Doubles
3389,"Al-Khulaifi, Nasser-Ghanim","$16,201",$0,$0,$0
3390,"Meis, Pascal","$16,183","$7,460","$6,186","$1,274"
3391,"Malouli, Laurent","$16,166",$0,$0,$0
3392,"Hidalgo, Diego","$16,165",$208,$172,$36
3393,"Messmer, Thomas","$16,159",$0,$0,$0
3394,"Fulford-Jones, Amadeus","$16,147",$0,$0,$0
3395,"Zaatini, Jicham","$16,138",$0,$0,$0
3396,"Marzenell, Gerald","$16,134",$0,$0,$0
3397,"Armellini, Marco","$16,129",$0,$0,$0
3398,"Ramos, Lenoir","$16,102",$0,$0,$0
3399,"Segodo, Arnaud","$16,081",$0,$0,$0
3400,"Chafai, Jalal","$16,060",$0,$0,$0
3401,"Soriano, Alberto","$16,046",$0,$0,$0
3402,"Kushakov, Alexandr","$16,010","$3,624","$2,712",$912
3403,"Kwinta, Krzysztof","$15,994",$0,$0,$0
3404,"Kukal, Roman","$15,991",$0,$0,$0
3405,"Castellanos, Carlos","$15,982",$0,$0,$0
3406,"Dias, Marcos Vinicius","$15,980","$1,454","$1,068",$386
3407,"Ludlow, James","$15,973",$0,$0,$0
3408,"Celikbilek, Altug","$15,941","$11,837","$8,363","$3,474"
3409,"Thompson, Clay","$15,937","$5,587","$5,271",$316
3410,"Pasha, Nathan","$15,918","$4,028","$2,733","$1,295"
3411,"Albertsson, Patrik","$15,890",$0,$0,$0
3412,"Ofner, Patrick","$15,886","$3,276","$3,076",$200
3413,"Barba, Martin","$15,869",$0,$0,$0
3414,"Garcia-Roman, Marc","$15,858",$100,$0,$100
3415,"Brostowicz, Richard","$15,846",$0,$0,$0
3416,"Cvetkovic, Dejan","$15,821",$0,$0,$0
3417,"Bensoussan, Samuel","$15,818","$7,220","$6,272",$948
3418,"Fluitt, Marcus","$15,783",$0,$0,$0
3419,"Fiala, Daniel","$15,775",$0,$0,$0
3420,"Romanazzi, Juan-Manuel","$15,771",$140,$104,$36
3421,"Bergmann, Eduardo","$15,754",$0,$0,$0
3422,"Chidzikwe, Genius","$15,748",$0,$0,$0
3423,"Silva, Marc","$15,709",$0,$0,$0
3424,"Shiraishi, Shozo","$15,703",$0,$0,$0
3425,"Liu, Tai-Wei","$15,686",$0,$0,$0
3426,"Mitchell, Stephen","$15,635",$0,$0,$0
3427,"Urrutia Fuentes, Laslo","$15,614","$1,132",$952,$180
3428,"Karimov, Djurabeck","$15,598","$10,394","$6,832","$3,562"
3429,"Kikuchi, Gengo","$15,588","$3,384","$2,660",$724
3430,"Oberleitner, Michael","$15,584",$0,$0,$0
3431T,"Khan, Aqeel","$15,558",$308,$172,$136
3431T,"Kohlloeffel, Benjamin","$15,558",$0,$0,$0
Page 78 of 483,Statistics/ Prize Money/ Career,,,Report as of,"Nov 15, 2015"
,ATP Prize Money Leaders (US$),,,,
"Rankings Date: Nov 16, 2015",,,,,
Money,,,,,
Rank,Player,Career,YTD,Singles,Doubles
3433,"Descotte, Matias Franco","$15,554","$5,012","$3,978","$1,034"
3434,"Paris, Alberto","$15,541",$0,$0,$0
3435,"Isaak, Donnie","$15,534",$0,$0,$0
3436,"Chernov, Artur","$15,525",$0,$0,$0
3437,"Capecchi, Daniele","$15,515","$5,776","$4,628","$1,148"
3438,"O'Neal, Justin","$15,513",$0,$0,$0
3439T,"Feng, He","$15,507","$3,986","$1,538","$2,448"
3439T,"Kogan, Michael","$15,507",$0,$0,$0
3441,"Giers, Fredrik","$15,505",$0,$0,$0
3442,"Cubas, Diego","$15,487",$0,$0,$0
3443,"Masencamp, Marius","$15,475",$0,$0,$0
3444,"Zavala, Joshua","$15,467",$0,$0,$0
3445,"Yonezawa, Toru","$15,463",$0,$0,$0
3446T,"Behrmann, Matthew","$15,459",$0,$0,$0
3446T,"Ozer, Mark","$15,459",$0,$0,$0
3448,"Lebedev, Ilya","$15,454","$4,944","$3,130","$1,814"
3449,"Mello, Henrique","$15,440",$0,$0,$0
3450,"Van Den Daele, Thierry","$15,436",$0,$0,$0
3451,"Arlidge, Burnham","$15,434",$0,$0,$0
3452,"Susnjak, Teo","$15,429",$0,$0,$0
3453,"Handoyo, Peter","$15,420",$0,$0,$0
3454,"Slobodchikov, Ronald","$15,418","$2,198","$1,902",$296
3455,"Polyak, Frantisek","$15,413",$0,$0,$0
3456T,"Chu, Jonathan","$15,403",$0,$0,$0
3456T,"Song, Min-Kyu","$15,403","$6,811","$3,368","$3,443"
3458,"Sousa, Tiago","$15,397",$0,$0,$0
3459,"Sontag, Gavin","$15,372",$0,$0,$0
3460,"Geerts, Michael","$15,344","$9,298","$7,082","$2,216"
3461,"Chicoine, Tom","$15,339",$0,$0,$0
3462,"Biktyakov, Rifat","$15,324",$0,$0,$0
3463,"Lam, Christopher","$15,322",$0,$0,$0
3464,"Foronda-Bolanos, Javier","$15,295",$0,$0,$0
3465,"Bolanu, Teodor","$15,271",$0,$0,$0
3466,"Ziwar, Marwan","$15,268",$0,$0,$0
3467,"Gullett, Kelly","$15,260",$0,$0,$0
3468,"Smotlak, Roman","$15,254",$0,$0,$0
3469,"Roberts, Andrew","$15,243",$0,$0,$0
3470,"Samuelsson, Robert","$15,232",$0,$0,$0
3471,"Do, Minh-Quan","$15,208",$0,$0,$0
3472,"Betencourt, Fabrice","$15,205",$0,$0,$0
3473,"Surchenko, Dmitry","$15,187","$4,992","$3,740","$1,252"
3474,"Aarts, Peter","$15,183",$0,$0,$0
3475,"Filipenko, Viktor","$15,168","$1,872","$1,312",$560
3476,"Portal, Eduardo","$15,155",$0,$0,$0
Page 79 of 483,Statistics/ Prize Money/ Career,,,Report as of,"Nov 15, 2015"
,ATP Prize Money Leaders (US$),,,,
"Rankings Date: Nov 16, 2015",,,,,
Money,,,,,
Rank,Player,Career,YTD,Singles,Doubles
3477,"Giurgiu, Ilie-Aurelian","$15,147",$0,$0,$0
3478,"Portmann, Leandro","$15,144","$4,406","$3,158","$1,248"
3479,"Ndayishimiye, Hassan","$15,138","$2,742","$1,900",$842
3480,"Kapogiannis, Charalampos","$15,130","$1,280","$1,036",$244
3481,"Brill, Keith","$15,102",$0,$0,$0
3482,"Rawat, Sidharth","$15,069","$6,420","$5,510",$910
3483,"Choi, Dong-Whee","$15,064",$572,$500,$72
3484,"Varillas Patino-Samudio, Juan Pablo","$15,062","$6,667","$5,401","$1,266"
3485T,"Dyachok, Nickolai","$15,052",$0,$0,$0
3485T,"Mirtea, Dragos Cristian","$15,052",$0,$0,$0
3487,"Kremer, Gilles","$15,049",$0,$0,$0
3488,"Rivera, Sebastian","$15,034",$0,$0,$0
3489,"Villanueva, Gonzalo","$15,023","$5,947","$5,105",$842
3490,"Vanderveeren, Gunther","$15,022",$0,$0,$0
3491,"Feeder, Kean","$15,018",$0,$0,$0
3492,"Musil, Adolf","$15,012",$0,$0,$0
3493,"Eames, Jake","$14,991","$1,110",$312,$798
3494,"Dumanic, Josip","$14,987",$0,$0,$0
3495,"Della Piana, Sandro","$14,972",$0,$0,$0
3496,"Kass, David","$14,970",$0,$0,$0
3497,"Mcmorrow, Kyle","$14,933",$666,$516,$150
3498,"Buchhass, Tomas","$14,909",$0,$0,$0
3499,"Pinheiro, Andre","$14,902",$0,$0,$0
3500,"Helgeson, Travis","$14,901",$0,$0,$0
3501,"Polyakov, Vladimir","$14,867","$3,553","$2,363","$1,190"
3502,"Swinnen, Sven","$14,864",$0,$0,$0
3503,"Hedman, Jon","$14,845",$0,$0,$0
3504,"Khotulev, Stepan","$14,840",$0,$0,$0
3505,"Sood, Chandril","$14,839","$6,023","$2,120","$3,903"
3506,"Young, Ryan","$14,831",$0,$0,$0
3507,"Miyazaki, Yasuo","$14,827",$0,$0,$0
3508,"Hoang, Antonie","$14,810","$6,726","$4,466","$2,260"
3509,"Wietoska, Torsten","$14,804",$0,$0,$0
3510,"Kerley, Joel","$14,799",$0,$0,$0
3511,"Stevenson, Kelsey","$14,787","$3,948","$3,074",$874
3512,"Ceppo, Andres","$14,781",$830,$640,$190
3513T,"Bavelas, Tasos","$14,780",$0,$0,$0
3513T,"Munoz, Javier","$14,780",$0,$0,$0
3515,"Allen, Malcolm","$14,760",$0,$0,$0
3516,"Blair, David","$14,750",$0,$0,$0
3517,"Simon, Tobias","$14,748","$5,840","$5,444",$396
3518,"Steel, Bruce","$14,742",$0,$0,$0
3519,"Merenstein, Boaz","$14,727",$0,$0,$0
3520,"Goldengoren, Tal","$14,712","$5,144","$4,908",$236
Page 80 of 483,Statistics/ Prize Money/ Career,,,Report as of,"Nov 15, 2015"
,ATP Prize Money Leaders (US$),,,,
"Rankings Date: Nov 16, 2015",,,,,
Money,,,,,
Rank,Player,Career,YTD,Singles,Doubles
3521,"Guevara, Alessandro","$14,704",$0,$0,$0
3522T,"Holmstrom, Rickard","$14,703",$0,$0,$0
3522T,"Kadchapanan, Nuttanon","$14,703","$3,190",$932,"$2,258"
3524,"From, Keith","$14,685",$0,$0,$0
3525,"Thornadtsson, Per","$14,676",$0,$0,$0
3526T,"Barker, Richard","$14,671",$0,$0,$0
3526T,"Spracklin, Trevor","$14,671",$0,$0,$0
3528,"Hanak, Rene","$14,644",$0,$0,$0
3529,"Arreche, Nicolas Alberto","$14,629","$7,212","$6,096","$1,116"
3530T,"Gennaro, Dante","$14,605","$3,720","$2,486","$1,234"
3530T,"Root, Doug","$14,605",$0,$0,$0
3532,"Phillips, Trey","$14,590",$0,$0,$0
3533,"Outaleb, Khalid","$14,581",$0,$0,$0
3534,"Mclachlan, Ben","$14,574","$7,484","$4,050","$3,434"
3535,"Jdi, Mehdi","$14,558","$3,836","$1,482","$2,354"
3536,"Kotchetkov, Dmitri","$14,532",$0,$0,$0
3537,"Hanfmann, Yannick","$14,507","$7,286","$6,727",$559
3538,"Mottram, Buster C.","$14,500",$0,$0,$0
3539,"Alexiou, Lefteris","$14,489",$0,$0,$0
3540,"Ramirez, Sergio","$14,487",$96,$0,$96
3541,"Chu, Daniel","$14,485",$210,$156,$54
3542,"Uhlig, Daniel","$14,450","$2,384","$1,832",$552
3543,"Utzinger, Dominik Guido","$14,419",$0,$0,$0
3544,"Filima, Mikhail","$14,416",$0,$0,$0
3545,"Hedayet, Omar","$14,383",$234,$0,$234
3546,"Bartonek, Martin","$14,381",$0,$0,$0
3547,"Kestelboim, Mariano","$14,380","$8,100","$5,172","$2,928"
3548,"Calvelli, Massimo","$14,375",$0,$0,$0
3549,"Schnugg, Nathaniel","$14,374",$0,$0,$0
3550,"Dierckx, Marco","$14,362",$0,$0,$0
3551T,"Rios, Felipe","$14,361",$0,$0,$0
3551T,"Ritschard, Alexander","$14,361",$258,$258,$0
3553,"Gregory, Andrew","$14,357",$0,$0,$0
3554,"Ebrahimzadeh, Benjamin","$14,351",$0,$0,$0
3555,"Stanica, Victor","$14,342",$0,$0,$0
3556,"Maria, Charles-Edouard","$14,335",$0,$0,$0
3557,"Wendler, Daniel","$14,332",$0,$0,$0
3558,"Luz, Orlando","$14,330","$10,639","$8,925","$1,714"
3559,"Zguns, Adrians","$14,315",$0,$0,$0
3560,"McCarthy, Devin","$14,303",$0,$0,$0
3561,"Shipilov, Sergey","$14,274",$64,$0,$64
3562,"Carter, Guillermo","$14,272",$0,$0,$0
3563,"Martinez, Pablo","$14,266",$0,$0,$0
3564,"Steiner, Christoph","$14,256",$0,$0,$0
Page 81 of 483,Statistics/ Prize Money/ Career,,,Report as of,"Nov 15, 2015"
,ATP Prize Money Leaders (US$),,,,
"Rankings Date: Nov 16, 2015",,,,,
Money,,,,,
Rank,Player,Career,YTD,Singles,Doubles
3565,"Walker, Michael","$14,246",$0,$0,$0
3566,"Bonzi, Benjamin","$14,238","$11,514","$8,028","$3,486"
3567,"Prader, Patrick","$14,233",$912,$912,$0
3568T,"Dekel, Or","$14,227",$0,$0,$0
3568T,"Flego, Igor","$14,227",$0,$0,$0
3570,"Piro, Stephane","$14,216",$0,$0,$0
3571,"Thron, Aljoscha","$14,213",$0,$0,$0
3572,"Zerbini, Pedro","$14,183",$0,$0,$0
3573,"Agazzi, Andrea","$14,173",$0,$0,$0
3574,"Tiwari, Abhijeet","$14,168",$0,$0,$0
3575,"Steinberger, Peter","$14,161",$0,$0,$0
3576,"Maigret, Julien","$14,157",$0,$0,$0
3577,"Rowe, Ryan","$14,156",$0,$0,$0
3578,"Karanashev, Andemir","$14,152",$0,$0,$0
3579,"Rico, Pedro","$14,147",$0,$0,$0
3580,"Martinovic, Nikola","$14,142",$0,$0,$0
3581,"Bernardi, Pedro","$14,141","$2,537","$1,072","$1,465"
3582,"Gooch, Damon","$14,140","$4,982","$3,362","$1,620"
3583T,"Marchegiani, Jacopo","$14,123",$0,$0,$0
3583T,"Meringoff, Todd","$14,123",$0,$0,$0
3585,"Arnold, Mitty","$14,117",$0,$0,$0
3586,"Ribeiro Navarrete, Samuel","$14,076","$4,646","$3,864",$782
3587,"Wiesler, Andre","$14,058",$0,$0,$0
3588,"Cruz, Diogo","$14,054",$0,$0,$0
3589,"Mendoza, Alejandro","$14,049","$4,626","$3,930",$696
3590,"Varsanyi, Michal","$14,040",$0,$0,$0
3591,"Mashiach, Almog","$14,038",$0,$0,$0
3592,"Carter, Andrew","$14,023","$2,587","$1,607",$980
3593,"Martinez, Sandor","$14,022",$0,$0,$0
3594,"Miyazaki, Masatoshi","$14,020",$0,$0,$0
3595,"Cooper, Jonathon","$14,014",$0,$0,$0
3596,"Sadovich, Sanjin","$14,000",$0,$0,$0
3597,"Juneau, Isade","$13,998","$4,842","$3,534","$1,308"
3598,"Wibowo, Sulistyo","$13,986",$0,$0,$0
3599,"Rebolledo, Marcelo","$13,985",$0,$0,$0
3600,"Sornbutnark, Warit","$13,942","$3,402","$2,540",$862
3601,"Mukund, Sasi Kumar","$13,940","$7,866","$6,938",$928
3602,"Godry, Levente","$13,921","$1,357",$416,$941
3603,"Frick, Eduardo","$13,912",$0,$0,$0
3604,"Ymer, Mikael","$13,909","$12,539","$12,205",$334
3605,"Starkov, Ilia","$13,908",$0,$0,$0
3606,"Alcorta-Olarra, Guillermo","$13,897",$0,$0,$0
3607,"Ede, Simon","$13,879",$0,$0,$0
3608,"Alberti, Leonel","$13,878",$0,$0,$0
Page 82 of 483,Statistics/ Prize Money/ Career,,,Report as of,"Nov 15, 2015"
,ATP Prize Money Leaders (US$),,,,
"Rankings Date: Nov 16, 2015",,,,,
Money,,,,,
Rank,Player,Career,YTD,Singles,Doubles
3609,"Trendafilov, Petar","$13,871","$1,448","$1,070",$378
3610,"Roberts, Matthew","$13,856",$0,$0,$0
3611,"Wawra, Reinhard","$13,829",$0,$0,$0
3612,"Carleton, Reid","$13,828",$0,$0,$0
3613,"Banus-Sado, Alberto","$13,825",$0,$0,$0
3614,"Schnitman, Alexandre","$13,812",$0,$0,$0
3615,"Tudoreanu, Roman","$13,805",$0,$0,$0
3616,"Nagy, Peter","$13,794","$4,366","$3,846",$520
3617T,"Abougzir, Ytai","$13,788",$0,$0,$0
3617T,"Herrera-Eguiluz, Javier","$13,788",$36,$0,$36
3619,"Reboul, Fabien","$13,776","$8,762","$4,850","$3,912"
3620,"Groll, Teri","$13,762","$4,499","$3,975",$524
3621,"Patten, Darren","$13,760",$0,$0,$0
3622,"Lazar, Alexandru-Raul","$13,750",$0,$0,$0
3623,"Garcia-Rodriguez, Jose-Manuel","$13,743",$0,$0,$0
3624,"Rosa, Leandro","$13,707",$0,$0,$0
3625,"Abrams, Geoff","$13,699",$0,$0,$0
3626,"Gschwend, Demian","$13,687",$0,$0,$0
3627,"Richardson, Bret","$13,676",$0,$0,$0
3628,"Reyes-Rygh, Narciso","$13,665",$0,$0,$0
3629,"Garcia, Rafael","$13,651",$0,$0,$0
3630T,"Hormazabal, Luis","$13,644",$0,$0,$0
3630T,"Statzberger, Thomas","$13,644","$1,276",$724,$552
3632,"Mellino, Vince","$13,630",$0,$0,$0
3633,"Shin, Han-Cheol","$13,628",$0,$0,$0
3634,"Bedene, Andraz","$13,608",$36,$0,$36
3635,"Saiz, Juan Antonio","$13,597",$0,$0,$0
3636,"Inbar, Amit","$13,578",$0,$0,$0
3637,"Manuja, Ronak","$13,574",$0,$0,$0
3638T,"Kennaugh, Andrew","$13,567",$0,$0,$0
3638T,"Podzus, Janis","$13,567","$3,538","$2,380","$1,158"
3640,"Perret, Loic","$13,563","$3,898","$2,570","$1,328"
3641,"Firmin, Emilien","$13,559",$0,$0,$0
3642,"Carlson, Chad","$13,532",$0,$0,$0
3643,"Park, Andrew","$13,526",$0,$0,$0
3644,"Majsajdr, Lubomir","$13,516",$505,$0,$505
3645,"Nakano, Haruo","$13,515",$0,$0,$0
3646,"Mas Mascolo, Adria","$13,514","$5,670","$3,794","$1,876"
3647,"Tontz, Chris","$13,506",$0,$0,$0
3648,"Lessiak, Christoph","$13,502",$0,$0,$0
3649,"O'hare, David","$13,500","$5,784",$312,"$5,472"
3650,"Filin, Pavel","$13,486","$1,996","$1,278",$718
3651,"Dinslaken, Maximilian","$13,480",$54,$0,$54
3652,"Altelaar, Bobbie","$13,473",$0,$0,$0
Page 83 of 483,Statistics/ Prize Money/ Career,,,Report as of,"Nov 15, 2015"
,ATP Prize Money Leaders (US$),,,,
"Rankings Date: Nov 16, 2015",,,,,
Money,,,,,
Rank,Player,Career,YTD,Singles,Doubles
3653,"Nunes, Jose-Ricardo","$13,468","$1,410",$916,$494
3654,"Karagoz, Alaaddin","$13,457",$0,$0,$0
3655,"Dueller, Ronald","$13,445",$0,$0,$0
3656,"Menezes, Joao","$13,421","$7,852","$6,674","$1,178"
3657,"Strelkov, Sergey","$13,420",$0,$0,$0
3658,"Parr, Cory","$13,412",$0,$0,$0
3659,"Nicau, Goncalo","$13,399",$0,$0,$0
3660,"Gosea, Farris Fathi","$13,394","$3,391","$2,130","$1,261"
3661,"Trubrig, Christian","$13,388","$2,566","$2,322",$244
3662,"Cook, Jason","$13,385",$0,$0,$0
3663,"Boytim, John","$13,383",$0,$0,$0
3664,"Cao, Zhaoyi","$13,381","$4,966","$4,090",$876
3665,"Shehu, Lawal","$13,369",$156,$156,$0
3666,"Gessner, Scott","$13,366",$0,$0,$0
3667,"Yu, Cheng-Yu","$13,334","$4,984","$4,072",$912
3668,"Perez-Perez, Luis Antonio","$13,333",$0,$0,$0
3669,"Gronefeld, Bastian","$13,331",$0,$0,$0
3670,"Luetjen, Jonas","$13,323","$1,444","$1,280",$164
3671,"Mensurado, Vasco","$13,318","$1,694","$1,412",$282
3672,"Song, Hyeong-Keun","$13,311",$0,$0,$0
3673,"Hornung, Axel","$13,304",$0,$0,$0
3674,"Gasbarri, Manuel","$13,297",$0,$0,$0
3675,"Kim, Young Seok","$13,296","$7,780","$7,240",$540
3676,"Guichonet, Hector Damian","$13,295",$0,$0,$0
3677,"Makeyev, Dmitriy","$13,294",$0,$0,$0
3678,"Mazany, Norbert","$13,291",$0,$0,$0
3679,"Halachev, Dinko","$13,268",$0,$0,$0
3680,"Kanar, Jonathan","$13,253","$6,746","$5,144","$1,602"
3681,"Quintero, Sebastian","$13,252",$0,$0,$0
3682,"Nussbaum, Frederic","$13,245",$0,$0,$0
3683,"Easton, Jared","$13,243",$0,$0,$0
3684,"Listingart, Damian","$13,217",$0,$0,$0
3685,"Knox, Glenn","$13,188",$0,$0,$0
3686,"Lavie, Sebastian","$13,183",$0,$0,$0
3687,"Sattanino, Marco","$13,179",$0,$0,$0
3688,"Leal-Gomez, Juan Jose","$13,175",$172,$0,$172
3689,"Mark, Idan","$13,172",$0,$0,$0
3690,"Braun, Daniil","$13,169",$0,$0,$0
3691,"Panja, Saurav","$13,164",$0,$0,$0
3692,"Abelson, Dave","$13,156",$0,$0,$0
3693,"Gozdur, Rafal","$13,132",$0,$0,$0
3694,"Rufer, Benjamin","$13,124",$0,$0,$0
3695,"Sum, Davy","$13,122",$328,$328,$0
3696T,"Govaerts, Bart","$13,083",$0,$0,$0
Page 84 of 483,Statistics/ Prize Money/ Career,,,Report as of,"Nov 15, 2015"
,ATP Prize Money Leaders (US$),,,,
"Rankings Date: Nov 16, 2015",,,,,
Money,,,,,
Rank,Player,Career,YTD,Singles,Doubles
3696T,"Ota, Shigeru","$13,083",$0,$0,$0
3698,"Karusevich, Vladimir","$13,068",$500,$328,$172
3699,"Kalenichenko, Danylo","$13,048","$5,704","$3,450","$2,254"
3700,"Durmus, Durukan","$13,044","$1,413",$796,$617
3701,"Boulet, Dominic","$13,038",$0,$0,$0
3702,"O'Mara, Jonny","$13,032","$3,645","$2,481","$1,164"
3703,"Sood, Lakshit","$13,019","$6,271","$2,368","$3,903"
3704,"McDadi, Hatem","$13,017",$0,$0,$0
3705,"Haerteis, Johannes","$13,016","$8,255","$5,694","$2,561"
3706,"Vijayragavan, Ashwin","$13,001",$0,$0,$0
3707,"Polkinghorne, Darren K.","$13,000","$2,764","$1,640","$1,124"
3708,"Lee, Sang-Hoon","$12,994",$0,$0,$0
3709,"Safiullin, Roman","$12,984","$1,032","$1,032",$0
3710,"Shyjan, Michael","$12,982",$0,$0,$0
3711,"Tsivadze, George","$12,981","$3,248","$2,628",$620
3712,"Conkic, Boris","$12,956",$966,$794,$172
3713,"Fleming, David","$12,939",$926,$572,$354
3714T,"Fracassi, Nahuel","$12,937",$0,$0,$0
3714T,"Speronello, Marco","$12,937",$0,$0,$0
3716,"Geib, Daniel","$12,923",$100,$0,$100
3717,"Becker, Jerome","$12,921",$0,$0,$0
3718,"Krasevec, Andrei","$12,913",$0,$0,$0
3719,"Chen, Chih-Jung","$12,909",$0,$0,$0
3720,"Junqueira De Andrade, Gustavo","$12,907",$0,$0,$0
3721,"Hardy, Romain","$12,906",$0,$0,$0
3722,"De Foor, Joe","$12,905",$0,$0,$0
3723,"Manrique, Luis Fernando","$12,898",$0,$0,$0
3724,"Yunis, Juan-Pablo","$12,886",$0,$0,$0
3725,"Abdulla, Mohammed","$12,884",$0,$0,$0
3726,"Blomgren, Tobias","$12,881","$1,334","$1,126",$208
3727,"Logarzo, Michael","$12,876",$0,$0,$0
3728,"Van Der Linden, Lennert","$12,857","$4,342","$3,822",$520
3729,"Cowan, Bill","$12,847",$0,$0,$0
3730,"Osama, Mazen","$12,828",$416,$380,$36
3731,"Durasovic, Viktor","$12,822","$9,178","$8,522",$656
3732,"El-Effendi, Adham","$12,821",$0,$0,$0
3733,"Puscasu, Paul-Mihai","$12,814",$0,$0,$0
3734,"Lubner, Richard","$12,798",$0,$0,$0
3735,"Jobe, Ikaika","$12,794",$180,$0,$180
3736,"Brown, Scott","$12,787",$0,$0,$0
3737,"Forcin, Maxime","$12,778",$0,$0,$0
3738,"De Goeijen, Bobbie","$12,766","$3,592","$2,140","$1,452"
3739,"Lobanov, Pavel","$12,760",$0,$0,$0
3740,"Fiser-Dulic, Relja","$12,742",$0,$0,$0
Page 85 of 483,Statistics/ Prize Money/ Career,,,Report as of,"Nov 15, 2015"
,ATP Prize Money Leaders (US$),,,,
"Rankings Date: Nov 16, 2015",,,,,
Money,,,,,
Rank,Player,Career,YTD,Singles,Doubles
3741T,"Bandermann, Sascha","$12,741",$0,$0,$0
3741T,"Beidas, Bassam","$12,741",$0,$0,$0
3743,"Di Mauro, Fabio","$12,737",$0,$0,$0
3744,"Reichelt, Timon","$12,734","$4,218","$3,090","$1,128"
3745,"Pollanen, Herkko","$12,732","$1,790",$796,$994
3746,"Cohenour, Cary","$12,731",$0,$0,$0
3747,"Babej, Frantisek","$12,729",$0,$0,$0
3748,"Gustafsson, Robert","$12,723",$0,$0,$0
3749,"Bains, Maniel","$12,714",$268,$104,$164
3750T,"Devoty, Theodor","$12,709",$0,$0,$0
3750T,"Marsoun, Lukas","$12,709","$1,002",$312,$690
3752,"Cask, Jason","$12,704",$0,$0,$0
3753,"Berrettini, Matteo","$12,696","$10,891","$8,696","$2,195"
3754,"Dadillon, Bruno","$12,678",$0,$0,$0
3755,"Kilian, Floris","$12,677",$0,$0,$0
3756,"Knobloch, Patrick","$12,668",$0,$0,$0
3757,"Siributwong, Peerakit","$12,666",$0,$0,$0
3758,"Le Boulch, Thomas","$12,657","$3,546","$2,776",$770
3759T,"Groer, Chris","$12,645",$0,$0,$0
3759T,"Turich, Carl","$12,645",$0,$0,$0
3761T,"Leong, Michael","$12,640",$0,$0,$0
3761T,"Nagy, Zoltan","$12,640",$0,$0,$0
3763,"Conde-Jackson, Marcos","$12,622",$0,$0,$0
3764,"Garcia, Jhonson","$12,601",$54,$0,$54
3765,"Weber, Andreas","$12,600",$0,$0,$0
3766,"Brooks, Richard","$12,591",$0,$0,$0
3767,"de Rijke, Remko","$12,588",$0,$0,$0
3768,"Kromann, Thomas","$12,586",$0,$0,$0
3769,"Ciruolo, Riccardo","$12,585",$0,$0,$0
3770,"Nieto, Pedro","$12,582",$0,$0,$0
3771,"Maccari, Federico","$12,581","$4,758","$2,964","$1,794"
3772,"Kupferschmid, Michael","$12,577",$0,$0,$0
3773,"Rincon, Eduardo","$12,572",$0,$0,$0
3774,"Massara, Antonio","$12,554","$6,118","$4,970","$1,148"
3775,"Kellovsky, Dominik","$12,552","$6,894","$3,727","$3,167"
3776,"Prerovsky, Thomas","$12,551",$0,$0,$0
3777T,"Nathan, Ari","$12,545",$0,$0,$0
3777T,"Sala, Manuel","$12,545",$0,$0,$0
3779,"Ji, Seung-Ho","$12,537",$0,$0,$0
3780,"Boynton, Craig","$12,536",$0,$0,$0
3781,"Blom, Alexander","$12,511",$0,$0,$0
3782,"Silva, Leonardo","$12,506",$0,$0,$0
3783,"Dailey, Zach","$12,477",$0,$0,$0
3784,"Velez, Ezequiel","$12,473",$0,$0,$0
Page 86 of 483,Statistics/ Prize Money/ Career,,,Report as of,"Nov 15, 2015"
,ATP Prize Money Leaders (US$),,,,
"Rankings Date: Nov 16, 2015",,,,,
Money,,,,,
Rank,Player,Career,YTD,Singles,Doubles
3785,"Arimoto, Naoki","$12,458",$0,$0,$0
3786,"Campo, Antonio","$12,449","$3,504","$2,746",$758
3787,"Virtanen, Pasi","$12,433",$0,$0,$0
3788,"Deen Heshaam, Ariez Elyaas","$12,415",$0,$0,$0
3789,"Cocchi, Enrico","$12,409",$0,$0,$0
3790,"Dubinsky, Vladislav","$12,403",$0,$0,$0
3791,"Hadash, Ishay","$12,395",$0,$0,$0
3792,"Semmler, Miguel","$12,388","$4,688","$3,384","$1,304"
3793,"Spong, Xander","$12,355",$0,$0,$0
3794,"Zapata Miralles, Bernabe","$12,354","$8,298","$6,690","$1,608"
3795,"Wagner, Sebastian","$12,350","$1,916",$864,"$1,052"
3796,"Bradshaw, Timothy","$12,337",$0,$0,$0
3797,"Lenz, Marko","$12,328",$520,$520,$0
3798,"Merchan, Ruben","$12,316",$0,$0,$0
3799,"Shokoofi, Ashkan","$12,299",$104,$104,$0
3800,"Vencl, Jiri","$12,298",$0,$0,$0
3801,"Andrews, Andy","$12,270",$0,$0,$0
3802,"Puodziunas, Scott","$12,268","$2,718","$1,054","$1,664"
3803,"Mamata, Paterne","$12,250","$1,256",$0,"$1,256"
3804,"Vujic, Bojan","$12,240",$0,$0,$0
3805,"Lang, Philip","$12,236","$1,272",$740,$532
3806,"Sels, Jelle","$12,215","$5,207","$4,407",$800
3807,"Vliegen, Joran","$12,210","$9,662","$6,316","$3,346"
3808,"Ustundag, Efe","$12,203",$0,$0,$0
3809,"Spencer, Wil","$12,196","$10,344","$8,288","$2,056"
3810,"Siwy, Rudolf","$12,193",$0,$0,$0
3811,"Melskens, Jacob","$12,186",$0,$0,$0
3812,"Fargas, Lorenzo","$12,176",$0,$0,$0
3813,"Perez-Pascal, Fernando","$12,170",$0,$0,$0
3814,"Lifshits, Mikhail","$12,169",$0,$0,$0
3815,"Rangel, Rafael","$12,166",$0,$0,$0
3816,"Kokta, Michal","$12,160",$0,$0,$0
3817,"Matute, Juan Manuel","$12,158","$4,146","$2,916","$1,230"
3818,"Demois, Julien","$12,157","$1,478","$1,190",$288
3819,"Bassanelli, Marcello","$12,144",$0,$0,$0
3820,"Wright, Peter","$12,138",$0,$0,$0
3821,"Nunez, Victor","$12,133","$1,738","$1,142",$596
3822,"Yatsyk, Yahor","$12,122","$2,625","$1,632",$993
3823,"Khassanov, Roman","$12,113","$4,932","$3,774","$1,158"
3824,"Frayssinoux, Philippe","$12,112",$0,$0,$0
3825,"Ilic, Luka","$12,098","$5,424","$4,340","$1,084"
3826T,"Libietis, Mikelis","$12,092","$2,798","$1,992",$806
3826T,"Pepe, Franck","$12,092",$258,$258,$0
3828,"Valenti, Stefano","$12,084",$0,$0,$0
Page 87 of 483,Statistics/ Prize Money/ Career,,,Report as of,"Nov 15, 2015"
,ATP Prize Money Leaders (US$),,,,
"Rankings Date: Nov 16, 2015",,,,,
Money,,,,,
Rank,Player,Career,YTD,Singles,Doubles
3829,"Wislsperger, Markus","$12,080",$0,$0,$0
3830,"Ergun, Baris","$12,068",$0,$0,$0
3831,"Boe-Wiegaard, William","$12,067",$344,$208,$136
3832,"Pajkowski, Kamil","$12,064",$0,$0,$0
3833,"Bujdo, Igor","$12,053",$0,$0,$0
3834,"Thivant, Yannick","$12,040","$6,240","$5,580",$660
3835T,"Erlic, Laurentiu","$12,038",$0,$0,$0
3835T,"Sommer, Patrick","$12,038",$0,$0,$0
3837T,"Raposo De Oliveira, Alvaro","$12,036",$0,$0,$0
3837T,"Vodicka, Lance","$12,036",$0,$0,$0
3839,"Trneny, Milan","$12,035",$0,$0,$0
3840,"Brady, Kip","$12,033",$0,$0,$0
3841,"Kohen, Alan","$12,019","$5,381","$3,206","$2,175"
3842,"Mridha, Jonathan","$12,017","$6,827","$3,256","$3,571"
3843,"Mugabe, Duncan","$12,006","$3,114","$1,742","$1,372"
3844,"Navarrete, David","$11,984",$210,$156,$54
3845T,"Kolbe, Matthias","$11,968",$0,$0,$0
3845T,"Mikos, Konstantinos","$11,968","$1,886","$1,452",$434
3847,"Hirschmueller, Christian","$11,966","$3,812","$3,226",$586
3848T,"Janecek, Robert","$11,956",$0,$0,$0
3848T,"Slonik, Tiago","$11,956",$0,$0,$0
3850,"Ghorbel, Anis","$11,943","$8,404","$5,384","$3,020"
3851,"Marques, Frederico","$11,939",$0,$0,$0
3852,"Vierin, Matthieu","$11,931",$0,$0,$0
3853,"Moreno Figueroa, Alejandro","$11,929","$2,108","$1,070","$1,038"
3854T,"Michnev, Petr","$11,921","$6,448","$4,486","$1,962"
3854T,"Montilla, Gabriel","$11,921",$0,$0,$0
3856,"Bandres, Jesus","$11,919","$1,454",$570,$884
3857,"Cotet, Cosmin","$11,918",$0,$0,$0
3858,"Chapacu, Hugo","$11,911",$0,$0,$0
3859,"Ridaoui, Mohamed","$11,899",$0,$0,$0
3860,"Hoyt, Evan","$11,898","$7,373","$4,660","$2,713"
3861,"Di Feo, Hugo","$11,886","$1,220",$796,$424
3862,"Taborga, Javier","$11,882",$0,$0,$0
3863,"Merz, Miguel","$11,880",$0,$0,$0
3864,"Hiltzik, Jared","$11,878","$6,736","$6,018",$718
3865,"Rafaitin, Gregoire","$11,874",$0,$0,$0
3866,"Bosio, Christophe","$11,873",$0,$0,$0
3867,"Gajardo, Ruben","$11,871",$0,$0,$0
3868,"Miccini, Giacomo","$11,861","$3,024","$2,888",$136
3869T,"Davidson, Patrick","$11,848","$2,852","$1,262","$1,590"
3869T,"Gomez-Diaz, Guillermo","$11,848",$0,$0,$0
3869T,"Richard, Antoine","$11,848","$1,540","$1,260",$280
3872,"Huurinainen, Sami","$11,838",$212,$104,$108
Page 88 of 483,Statistics/ Prize Money/ Career,,,Report as of,"Nov 15, 2015"
,ATP Prize Money Leaders (US$),,,,
"Rankings Date: Nov 16, 2015",,,,,
Money,,,,,
Rank,Player,Career,YTD,Singles,Doubles
3873,"Syed Naguib, Syed Mohd Agil","$11,822","$2,475",$0,"$2,475"
3874,"Theiler, Alex","$11,804",$276,$104,$172
3875,"Agostinelli, Bruno","$11,795",$0,$0,$0
3876,"Furlong, Stephen","$11,794",$0,$0,$0
3877,"Klegou, Alexis","$11,793",$849,$753,$96
3878,"Kielbowicz, Joel","$11,787",$180,$0,$180
3879,"Fava, Andrea","$11,751",$0,$0,$0
3880,"Srugo, Harel","$11,749",$0,$0,$0
3881,"Merzuki, Mohd Assri","$11,713","$2,475",$0,"$2,475"
3882,"Heyman, Christopher","$11,680","$6,104","$5,860",$244
3883,"Wagner, Bastian","$11,674","$1,654","$1,654",$0
3884,"Figliomeni, Filippo","$11,654",$0,$0,$0
3885,"Leao, Pedro","$11,652",$0,$0,$0
3886,"Greenan, Mark","$11,643",$0,$0,$0
3887,"Foucher, Benoit","$11,636",$0,$0,$0
3888,"Pathanjali, Ravishankar","$11,635",$0,$0,$0
3889,"Kolar, Zdenek","$11,631","$9,566","$7,232","$2,334"
3890,"Canovas, Marc","$11,617",$0,$0,$0
3891,"Berner, Joakim","$11,616",$0,$0,$0
3892,"Schipanski, Jack","$11,611",$100,$0,$100
3893,"Horecny, Matus","$11,599",$0,$0,$0
3894,"Bella, Marco","$11,587",$0,$0,$0
3895,"Lopez, Diego","$11,586",$0,$0,$0
3896,"Radovanovich, Lee","$11,579",$0,$0,$0
3897,"Kilani, Wael","$11,573",$0,$0,$0
3898,"Schutt, Leon","$11,572","$5,124","$4,062","$1,062"
3899,"Redlicki, Michael","$11,561",$0,$0,$0
3900,"Bennett, Colin","$11,554",$0,$0,$0
3901,"Barker, William","$11,543",$0,$0,$0
3902,"Chen, I-Ta","$11,538",$0,$0,$0
3903T,"Anand, Kunal","$11,535","$3,012","$2,078",$934
3903T,"Zaninovic, Luka","$11,535",$490,$364,$126
3905T,"Pel, David","$11,528","$1,838",$520,"$1,318"
3905T,"Ribeiro, Sergio","$11,528",$0,$0,$0
3907,"Gualdi, Marco","$11,526",$0,$0,$0
3908,"Silveira, Renato","$11,483",$0,$0,$0
3909,"Hunt, Woody","$11,474",$0,$0,$0
3910,"Chrysochos, Petros","$11,473","$5,711","$5,039",$672
3911,"Casas, Erik","$11,472",$0,$0,$0
3912,"Eberhard, Klaus","$11,470",$0,$0,$0
3913,"Serdarusic, Nino","$11,467","$7,316","$5,042","$2,274"
3914,"De Waard, Steven","$11,466","$6,313","$2,484","$3,829"
3915,"Saenz, Matias","$11,463",$0,$0,$0
3916,"Santillan, Akira","$11,460","$6,406","$5,610",$796
Page 89 of 483,Statistics/ Prize Money/ Career,,,Report as of,"Nov 15, 2015"
,ATP Prize Money Leaders (US$),,,,
"Rankings Date: Nov 16, 2015",,,,,
Money,,,,,
Rank,Player,Career,YTD,Singles,Doubles
3917,"Magadan-Castro, Eduardo","$11,446",$0,$0,$0
3918,"Janahi, Hamad Abbas","$11,439",$910,$910,$0
3919,"Gutierrez, Javier","$11,426",$0,$0,$0
3920,"Schoeck, Thomas","$11,425",$0,$0,$0
3921,"Hudson, Oliver","$11,403","$1,696","$1,194",$502
3922,"Mavropoulos-Stoliarenko, Vlademyros","$11,392",$0,$0,$0
3923,"Bauer, Marc","$11,378",$0,$0,$0
3924,"Chaplin, Jarryd","$11,358","$6,166","$3,196","$2,970"
3925,"Oral, Erhan","$11,353",$0,$0,$0
3926,"Ugarte, Benjamin","$11,351",$380,$380,$0
3927,"Rmus, Martin","$11,348",$64,$0,$64
3928,"Damico, Kellen","$11,336",$0,$0,$0
3929,"Kanellos, Markus","$11,334",$0,$0,$0
3930,"Legat, Guillaume","$11,329",$0,$0,$0
3931,"Cloer, Mat","$11,324",$0,$0,$0
3932,"Takeuchi, Eiji","$11,298",$0,$0,$0
3933,"Molina, Javier","$11,294",$0,$0,$0
3934,"Atias, Patrice","$11,289",$0,$0,$0
3935,"Godinho, Tiago","$11,288",$0,$0,$0
3936,"Pasquier, Philippe","$11,276",$0,$0,$0
3937,"Matos, Rafael","$11,266","$4,380","$1,868","$2,512"
3938,"Muschiol, Nils","$11,252",$0,$0,$0
3939,"Perez-Hubert, Marcos","$11,249",$0,$0,$0
3940,"Baek, Seung-Bok","$11,243",$0,$0,$0
3941,"Salman, Omar","$11,229","$7,759","$6,300","$1,459"
3942,"Hemeda, Hisham","$11,227",$0,$0,$0
3943,"Muller, Daniel","$11,223",$0,$0,$0
3944,"Bruggeling, Roy","$11,213",$0,$0,$0
3945,"Vanneste, Jeroen","$11,211","$2,866","$2,090",$776
3946,"Boroczky, Zoltan","$11,208",$0,$0,$0
3947,"Dias, Gabriel","$11,204",$0,$0,$0
3948,"Kim, Chi-Wan","$11,195",$0,$0,$0
3949,"Kosta, Michael","$11,190",$0,$0,$0
3950,"Walendowsky, Joao","$11,189","$2,652","$1,780",$872
3951,"Fiorentino, Carlton","$11,182",$0,$0,$0
3952,"Kumlin, Daniel","$11,181",$0,$0,$0
3953,"Sacks, Gary","$11,173",$0,$0,$0
3954,"Ramachandran, Ramayah","$11,170",$0,$0,$0
3955,"Klemetz, Daniel","$11,163",$0,$0,$0
3956T,"Hall, David","$11,152",$0,$0,$0
3956T,"Martin, Cyril","$11,152",$0,$0,$0
3958,"Harsanyi, Paul","$11,142",$0,$0,$0
3959,"McGahon, John","$11,135",$0,$0,$0
3960,"Apostol, Andrei Stefan","$11,123","$5,293","$3,346","$1,947"
Page 90 of 483,Statistics/ Prize Money/ Career,,,Report as of,"Nov 15, 2015"
,ATP Prize Money Leaders (US$),,,,
"Rankings Date: Nov 16, 2015",,,,,
Money,,,,,
Rank,Player,Career,YTD,Singles,Doubles
3961,"Paskvan, Federico","$11,117",$0,$0,$0
3962,"Liniger, Jannis","$11,111","$2,286","$1,192","$1,094"
3963,"McLean, Andrew","$11,102",$0,$0,$0
3964,"Nagal, Sumit","$11,088","$10,168","$9,078","$1,090"
3965,"Ubiergo, Jordan","$11,082","$4,348","$4,104",$244
3966T,"Kim, Sky","$11,075",$0,$0,$0
3966T,"Qiu, Zhuoyang","$11,075","$7,140","$4,760","$2,380"
3968,"Punna, Vishal","$11,074",$0,$0,$0
3969,"Elias, Sergio","$11,067",$0,$0,$0
3970,"Muller, Matthias A","$11,057",$0,$0,$0
3971,"Gomez Pinter, Adolfo","$11,054",$36,$0,$36
3972,"Gyorgy, Tamas","$11,038",$0,$0,$0
3973,"Kramer, Brandon","$11,028",$0,$0,$0
3974,"Lucak, Otakar","$11,021",$0,$0,$0
3975,"Donovan, Tim","$11,015",$0,$0,$0
3976,"Fulcher, Barry","$11,012",$0,$0,$0
3977,"Sessagesimi, Dylan","$10,989",$0,$0,$0
3978T,"Haider-Maurer, Mario","$10,988",$104,$104,$0
3978T,"Jaloviec, Marek","$10,988","$2,456","$1,970",$486
3980,"Celt, Dawid","$10,968",$0,$0,$0
3981,"Fleischfresser, Timo","$10,948",$0,$0,$0
3982,"Miotto, Alex","$10,934",$0,$0,$0
3983,"Filippeschi, Marco","$10,925",$0,$0,$0
3984,"Dernovskiy, Andrey","$10,910",$0,$0,$0
3985,"Alarcon, Andres","$10,901",$0,$0,$0
3986,"Alonso-Campos, Angel","$10,900",$104,$104,$0
3987,"Nagao, Katsuki","$10,891","$4,638","$3,012","$1,626"
3988,"Sato, Tetsuya","$10,890",$0,$0,$0
3989,"Ruiz, Pedro Pablo","$10,883","$1,858","$1,456",$402
3990,"Norrie, Cameron","$10,874","$3,695","$3,695",$0
3991T,"Gleeson, Stephen","$10,867",$0,$0,$0
3991T,"Volfson, David","$10,867","$5,608","$4,942",$666
3993,"Alayli, Karim","$10,857",$210,$156,$54
3994,"Morales, Victor","$10,854",$0,$0,$0
3995,"Zietsman, Jean","$10,846",$0,$0,$0
3996,"Simpatiaji, Prima","$10,840",$0,$0,$0
3997,"Civarolo, Matteo","$10,834",$64,$0,$64
3998,"Neilly, Timothy","$10,833",$0,$0,$0
3999,"Tchernenko, Artemi","$10,832",$0,$0,$0
4000,"Santoro, Carlo","$10,826",$0,$0,$0
4001,"Golab, Marcin","$10,825",$0,$0,$0
4002,"Farren, Connor","$10,819","$2,341","$1,997",$344
4003,"Schaffl, Martin","$10,815",$0,$0,$0
4004,"Vukov, Stefano","$10,805",$0,$0,$0
Page 91 of 483,Statistics/ Prize Money/ Career,,,Report as of,"Nov 15, 2015"
,ATP Prize Money Leaders (US$),,,,
"Rankings Date: Nov 16, 2015",,,,,
Money,,,,,
Rank,Player,Career,YTD,Singles,Doubles
4005,"Baran, Andre","$10,800",$0,$0,$0
4006,"Kamran, Rouzbeh","$10,796",$0,$0,$0
4007,"Bayer, Markus","$10,795",$0,$0,$0
4008,"Meehan, Harry David","$10,794",$742,$312,$430
4009,"Lenz, Julian","$10,792","$2,246","$1,881",$365
4010,"Reese, Hunter","$10,791","$1,396",$624,$772
4011,"Nishio, Shigeyuki","$10,785",$0,$0,$0
4012,"Lien, Yu-Hui","$10,780",$0,$0,$0
4013,"Belal, Chemseddine","$10,771",$0,$0,$0
4014T,"Farron-Mahon, Tristan","$10,766",$0,$0,$0
4014T,"Steger, Marc","$10,766",$0,$0,$0
4016,"Viuda-Hernandez, Emilio","$10,763",$0,$0,$0
4017,"Bassetti, Arkady","$10,759",$0,$0,$0
4018,"Madkekar, Aditya","$10,754",$0,$0,$0
4019,"Blengino, Fabian","$10,745",$0,$0,$0
4020T,"Brassington, Kyle","$10,739",$0,$0,$0
4020T,"Mahadevan, Manoj","$10,739",$0,$0,$0
4022,"Leshem, Edan","$10,722","$6,874","$5,900",$974
4023,"Liberhan, Tushar","$10,717",$0,$0,$0
4024,"Heyl, Heinrich","$10,707",$0,$0,$0
4025,"Manzarbeitia-Ugate, Arkaitz","$10,698",$0,$0,$0
4026,"Fanselow, Sebastian","$10,693","$4,808","$4,456",$352
4027,"Toomey, Tom","$10,692",$0,$0,$0
4028,"Kolik, Victor","$10,686",$0,$0,$0
4029,"Vallebuona, Duilio","$10,681",$818,$484,$334
4030,"Chatpatcharoen, Puriwat","$10,676","$5,706","$5,166",$540
4031,"Laustroer, Boris","$10,675",$0,$0,$0
4032,"Kaczynski, Kevin","$10,674","$1,770","$1,228",$542
4033,"Eubanks, Christopher","$10,660","$10,660","$6,050","$4,610"
4034,"Destefano, Juan-Ignacio","$10,659",$0,$0,$0
4035,"Hedman, Mika","$10,635",$0,$0,$0
4036T,"Endelman, Howard","$10,631",$0,$0,$0
4036T,"Oncins, Eduardo","$10,631",$0,$0,$0
4038,"Singer, Charlie","$10,630",$0,$0,$0
4039,"Itzstein, Zach","$10,623","$1,176",$936,$240
4040,"Ouvarov, Michael","$10,618",$0,$0,$0
4041,"Farias, Rafael","$10,610",$0,$0,$0
4042,"Livingston, David","$10,581",$0,$0,$0
4043,"Holzer, Thomas","$10,575",$0,$0,$0
4044,"Asanov, Arsen","$10,571",$0,$0,$0
4045,"Jecminek, George","$10,567",$648,$594,$54
4046,"Hill, Gregg","$10,555",$0,$0,$0
4047,"Sun, Fajing","$10,537","$9,695","$7,837","$1,858"
4048,"Ficovich, Juan Pablo","$10,527","$3,340","$1,988","$1,352"
Page 92 of 483,Statistics/ Prize Money/ Career,,,Report as of,"Nov 15, 2015"
,ATP Prize Money Leaders (US$),,,,
"Rankings Date: Nov 16, 2015",,,,,
Money,,,,,
Rank,Player,Career,YTD,Singles,Doubles
4049,"Grenier, Hugo","$10,522","$6,920","$5,356","$1,564"
4050,"Mena, Ricardo","$10,516",$0,$0,$0
4051,"Gaich, German","$10,513",$104,$104,$0
4052,"Gomez Saigos, Rodrigo","$10,512",$0,$0,$0
4053,"Tong, Melvin","$10,511",$0,$0,$0
4054,"Senattore, Rodrigo","$10,504","$1,106",$622,$484
4055,"Draganja, Tomislav","$10,500","$2,726",$588,"$2,138"
4056,"Thacher, Ryan","$10,487",$0,$0,$0
4057,"Wagner, Brandon","$10,485",$0,$0,$0
4058,"Furukawa, Hayato","$10,479",$0,$0,$0
4059,"Peschek, Dennis","$10,478",$0,$0,$0
4060,"Mathew, Jaco","$10,476",$0,$0,$0
4061,"Priller, Hans","$10,468",$0,$0,$0
4062,"Mansouri, Skander","$10,451","$2,855","$1,058","$1,797"
4063,"Das, Jeffrey","$10,447",$0,$0,$0
4064,"Mazzella, Manuel","$10,430","$3,014","$2,074",$940
4065,"Xue, Feng","$10,420",$0,$0,$0
4066,"Constantin, Alin-Mihai","$10,416",$0,$0,$0
4067,"Lee, Mike","$10,415",$0,$0,$0
4068T,"Salazar Martin, Jose Antonio","$10,402",$0,$0,$0
4068T,"Zukas, Matias","$10,402","$6,340","$4,922","$1,418"
4070,"Egger, Markus","$10,395",$0,$0,$0
4071,"Buljevic, Damir","$10,394",$0,$0,$0
4072,"Romanowski, Artur","$10,389",$0,$0,$0
4073,"Redlicki, Martin","$10,386","$1,184",$604,$580
4074,"Van Delft, Bart","$10,376",$0,$0,$0
4075,"Sigurdsson, Arnar","$10,372",$0,$0,$0
4076,"Kannan, Kamala","$10,350",$0,$0,$0
4077,"Fafl, Martin","$10,343",$0,$0,$0
4078,"Arnedo, Jose","$10,332",$0,$0,$0
4079,"Lauret, Andrew","$10,329",$0,$0,$0
4080,"Glasspool, Lloyd","$10,325","$8,181","$5,934","$2,247"
4081,"Roberts, Michael","$10,309",$0,$0,$0
4082,"Sude, Jakob","$10,305",$612,$432,$180
4083,"Schellenger, Norm","$10,270",$0,$0,$0
4084,"Lu, Yang","$10,262","$2,074","$1,658",$416
4085,"Schneider, Ronnie","$10,254","$1,030",$934,$96
4086,"Barboza, Marcelo","$10,245",$0,$0,$0
4087T,"Dubinski, Artur","$10,243","$5,058","$3,407","$1,651"
4087T,"Rodriguez, Emilio","$10,243",$0,$0,$0
4089,"Carrese, Valerio","$10,240",$0,$0,$0
4090,"Fox, James","$10,237",$0,$0,$0
4091,"Borg, Stefan","$10,228",$0,$0,$0
4092,"Kozyukov, Vitaly","$10,211","$4,636","$3,495","$1,141"
Page 93 of 483,Statistics/ Prize Money/ Career,,,Report as of,"Nov 15, 2015"
,ATP Prize Money Leaders (US$),,,,
"Rankings Date: Nov 16, 2015",,,,,
Money,,,,,
Rank,Player,Career,YTD,Singles,Doubles
4093,"Jedruszczak, Mikolaj","$10,210","$1,870","$1,312",$558
4094,"Ancic, Ivica","$10,208",$0,$0,$0
4095,"Szumanski, Bojan","$10,201",$0,$0,$0
4096,"Gely, Julien","$10,191",$0,$0,$0
4097,"Gottesleben, Patrick","$10,184",$0,$0,$0
4098,"Loncaric, Albert","$10,182",$0,$0,$0
4099,"Vellbach, Gustavo","$10,164","$4,096","$3,182",$914
4100,"Harkness, David","$10,158",$0,$0,$0
4101,"Rossier, Simeon","$10,128","$4,522","$2,952","$1,570"
4102,"Trupej, Blaz","$10,112",$0,$0,$0
4103,"Piyamongkol, Philipp","$10,084",$0,$0,$0
4104,"Tongoona, Gwinyai","$10,083",$0,$0,$0
4105,"Kareld, Johan","$10,072",$0,$0,$0
4106,"Mattos, Gabriel","$10,067",$0,$0,$0
4107,"Owsian, Kacper","$10,055",$0,$0,$0
4108,"Pest, Valentino","$10,049",$0,$0,$0
4109,"Lopez, Sebastian","$10,036",$54,$0,$54
4110,"Geiwald, Douglas","$10,035",$0,$0,$0
4111,"Kim, Woo-Ram","$10,033",$482,$364,$118
4112,"Pallares-Gonzalez, Michael-Ray","$10,011","$1,242",$708,$534
4113,"Drada, Carlos","$10,010",$0,$0,$0
4114,"Roetschi, Fabian","$10,005",$0,$0,$0
4115,"Gorman, Tom","$10,000",$0,$0,$0
4116,"Hearn, Wayne","$9,997",$0,$0,$0
4117,"Barth, Florian","$9,985",$0,$0,$0
4118,"Chekrouni, Arafa","$9,983",$0,$0,$0
4119,"Loyola, Alvaro","$9,973",$0,$0,$0
4120,"Marfinsky, Dmitri","$9,968",$96,$0,$96
4121,"Griekspoor, Tallon","$9,961","$7,821","$6,101","$1,720"
4122,"Rajski, Maciej","$9,958","$4,604","$4,496",$108
4123,"Cecek, Kacper","$9,957",$0,$0,$0
4124,"Dewhurst, Kane","$9,946",$0,$0,$0
4125T,"Chanakira, Tinotenda","$9,932","$2,194","$1,836",$358
4125T,"Hurkacz, Hubert","$9,932","$9,294","$7,551","$1,743"
4127T,"Chala, Eddy","$9,915",$0,$0,$0
4127T,"Gavrila, Llaurentiu-Ady","$9,915",$0,$0,$0
4129,"Marcu, Adrian","$9,903",$0,$0,$0
4130,"Prikryl, Martin","$9,902",$0,$0,$0
4131,"Ishii, Hiroki","$9,900",$0,$0,$0
4132,"Matthews, Oscar Fabian","$9,899","$2,329",$958,"$1,371"
4133,"Burdisso, Fabricio","$9,890",$0,$0,$0
4134,"Lido, Jose Ezequiel","$9,868",$0,$0,$0
4135,"Trigueiro, Tim","$9,847",$0,$0,$0
4136,"Suissa, Tomer","$9,834",$0,$0,$0
Page 94 of 483,Statistics/ Prize Money/ Career,,,Report as of,"Nov 15, 2015"
,ATP Prize Money Leaders (US$),,,,
"Rankings Date: Nov 16, 2015",,,,,
Money,,,,,
Rank,Player,Career,YTD,Singles,Doubles
4137,"Cacopardo, Marco","$9,815",$0,$0,$0
4138,"Garcia-Sanchez, Jose-Carlos","$9,811",$0,$0,$0
4139,"Novak, Georg","$9,808",$0,$0,$0
4140,"Pallin, Oskar","$9,807",$0,$0,$0
4141,"Mies, Andreas","$9,804",$906,$520,$386
4142,"Mishra, Shivang","$9,794",$0,$0,$0
4143,"Agabigun, Sarp","$9,787","$7,699","$4,377","$3,322"
4144,"Cheyne, Rob","$9,780",$0,$0,$0
4145,"Wong, Wayne","$9,778",$0,$0,$0
4146,"Mckenzie, Brendan","$9,776",$0,$0,$0
4147,"Manset, Jacques","$9,772",$0,$0,$0
4148,"Bizjak, Andrej","$9,766",$0,$0,$0
4149,"Soresini, Sebastian","$9,765",$0,$0,$0
4150,"Weinhandl, Lukas","$9,764","$1,316",$864,$452
4151,"Borsos, Gabor","$9,760","$5,012","$3,368","$1,644"
4152,"Chung, Jong-Sam","$9,758",$0,$0,$0
4153,"Drysdale, Robin","$9,754",$0,$0,$0
4154,"Becuzzi, Enrico","$9,748","$1,606",$624,$982
4155T,"Apostol, Bogdan Ionut","$9,743","$3,196","$2,090","$1,106"
4155T,"Bugby, Miles","$9,743",$0,$0,$0
4157,"Susanto, David Agung","$9,738","$1,574","$1,330",$244
4158,"Suzuki, Ko","$9,732","$1,822","$1,470",$352
4159,"Takeshima, Shunrou","$9,718","$2,692","$1,880",$812
4160,"Deus, Nuno","$9,710","$6,671","$3,614","$3,057"
4161T,"Beardsley, Jonathan","$9,704",$0,$0,$0
4161T,"Russi Assumpcao, Eduardo","$9,704","$2,782",$312,"$2,470"
4163,"Gambill, Torrey","$9,700",$0,$0,$0
4164,"Zynga, Lennart","$9,696","$1,796","$1,516",$280
4165T,"Kroll, Robert","$9,680",$0,$0,$0
4165T,"Tatomir, Luca George","$9,680","$5,334","$3,482","$1,852"
4167,"Diao Natale, Justin","$9,672",$0,$0,$0
4168,"Imonitie, David","$9,671",$0,$0,$0
4169,"Ramirez, Luis Fernando","$9,669","$2,786","$1,226","$1,560"
4170,"Zahraj, Radek","$9,668",$0,$0,$0
4171T,"Moggio, Philippe","$9,667",$0,$0,$0
4171T,"Skripnik, Daniel","$9,667",$0,$0,$0
4173,"Domka, Maciej","$9,657",$0,$0,$0
4174,"Crowell, Nick","$9,650",$0,$0,$0
4175,"Villegas, Santiago","$9,649",$0,$0,$0
4176,"Price, Nathan B.","$9,647",$0,$0,$0
4177,"Pereira, Pedro","$9,622",$0,$0,$0
4178,"Djurdjevic, Ivan","$9,610",$0,$0,$0
4179,"Connolly, Ross","$9,596",$0,$0,$0
4180,"Tudor, Mario","$9,594",$72,$0,$72
Page 95 of 483,Statistics/ Prize Money/ Career,,,Report as of,"Nov 15, 2015"
,ATP Prize Money Leaders (US$),,,,
"Rankings Date: Nov 16, 2015",,,,,
Money,,,,,
Rank,Player,Career,YTD,Singles,Doubles
4181,"Willinsky, Scott","$9,590",$0,$0,$0
4182,"Godamanna, Harshana","$9,587",$0,$0,$0
4183,"De Weerdt, Olaf","$9,577","$1,036",$728,$308
4184,"Cammarata, Alberto","$9,570","$3,278","$2,926",$352
4185,"Ittogi, Takahiro","$9,568",$0,$0,$0
4186,"Paniagua, Jose Maria","$9,566",$0,$0,$0
4187,"Valarezo, Walter","$9,556",$0,$0,$0
4188,"Chang, Huai-En","$9,550",$0,$0,$0
4189,"Maric, Aleksandar","$9,542",$0,$0,$0
4190,"Mair, Harald","$9,535",$0,$0,$0
4191,"Gonzalez Carrasco, Juan Matias","$9,530","$1,762","$1,036",$726
4192,"Grant, Michael","$9,526","$4,618","$4,210",$408
4193,"Kovalev, Egor","$9,515",$0,$0,$0
4194,"Vallverdu, Daniel","$9,503",$0,$0,$0
4195,"Commandeur, Malte","$9,502",$0,$0,$0
4196,"Stokke, Jonathan","$9,500",$0,$0,$0
4197,"Zelba, Marious","$9,495","$1,012",$778,$234
4198,"Agasarkissian, Juan-Manuel","$9,490",$0,$0,$0
4199,"Levine, Igor","$9,484",$0,$0,$0
4200,"Marinov, John","$9,478",$0,$0,$0
4201,"Srichaphan, Naratorn","$9,474",$0,$0,$0
4202,"Johnson, Craig","$9,470",$0,$0,$0
4203,"Matsuo, Yuki","$9,466",$104,$104,$0
4204,"Tarasevitch, Serguei","$9,459",$0,$0,$0
4205,"Peter-Budge, Ian","$9,454",$0,$0,$0
4206,"Oostdam, Roel","$9,451",$0,$0,$0
4207,"Raab, Demian","$9,445","$3,210","$2,380",$830
4208,"Szmyrgala, Mikolaj","$9,443",$104,$104,$0
4209,"Oakley, Keelan","$9,434","$1,958","$1,448",$510
4210,"Yeates, Matthew","$9,428",$0,$0,$0
4211,"Cotto, Nicolo","$9,423",$0,$0,$0
4212,"Fernandez-Fermoselle, Alfonso","$9,419",$0,$0,$0
4213,"De Lovinfosse, Gaetan","$9,409",$0,$0,$0
4214,"Carlson, Andrew","$9,405",$0,$0,$0
4215T,"De Gregorio, Nicolas Alejandro","$9,404","$1,168",$952,$216
4215T,"Morel, Olivier","$9,404",$0,$0,$0
4217,"Hagman, Carl","$9,403",$0,$0,$0
4218,"Drame, Mohamed-Sekou","$9,391",$0,$0,$0
4219,"Fauser, Gerald","$9,386",$0,$0,$0
4220,"Dominguez, Alvaro","$9,383",$0,$0,$0
4221,"Syrewicz, Pawel","$9,381",$0,$0,$0
4222,"Wellenfeld, Enrico","$9,365",$0,$0,$0
4223,"Bachert, Boris","$9,358",$0,$0,$0
4224,"Al-Agba, Jamil","$9,352",$0,$0,$0
Page 96 of 483,Statistics/ Prize Money/ Career,,,Report as of,"Nov 15, 2015"
,ATP Prize Money Leaders (US$),,,,
"Rankings Date: Nov 16, 2015",,,,,
Money,,,,,
Rank,Player,Career,YTD,Singles,Doubles
4225,"Jecan, Mircea-Alexandru","$9,346","$4,503","$2,898","$1,605"
4226,"Marek, Jan","$9,331",$0,$0,$0
4227,"Ofori, Frank","$9,320",$0,$0,$0
4228,"Olivera, Alejandro","$9,312",$0,$0,$0
4229,"Benard, Jeroen","$9,308",$0,$0,$0
4230,"Gueit, Gwenael","$9,305",$0,$0,$0
4231,"Wowk, Marcello","$9,302",$0,$0,$0
4232,"Doerner, Scott","$9,300",$0,$0,$0
4233,"Giraudeau, Thomas","$9,295","$2,694","$2,070",$624
4234,"Banck, Bobby","$9,294",$0,$0,$0
4235,"Khaledan, Shahin","$9,289","$1,964","$1,624",$340
4236,"Yoo, Jin-Sun","$9,280",$0,$0,$0
4237,"Leeder-Chard, Aaron","$9,270",$0,$0,$0
4238T,"Dinata, Dede-Suhendar","$9,269",$0,$0,$0
4238T,"Janse van Rensburg, Benjamin","$9,269",$0,$0,$0
4240,"Weindorfer, Tomas","$9,266",$0,$0,$0
4241,"Daciek, Patrick","$9,261","$2,842","$2,106",$736
4242,"Jandric, Darko","$9,247","$4,662","$1,918","$2,744"
4243,"Windahl, Daniel","$9,240","$2,120","$1,308",$812
4244,"Kahlke, Jannis","$9,231","$4,368","$3,296","$1,072"
4245,"Brtnicky, Filip","$9,230","$4,810","$3,532","$1,278"
4246T,"Meijer, Michel","$9,218",$0,$0,$0
4246T,"Pomeroy, Brad","$9,218",$0,$0,$0
4248,"Schors, Jorg","$9,216",$0,$0,$0
4249,"Johansson, Christian","$9,212",$0,$0,$0
4250,"Suluoglu, Sefa","$9,211","$3,493","$1,972","$1,521"
4251,"Brons, Bart","$9,206",$0,$0,$0
4252,"Feitt, Franco","$9,194","$3,428","$1,934","$1,494"
4253,"Dalboni, Alessandro","$9,185",$0,$0,$0
4254,"Kamitz, Gerald","$9,180",$0,$0,$0
4255,"Vermeer, Mike","$9,174",$0,$0,$0
4256,"Brage, Robin","$9,170",$0,$0,$0
4257,"Ramiaramanana, Lofo","$9,169","$2,680","$1,558","$1,122"
4258,"Grinberg, Thomas","$9,160","$2,508","$1,948",$560
4259,"De Armas, Juan","$9,153",$0,$0,$0
4260,"Franjicevic, Marin","$9,150",$0,$0,$0
4261,"Colombo, Andrew","$9,147",$0,$0,$0
4262,"Whichello, Richard","$9,137",$0,$0,$0
4263,"Mackey, Vince","$9,135",$0,$0,$0
4264,"Beaus-Barquin, Juan","$9,134",$216,$0,$216
4265,"Raffaelli, Federico","$9,132",$0,$0,$0
4266,"Venturino, Thibault","$9,130","$3,382","$2,506",$876
4267,"Puttergill, Calum","$9,127","$3,192","$1,968","$1,224"
4268,"Takeyari, Masayoshi","$9,126",$0,$0,$0
Page 97 of 483,Statistics/ Prize Money/ Career,,,Report as of,"Nov 15, 2015"
,ATP Prize Money Leaders (US$),,,,
"Rankings Date: Nov 16, 2015",,,,,
Money,,,,,
Rank,Player,Career,YTD,Singles,Doubles
4269,"Van Langendonck, Jan","$9,121",$0,$0,$0
4270,"Cayre, Paul","$9,115","$2,616","$2,164",$452
4271,"Frieden, Valentin","$9,108",$0,$0,$0
4272,"Bellier, Antoine","$9,085","$7,494","$5,584","$1,910"
4273,"Lubbers, Kevin","$9,082",$0,$0,$0
4274,"Riha, Jan","$9,081",$0,$0,$0
4275,"Tsitsipas, Stefanos","$9,080","$6,594","$4,546","$2,048"
4276,"Parbhu, Sheeva","$9,077",$0,$0,$0
4277,"Bauvy, Romain","$9,070","$3,920","$2,730","$1,190"
4278,"Walder, Marc","$9,063",$0,$0,$0
4279,"Drzewiecki, Karol","$9,056","$5,822","$3,170","$2,652"
4280,"Smilansky, Igor","$9,053",$276,$104,$172
4281,"Durango, Jean-Michel","$9,048",$0,$0,$0
4282,"Yu, Hiu-Tung","$9,041",$0,$0,$0
4283,"Wolf, Matthias","$9,039",$0,$0,$0
4284,"Natekar, Gaurav","$9,037",$0,$0,$0
4285,"Vukovic, Ivan","$9,033",$0,$0,$0
4286,"Filippov, Maxim","$9,026",$0,$0,$0
4287,"Wang, Aoran","$8,974","$3,218","$2,168","$1,050"
4288,"Tiberti, Bruno","$8,969",$0,$0,$0
4289,"Malik, Jathan","$8,961",$408,$312,$96
4290,"Haylaz, Muhammet","$8,957","$4,445","$2,808","$1,637"
4291,"Wilson, Morgan","$8,956",$0,$0,$0
4292,"Patrombon, Jeson","$8,953","$2,532","$2,016",$516
4293,"Villacampa, Ignasi","$8,942",$0,$0,$0
4294T,"Roger-Vasselin, Christophe","$8,937",$0,$0,$0
4294T,"Samoseiko, Sergei","$8,937",$0,$0,$0
4296,"Matschke, Jochen","$8,936",$0,$0,$0
4297,"Alvarado, Patricio","$8,929",$0,$0,$0
4298,"Laski, Jeff","$8,928",$0,$0,$0
4299,"Micov, Stefan","$8,927","$1,780","$1,328",$452
4300,"Martinez Portero, Pedro","$8,911","$6,449","$4,770","$1,679"
4301,"Carter, Robert","$8,870",$910,$846,$64
4302,"Wagner, Hannes","$8,845","$4,834","$2,988","$1,846"
4303,"Rubin, Michael","$8,842",$0,$0,$0
4304,"Stronk, Benedikt","$8,835",$0,$0,$0
4305,"Tanuma, Ryota","$8,830","$5,754","$4,150","$1,604"
4306,"Silverman, Cameron","$8,824","$6,324","$3,092","$3,232"
4307T,"Nilsson, Magnus","$8,815",$0,$0,$0
4307T,"Prpic, Tomislav","$8,815",$0,$0,$0
4309,"Im, Sung-Ho","$8,808",$0,$0,$0
4310,"Commin, Cedrick","$8,798",$534,$534,$0
4311,"Blasko, Martin","$8,796","$8,560","$6,734","$1,826"
4312,"Beninca, Paolo","$8,792",$0,$0,$0
Page 98 of 483,Statistics/ Prize Money/ Career,,,Report as of,"Nov 15, 2015"
,ATP Prize Money Leaders (US$),,,,
"Rankings Date: Nov 16, 2015",,,,,
Money,,,,,
Rank,Player,Career,YTD,Singles,Doubles
4313,"Roe, Brian","$8,789",$0,$0,$0
4314,"Hette, Sebastien","$8,788",$0,$0,$0
4315,"Matthews, Laurence","$8,784",$0,$0,$0
4316,"Matsunaga, Koki","$8,783",$0,$0,$0
4317,"Carneade, Giorgio","$8,778",$0,$0,$0
4318,"Ruepke, Lukas","$8,774","$2,974","$2,020",$954
4319T,"Nejedly, Pavel","$8,770","$5,166","$4,412",$754
4319T,"Petrov, Dmytro","$8,770",$136,$0,$136
4321,"Bosa, Massimo","$8,761",$0,$0,$0
4322,"Carbajal, Francisco","$8,760",$0,$0,$0
4323,"Ruiz Naranjo, Mateo Andres","$8,756","$3,215","$2,312",$903
4324,"Py, Enzo","$8,744",$0,$0,$0
4325,"Hervet, Jacques","$8,742",$0,$0,$0
4326T,"Johnson, Eric","$8,738","$8,159","$6,235","$1,924"
4326T,"Johnson, Michael","$8,738",$0,$0,$0
4328,"Demiliani, Leslie","$8,730",$0,$0,$0
4329,"Benitez Chavarriaga, Juan Manuel","$8,726",$320,$0,$320
4330,"Barros, Manuel","$8,725","$1,650","$1,452",$198
4331T,"Manzanares, Facundo","$8,724",$0,$0,$0
4331T,"Mastrelia, Antonio","$8,724","$1,034",$780,$254
4333,"Gutierrez, Oscar Jose","$8,709","$3,497","$2,483","$1,014"
4334,"Allinson, Edward","$8,704",$0,$0,$0
4335,"Sulea, Tudor","$8,696","$2,644","$1,538","$1,106"
4336,"Yang, Jing Zhu","$8,688",$0,$0,$0
4337,"Marquis, Christopher","$8,685","$1,550",$832,$718
4338,"Vrbka, Jiri","$8,684",$0,$0,$0
4339,"Ruiz-Gonzalez, Javier","$8,672",$0,$0,$0
4340,"Mikheev, Evgeni","$8,667",$0,$0,$0
4341,"Ferreira, Mark","$8,658",$0,$0,$0
4342,"Ejupovic, Elmar","$8,653","$4,619","$4,619",$0
4343,"Kishi, Ryota","$8,652","$1,338",$968,$370
4344T,"Farah, Will","$8,650",$0,$0,$0
4344T,"Rodriguez-Alonso, Roberto","$8,650",$0,$0,$0
4346,"Karaliolios, Evthimios","$8,640",$0,$0,$0
4347T,"Asta, Alejandro","$8,628",$0,$0,$0
4347T,"Shane, Justin S.","$8,628","$5,084","$3,453","$1,631"
4349,"Patracchini, Andrea","$8,624",$0,$0,$0
4350,"Kiuamov, Timur","$8,616","$4,714","$3,207","$1,507"
4351,"Bondaz, Laurent","$8,609",$0,$0,$0
4352,"Van Wyk, Coenie","$8,604",$0,$0,$0
4353,"Piotrowski, Andrew","$8,598",$0,$0,$0
4354,"Busch, Julian","$8,596","$3,884","$2,714","$1,170"
4355,"Zgaga, Matija","$8,592",$0,$0,$0
4356,"Zimmermann, Lars","$8,589",$36,$0,$36
Page 99 of 483,Statistics/ Prize Money/ Career,,,Report as of,"Nov 15, 2015"
,ATP Prize Money Leaders (US$),,,,
"Rankings Date: Nov 16, 2015",,,,,
Money,,,,,
Rank,Player,Career,YTD,Singles,Doubles
4357,"Wiesinger , Joao","$8,587",$0,$0,$0
4358,"Karakhi, Reda","$8,581",$0,$0,$0
4359,"O'Neil, Evan","$8,569",$0,$0,$0
4360,"El Alaoui, Ali","$8,568",$0,$0,$0
4361,"Lago, Tommaso","$8,567","$3,074","$2,140",$934
4362,"Nesterov, Alexey","$8,547",$0,$0,$0
4363,"Lomacki, Piotr","$8,537","$3,130","$2,226",$904
4364,"Munroe, Bjorn","$8,532",$0,$0,$0
4365,"Matias, Nuno","$8,515",$0,$0,$0
4366,"Grubin, Aleksandar","$8,512",$0,$0,$0
4367,"Ochi, Makoto","$8,510","$8,510","$7,636",$874
4368,"Deari, Shendrit","$8,509","$1,108",$864,$244
4369,"Milko, Michal","$8,505",$656,$620,$36
4370,"Rosas-Zarur, Raul-Isaias","$8,504",$704,$572,$132
4371,"Rae, Chris","$8,501",$0,$0,$0
4372,"Regus, Ralph","$8,492",$0,$0,$0
4373,"Bottero, Benoit","$8,490",$36,$0,$36
4374,"Sousa, Henrique","$8,482","$1,596",$828,$768
4375T,"Aaron, Trent","$8,477",$36,$0,$36
4375T,"Seo, Yong Bum","$8,477",$236,$172,$64
4375T,"Wittus, Craig","$8,477",$0,$0,$0
4378,"Golubovic, Zoran","$8,468",$0,$0,$0
4379,"Harris, Lloyd George","$8,460","$8,252","$7,232","$1,020"
4380,"Gomez Mantilla, Ivan","$8,455",$660,$380,$280
4381,"Galeano, Diego","$8,447",$0,$0,$0
4382,"Bruch, Matt","$8,438",$0,$0,$0
4383,"Moine, Silvio","$8,420",$0,$0,$0
4384,"Hansen, Carl-Henrik","$8,416",$54,$0,$54
4385,"Bruni, Sergio","$8,414",$0,$0,$0
4386,"Chakrouni, Ayoub","$8,412","$1,123",$490,$633
4387,"Belak, Robert","$8,410",$0,$0,$0
4388,"Okamura, Issei","$8,403","$5,511","$3,891","$1,620"
4389T,"Bozic, Jaka","$8,394",$0,$0,$0
4389T,"Rizzo, Claudio","$8,394",$54,$0,$54
4391,"Xu, Ran","$8,383",$0,$0,$0
4392,"Navarro, Simon","$8,382","$1,446",$692,$754
4393,"Kleftakos, Dimitris","$8,373",$0,$0,$0
4394,"Hameurlaine, Abdelhak","$8,372",$400,$292,$108
4395,"Ursu, Vadym","$8,367","$5,441","$3,582","$1,859"
4396,"Miklusicak, Peter","$8,363",$0,$0,$0
4397,"Ramirez, Roberto Eduardo","$8,339",$0,$0,$0
4398,"Nunez, Guillermo","$8,334",$0,$0,$0
4399,"Gomes, Erick","$8,325",$0,$0,$0
4400,"Urbinati, Omar","$8,315",$0,$0,$0
Page 100 of 483,Statistics/ Prize Money/ Career,,,Report as of,"Nov 15, 2015"
