Rank,Player,YTD,Singles,Doubles,Career
1,"Federer, Roger",6634017,6624892,9125,95245556
2,"Djokovic, Novak",16760145,16706125,54020,89164053
3,"Nadal, Rafael",3275888,3188513,87375,74655125
4,"Sampras, Pete",0,0,0,43280489
5,"Murray, Andy",6486230,6456153,30077,40676316
6,"Agassi, Andre",0,0,0,31152975
7,"Ferrer, David",3065755,3043627,22128,27798864
8,"Becker, Boris",0,0,0,25080956
9,"Kafelnikov, Yevgeny",0,0,0,23883797
10,"Berdych, Tomas",3128082,3090921,37161,23177551
11,"Lendl, Ivan",0,0,0,21262417
12,"Hewitt, Lleyton",264279,212068,52211,20717156
13,"Roddick, Andy",2640,0,2640,20640030
14,"Edberg, Stefan",0,0,0,20630941
15,"Ivanisevic, Goran",0,0,0,19878007
16,"Wawrinka, Stan",5336877,5299265,37612,19736676
17,"Chang, Michael",0,0,0,19145632
18,"Tsonga, Jo-Wilfried",1963690,1936220,27470,16436474
19,"Davydenko, Nikolay",0,0,0,16186480
20,"Del Potro, Juan Martin",23475,23475,0,15369422
21,"Kuerten, Gustavo",0,0,0,14807000
22,"Bjorkman, Jonas",0,0,0,14610671
23,"Safin, Marat",0,0,0,14373291
24,"Courier, Jim",0,0,0,14034132
25,"Ferrero, Juan Carlos",0,0,0,13992895
26,"Moya, Carlos",0,0,0,13443970
27,"Cilic, Marin",2063576,2033973,29603,13380332
28,"Haas, Tommy",201072,183560,17512,13313605
29,"Bryan, Bob",702722,0,702722,13301074
30,"Gasquet, Richard",2146835,2136995,9840,13109902
31,"Bryan, Mike",706465,0,706465,13075894
32,"Youzhny, Mikhail",442517,405766,36751,12806538
33,"Robredo, Tommy",746317,714706,31611,12787213
34,"Stich, Michael",0,0,0,12595128
35,"McEnroe, John",0,0,0,12552132
36,"Muster, Thomas",0,0,0,12266977
37,"Verdasco, Fernando",819607,745137,74470,12245234
38,"Nestor, Daniel",488767,0,488767,12089606
39,"Henman, Tim",0,0,0,11635542
40,"Bruguera, Sergi",0,0,0,11632199
41,"Lopez, Feliciano",1542755,1350027,192728,11201822
42,"Rafter, Patrick",0,0,0,11133128
43,"Nalbandian, David",0,0,0,11123125
44,"Mirnyi, Max",246257,0,246257,11035168
45,"Nishikori, Kei",2712055,2702325,9730,10735625
46,"Stepanek, Radek",328016,241037,86979,10645526
47,"Simon, Gilles",1475856,1437081,38775,10510871
48,"Enqvist, Thomas",0,0,0,10461641
49,"Korda, Petr",0,0,0,10448900
50,"Soderling, Robin",0,0,0,10423124
51,"Corretja, Alex",0,0,0,10411354
52,"Ljubicic, Ivan",0,0,0,10181121
53,"Woodbridge, Todd",0,0,0,10078820
54,"Krajicek, Richard",0,0,0,10077425
55,"Santoro, Fabrice",0,0,0,10013832
56,"Ferreira, Wayne",0,0,0,9969617
57,"Melzer, Jurgen",358460,271587,86873,9734956
58,"Rios, Marcelo",0,0,0,9713771
59,"Almagro, Nicolas",437670,388306,49364,9558871
60,"Monfils, Gael",1069706,1033015,36691,9328600
61,"Rusedski, Greg",0,0,0,8944841
62,"Gonzalez, Fernando",0,0,0,8862276
63,"Isner, John",1776682,1699342,77340,8834246
64,"Raonic, Milos",1493503,1482983,10520,8806174
65,"Connors, Jimmy",0,0,0,8641040
66,"Kohlschreiber, Philipp",775355,761540,13815,8555984
67,"Woodforde, Mark",0,0,0,8551305
68,"Llodra, Michael",0,0,0,8533350
69,"Martin, Todd",0,0,0,8232355
70,"Grosjean, Sebastien",0,0,0,8131803
71,"Paes, Leander",196484,0,196484,8115868
72,"Blake, James",0,0,0,7981786
73,"Wilander, Mats",0,0,0,7956101
74,"Zimonjic, Nenad",479884,0,479884,7893606
75,"Haarhuis, Paul",0,0,0,7751962
76,"Nieminen, Jarkko",382821,353966,28855,7743345
77,"Costa, Albert",0,0,0,7685228
78,"Benneteau, Julien",118644,74679,43965,7674742
79,"Novak, Jiri",0,0,0,7618613
80,"Tipsarevic, Janko",182799,132732,50067,7529804
81,"Monaco, Juan",605772,548046,57726,7524038
82,"Kiefer, Nicolas",0,0,0,7480465
83,"Fish, Mardy",125280,110245,15035,7460641
84,"Seppi, Andreas",1110625,1028401,82224,7445187
85,"Schuettler, Rainer",0,0,0,7407508
86,"Granollers, Marcel",707079,515242,191837,7267409
87,"Johansson, Thomas",0,0,0,7168029
88,"Clement, Arnaud",0,0,0,7125228
89,"Hrbaty, Dominik",0,0,0,7070095
90,"Fognini, Fabio",1779408,1200275,579133,7068340
91,"Knowles, Mark",640,0,640,7058483
92,"Philippoussis, Mark",2200,0,2200,6987402
93,"Pioline, Cedric",0,0,0,6921029
94,"Karlovic, Ivo",1125290,1097622,27668,6847624
95,"Rosset, Marc",0,0,0,6812693
96,"Medvedev, Andrei",0,0,0,6721560
97,"Baghdatis, Marcos",606952,591440,15512,6652563
98,"Bhupathi, Mahesh",24690,0,24690,6634220
99,"Chela, Juan Ignacio",0,0,0,6572494
100,"Anderson, Kevin",1874052,1790131,83921,6556934
101,"Querrey, Sam",715497,526081,189416,6460797
102,"Lapentti, Nicolas",0,0,0,6313898
103,"Garcia-Lopez, Guillermo",1052342,949400,102942,6095008
104,"Gaudio, Gaston",0,0,0,6066156
105,"Coria, Guillermo",0,0,0,5915620
106,"Hlasek, Jakob",0,0,0,5890993
107,"Larsson, Magnus",0,0,0,5839451
108,"Troicki, Viktor",1179128,1079166,99962,5837489
109,"Dimitrov, Grigor",1001679,968788,32891,5825196
110,"Gulbis, Ernests",618280,595540,22740,5739223
111,"Damm, Martin",0,0,0,5735972
112,"Malisse, Xavier",108,0,108,5694825
113,"Chardy, Jeremy",1143921,991908,152013,5675992
114,"Forget, Guy",0,0,0,5669934
115,"Montanes, Albert",161420,151193,10227,5650964
116,"Tursunov, Dmitry",21019,1263,19756,5577082
117,"Mathieu, Paul-Henri",292030,287740,4290,5574523
118,"Gilbert, Brad",0,0,0,5509060
119,"Mayer, Florian",258511,226622,31889,5464940
120,"Jarryd, Anders",0,0,0,5378067
121,"Mahut, Nicolas",1045008,444016,600992,5374754
122,"Dolgopolov, Alexandr",749741,740971,8770,5370636
123,"Sanchez, Emilio",0,0,0,5339395
124,"Mantilla, Felix",0,0,0,5332214
125,"Canas, Guillermo",0,0,0,5285575
126,"Wheaton, David",0,0,0,5238401
127,"Pavel, Andrei",0,0,0,5225028
128,"Schalken, Sjeng",0,0,0,5192798
129,"Black, Byron",0,0,0,5159775
130,"Kucera, Karol",0,0,0,5061125
131,"Spadea, Vincent",0,0,0,5004680
132,"Vilas, Guillermo",0,0,0,4923882
133,"Eltingh, Jacco",0,0,0,4920410
134,"Rochus, Olivier",0,0,0,4905754
135,"Vacek, Daniel",0,0,0,4803388
136,"Kubot, Lukasz",277761,40327,237434,4696631
137,"Berasategui, Alberto",0,0,0,4676187
138,"Dodig, Ivan",924612,267033,657579,4601571
139,"Gustafsson, Magnus",0,0,0,4545489
140,"Norman, Magnus",0,0,0,4537247
141,"Andreev, Igor",0,0,0,4510376
142,"Sanchez, Javier",0,0,0,4427811
143,"Reneberg, Richey",0,0,0,4407308
144,"Gomez, Andres",0,0,0,4385130
145,"Siemerink, Jan",0,0,0,4347693
146,"Massu, Nicolas",0,0,0,4343298
147,"Hanescu, Victor",52414,51013,1401,4323925
148,"Leach, Rick",0,0,0,4293554
149,"Clavet, Francisco",0,0,0,4271881
150,"Andujar, Pablo",773363,701492,71871,4190978
151,"Istomin, Denis",593624,516272,77352,4173624
152,"Bolelli, Simone",1203488,634088,569400,4171771
153,"Ullyett, Kevin",0,0,0,4138771
154,"Stakhovsky, Sergiy",688541,629510,59031,4101015
155,"Bellucci, Thomaz",780532,731423,49109,4094090
156,"Roger-Vasselin, Edouard",666132,247224,418908,4070272
157,"El Aynaoui, Younes",36,0,36,4044125
158,"Ancic, Mario",0,0,0,4024686
159,"Prinosil, David",0,0,0,4016496
160,"Lu, Yen-Hsun",514900,460007,54893,3988958
161,"Becker, Benjamin",543518,491232,52286,3979735
162,"Leconte, Henri",0,0,0,3917596
163,"Volandri, Filippo",35745,35745,0,3903992
164,"Ginepri, Robby",6455,6455,0,3897123
165,"Martin, Alberto",0,0,0,3840885
166,"Starace, Potito",11189,9138,2051,3796316
167,"Stolle, Sandon",0,0,0,3762442
168,"Calleri, Agustin",0,0,0,3753387
169,"Tarango, Jeff",0,0,0,3730289
170,"Novacek, Karel",0,0,0,3729540
171,"Giraldo, Santiago",645817,573526,72291,3715261
172,"Krickstein, Aaron",0,0,0,3710447
173,"Mayer, Leonardo",814582,704175,110407,3705851
174,"Smid, Tomas",0,0,0,3699738
175,"Bautista Agut, Roberto",1275439,1249406,26033,3688327
176,"Arthurs, Wayne",36,0,36,3687809
177,"Borg, Bjorn",0,0,0,3655751
178,"Suk, Cyril",0,0,0,3651530
179,"Cuevas, Pablo",1023296,780570,242726,3647082
180,"Petzschner, Philipp",121912,15026,106886,3642473
181,"Acasuso, Jose",0,0,0,3642422
182,"Gambill, Jan-Michael",198,0,198,3612785
183,"Haase, Robin",518721,434629,84092,3609202
184,"Arazi, Hicham",0,0,0,3602644
185,"Tomic, Bernard",1188195,1158571,29624,3601931
186,"Ulihrach, Bohdan",0,0,0,3553302
187,"O'Brien, Alex",0,0,0,3526390
188,"Pospisil, Vasek",1337584,856814,480770,3486127
189,"Srichaphan, Paradorn",0,0,0,3459655
190,"Rosol, Lukas",821431,709956,111475,3446220
191,"Noah, Yannick",0,0,0,3440660
192,"Palmer, Jared",0,0,0,3413189
193,"Matkowski, Marcin",447082,0,447082,3377914
194,"Gabashvili, Teymuraz",612668,557072,55596,3369958
195,"Koubek, Stefan",0,0,0,3365024
196,"Volkov, Alexander",0,0,0,3362786
197,"Janowicz, Jerzy",602089,588780,13309,3355637
198,"Berlocq, Carlos",248810,192871,55939,3350136
199,"Black, Wayne",0,0,0,3300258
200,"Peya, Alexander",337645,0,337645,3283835
201,"Grabb, Jim",0,0,0,3274155
202,"Stoltenberg, Jason",0,0,0,3259607
203,"Muller, Gilles",809786,749895,59891,3245083
204,"Washington, MaliVai",0,0,0,3232565
205,"Stark, Jonathan",0,0,0,3220867
206,"Escude, Nicolas",0,0,0,3216150
207,"Olhovskiy, Andrei",0,0,0,3208620
208,"Fitzgerald, John",0,0,0,3207272
209,"Zabaleta, Mariano",0,0,0,3204127
210,"Kulti, Nicklas",0,0,0,3186946
211,"Carbonell, Tomas",0,0,0,3157584
212,"Paire, Benoit",902047,855640,46407,3140243
213,"Masur, Wally",0,0,0,3134718
214,"Costa, Carlos",0,0,0,3134189
215,"Dlouhy, Lukas",246,0,246,3120754
216,"McEnroe, Patrick",0,0,0,3118316
217,"Melo, Marcelo",949964,0,949964,3116234
218,"Chesnokov, Andrei",0,0,0,3084188
219,"Lindstedt, Robert",252019,0,252019,3076021
220,"Gaudenzi, Andrea",0,0,0,3063479
221,"Rikl, David",0,0,0,3063353
222,"Curren, Kevin",0,0,0,3055510
223,"Boetsch, Arnaud",0,0,0,3031247
224,"Sock, Jack",1413560,902175,511385,3021771
225,"Carlsen, Kenneth",0,0,0,2990980
226,"Falla, Alejandro",257046,252446,4600,2990374
227,"Portas, Albert",0,0,0,2972633
228,"Serra, Florent",8407,2844,5563,2970611
229,"Fyrstenberg, Mariusz",103977,0,103977,2936670
230,"Sanguinetti, Davide",0,0,0,2935584
231,"Gimeno-Traver, Daniel",385869,349476,36393,2927993
232,"Vicente, Fernando",0,0,0,2917616
233,"Tecau, Horia",675084,0,675084,2911793
234,"Connell, Grant",0,0,0,2911097
235,"Lareau, Sebastien",0,0,0,2879682
236,"Knowle, Julian",125199,0,125199,2878630
237,"Hanley, Paul",0,0,0,2871560
238,"Kunitsyn, Igor",0,0,0,2861069
239,"Soares, Bruno",356504,0,356504,2835092
240,"Lopez, Marc",201012,0,201012,2826171
241,"Delaitre, Olivier",0,0,0,2788904
242,"Klizan, Martin",826326,717473,108853,2782950
243,"Gottfried, Brian",0,0,0,2782514
244,"Young, Donald",726168,671719,54449,2780958
245,"Gerulaitis, Vitas",0,0,0,2778748
246,"Goffin, David",1153706,1116561,37145,2768911
247,"Bopanna, Rohan",534188,0,534188,2761165
248,"Rochus, Christophe",0,0,0,2753294
249,"Fibak, Wojtek",0,0,0,2725403
250,"Mannarino, Adrian",820680,751237,69443,2722391
251,"Goellner, Marc-Kevin",104,104,0,2700899
252,"Kukushkin, Mikhail",511665,475569,36096,2697362
253,"Galbraith, Patrick",0,0,0,2684136
254,"Rojer, Jean-Julien",678846,0,678846,2682765
255,"Sela, Dudi",315575,309376,6199,2665751
256,"Mayotte, Tim",0,0,0,2663672
257,"Horna, Luis",0,0,0,2648482
258,"Ram, Andy",0,0,0,2647616
259,"Mecir Sr., Miloslav",0,0,0,2632538
260,"Ram, Rajeev",464032,258824,205208,2621502
261,"Berrer, Michael",260321,258638,1683,2608539
262,"Fromberg, Richard",0,0,0,2605740
263,"Sargsian, Sargis",0,0,0,2603732
264,"Gimelstob, Justin",0,0,0,2575522
265,"Dent, Taylor",0,0,0,2563378
266,"Golubev, Andrey",210688,176102,34586,2557648
267,"Meligeni, Fernando",0,0,0,2555367
268,"Adams, David",0,0,0,2534247
269,"Gicquel, Marc",252,0,252,2513052
270,"Squillari, Franco",0,0,0,2504591
271,"Moodie, Wesley",0,0,0,2455112
272,"Russell, Michael",54381,36239,18142,2452569
273,"Dosedel, Slava",0,0,0,2452512
274,"Furlan, Renzo",0,0,0,2449043
275,"Raoux, Guillaume",0,0,0,2446506
276,"Steven, Brett",0,0,0,2439714
277,"Svensson, Jonas",0,0,0,2439702
278,"Sousa, Joao",919928,848973,70955,2435816
279,"Cermak, Frantisek",80137,0,80137,2415211
280,"Mansdorf, Amos",0,0,0,2412691
281,"Sa, Andre",132422,384,132038,2406110
282,"Ramos-Vinolas, Albert",536502,492582,43920,2404247
283,"Kriek, Johan",0,0,0,2383794
284,"Qureshi, Aisam-Ul-Haq",178738,999,177739,2379238
285,"Ferreira, Ellis",0,0,0,2375220
286,"Lee, Hyung-Taik",2173,520,1653,2355686
287,"Vizner, Pavel",0,0,0,2337009
288,"Steeb, Carl-Uwe",0,0,0,2320082
289,"Zeballos, Horacio",166097,120811,45286,2298867
290,"Johnson, Donald",0,0,0,2294044
291,"Davis, Scott",0,0,0,2286711
292,"Erlich, Jonathan",128297,0,128297,2272603
293,"Pozzi, Gianluca",0,0,0,2272035
294,"Cherkasov, Andrei",0,0,0,2260227
295,"Ramirez Hidalgo, Ruben",31611,29721,1890,2243946
296,"Yzaga, Jaime",0,0,0,2235560
297,"Ramirez, Raul",0,0,0,2217971
298,"Golmard, Jerome",0,0,0,2215784
299,"Lacko, Lukas",287485,280485,7000,2211758
300,"Phau, Bjorn",0,0,0,2189473
301,"Darcis, Steve",288769,272363,16406,2186656
302,"Marach, Oliver",122046,370,121676,2166853
303,"Hernych, Jan",74002,72785,1217,2155326
304,"Aspelin, Simon",0,0,0,2121037
305,"Zverev, Mischa",113674,99071,14603,2120056
306,"Beck, Karol",320,0,320,2109570
307,"Casal, Sergio",0,0,0,2107745
308,"Johnson, Steve",1062535,928658,133877,2094753
309,"Alami, Karim",0,0,0,2087596
310,"Lorenzi, Paolo",383936,351992,31944,2084108
311,"Nastase, Ilie",0,0,0,2076761
312,"Nystrom, Joakim",0,0,0,2074947
313,"Flach, Ken",0,0,0,2065246
314,"Bogomolov Jr., Alex",0,0,0,2054594
315,"Karbacher, Bernd",0,0,0,2043057
316,"Tillstrom, Mikael",0,0,0,2030525
317,"Pate, David",0,0,0,2028823
318,"Norman, Dick",0,0,0,2019581
319,"Dibbs, Eddie",0,0,0,2016426
320,"Filippini, Marcelo",0,0,0,2016190
321,"Agenor, Ronald",0,0,0,2014601
322,"Thiem, Dominic",1123704,1052936,70768,2009504
323,"Clerc, Jose-Luis",0,0,0,1987036
324,"Fleming, Peter",0,0,0,1986799
325,"Vliegen, Kristof",0,0,0,1964020
326,"Matosevic, Marinko",237837,224774,13063,1961993
327,"Cash, Pat",0,0,0,1950345
328,"Hernandez, Oscar",100,0,100,1943820
329,"Kamke, Tobias",118703,110665,8038,1936820
330,"Sijsling, Igor",206954,193329,13625,1924960
331,"Van Rensburg, Christo",0,0,0,1912831
332,"Harrison, Ryan",235582,208422,27160,1901850
333,"Woodruff, Chris",0,0,0,1900659
334,"Seguso, Robert",0,0,0,1888353
335,"Burgsmuller, Lars",0,0,0,1887164
336,"Marrero, David",284709,1104,283605,1878521
337,"Jaite, Martin",0,0,0,1873881
338,"Arrese, Jordi",0,0,0,1847136
339,"Voinea, Adrian",0,0,0,1836277
340,"Ondruska, Marcos",0,0,0,1835129
341,"Blanco, Galo",0,0,0,1832691
342,"Norval, Piet",0,0,0,1832303
343,"Arias, Jimmy",0,0,0,1831140
344,"Nargiso, Diego",0,0,0,1807857
345,"Solomon, Harold",0,0,0,1802769
346,"Kohlmann, Michael",0,0,0,1798467
347,"Kyrgios, Nick",1022947,961017,61930,1786525
348,"Puerta, Mariano",0,0,0,1781372
349,"Pugh, Jim",0,0,0,1780466
350,"Smith, Stan",0,0,0,1774811
351,"Brands, Daniel",49021,47049,1972,1758178
352,"Brown, Dustin",404122,347312,56810,1749456
353,"Bracciali, Daniele",6077,0,6077,1749020
354,"Murray, Jamie",587334,0,587334,1745619
355,"Arnold Ker, Lucas",900,0,900,1745436
356,"Macpherson, David",0,0,0,1729899
357,"Sluiter, Raemon",0,0,0,1726539
358,"Chiudinelli, Marco",75163,67026,8137,1707533
359,"Dancevic, Frank",68659,63254,5405,1707329
360,"Tanner, Roscoe",0,0,0,1696198
361,"Holm, Henrik",0,0,0,1693931
362,"Frana, Javier",0,0,0,1691848
363,"Ebden, Matthew",210626,181296,29330,1689608
364,"Perez-Roldan, Guillermo",0,0,0,1686459
365,"Pescosolido, Stefano",0,0,0,1657671
366,"Delbonis, Federico",397575,360187,37388,1655357
367,"Teltscher, Eliot",0,0,0,1653997
368,"Skoff, Horst",0,0,0,1651858
369,"Schwank, Eduardo",312,276,36,1648048
370,"Annacone, Paul",0,0,0,1646602
371,"Kuhnen, Patrik",0,0,0,1646328
372,"Butorac, Eric",146161,400,145761,1628485
373,"Haider-Maurer, Andreas",591206,556485,34721,1622559
374,"Rostagno, Derrick",0,0,0,1621535
375,"Goldstein, Paul",0,0,0,1620456
376,"Camporese, Omar",0,0,0,1610475
377,"Gonzalez, Maximo",202546,141734,60812,1608943
378,"Rosewall, Ken",0,0,0,1602700
379,"Stewart, Sherwood",0,0,0,1602565
380,"Vanek, Jiri",0,0,0,1600539
381,"Draper, Scott",0,0,0,1594598
382,"Dupuis, Antony",0,0,0,1591333
383,"Cipolla, Flavio",31885,16621,15264,1587316
384,"Ashe, Arthur",0,0,0,1584909
385,"Levy, Harel",180,0,180,1579872
386,"Reynolds, Bobby",0,0,0,1573292
387,"Laver, Rod",0,0,0,1565413
388,"Verkerk, Martin",0,0,0,1564520
389,"Etlis, Gaston",0,0,0,1559459
390,"Gunthardt, Heinz",0,0,0,1550007
391,"Johansson, Joachim",0,0,0,1549039
392,"Kim, Kevin",1052,520,532,1545970
393,"Beck, Andreas",67939,62403,5536,1540429
394,"Mancini, Alberto",0,0,0,1535520
395,"Visser, Danie",0,0,0,1528201
396,"Korolev, Evgeny",723,723,0,1509930
397,"Pimek, Libor",0,0,0,1509018
398,"de Bakker, Thiemo",146691,139122,7569,1508418
399,"Mertinak, Michal",0,0,0,1508095
400,"Dewulf, Filip",0,0,0,1503987
401,"Soeda, Go",242620,240250,2370,1501923
402,"Braasch, Karsten",0,0,0,1497244
403,"Kavcic, Blaz",224852,217234,7618,1496112
404,"Berankis, Ricardas",455974,410559,45415,1485945
405,"Mattar, Luiz",0,0,0,1484831
406,"Mello, Ricardo",0,0,0,1484044
407,"Nijssen, Tom",0,0,0,1474432
408,"Roig, Francisco",0,0,0,1466830
409,"Guccione, Chris",105071,545,104526,1462295
410,"Vesely, Jiri",754614,694121,60493,1459145
411,"Sanchez, David",0,0,0,1451767
412,"Edmondson, Mark",0,0,0,1451680
413,"Zivojinovic, Slobodan",0,0,0,1450654
414,"Muller, Gary",0,0,0,1447445
415,"Devvarman, Somdev",78188,70044,8144,1439987
416,"Taroczy, Balazs",0,0,0,1437443
417,"Boutter, Julien",0,0,0,1430283
418,"Hajek, Jan",104,104,0,1427267
419,"Scanlon, Bill",0,0,0,1427007
420,"Teacher, Brian",0,0,0,1426514
421,"Eagle, Joshua",0,0,0,1421375
422,"Witsken, Todd",0,0,0,1420910
423,"Vassallo Arguello, Martin",0,0,0,1420101
424,"Lipsky, Scott",163565,0,163565,1419521
425,"Robert, Stephane",131272,125974,5298,1419327
426,"Higueras, Jose",0,0,0,1406355
427,"Apell, Jan",0,0,0,1404957
428,"Gil, Frederico",6357,4579,1778,1400619
429,"Ruud, Christian",0,0,0,1399813
430,"Orantes, Manuel",0,0,0,1398303
431,"Zib, Tomas",0,0,0,1395646
432,"Saulnier, Cyril",0,0,0,1391494
433,"Delgado, Ramon",0,0,0,1385410
434,"Mayer, Gene",0,0,0,1382422
435,"Vinciguerra, Andreas",0,0,0,1381556
436,"Kratzmann, Mark",0,0,0,1378936
437,"Carreno Busta, Pablo",509739,427993,81746,1374900
438,"Gonzalez, Santiago",114368,750,113618,1371478
439,"Caratti, Cristiano",0,0,0,1368916
440,"Dreekmann, Hendrik",0,0,0,1366435
441,"Kendrick, Robert",0,0,0,1365211
442,"Groth, Sam",579628,503646,75982,1362369
443,"de Jager, John-Laffnie",0,0,0,1357700
444,"Pernfors, Mikael",0,0,0,1357188
445,"Fleurian, Jean-Philippe",0,0,0,1352977
446,"Kas, Christopher",0,0,0,1350322
447,"De Voest, Rik",0,0,0,1349991
448,"Cahill, Darren",0,0,0,1349247
449,"Luczak, Peter",688,378,310,1348036
450,"Waske, Alexander",0,0,0,1339987
451,"Bates, Jeremy",0,0,0,1339965
452,"Calatrava, Alex",0,0,0,1335933
453,"Amritraj, Vijay",0,0,0,1331913
454,"MacPhie, Brian",0,0,0,1331539
455,"Ilie, Andrew",0,0,0,1327838
456,"Greul, Simon",0,0,0,1320950
457,"Herbert, Pierre-Hugues",776037,209664,566373,1320111
458,"Kuznetsov, Andrey",300655,293973,6682,1319775
459,"Schaller, Gilbert",0,0,0,1317163
460,"Voltchkov, Vladimir",0,0,0,1315133
461,"Jensen, Luke",0,0,0,1313255
462,"Stafford, Grant",0,0,0,1307208
463,"Przysiezny, Michal",89475,84875,4600,1305038
464,"Prpic, Goran",0,0,0,1303639
465,"Riba, Pere",48472,43379,5093,1296261
466,"Roitman, Sergio",0,0,0,1296022
467,"Wilkison, Tim",0,0,0,1289085
468,"Gunnarsson, Jan",0,0,0,1285040
469,"Prieto, Sebastian",0,0,0,1271907
470,"Bastl, George",0,0,0,1271019
471,"Krishnan, Ramesh",0,0,0,1263130
472,"Ventura, Santiago",0,0,0,1260406
473,"Bergstrom, Christian",0,0,0,1258492
474,"Okker, Tom",0,0,0,1257200
475,"Roux, Lionel",0,0,0,1255648
476,"Champion, Thierry",0,0,0,1255229
477,"Smyczek, Tim",308928,294387,14541,1252637
478,"Montana, Francisco",0,0,0,1248094
479,"Saretta, Flavio",0,0,0,1239319
480,"De La Pena, Horacio",0,0,0,1234768
481,"Labadze, Irakli",0,0,0,1234668
482,"McNamee, Paul",0,0,0,1233615
483,"Gumy, Hernan",0,0,0,1226776
484,"De Schepper, Kenny",211310,201162,10148,1224851
485,"Navarro, Ivan",36,0,36,1222193
486,"Friedl, Leos",0,0,0,1221403
487,"Rodriguez, Martin",0,0,0,1221361
488,"Shelton, Bryan",0,0,0,1220283
489,"Lajovic, Dusan",424816,374743,50073,1219551
490,"Alexander, John",0,0,0,1214079
491,"Jaziri, Malek",416693,388154,28539,1213270
492,"Oncins, Jaime",0,0,0,1211476
493,"Marin, Juan Antonio",0,0,0,1210117
494,"Broad, Neil",0,0,0,1205610
495,"Burillo, Jordi",0,0,0,1198126
496,"Haggard, Chris",342,0,342,1195855
497,"Ilhan, Marsel",365984,364723,1261,1193650
498,"Minar, Ivo",172,172,0,1192418
499,"van Lottum, John",0,0,0,1188163
500,"Coetzee, Jeff",0,0,0,1178517
501,"Daniel, Marcos",0,0,0,1177189
502,"Marchenko, Illya",218537,213200,5337,1175617
503,"Cabal, Juan Sebastian",250568,0,250568,1173092
504,"Kroslak, Jan",0,0,0,1169329
505,"Jones, Kelly",0,0,0,1168278
506,"Lutz, Robert",0,0,0,1165276
507,"Bedene, Aljaz",462272,432041,30231,1163081
508,"Di Pasquale, Arnaud",0,0,0,1162796
509,"Estrella Burgos, Victor",525610,482455,43155,1161561
510,"Kratochvil, Michel",0,0,0,1159379
511,"Odesnik, Wayne",8600,8280,320,1155255
512,"Capdeville, Paul",0,0,0,1150846
513,"Gilbert, Rodolphe",0,0,0,1143173
514,"Lisnard, Jean-Rene",0,0,0,1142109
515,"Donskoy, Evgeny",213619,206823,6796,1140935
516,"Struff, Jan-Lennard",349053,311632,37421,1136727
517,"Bachinger, Matthias",127508,127081,427,1134678
518,"Levine, Jesse",0,0,0,1131456
519,"Lundgren, Peter",0,0,0,1130516
520,"Pless, Kristian",0,0,0,1127884
521,"Souza, Joao",338885,289545,49340,1124813
522,"Schapers, Michiel",0,0,0,1124730
523,"Gullikson, Tim",0,0,0,1121880
524,"Zemlja, Grega",34593,31037,3556,1117165
525,"Matsuoka, Shuzo",0,0,0,1117112
526,"Tebbutt, Michael",0,0,0,1114448
527,"Wang, Jimmy",59827,58753,1074,1114046
528,"Florent, Andrew",0,0,0,1113285
529,"Pala, Petr",0,0,0,1106011
530,"Davin, Franco",0,0,0,1101560
531,"Kudla, Denis",441965,431070,10895,1101273
532,"Jelen, Eric",0,0,0,1100059
533,"Marray, Jonathan",104310,0,104310,1098497
534,"Udomchoke, Danai",7534,5974,1560,1095170
535,"Klaasen, Raven",409657,0,409657,1091536
536,"Denton, Steve",0,0,0,1084664
537,"Mamiit, Cecil",0,0,0,1084438
538,"Michibata, Glenn",0,0,0,1081667
539,"Pereira, Nicolas",0,0,0,1077159
540,"Ito, Tatsuma",214958,212098,2860,1072761
541,"Kerr, Jordan",0,0,0,1071061
542,"Stockton, Dick",0,0,0,1063385
543,"Newcombe, John",0,0,0,1062408
544,"Peers, John",609585,0,609585,1060879
545,"Tulasne, Thierry",0,0,0,1058412
546,"Mayer, Sandy",0,0,0,1057783
547,"McNamara, Peter",0,0,0,1046935
548,"Ward, James",291303,283062,8241,1045263
549,"Perez, Diego",0,0,0,1042224
550,"Oosting, Menno",0,0,0,1041725
551,"Wassen, Rogier",0,0,0,1040061
552,"Ascione, Thierry",0,0,0,1031961
553,"Patience, Olivier",0,0,0,1030897
554,"Sweeting, Ryan",3510,3330,180,1024486
555,"Antonitsch, Alex",0,0,0,1024171
556,"Gremelmayr, Denis",0,0,0,1023334
557,"Knippschild, Jens",0,0,0,1017972
558,"Mergea, Florin",476452,0,476452,1017192
559,"Huss, Stephen",0,0,0,1010831
560,"Carlsson, Kent",0,0,0,998956
561,"Pecci Sr., Victor",0,0,0,994408
562,"Warwick, Kim",0,0,0,994045
563,"Berger, Jay",0,0,0,992136
564,"Orsanic, Daniel",0,0,0,991800
565,"Motta, Cassio",0,0,0,986595
566,"Bemelmans, Ruben",306296,298027,8269,977401
567,"Behrend, Tomas",0,0,0,977352
568,"Kratzmann, Andrew",0,0,0,976085
569,"Popp, Alexander",0,0,0,976038
570,"Polasek, Filip",0,0,0,975899
571,"Fleming, Colin",100674,545,100129,971302
572,"Devilder, Nicolas",36,0,36,959359
573,"Heuberger, Ivo",0,0,0,950068
574,"Koenig, Robbie",0,0,0,944191
575,"Skoch, David",154,0,154,942739
576,"Delic, Amer",0,0,0,935409
577,"Farah, Robert",230341,0,230341,935140
578,"Huta Galung, Jesse",48031,34840,13191,931805
579,"Albano, Pablo",0,0,0,931670
580,"Youl, Simon",0,0,0,930856
581,"Wessels, Peter",0,0,0,928863
582,"Coric, Borna",674277,667984,6293,926187
583,"Slozil, Pavel",0,0,0,925242
584,"Davids, Hendrik Jan",0,0,0,923459
585,"Huey, Treat",172896,465,172431,916457
586,"Evernden, Kelly",0,0,0,914750
587,"Lobo, Luis",0,0,0,913682
588,"Godwin, Neville",0,0,0,912783
589,"Schwartzman, Diego",434832,372110,62722,907609
590,"Cane, Paolo",0,0,0,903958
591,"Lavalle, Leonardo",0,0,0,903200
592,"Benfele Alvarez, Emilio",0,0,0,902099
593,"Nyborg, Peter",0,0,0,898987
594,"Srejber, Milan",0,0,0,898323
595,"Machado, Rui",34313,32235,2078,896997
596,"Sinner, Martin",0,0,0,896974
597,"Kuznetsov, Alex",32657,31077,1580,895519
598,"Sadri, John",0,0,0,895455
599,"Inglot, Dominic",268655,0,268655,891232
600,"Gullikson, Tom",0,0,0,889492
601,"Jonsson, Lars",0,0,0,888998
602,"Gonzalez, Alejandro",210179,200466,9713,880626
603,"Ungur, Adrian",63171,43147,20024,876797
604,"Gross, Oliver",0,0,0,876452
605,"Pfister, Henry",0,0,0,873431
606,"Van Scheppingen, Dennis",300,0,300,871886
607,"Fisher, Ashley",270,0,270,871439
608,"Garcia, Martin",0,0,0,868540
609,"Warder, Laurie",0,0,0,865628
610,"Talbot, Byron",0,0,0,861245
611,"Nielsen, Frederik",47249,14883,32366,857558
612,"Marques, Nuno",0,0,0,857262
613,"Tabara, Michal",0,0,0,853900
614,"Alonso, Julian",0,0,0,852891
615,"Melville, Scott",0,0,0,851666
616,"Viloca-Puig, Juan Albert",0,0,0,851371
617,"Hood, Mariano",0,0,0,847665
618,"Koevermans, Mark",0,0,0,842859
619,"Riglewski, Udo",0,0,0,842211
620,"Pashanski, Boris",0,0,0,837645
621,"Carraz, Gregory",0,0,0,836734
622,"Reister, Julian",29085,29085,0,836699
623,"Delgado, Jamie",0,0,0,834831
624,"Di Mauro, Alessio",427,0,427,833633
625,"Lopez Moron, Alex",0,0,0,833225
626,"Hutchins, Ross",0,0,0,831609
627,"Mronz, Alexander",0,0,0,830234
628,"Munoz-De La Nava, Daniel",87466,82264,5202,829270
629,"Dyke, Broderick",0,0,0,827530
630,"Aguilera, Juan",0,0,0,825000
631,"Duckworth, James",317916,299891,18025,823857
632,"Vemic, Dusan",0,0,0,821902
633,"Davis, Marty",0,0,0,821513
634,"Sundstrom, Henrik",0,0,0,819393
635,"Pearce, Brad",0,0,0,818850
636,"Adams, Chuck",0,0,0,818519
637,"Balcells, Juan",0,0,0,815801
638,"Thomas, Jim",0,0,0,801553
639,"Mezzadri, Claudio",0,0,0,797458
640,"Purcell, Mel",0,0,0,797197
641,"Simian, Stephane",0,0,0,796223
642,"Zoecke, Markus",0,0,0,795369
643,"Vacek, Jan",0,0,0,794420
644,"Ho, Tommy",0,0,0,793819
645,"Barnard, Marius",0,0,0,793416
646,"Galvani, Stefano",0,0,0,791336
647,"Aldrich, Pieter",0,0,0,790019
648,"Karanusic, Roko",0,0,0,789254
649,"Hipfl, Markus",0,0,0,787415
650,"Levinsky, Jaroslav",0,0,0,784970
651,"Okun, Noam",1028,848,180,784555
652,"Perry, Todd",0,0,0,777545
653,"Moor, Terry",0,0,0,776732
654,"Panatta, Adriano",0,0,0,776187
655,"Barazzutti, Corrado",0,0,0,775783
656,"Tieleman, Laurence",0,0,0,773130
657,"Morrison, Jeff",0,0,0,770476
658,"Kinnear, Kent",0,0,0,770149
659,"Cibulec, Tomas",0,0,0,769316
660,"Allegro, Yves",0,0,0,768327
661,"Brunstrom, Johan",43776,350,43426,768236
662,"Koellerer, Daniel",0,0,0,757918
663,"Joyce, Michael",0,0,0,756999
664,"Vajda, Marian",0,0,0,756646
665,"Drewett, Brad",0,0,0,755546
666,"Giammalva Jr., Sammy",0,0,0,754113
667,"Keil, Mark",0,0,0,749587
668,"Ouanna, Josselin",5161,208,4953,741340
669,"Gildemeister, Hans",0,0,0,740858
670,"Lozano, Jorge",0,0,0,739424
671,"Alves, Thiago",0,0,0,739405
672,"Saceanu, Christian",0,0,0,738632
673,"Cunha-Silva, Joao",0,0,0,735607
674,"Kudryavtsev, Alexander",98111,87169,10942,733748
675,"Stoliarov, Andrei",0,0,0,733499
676,"Rufin, Guillaume",8776,8776,0,732052
677,"Dabul, Brian",0,0,0,728653
678,"Junqueira, Diego",0,0,0,727371
679,"Suzuki, Takao",4566,4182,384,726497
680,"Schukin, Yuri",0,0,0,723089
681,"Arraya, Pablo",0,0,0,723086
682,"Dutra Silva, Rogerio",62149,55777,6372,720762
683,"Van Herck, Johan",0,0,0,717393
684,"Baker, Brian",0,0,0,717365
685,"Sabau, Razvan",0,0,0,714646
686,"Bozoljac, Ilija",24405,9015,15390,713772
687,"Elgin, Mikhail",51468,14056,37412,709704
688,"Baur, Patrick",0,0,0,709282
689,"Pella, Guido",142094,135533,6561,707373
690,"Eschauer, Werner",0,0,0,703735
691,"Pouille, Lucas",426375,389486,36889,701445
692,"Vik, Robin",0,0,0,700030
693,"Radulescu, Alex",0,0,0,698887
694,"Savolt, Attila",0,0,0,698823
695,"Bogdanovic, Alex",0,0,0,695395
696,"Amaya, Victor",0,0,0,694304
697,"Bloom, Gilad",0,0,0,694271
698,"Kodes, Jan",0,0,0,693197
699,"Diaz, Jacobo",0,0,0,689680
700,"Dickson, Mark",0,0,0,686138
701,"Zopp, Jurgen",96478,88683,7795,683875
702,"Goldie, Dan",0,0,0,682952
703,"Jensen, Murphy",0,0,0,681817
704,"Carretero, Roberto",0,0,0,680211
705,"Guez, David",70509,66576,3933,677153
706,"Pescariu, Dinu",0,0,0,676539
707,"Odizor, Nduka",0,0,0,675673
708,"Vanhoudt, Tom",0,0,0,675139
709,"Nydahl, Tomas",0,0,0,671903
710,"Flach, Doug",0,0,0,670927
711,"Ball, Carsten",14266,1090,13176,669016
712,"Nedovyesov, Aleksandr",151211,138644,12567,668987
713,"Taygan, Ferdi",0,0,0,668104
714,"Kokkinakis, Thanasi",491698,436843,54855,664047
715,"Krajinovic, Filip",304066,286600,17466,662940
716,"Gorriz, Marcos Aurelio",0,0,0,662335
717,"Gojowczyk, Peter",102258,92488,9770,660097
718,"Petchey, Mark",0,0,0,657776
719,"Parrott, Travis",0,0,0,656339
720,"Ketola, Tuomas",0,0,0,656258
721,"Menendez-Maceiras, Adrian",147984,127869,20115,653498
722,"Humphries, Scott",0,0,0,652092
723,"Miniussi, Christian",0,0,0,651069
724,"Lewis (NZL), Chris",0,0,0,647550
725,"Layendecker, Glenn",0,0,0,647475
726,"Fischer, Martin",10539,9535,1004,640889
727,"Morgan, Jamie",0,0,0,640354
728,"Polansky, Peter",20640,13724,6916,635575
729,"Randall, Dave",0,0,0,635374
730,"Luxa, Petr",0,0,0,635062
731,"Sugita, Yuichi",166894,165717,1177,631613
732,"Copil, Marius",168891,154059,14832,631184
733,"Brzezicki, Juan Pablo",0,0,0,629845
734,"Van Emburgh, Greg",0,0,0,625031
735,"Crivoi, Victor",6819,5101,1718,624672
736,"Haygarth, Brent",0,0,0,624649
737,"Zovko, Lovro",296,0,296,623479
738,"Santopadre, Vincenzo",0,0,0,619300
739,"Galimberti, Giorgio",0,0,0,619170
740,"Kitinov, Aleksandar",0,0,0,618346
741,"Salzenstein, Jeff",0,0,0,616017
742,"Hewitt, Bob",0,0,0,613837
743,"Wilkinson, Chris",0,0,0,613641
744,"Bauer, Mike",0,0,0,611891
745,"Hogstedt, Thomas",0,0,0,609935
746,"McMillan, Frew",0,0,0,609072
747,"Kronemann, Trevor",0,0,0,608844
748,"Buehning, Fritz",0,0,0,608506
749,"Brandi, Cristian",0,0,0,607038
750,"Garcia, Adrian",64,0,64,605753
751,"Mutis, Olivier",0,0,0,605413
752,"Ogorodov, Oleg",0,0,0,602095
753,"Dzumhur, Damir",305548,290074,15474,601702
754,"Hill, Michael",0,0,0,601306
755,"Lloyd, John",0,0,0,598092
756,"Waite, Jack",0,0,0,597013
757,"Vahaly, Brian",0,0,0,596775
758,"Kravchuk, Konstantin",111359,99063,12296,595255
759,"Markus, Gabriel",0,0,0,589053
760,"Glickstein, Shlomo",0,0,0,588880
761,"Bohli, Stephane",0,0,0,588725
762,"Stadler, Simon",1437,0,1437,588660
763,"Armando, Hugo",0,0,0,588523
764,"Pistolesi, Claudio",0,0,0,587945
765,"Begemann, Andre",120841,750,120091,584148
766,"DeVries, Steve",0,0,0,584096
767,"Cerretani, James",18756,0,18756,572892
768,"Hartfield, Diego",0,0,0,571141
769,"Kirmayr, Carlos",0,0,0,570207
770,"Oswald, Philipp",145452,1600,143852,569722
771,"Wibier, Fernon",0,0,0,563876
772,"Luna, Fernando",0,0,0,561404
773,"Zverev, Alexander",372891,355607,17284,561300
774,"Lee, Martin",0,0,0,561085
775,"Millot, Vincent",120121,117854,2267,560905
776,"Veic, Antonio",23272,22631,641,560485
777,"Brown, Jimmy",0,0,0,560131
778,"Stebe, Cedrik-Marcel",584,584,0,558568
779,"Zhang, Ze",146968,130274,16694,554674
780,"Bagnis, Facundo",131179,123072,8107,554506
781,"Klahn, Bradley",14590,13240,1350,554092
782,"Krajicek, Austin",299476,242265,57211,553207
783,"Bryan, Steve",0,0,0,552962
784,"Healey, Nathan",0,0,0,552190
785,"Prodon, Eric",0,0,0,551992
786,"Matuszewski, Richard",0,0,0,551306
787,"Kilderry, Paul",0,0,0,551195
788,"Lapentti, Giovanni",47206,42715,4491,549840
789,"De Chaunac, Sebastien",0,0,0,547906
790,"Luzzi, Federico",0,0,0,544562
791,"Ruah, Maurice",0,0,0,542546
792,"Herrera, Luis",0,0,0,542438
793,"Taino, Eric",0,0,0,542367
794,"Nelson, Todd",0,0,0,541277
795,"Mertl, Jan",76577,69687,6890,541058
796,"Millman, John",277864,267266,10598,539720
797,"Dupre, Pat",0,0,0,533743
798,"Lammer, Michael",10035,910,9125,533475
799,"Monroe, Nicholas",106988,477,106511,533422
800,"Zelenay, Igor",38155,0,38155,533399
801,"Silva, Julio",0,0,0,531580
802,"Niemeyer, Frederic",0,0,0,530673
803,"Huet, Stephane",0,0,0,529583
804,"Roche, Tony",0,0,0,529199
805,"Smith, Roger",0,0,0,528200
806,"Cannon, Shelby",0,0,0,526800
807,"Tramacchi, Peter",0,0,0,526544
808,"Guardiola, Thierry",0,0,0,525936
809,"Rola, Blaz",181228,172866,8362,524272
810,"Hadad, Mauricio",0,0,0,523801
811,"Parmar, Arvind",0,0,0,519643
812,"Moser, Frank",39401,390,39011,518813
813,"Borwick, Neil",0,0,0,517035
814,"Viola, Matteo",58040,51421,6619,515340
815,"Hantschk, Markus",0,0,0,514852
816,"Duncan, Lawson",0,0,0,514450
817,"Bale, Lan",0,0,0,514265
818,"Fontang, Frederic",0,0,0,513509
819,"Meffert, Dominik",10801,0,10801,513278
820,"Pospisil, Jaroslav",32601,29234,3367,510145
821,"Elias, Gastao",110403,101836,8567,509244
822,"Benhabiles, Tarik",0,0,0,505471
823,"Renzenbrink, Joern",0,0,0,504929
824,"Merklein, Mark",0,0,0,502870
825,"Nainkin, David",0,0,0,501132
826,"Groen, Sander",1460,0,1460,501013
827,"Weiss, Robbie",0,0,0,499723
828,"Draganja, Marin",188820,0,188820,498929
829,"Weiner, Glenn",0,0,0,498614
830,"Van't Hof, Robert",0,0,0,496384
831,"Kempers, Tom",0,0,0,494330
832,"Albot, Radu",223522,141350,82172,493574
833,"Manson, Bruce",0,0,0,492338
834,"Ran, Eyal",0,0,0,492055
835,"Thorne, Kenny",0,0,0,492045
836,"Vagnozzi, Simone",344,344,0,490559
837,"Evans, Daniel",47905,47053,852,489493
838,"Kontinen, Henri",266094,0,266094,488965
839,"Smith, John-Patrick",191786,174029,17757,488676
840,"Bergh, Rikard",0,0,0,488500
841,"Bertolini, Massimo",0,0,0,487354
842,"Anger, Matt",0,0,0,486506
843,"Campbell, Steve",0,0,0,484898
844,"Stanoytchev, Orlin",0,0,0,484515
845,"Gonzalez, Francisco",0,0,0,483023
846,"Vinck, Christian",0,0,0,482534
847,"Puentes, German",0,0,0,481369
848,"Arnaboldi, Andrea",164213,152810,11403,480688
849,"Hooper, Chip",0,0,0,479798
850,"Elseneer, Gilles",0,0,0,477809
851,"Motomura, Gouichi",0,0,0,477077
852,"Bengoechea, Eduardo",0,0,0,476094
853,"Alund, Martin",440,260,180,475938
854,"Canter, Jonathan",0,0,0,474516
855,"Haehnel, Jerome",0,0,0,472122
856,"Skupski, Ken",29447,0,29447,468232
857,"Shiras, Leif",0,0,0,467156
858,"Bowen, Devin",0,0,0,466878
859,"Wuyts, Bart",0,0,0,465408
860,"Cancellotti, Francesco",0,0,0,464876
861,"Wahlgren, Lars-Anders",0,0,0,464310
862,"Altur, Jose Francisco",0,0,0,463453
863,"Marx, Philipp",0,0,0,463260
864,"Amritraj, Prakash",0,0,0,460805
865,"Bubka, Sergei",962,104,858,460341
866,"Dustov, Farrukh",80699,75915,4784,456579
867,"Hernandez, Alejandro",0,0,0,456412
868,"Panatta, Claudio",0,0,0,455711
869,"Walts, Butch",0,0,0,454343
870,"Sapsford, Danny",0,0,0,450722
871,"Wekesa, Paul",0,0,0,448114
872,"Sirianni, Joseph",0,0,0,447569
873,"Doohan, Peter",0,0,0,446667
874,"Kroon, Nicklas",0,0,0,446524
875,"Landsberg, Johan",54,0,54,444593
876,"Edwards, Eddie",0,0,0,441869
877,"Fetterlein, Frederik",0,0,0,441561
878,"Azar, Roberto",0,0,0,441303
879,"Williams, Rhyne",13909,11923,1986,439353
880,"Poliakov, Dimitri",0,0,0,438529
881,"Thomann, Nicolas",0,0,0,437629
882,"Rebolledo, Pedro",0,0,0,435551
883,"Ghem, Andre",83770,75998,7772,434410
884,"Shimada, Thomas",0,0,0,433946
885,"Van Patten, Vincent",0,0,0,433522
886,"Limberger, Carl",0,0,0,431503
887,"Pridham, Chris",0,0,0,431272
888,"Cervantes, Inigo",104036,96929,7107,430251
889,"Van der Merwe, Izak",0,0,0,430017
890,"Recouderc, Laurent",780,584,196,429305
891,"Manta, Lorenzo",0,0,0,429102
892,"Goodall, Josh",630,414,216,428956
893,"Junaid, Rameez",92421,0,92421,427321
894,"Klein, Brydan",110763,102219,8544,422484
895,"Klec, Ivo",13754,11413,2341,421632
896,"Sidorenko, Alexandre",29315,22063,7252,420592
897,"Sznajder, Andrew",0,0,0,419995
898,"Marcelino, Danilo",0,0,0,419467
899,"Vasek, Radomir",0,0,0,418622
900,"Moriya, Hiroki",125238,121590,3648,416559
901,"Basilashvili, Nikoloz",299864,296200,3664,414616
902,"Ouahab, Lamine",43529,38842,4687,413270
903,"Chamberlin, Paul",0,0,0,410831
904,"Evans, Brendan",0,0,0,410076
905,"Edmund, Kyle",212325,204794,7531,409723
906,"Guzman, Juan-Pablo",0,0,0,408122
907,"Winitsky, Van",0,0,0,408120
908,"De Palmer, Mike",0,0,0,406143
909,"Yani, Michael",0,0,0,403300
910,"Solves, Gerard",0,0,0,403190
911,"Economidis, Konstantinos",1660,1106,554,403020
912,"Ratiwatana, Sonchat",13462,0,13462,402570
913,"Baker, Jamie",0,0,0,401380
914,"Strelba, Martin",0,0,0,400835
915,"Masso, Eduardo",0,0,0,400093
916,"Martin, Andrej",68059,53024,15035,399546
917,"Bednarek, Tomasz",19829,0,19829,399217
918,"Bathman, Ronnie",0,0,0,398055
919,"Witten, Jesse",7562,6870,692,396681
920,"Bachelot, Jean-Francois",0,0,0,395248
921,"Simoni, Alexandre",0,0,0,394788
922,"Ratiwatana, Sanchai",13462,0,13462,394472
923,"Wu, Di",81006,69022,11984,392964
924,"Thoms, Arne",0,0,0,392232
925,"Maurer, Andreas",0,0,0,391562
926,"Coutelot, Nicolas",0,0,0,390290
927,"Osterthun, Ricki",0,0,0,390259
928,"Arguello, Facundo",120866,110841,10025,388851
929,"Ferreiro, Franco",519,0,519,388719
930,"Rive, Joey",0,0,0,388558
931,"Dier, Dirk",0,0,0,388546
932,"Ellwood, Ben",0,0,0,388461
933,"Fukarek, Ota",0,0,0,387322
934,"Naso, Gianluca",32912,28407,4505,387183
935,"Emmrich, Martin",18180,0,18180,386542
936,"Chen, Ti",62120,48331,13789,385399
937,"Kindlmann, Dieter",0,0,0,381485
938,"Fleishman, Zack",0,0,0,381160
939,"Vanni, Luca",235515,229245,6270,380963
940,"Leach, Mike",0,0,0,379811
941,"Fabbiano, Thomas",97004,91482,5522,379349
942,"Snobel, Pavel",0,0,0,377192
943,"Ignatik, Uladzimir",45352,40134,5218,377176
944,"Noszaly, Sandor",0,0,0,376265
945,"Testerman, Ben",0,0,0,375659
946,"Middleton, T.J.",0,0,0,374521
947,"Montcourt, Mathieu",0,0,0,374461
948,"Browne, Federico",0,0,0,370589
949,"Donnelly, Gary",0,0,0,370579
950,"Pavic, Mate",114349,12084,102265,370305
951,"Winogradsky, Eric",0,0,0,370072
952,"Elsner, Daniel",0,0,0,369334
953,"Bahrami, Mansour",0,0,0,368780
954,"Holmes, Greg",0,0,0,368690
955,"Engel, David",0,0,0,363721
956,"Rehnquist, Bjorn",0,0,0,363078
957,"Oresar, Bruno",0,0,0,361152
958,"Molchanov, Denys",53623,35492,18131,359462
959,"Chung, Hyeon",292929,283209,9720,357595
960,"Oliver, Graydon",0,0,0,357113
961,"Shamasdin, Adil",95184,0,95184,356301
962,"Balleret, Benjamin",34072,22401,11671,356144
963,"Smeets, Robert",0,0,0,355595
964,"Miranda, Ivan",0,0,0,355570
965,"Weintraub, Amir",48798,40189,8609,355520
966,"Gehring, Rolf",0,0,0,355057
967,"Martin, David",0,0,0,354753
968,"Paloheimo, Veli",0,0,0,353661
969,"Jenkins, Scoville",0,0,0,353515
970,"Desein, Niels",55970,52595,3375,353120
971,"Bloomfield, Richard",5752,5752,0,352855
972,"Grant, Geoff",0,0,0,351932
973,"Venus, Michael",138817,17235,121582,351081
974,"Kruger, Stefan",0,0,0,350994
975,"Eysseric, Jonathan",39866,33932,5934,350235
976,"Laurendeau, Martin",0,0,0,349692
977,"Sitak, Artem",133817,2460,131357,348368
978,"Hocevar, Ricardo",7601,5751,1850,345631
979,"Castle, Andrew",0,0,0,344338
980,"Cecchinato, Marco",160575,145162,15413,343527
981,"Roese, Fernando",0,0,0,341334
982,"Bhambri, Yuki",118565,110685,7880,339119
983,"Keretic, Damir",0,0,0,338421
984,"Pretzsch, Axel",0,0,0,336815
985,"Garnett, Bret",0,0,0,336551
986,"Yang, Tsung-Hua",46861,37167,9694,336165
987,"Carlsson, Johan",0,0,0,335509
988,"Anzari , Tomas",0,0,0,335020
989,"Mertens, Yannick",66975,61959,5016,334577
990,"Marti, Javier",22215,21903,312,332875
991,"Amritraj, Anand",0,0,0,332133
992,"Fredriksson, Patrik",0,0,0,331508
993,"Crugnola, Marco",0,0,0,331072
994,"Middelkoop, Matwe",36679,3033,33646,330108
995,"Salamanca, Carlos",3101,2781,320,330097
996,"Hocevar, Marcos",0,0,0,330047
997,"Iwabuchi, Satoshi",0,0,0,329243
998,"Decoud, Sebastian",0,0,0,328980
999,"Charpentier, Marcelo",0,0,0,328886
1000,"Flegl, Vojtech",0,0,0,328104
1001,"Ryderstedt, Michael",0,0,0,327437
1002,"Dowdeswell, Colin",0,0,0,327277
1003,"Coupe, Brandon",0,0,0,326938
1004,"Simpson, Russell",0,0,0,326467
1005,"Ocleppo, Gianni",0,0,0,325570
1006,"Simonsson, Hans",0,0,0,325035
1007,"Saville, Luke",131443,119124,12319,324355
1008,"Teixeira, Maxime",38431,25818,12613,324012
1009,"Kempes, Edwin",0,0,0,322221
1010,"Wakefield, Myles",0,0,0,321107
1011,"Azzaro, Leonardo",0,0,0,320438
1012,"Martelli, Marzio",0,0,0,320131
1013,"Jones, Greg",2052,1872,180,319777
1014,"Trifu, Gabriel",0,0,0,319110
1015,"Burrieza-Lopez, Oscar",150,0,150,318724
1016,"Doyle, Grant",0,0,0,318037
1017,"Clezar, Guilherme",90850,84680,6170,317146
1018,"Goossens, Kris",0,0,0,316648
1019,"Cowan, Barry",0,0,0,315856
1020,"Potier, Jerome",0,0,0,315454
1021,"Arriens, Carsten",0,0,0,314588
1022,"Cierro, Massimo",0,0,0,313726
1023,"Andersen, Jan Frode",0,0,0,312946
1024,"Hirszon, Sasa",0,0,0,312767
1025,"Aguilar, Jorge",9269,6340,2929,312371
1026,"Phillips, Tripp",0,0,0,311162
1027,"Daniel, Taro",131255,130284,971,310452
1028,"Vico, Uros",0,0,0,309892
1029,"Navarra, Mose",0,0,0,309483
1030,"Reid, Matt",41053,23117,17936,308429
1031,"Giammalva, Tony",0,0,0,307994
1032,"Naewie, Markus",0,0,0,307182
1033,"Larkham, Todd",0,0,0,306108
1034,"Costa, Francisco",0,0,0,305428
1035,"Authom, Maxime",55377,51335,4042,305299
1036,"Mitchell, Matt",0,0,0,303978
1037,"Skugor, Franko",46658,33031,13627,302510
1038,"Reid, Todd",0,0,0,302000
1039,"Warburg, Sam",0,0,0,301995
1040,"Cervenak, Pavol",258,258,0,301988
1041,"Noteboom, Stephen",0,0,0,301344
1042,"Lojda, Dusan",15077,12836,2241,301046
1043,"Massa, Edgardo",0,0,0,300279
1044,"Lopez, German",0,0,0,298869
1045,"Birner, Stanislav",0,0,0,298727
1046,"Pavic, Ante",35718,32026,3692,298572
1047,"Jones, Alun",0,0,0,298154
1048,"Wostenholme, Martin",0,0,0,298147
1049,"Kutsenko, Vadim",0,0,0,297093
1050,"Behr, Noam",144,0,144,296611
1051,"Schwaier, Hans",0,0,0,295886
1052,"Bourne, Lloyd",0,0,0,295736
1053,"Witt, David",0,0,0,295543
1054,"Dasnieres de Veigy, Jonathan",0,0,0,294812
1055,"Sell, Michael",0,0,0,294371
1056,"Prpic, Filip",0,0,0,293095
1057,"Cakl, Tomas",36,0,36,293005
1058,"Ostoja, Marko",0,0,0,292826
1059,"Melzer, Gerald",97799,94784,3015,292584
1060,"Acuna, Ricardo",0,0,0,291650
1061,"Jonsson, Fredrik",0,0,0,291169
1062,"Messori, Filippo",0,0,0,291151
1063,"Stefanki, Larry",0,0,0,290073
1064,"Faurel, Jean-Christophe",0,0,0,289530
1065,"Stoppini, Andrea",0,0,0,289443
1066,"Frawley, John",0,0,0,289416
1067,"Colombo, Simone",0,0,0,289230
1068,"Doumbia, Yahiya",0,0,0,287231
1069,"Knittel, Bastian",0,0,0,287072
1070,"Ymer, Elias",232234,229229,3005,284681
1071,"Krajan, Zeljko",0,0,0,284128
1072,"Ghedin, Riccardo",23950,11195,12755,283338
1073,"Dilucia, David",0,0,0,281857
1074,"Kim, Alex",0,0,0,281041
1075,"Simonsson, Stefan",0,0,0,278086
1076,"Mektic, Nikola",36487,26420,10067,277896
1077,"Jabali, Roberto",0,0,0,277807
1078,"Ingaramo, Marcelo",0,0,0,276559
1079,"Olivetti, Albano",0,0,0,275808
1080,"Stenlund, Ulf",0,0,0,274501
1081,"Craca, Marcello",0,0,0,273659
1082,"Demoliner, Marcelo",75134,11910,63224,273346
1083,"Rehmann, Lars",0,0,0,271500
1084,"Gombos, Norbert",101141,94132,7009,270827
1085,"Minar, Jan",0,0,0,270013
1086,"Hadad, Amir",0,0,0,269231
1087,"Couto, Emanuel",0,0,0,269186
1088,"Andreozzi, Guido",69117,60033,9084,268698
1089,"Schoorel, Thomas",3486,3432,54,267992
1090,"Lopez Jaen, Miguel Angel",400,156,244,267794
1091,"Serrano, Oscar",0,0,0,267670
1092,"Mortensen, Michael",0,0,0,267435
1093,"Giannessi, Alessandro",30221,21864,8357,265456
1094,"Koslowski, Lars",0,0,0,265437
1095,"Donaldson, Jared",174138,172588,1550,264665
1096,"Cassidy, Dan",0,0,0,263755
1097,"Ledovskikh, Mikhail",7540,7395,145,262914
1098,"Baccanello, Paul",0,0,0,261855
1099,"Carrasco, Juan Ignacio",0,0,0,261327
1100,"Sergeyev, Ivan",0,0,0,260943
1101,"Feigl, Peter",0,0,0,260885
1102,"Auckland, James",0,0,0,260610
1103,"Nishioka, Yoshihito",178374,175764,2610,260182
1104,"Granollers, Gerard",28879,18646,10233,258828
1105,"Navarro, Salvador",0,0,0,257406
1106,"Rahunen, Aki",0,0,0,257054
1107,"Mazarakis, Vasilis",0,0,0,256787
1108,"Frawley, Rod",0,0,0,256333
1109,"Westphal, Michael",0,0,0,255317
1110,"Scherrer, Jean-Claude",0,0,0,255121
1111,"Aldi, Francesco",0,0,0,254542
1112,"Mota, Bernardo",0,0,0,253659
1113,"Steyn, Christo",0,0,0,253361
1114,"Michon, Axel",37868,28677,9191,253097
1115,"Daufresne, Xavier",0,0,0,252896
1116,"Martin, Fabrice",83469,18986,64483,252677
1117,"Molteni, Andres",40076,15099,24977,251833
1118,"Utgren, Nicklas",0,0,0,251285
1119,"Dorsch, Benedikt",0,0,0,251123
1120,"Gensse, Augustin",0,0,0,250651
1121,"Van Garsse, Christophe",0,0,0,249730
1122,"Willenborg, Blaine",0,0,0,249307
1123,"Fucsovics, Marton",83568,81562,2006,248561
1124,"Morejon, Luis Adrian",0,0,0,247814
1125,"Anderson, Johan",0,0,0,247738
1126,"MacLagan, Miles",0,0,0,247737
1127,"Niland, Conor",0,0,0,247686
1128,"Mitchell, Benjamin",46031,37414,8617,247631
1129,"Olaso, Guillermo",0,0,0,247035
1130,"Richardson, Andrew",0,0,0,246675
1131,"Lapidus, Jay",0,0,0,246102
1132,"Feeney, Adam",0,0,0,246101
1133,"Rahnasto, Olli",0,0,0,245624
1134,"Svantesson, Tobias",0,0,0,245564
1135,"Cortes, Sergio",0,0,0,244706
1136,"Sekulov, James",0,0,0,244696
1137,"Gallardo-Valles, Miguel",0,0,0,243949
1138,"Fraile, Gorka",0,0,0,243795
1139,"Motti, Alessandro",16020,0,16020,243624
1140,"Podlipnik-Castillo, Hans",59817,39676,20141,243210
1141,"Rettenmaier, Travis",0,0,0,243091
1142,"Garrow, Brian",0,0,0,242556
1143,"Winnink, Joost",0,0,0,242379
1144,"Elter, Peter",0,0,0,242362
1145,"Meinecke, Tore",0,0,0,242301
1146,"Garner, Chris",0,0,0,242281
1147,"Trujillo-Soler, Gabriel",0,0,0,242179
1148,"Cox, Daniel",20049,19038,1011,241634
1149,"Cihak, Josef",0,0,0,241359
1150,"Arguello, Roberto",0,0,0,241299
1151,"McGee, James",57253,57253,0,240682
1152,"Dzelde, Girts",0,0,0,240274
1153,"Martinez, Oscar",0,0,0,240090
1154,"Gong, Mao-Xin",32291,2850,29441,239608
1155,"Widom, Todd",0,0,0,239052
1156,"Zampieri, Caio",16915,13436,3479,238717
1157,"Carter, David",0,0,0,238612
1158,"Mordegan, Federico",0,0,0,236608
1159,"Siljestrom, Andreas",33536,0,33536,236431
1160,"Salumaa, Sven",0,0,0,236003
1161,"Puetz, Tim",60956,55315,5641,235050
1162,"Burquier, Gregoire",4590,2908,1682,234673
1163,"Satschko, Alexander",50199,0,50199,234424
1164,"Meister, Steve",0,0,0,233795
1165,"Aerts, Nelson",0,0,0,233278
1166,"Matsukevich, Denis",5370,3039,2331,233176
1167,"Rosner, Paul",0,0,0,232555
1168,"Carballes Baena, Roberto",92271,85713,6558,231936
1169,"Kralert, Petr",0,0,0,231463
1170,"Allgardh, Christer",0,0,0,231280
1171,"Capkovic, Kamil",480,380,100,229227
1172,"Mecir, Miloslav",7697,7149,548,228362
1173,"Kowalczyk, Mateusz",28988,1258,27730,228155
1174,"Lopez-Maeso, Jose",0,0,0,227600
1175,"Portes, Pascal",0,0,0,227283
1176,"Laaksonen, Henri",40184,31243,8941,225760
1177,"Jeanpierre, Julien",0,0,0,225543
1178,"Westerhof, Boy",28868,25061,3807,225209
1179,"Jouan, Romain",3561,2264,1297,224366
1180,"Golovanov, Denis",0,0,0,223998
1181,"Melo, Daniel",0,0,0,223693
1182,"Echagaray, Bruno",0,0,0,222895
1183,"Brugues-Davi, Arnau",0,0,0,222854
1184,"Rublev, Andrey",191601,157522,34079,222429
1185,"Li, Zhe",31571,22990,8581,222277
1186,"Moldovan, Ion",0,0,0,222260
1187,"Matsui, Toshihide",19477,7341,12136,221028
1188,"Basic, Mirza",60661,58735,1926,220624
1189,"Robertson, Michael",0,0,0,218827
1190,"DeHeart, Ryler",0,0,0,218358
1191,"Schneiter, Andres",0,0,0,217790
1192,"Bolt, Alex",58907,36262,22645,217719
1193,"Felder, Marcel",0,0,0,217371
1194,"Tenconi, Tomas",0,0,0,217290
1195,"Lindahl, Nick",0,0,0,217220
1196,"Kuharszky, Zoltan",0,0,0,217169
1197,"Avendano, Juan",0,0,0,216639
1198,"Navratil, Jaroslav",0,0,0,216482
1199,"Beckman, Charles",0,0,0,215307
1200,"Grigelis, Laurynas",27185,18411,8774,215080
1201,"Buchanan, Chase",58110,47074,11036,214967
1202,"Brizzi, Alberto",0,0,0,214785
1203,"Van Gemerden, Melle",0,0,0,214727
1204,"Koves, Gabor",0,0,0,214507
1205,"Renavand, Nicolas",0,0,0,213884
1206,"Popp, Wolfgang",0,0,0,213504
1207,"Moyano, Diego",0,0,0,213394
1208,"Maciel, Francisco",0,0,0,213185
1209,"Setkic, Aldin",47781,44212,3569,212945
1210,"Olivo, Renzo",67614,60115,7499,212461
1211,"Chang, Albert",0,0,0,212100
1212,"Garza, Daniel",22880,18841,4039,211523
1213,"Gitlin, Drew",0,0,0,211109
1214,"Duclos, Pierre-Ludovic",0,0,0,210912
1215,"Meneschincheri, Marco",0,0,0,208940
1216,"Bailey, Chris",0,0,0,208917
1217,"Trungelliti, Marco",49766,45023,4743,208858
1218,"Derlin, Bruce",0,0,0,208630
1219,"Luza, Gustavo",0,0,0,208619
1220,"Cruciat, Adrian",0,0,0,208556
1221,"Bester, Philip",56068,43186,12882,206685
1222,"Fornell-Mestres, Marc",2854,1188,1666,206436
1223,"Wiltschnig, Herbert",0,0,0,206275
1224,"Perkiss, Shahar",0,0,0,206224
1225,"Aranguren, Juan-Martin",0,0,0,206172
1226,"Larose, Simon",0,0,0,205394
1227,"Carlsson, Marcio",0,0,0,205297
1228,"Flur, Marc",0,0,0,204967
1229,"Quintero, Michael",1857,1793,64,204462
1230,"Raja, Purav",42269,692,41577,203873
1231,"Fratangelo, Bjorn",141565,130688,10877,203113
1232,"Statham, Jose",20797,15531,5266,202248
1233,"Childs, Lee",0,0,0,201900
1234,"Ebelthite, Colin",0,0,0,201516
1235,"McGuire, Wade",0,0,0,201114
1236,"Tous, Alberto",0,0,0,200221
1237,"Sorensen, Louk",3783,3783,0,199032
1238,"Yunis, Francisco",0,0,0,198607
1239,"Velotti, Agustin",12898,11643,1255,198351
1240,"Roditi, David",0,0,0,198155
1241,"Schultz, Bud",0,0,0,197894
1242,"Barbosa, Givaldo",0,0,0,197465
1243,"Fromm, Eric",0,0,0,197330
1244,"Ciric, Nikola",0,0,0,197303
1245,"Kley, Ivan",0,0,0,196614
1246,"Broady, Liam",127553,115703,11850,196377
1247,"Barthez, Lionel",0,0,0,196324
1248,"Brown, Nick",0,0,0,195180
1249,"Conde, Jose Antonio (Pepe)",0,0,0,195135
1250,"Szymanski, Jimy",0,0,0,194839
1251,"El Sawy, Tamer",0,0,0,193953
1252,"Jun, Woong-Sun",3132,2960,172,193790
1253,"Whitehouse, Wesley",1505,172,1333,193676
1254,"Moir, Barry",0,0,0,193347
1255,"Villagran, Cristian",1300,1192,108,192894
1256,"Segarceanu, Florin",0,0,0,192212
1257,"Eitzinger, Rainer",64,0,64,192197
1258,"Deppe, Royce",0,0,0,192064
1259,"Sharan, Divij",16987,1872,15115,191740
1260,"Simmonds, Phillip",502,502,0,191421
1261,"Yoon, Yong-Il",0,0,0,190990
1262,"Rascon-Lope, Juan-Luis",0,0,0,190867
1263,"Dell'Acqua, Massimo",0,0,0,190825
1264,"Coppejans, Kimmer",107661,104751,2910,190704
1265,"Lindell, Christian",76118,71463,4655,190585
1266,"Kaplan, Mark",0,0,0,189570
1267,"Viver, Raul Antonio",0,0,0,189118
1268,"Vysand, Andres",0,0,0,188934
1269,"Todero, Nicolas",0,0,0,188600
1270,"Varlet, Julien",0,0,0,188412
1271,"Saad, Roberto",0,0,0,188147
1272,"Fillol Sr., Jaime",0,0,0,187169
1273,"Im, Kyu Tae",0,0,0,186974
1274,"Fruttero, John Paul",3128,0,3128,186548
1275,"Olejniczak, Dawid",0,0,0,185982
1276,"Ortiz, Oscar",0,0,0,185806
1277,"Crabb, Jaymon",0,0,0,185771
1278,"Merinov, Andrei",0,0,0,185632
1279,"Sandgren, Tennys",36154,27370,8784,184891
1280,"Juska, Andis",0,0,0,184884
1281,"Poch-Gradin, Carlos",36,0,36,184376
1282,"Musa, Daniele",0,0,0,183355
1283,"Tavares, Leonardo",2477,1052,1425,183160
1284,"Terachi, Takahiro",0,0,0,182784
1285,"Gigounon, Germain",72114,67964,4150,181903
1286,"Del Rio, Diego",0,0,0,181755
1287,"Semjan, Marek",2450,2386,64,181576
1288,"Mackin, Alan",0,0,0,181136
1289T,"Barrientos, Nicolas",45341,29926,15415,181104
1289T,"Gamonal, Hermes",0,0,0,181104
1291,"Novikov, Dennis",92013,73351,18662,180993
1292,"Nemecek, Libor",0,0,0,180351
1293,"Freeman, Marcel",0,0,0,180275
1294,"Veronelli, Diego",0,0,0,179686
1295,"Pawsat, Tim",0,0,0,179360
1296,"Kondo, Hiroki",4702,3272,1430,179144
1297,"Kirillov, Evgeny",36,0,36,179027
1298,"Diez, Steven",10200,9084,1116,178847
1299,"Hjertquist, Per",0,0,0,178667
1300,"Cabello, Francisco",100,0,100,178075
1301,"Smethurst, Daniel",13817,10719,3098,176892
1302,"Gregorc, Luka",0,0,0,176066
1303,"Rieschick, Sebastian",0,0,0,175839
1304,"Kretschmer, Gero",45113,520,44593,175725
1305,"Santos, Pablo",0,0,0,175723
1306,"Panfil, Grzegorz",16149,13791,2358,175508
1307,"Devening, Brian",0,0,0,175493
1308,"King-Turner, Daniel",0,0,0,175333
1309,"Artoni, Enzo",0,0,0,174943
1310,"Green, Bob",0,0,0,174337
1311,"Uchiyama, Yasutaka",50002,43299,6703,173773
1312,"Brasington, Jack",0,0,0,173770
1313,"Samper-Montana, Jordi",43298,40752,2546,173752
1314,"Cook, Lester",0,0,0,173600
1315,"Di Laura, Carlos",0,0,0,173556
1316,"Hilton, Mark",0,0,0,173513
1317,"Sousa, Pedro",21981,19189,2792,173169
1318,"Erlich, Eyal",0,0,0,172773
1319,"Stringari, Martin",0,0,0,172652
1320,"Checa-Calvo, Jose",10664,9066,1598,172526
1321,"Wolmarans, Fritz",6619,6555,64,172382
1322,"Bruno, Nicola",0,0,0,171486
1323,"Slanar, Martin",0,0,0,171093
1324,"Giorgini, Daniele",5283,4218,1065,170869
1325,"Lucena, Matt",0,0,0,170523
1326,"Betov, Sergey",61575,5373,56202,170060
1327,"Moraru, Gabriel",0,0,0,169856
1328,"Kohlberg, Andy",0,0,0,169395
1329,"Eaton, Chris",0,0,0,168596
1330,"Baguena, Juan Carlos",0,0,0,168464
1331,"Foster, Andrew",0,0,0,168329
1332,"Schranz, Wolfgang",0,0,0,168313
1333,"Scala, Davide",0,0,0,168066
1334,"Romboli, Fernando",24761,16944,7817,167982
1335,"Stankovic, Branislav",0,0,0,167847
1336,"Nieminen, Timo",0,0,0,167767
1337,"Rochette, Laurent",11897,9666,2231,167593
1338,"Struvay, Eduardo",35756,24701,11055,167054
1339,"Karatsev, Aslan",77840,69406,8434,166577
1340,"Gurfein, Jim",0,0,0,166472
1341,"Ireland, Jon",0,0,0,166355
1342,"Nielsen, Mark",0,0,0,166271
1343,"Delfino, Mariano",100,0,100,166257
1344,"Bower, Justin",0,0,0,166067
1345,"Petrovic, Dejan",0,0,0,165819
1346,"Woehrmann, Jens",0,0,0,165790
1347,"Valeri, Massimo",0,0,0,164828
1348,"Oudsema, Scott",0,0,0,164610
1349,"Ardinghi, Massimo",0,0,0,164274
1350,"Dunk, Chris",0,0,0,164030
1351,"Mankad, Harsh",0,0,0,163939
1352,"Alcaide, Guillermo",36,0,36,163651
1353,"Chvojka, Erik",0,0,0,163316
1354,"Thompson, Jordan",76379,69986,6393,163018
1355,"Guy, Steve",0,0,0,162353
1356,"De Miguel, David",0,0,0,162266
1357,"Menezes, Mauro",0,0,0,162044
1358,"Bury, Aliaksandr",72954,0,72954,161731
1359,"Delic, Mate",37341,35047,2294,161206
1360,"Bai, Yan",65904,53328,12576,161199
1361,"Saoudi, Slimane",0,0,0,161196
1362,"Ghareeb, Mohammad",474,0,474,160611
1363,"Summerer, Tobias",0,0,0,160426
1364,"Langer, Nils",52256,45823,6433,159239
1365,"Nunez, Eric",0,0,0,159055
1366,"Lugassy, Gary",192,0,192,158482
1367,"Torebko, Peter",19057,17739,1318,158324
1368,"Tuksar, Sasa",0,0,0,158262
1369,"Gloria, Louis",0,0,0,158068
1370,"Henricsson, Per",0,0,0,158044
1371,"Safwat, Mohamed",36169,31905,4264,157563
1372,"Miele, Andre",8193,5100,3093,157369
1373,"Van Der Duim, Antal",12091,7976,4115,156223
1374,"Ross, John",0,0,0,156098
1375T,"Korita, Eric",0,0,0,155943
1375T,"Rice, David",11713,7648,4065,155943
1377,"Lopez-Perez, Enrique",19430,14616,4814,155649
1378,"Doyle, Matt",0,0,0,155442
1379,"Gard, Catalin-Ionut",1808,916,892,154717
1380,"Smirnov, Artem",27460,25127,2333,154571
1381,"Briggs, Mike",0,0,0,154114
1382,"Windahl, Jorgen",0,0,0,152785
1383,"Acioly, Ricardo",0,0,0,152766
1384,"Kowalski, Wojtek",0,0,0,152514
1385,"Daniell, Marcus",74360,770,73590,152267
1386,"Pequery, Jean-Michel",108,0,108,152149
1387,"Goes, Julio",0,0,0,151995
1388,"Ganzabal, Alejandro",0,0,0,151882
1389,"King, Phillip",0,0,0,151763
1390,"Visconti, Mario",0,0,0,151136
1391,"Duran, Guillermo",54402,1755,52647,150865
1392,"Milligan, Luke",0,0,0,150362
1393,"Androic, Toni",19071,17111,1960,150212
1394,"Nido, Miguel",0,0,0,150021
1395,"Kedryuk, Alexey",420,312,108,149645
1396,"Brown, Jeff",0,0,0,149541
1397,"Gisbert Jr, Juan",0,0,0,149429
1398,"Vojtischek, Paul",0,0,0,149428
1399,"Mancisidor, Alejo",0,0,0,149180
1400,"Fernandez, Oliver",0,0,0,148944
1401,"Kirche, Leonardo",6455,5541,914,148456
1402,"Ionita, Victor",0,0,0,147106
1403,"Krocsko, Jozsef",0,0,0,146884
1404,"Balazs, Attila",0,0,0,146830
1405,"Tourte, Nicolas",0,0,0,146206
1406,"Grassi, Claudio",3037,974,2063,146054
1407,"Chadaj, Adam",1414,952,462,145999
1408,"Adaktusson, Jacob",3628,3376,252,145751
1409,"Sarstrand, Marcus",0,0,0,145732
1410,"Campozano, Julio Cesar",0,0,0,145730
1411,"Dowlen, David",0,0,0,145552
1412,"Behrens, Bill",0,0,0,145547
1413,"El Amrani, Reda",0,0,0,145522
1414,"Perlant, Jean-Baptiste",0,0,0,145439
1415,"Moreno, Agustin",0,0,0,144576
1416,"Urpi, Gabriel",0,0,0,144450
1417,"Washington, Mashiska",0,0,0,143963
1418,"Trusendi, Walter",3786,2880,906,143901
1419,"Vogel, Richard",0,0,0,143874
1420,"Tosic, Goran",0,0,0,143605
1421,"Aramburu, Alejandro",0,0,0,143267
1422,"McClune, Michael",0,0,0,142880
1423,"Hemmes, Fred",0,0,0,142365
1424,"Silcock, Grant",0,0,0,142184
1425,"Ishii, Yaoki",0,0,0,142174
1426,"Rodrigues, Mathieu",108,0,108,142067
1427,"Borvanov, Roman",0,0,0,142053
1428,"Blake, Thomas",0,0,0,141801
1429,"Larkham, Brent",0,0,0,141612
1430,"Blackman, Martin",0,0,0,141468
1431,"Lee, Hsin-Han",25286,0,25286,141460
1432,"Cadart, Rodolphe",0,0,0,141251
1433,"Palin, Leo",0,0,0,140695
1434,"Gawron, Marcin",8517,6763,1754,140376
1435,"Settergren, Johan",0,0,0,140242
1436,"Gutierrez-Ferrol, Sergio",376,276,100,140144
1437,"Zhyrmont, Dzmitry",24777,22308,2469,140000
1438,"Alvarez, Diego",0,0,0,139675
1439,"Munoz-Hernandez, Joaquin",610,610,0,139658
1440,"Lamasine, Tristan",81558,60588,20970,139529
1441,"Cain, Tom",0,0,0,139482
1442,"Miller , Craig A",0,0,0,139258
1443,"Petrazzuolo, Giancarlo",0,0,0,139004
1444,"Tiafoe, Frances",116492,114407,2085,138381
1445,"Velasco Jr, Jairo",0,0,0,137633
1446,"Flock, Alexander",0,0,0,136571
1447,"De Paula, Fabiano",15851,11287,4564,136308
1448,"Tauson, Michael",0,0,0,136167
1449,"Corrie, Edward",31762,22832,8930,135608
1450,"Reichel, Alexander",0,0,0,135419
1451,"Svarc, Ladislav",0,0,0,135227
1452,"De Armas, Jose",0,0,0,134746
1453,"Khachanov, Karen",65277,61562,3715,134740
1454,"Hippensteel, KJ",0,0,0,134558
1455,"Tideman, Magnus",0,0,0,134531
1456,"Kubler, Jason",30252,29719,533,134526
1457,"Kovalik, Jozef",47150,43767,3383,134448
1458,"Pedersen, Bent-Ove",0,0,0,134339
1459,"Huang, Liang-Chi",27350,22082,5268,134315
1460,"Ramirez, Cesar",19266,1523,17743,134027
1461,"Sanchez, Federico",0,0,0,134015
1462,"Vosloo, Louis",0,0,0,133880
1463,"Vitoux, Frederic",0,0,0,133362
1464,"Ycaza, Ricardo",0,0,0,133237
1465,"Milton, Joshua",27669,26221,1448,133207
1466,"Marti, Yann",14574,14574,0,133058
1467,"Rincon, Mario",0,0,0,132921
1468,"Kosakowski, Daniel",0,0,0,132841
1469,"Wilson, Brian",0,0,0,132648
1470,"Donati, Matteo",94279,84599,9680,132506
1471,"Dutra da Silva, Daniel",8687,7377,1310,131922
1472,"Boeker, Matias",0,0,0,131854
1473,"Galdon, Pablo",140,104,36,131555
1474,"Marcaccio, Gustavo",0,0,0,131434
1475,"Abel, Maximilian",0,0,0,130828
1476,"Propoggia, Dane",25869,21903,3966,130680
1477,"Piccari, Francesco",0,0,0,130638
1478,"Londero, Juan Ignacio",27042,23537,3505,130534
1479,"Vardhan, Vishnu",12061,9047,3014,130072
1480,"Rudnev, Valery",2796,2796,0,129751
1481,"Fabbri, Alejandro",0,0,0,128896
1482,"Motevassel, Oren",0,0,0,128807
1483,"Baron, Ivan",0,0,0,128779
1484,"Craciun, Teodor-Dacian",3648,3350,298,128445
1485,"Tarr, Derek",0,0,0,128284
1486,"Djordjevic, Nebojsa",0,0,0,128135
1487,"Ekerot, David",0,0,0,127909
1488,"Jebavy, Roman",10760,2175,8585,127713
1489,"Shaw, Steve",0,0,0,127632
1490,"El Aarej, Mounir",0,0,0,127514
1491,"Wauters, Stefan",0,0,0,127269
1492,"Kist, Cesar",0,0,0,127040
1493,"Myneni, Saketh",61338,47845,13493,126690
1494,"Bergh, Fredrik",0,0,0,126618
1495,"Marcan, Dino",19338,1780,17558,126345
1496,"Sherwood, David",0,0,0,126338
1497,"Bourgue, Mathias",59315,57699,1616,126326
1498,"Jonsson, Ola",0,0,0,125947
1499,"Whittington, Andrew",37290,10062,27228,125804
1500,"Jenkins, Jarmere",36017,33589,2428,125755
1501,"Tobon, Miguel",0,0,0,125127
1502,"Amado, Juan-Pablo",0,0,0,125049
1503,"Daher, Jose",0,0,0,124483
1504,"Eleskovic, Ervin",0,0,0,124271
1505,"Buchmayer, Thomas",0,0,0,124133
1506,"Luncanu, Petru-Alexandru",14855,9877,4978,123780
1507,"Burzi, Enrico",732,604,128,123297
1508,"Garat, Juan",0,0,0,122941
1509,"Bossel, Adrien",26121,19837,6284,122820
1510,"Levine, Jon",0,0,0,122618
1511,"Mesaros, Kristijan",36,0,36,122350
1512,"Uebel, Lars",0,0,0,122231
1513,"Gattiker, Carlos",0,0,0,121831
1514,"Van Boeckel, Huub",0,0,0,121719
1515,"Perez, Didac",0,0,0,121472
1516,"Lokoli, Laurent",40441,38428,2013,121390
1517,"Roubicek, Vaclav",0,0,0,121317
1518,"Ianni, Stefano",0,0,0,121254
1519,"Gonzalez King, Ignacio",0,0,0,120966
1520,"Bourgeois, Luke",0,0,0,120817
1521,"De Minicis, Alessandro",0,0,0,120206
1522,"Gerasimov, Egor",32111,27372,4739,120165
1523,"Singh, Sanam",30404,21083,9321,119992
1524,"Kauffmann, Cedric",0,0,0,119891
1525,"Mina, Gianni",33462,26156,7306,119537
1526,"Skupski, Neal",29777,0,29777,119243
1527,"Zeng, Shao-Xuan",0,0,0,119093
1528,"Tkalec, Marko",0,0,0,119059
1529,"Reyes-Varela, Miguel Angel",27437,1655,25782,119027
1530,"De Greef, Arthur",32838,32111,727,119020
1531,"Charroin, Olivier",648,0,648,118947
1532,"Trevisan, Matteo",13132,12026,1106,118725
1533,"Gaio, Federico",47313,39437,7876,118550
1534,"Tereshchuk, Orest",0,0,0,118377
1535,"Delatte, Tracy",0,0,0,118340
1536,"Weinzierl, Jan",0,0,0,118107
1537,"Nicolas, Eduardo",0,0,0,117508
1538,"Peralta, Julio",24055,1654,22401,117429
1539,"Krawietz, Kevin",16720,11200,5520,117395
1540,"Iwami, Tasuku",0,0,0,117324
1541,"Collarini, Andrea",10998,6792,4206,117212
1542,"Mor, Lior",0,0,0,117177
1543,"Jakupovic, Alexandros",4011,2282,1729,116707
1544,"Silberstein, Gabriel",0,0,0,116651
1545,"Slabinsky, Alexander",0,0,0,116593
1546,"Heliovaara, Harri",2276,1464,812,116584
1547,"Gomez, Emilio",20719,16144,4575,116464
1548,"Saavedra-Corvalan, Cristobal",7744,5362,2382,116171
1549,"Oger, Thomas",0,0,0,116051
1550,"Sanchez-de Luna, Jose Antonio",0,0,0,115956
1551,"Kokavec, Bobby",0,0,0,115924
1552,"Giustino, Lorenzo",26178,25087,1091,115814
1553,"Pavlasek, Adam",53595,50227,3368,115405
1554,"Kadir, Sadik",0,0,0,115240
1555,"Liukko, Ville",0,0,0,114816
1556,"Ramanathan, Ramkumar",60272,54378,5894,114540
1557,"Ward, Alexander",22683,20611,2072,114319
1558,"Peliwo, Filip",25005,22746,2259,114112
1559,"Caldwell, David",0,0,0,114102
1560,"Imaz-Ruiz, Jose",0,0,0,114053
1561,"Mandl, Gerald",0,0,0,113624
1562,"Hormazabal, Guillermo",0,0,0,113496
1563,"Masson, Jeroen",0,0,0,113066
1564,"Beutel, Hans-Dieter",0,0,0,113016
1565,"Courteau, Loic",0,0,0,113008
1566,"Arnold, Patricio",0,0,0,112935
1567,"Marcora, Roberto",41406,40348,1058,112885
1568,"Rivera, Felipe",0,0,0,112854
1569,"Mmoh, Tony",0,0,0,112557
1570,"Mlynarik, Zbynek",0,0,0,112394
1571,"Lopes, Tiago",5623,3887,1736,112086
1572,"Tiilikainen, Kim",0,0,0,111567
1573,"Alawadhi, Omar",1222,1186,36,111421
1574,"Bruthans, Victor",36,0,36,111244
1575,"Cerovic, Ivan",0,0,0,110558
1576,"Stadler, Roland",0,0,0,110370
1577,"Truyol, Ignacio",0,0,0,109540
1578,"Lim, Yong-Kyu",4270,3566,704,109402
1579,"El Mihdawy, Adam",15110,13024,2086,108752
1580,"Hirigoyen, Ignacio",0,0,0,108737
1581,"Gabrichidze, Vladimir",0,0,0,108548
1582,"Strode, Charles Buzz",0,0,0,108448
1583,"Dunn, Brian",0,0,0,107978
1584,"Robichaud, Jocelyn",0,0,0,107888
1585,"Sitak, Dmitri",222,0,222,107595
1586,"Medica, Eduardo",0,0,0,107359
1587,"Ouellette, Greg",3238,2675,563,107125
1588,"Krueger, Mitchell",50982,43146,7836,106883
1589,"Hanquez, Jerome",0,0,0,106849
1590,"Soules, Olivier",0,0,0,106777
1591,"Coelho, Andrew",0,0,0,106145
1592,"Tabares, Mario",0,0,0,106057
1593,"Eriksson, Stefan",0,0,0,105682
1594,"Brkic, Tomislav",33243,29466,3777,105570
1595,"Michalicka, Marek",28605,24802,3803,105405
1596,"Traykov, Ivaylo",0,0,0,105394
1597,"Mora, Alfonso",0,0,0,105367
1598,"Narducci, Massimiliano",0,0,0,105308
1599,"Migani, Leandro",0,0,0,105192
1600,"Pereira, Jose",23417,21194,2223,105116
1601,"Zekic, Miljan",22199,19576,2623,104876
1602,"Salva-Vidal, Bartolome",0,0,0,104873
1603,"Barton, Matthew",17640,15960,1680,104866
1604,"Lavergne, Regis",0,0,0,104618
1605,"Sikora, Adrian",16087,12897,3190,104602
1606,"Bardoczky, Kornel",0,0,0,104149
1607,"Greenhalgh, James",0,0,0,104001
1608,"Kumantsov, Andrey",0,0,0,103856
1609,"Takeuchi, Kento",12656,11270,1386,103774
1610,"Clavet, Jose",0,0,0,103507
1611,"Randjelovic, Steven",0,0,0,103377
1612,"Baluda, Victor",2664,2056,608,103214
1613,"Marrai, Matteo",0,0,0,103160
1614,"Gaudi, Igor",0,0,0,103002
1615,"Travaglia, Stefano",13453,11176,2277,102972
1616,"Couacaud, Enzo",59905,51833,8072,102809
1617,"Konecny, Michal",16072,12967,3105,102612
1618,"Harmon, Rodney",0,0,0,102003
1619,"Radic, Mario",0,0,0,101843
1620,"Campos, Dacio",0,0,0,101721
1621,"Gauthier, Pier",0,0,0,101628
1622,"Brezac, Charles-Antoine",0,0,0,101482
1623,"Pech, Philippe",0,0,0,101424
1624,"Miketa, David",0,0,0,101371
1625,"Op der Heijde, Melvyn",0,0,0,100988
1626,"Sadecky, Alexander",0,0,0,100501
1627,"Arevalo, Marcelo",24186,17404,6782,100273
1628,"Tomashevich, Dmitri",0,0,0,100223
1629,"Lama, Gonzalo",26000,23804,2196,100096
1630,"McCain, Scott",0,0,0,99991
1631,"Welgreen, Nir",0,0,0,99926
1632,"Zillner, Markus",0,0,0,99911
1633,"Geserer, Michael",0,0,0,99790
1634,"Patriarca, Damian",0,0,0,99782
1635,"Krotiouk, Sergei",0,0,0,99709
1636,"Vlasov, Dmitry",0,0,0,99524
1637,"Weir Smith, Jason",0,0,0,99336
1638,"Zingman, Andy",0,0,0,99269
1639,"Halys, Quentin",75856,68099,7757,99069
1640,"Giron, Marcos",19010,16631,2379,99038
1641,"Ivanov-Smolensky, Kirill",0,0,0,98959
1642,"Peppas, Solon",0,0,0,98878
1643,"Kaneko, Hideki",0,0,0,98787
1644,"Hernandez-Fernandez, Jose",43291,38814,4477,98729
1645,"Cox, Charles Bud",0,0,0,98692
1646,"King, Kevin",25822,19896,5926,98557
1647,"Fulwood, Nick",0,0,0,98425
1648,"Schmidt, Richard",0,0,0,98332
1649,"Jung, Jason",49670,46536,3134,98233
1650,"Trimmel, Clemens",0,0,0,97932
1651,"Clar-Rossello, Pedro",0,0,0,97905
1652,"Leblanc, Sebastien",0,0,0,97899
1653,"Rivera-Aranguiz, Guillermo",8398,6943,1455,97794
1654,"Hawk, Brandon",0,0,0,97578
1655,"Agaev, Emin",0,0,0,97489
1656,"Harper-Griffith, Levar",472,0,472,97075
1657,"Lemke, James",0,0,0,97047
1658,"Strode, Morris Skip",0,0,0,96917
1659,"Endara, Ivan",14557,11331,3226,96780
1660,"Lobkov, Alexander",0,0,0,96642
1661,"Pavlovs, Deniss",0,0,0,96567
1662,"Clemens, Tobias",0,0,0,95871
1663,"Maamoun, Karim",0,0,0,95738
1664,"Crichton, Tim",0,0,0,95519
1665,"Donar, Johan",0,0,0,95363
1666,"Inoyatov, Murad",0,0,0,95310
1667,"Golding, Oliver",96,0,96,95264
1668,"Derepasko, Artem",0,0,0,95261
1669,"Olguin, Leonardo",0,0,0,94988
1670,"Dickinson, Brett",0,0,0,94910
1671,"Rastogi, Karan",0,0,0,94514
1672,"Sabry, Sherif",6734,4832,1902,94507
1673,"Willis, Marcus",11806,8916,2890,94453
1674,"Smit, Jasper",0,0,0,94414
1675,"Velev, Milen",0,0,0,94296
1676,"Durek, Raphael",0,0,0,94218
1677,"Rivas, Guillermo",0,0,0,93919
1678,"Mercer, Tom",0,0,0,93715
1679,"Enev, Todor",0,0,0,93577
1680,"Eisenman, Doug",0,0,0,93466
1681,"Bjelica, Ivan",11081,8380,2701,92992
1682,"Dabrowski, Bartlomiej",0,0,0,92858
1683,"Ferreira, Adriano",0,0,0,92834
1684,"Prieto, Antonio",0,0,0,92509
1685,"Jorquera, Manuel",0,0,0,92176
1686,"Vejmelka, Adam",0,0,0,92064
1687,"Walter, Ludovic",0,0,0,92013
1688,"Ito, Yuichi",5282,3694,1588,91754
1689,"Roelofse, Ruan",19082,5332,13750,91241
1690,"Draper, Mark",0,0,0,91212
1691,"Koolhof, Wesley",34650,1040,33610,91135
1692,"Maggi, Fabio",0,0,0,91039
1693,"Sobel, John",0,0,0,91012
1694,"Obry, Julien",2528,2018,510,90823
1695,"Rackl, Markus",0,0,0,90675
1696,"Angelinos, Theodoros",168,104,64,90621
1697,"Hocevar, Alexandre",0,0,0,90542
1698,"Letts, John",0,0,0,90475
1699,"Crepaldi, Erik",25061,19586,5475,90453
1700,"Karol, Dusan",0,0,0,90450
1701,"Zivkovic, Denis",0,0,0,90393
1702,"Ortega-Olmedo, Roberto",15768,13197,2571,90371
1703,"Belyaev, Ilya",0,0,0,90328
1704,"Joseph, Lesley",0,0,0,89810
1705,"Torresi, Federico",0,0,0,89686
1706,"Bellotti, Riccardo",27390,24883,2507,89649
1707,"Balaji, N.Sriram",12777,7693,5084,89539
1708,"Kozlov, Stefan",36750,32155,4595,89395
1709,"Yamamoto, Yasufumi",0,0,0,89348
1710,"Roca Batalla, Oriol",36458,27001,9457,89193
1711,"Neuchrist, Maximilian",22104,13463,8641,89116
1712,"Kapas, Andriej",17182,11499,5683,88881
1713,"Ziadi, Mehdi",0,0,0,88867
1714,"Herm-Zahlava, Jakub",0,0,0,88638
1715,"Rubin, Noah",28198,28036,162,88461
1716,"Echazu, Mauricio",8860,6245,2615,88281
1717,"Linzer, Michael",17654,17050,604,88228
1718,"Tahiri, Mehdi",0,0,0,88160
1719,"Nedunchezhiyan, Jeevan",19228,10658,8570,87991
1720,"Kordasz, Cristian",0,0,0,87964
1721,"Giussani, Gustavo",0,0,0,87872
1722,"Kristiansson, Ola",0,0,0,87830
1723,"Giner, Marc",15038,13709,1329,87794
1724,"Turini, Thales",10463,9037,1426,87751
1725,"Novak, Dennis",50426,47636,2790,87442
1726,"Campana, Pablo",0,0,0,87437
1727,"Nedelko, Ivan",16349,15611,738,87228
1728,"Koning, Michel",0,0,0,87210
1729,"Moraing, Peter",0,0,0,86834
1730,"Savic, David",0,0,0,86727
1731,"Kwon, Oh-Hee",898,708,190,86572
1732,"Cosac, George",0,0,0,86518
1733,"Schlachter, Ricardo",0,0,0,86503
1734,"Ismail, Haroon",0,0,0,86308
1735,"Thornley, Sean",2610,0,2610,86217
1736,"Lewis, David",0,0,0,86158
1737,"Vasiliev, Mikhail",0,0,0,86153
1738,"Bulant, Jaroslav",0,0,0,85900
1739,"Willems, Reginald",0,0,0,85760
1740,"Colangelo, Fabio",36,0,36,85613
1741,"Reix, Clement",0,0,0,85511
1742,"Nguyen, Daniel",44159,39183,4976,85506
1743,"Reuter, Yannik",16612,14304,2308,85363
1744,"Flygt, Kalle",0,0,0,85350
1745,"Bangoura, Sekou",27042,17843,9199,85292
1746,"Gollwitzer, Thomas",0,0,0,85217
1747,"Khalfan, Sultan",0,0,0,85177
1748,"Paukku, Juho",0,0,0,85140
1749,"Wachiramanowong, Kittipong",6307,4707,1600,85119
1750,"Eriksson, Markus",17651,14247,3404,85115
1751,"Krstin, Pedja",29645,27845,1800,85052
1752,"Dezort, Petr",0,0,0,84770
1753,"Stauder, Franz",0,0,0,84765
1754,"Aparisi, Jose-Luis",0,0,0,84641
1755,"Djere, Laslo",54868,49207,5661,84537
1756,"Smith, Luke",0,0,0,84208
1757,"Kryvonos, Nikita",4024,3294,730,83982
1758,"Rexach-Itoiz, Carlos",0,0,0,83958
1759,"Genaro-Martinez, Javier",0,0,0,83915
1760,"Seifert, Stefan",162,0,162,83729
1761,"Chaki, Rabie",0,0,0,83679
1762,"Kisgyorgy, Gergely",0,0,0,83531
1763,"Shvec, Alexander",0,0,0,83446
1764,"Cuadrado, Carlos",0,0,0,83404
1765,"Mirnegg, Marco",0,0,0,83350
1766,"Rosenholm, Patrik",2898,1898,1000,83295
1767,"Fogues, Francisco",0,0,0,83263
1768,"Niki, Takuto",28297,25557,2740,83245
1769,"Schiessling, Thomas",0,0,0,83192
1770,"Kim, Bong-Soo",0,0,0,83173
1771,"Jarry, Nicolas",45803,41741,4062,83132
1772,"Belobrajdic, Allen",0,0,0,83068
1773,"Zitko, Radim",0,0,0,83012
1774,"Souto, David",3608,3054,554,82773
1775,"Stepanek, Martin",0,0,0,82685
1776,"Meister, Nicolas",21604,18605,2999,82395
1777,"Volante, Matteo",7037,0,7037,82200
1778,"Malcor, Olivier",0,0,0,82160
1779,"Kicker, Nicolas",47135,41520,5615,81851
1780,"Gonzalez, Pablo",0,0,0,81817
1781,"Levine, Brian",0,0,0,81541
1782,"Colombini, Ugo",0,0,0,81537
1783,"Moretti, Hector",0,0,0,81458
1784,"Gunthardt, Markus",0,0,0,81388
1785,"Britton, Devin",0,0,0,81276
1786,"Bozic, Iztok",0,0,0,81097
1787,"Hilpert, Marcus",0,0,0,80965
1788,"Hamou, Maxime",62882,61755,1127,80702
1789,"Sauer, Freddie",0,0,0,80690
1790,"Montgomery, Huntley",0,0,0,80613
1791,"Dellatorre, Andres",0,0,0,80611
1792,"King, Darian",37450,32418,5032,80498
1793,"Painter, Andrew",0,0,0,80468
1794,"Rungkat, Christopher",12087,9101,2986,80340
1795,"Holmes, Jamie",0,0,0,80021
1796,"Diaz-Figueroa, Christopher",8735,7015,1720,79973
1797,"Marie, Jules",15378,13815,1563,79915
1798,"Zhu, Ben-Qiang",0,0,0,79836
1799,"Cacic, Nikola",0,0,0,79473
1800,"Allan, Trevor",0,0,0,79423
1801,"Garin, Christian",22668,20598,2070,79120
1802,"Matheson, Ross",0,0,0,79011
1803,"Estevez, Maximiliano",8815,7319,1496,79003
1804,"Furmanski, Damian",0,0,0,78999
1805,"Wang, Yu Jr.",0,0,0,78868
1806,"Zimmermann, Marcel",0,0,0,78735
1807,"Graham, David",0,0,0,78580
1808,"Gould, Nick",0,0,0,78554
1809,"Yu, Xin-Yuan",0,0,0,78457
1810,"Kutrovsky, Dimitar",24819,19056,5763,78307
1811,"Van Der Meer, Nick",0,0,0,78214
1812,"Chekhov, Pavel",0,0,0,78101
1813,"Stadling, Mikael",0,0,0,77893
1814,"Ghouse, Mustafa",0,0,0,77802
1815,"An, Jae-Sung",0,0,0,77609
1816,"Parada, Felipe",0,0,0,77520
1817,"Prades, Laurent",0,0,0,77467
1818,"Saez, Juan Carlos",21996,18427,3569,77231
1819,"Neis, Fabricio",11952,4652,7300,77212
1820,"Tsujino, Ryuso",0,0,0,76990
1821,"Yi, Chu-Huan",13342,5219,8123,76761
1822,"Hunt, Alistair",0,0,0,76749
1823,"Yoo, Daniel",1254,808,446,76608
1824,"Marx, Guillaume",0,0,0,76331
1825,"Suwandi, Suwandi",0,0,0,76231
1826,"Battistone, Brian",316,0,316,76088
1827,"Engel, Lucas",0,0,0,75987
1828,"Pastorino, Antonio",0,0,0,75903
1829,"Sekiguchi, Shuichi",15983,14159,1824,75817
1830,"Cobolli, Stefano",0,0,0,75704
1831,"Van Haasteren, Martijn",0,0,0,75582
1832,"Peterson, Adam",0,0,0,75519
1833,"Renstrom, Marten",0,0,0,75307
1834,"Coll-Riudavets, Ignacio",0,0,0,75171
1835,"Weidenfeld, Raviv",0,0,0,75054
1836,"Mustard, David",0,0,0,74934
1837,"Auffray, Charles",0,0,0,74867
1838,"Torres, Marcio",0,0,0,74300
1839,"Clarke, Peter",0,0,0,74290
1840,"Loglo, Komlavi",0,0,0,74234
1841,"Geyer, Christian",0,0,0,74159
1842,"Satral, Jan",37179,28450,8729,74013
1843,"Huning, Mathias",0,0,0,73997
1844,"Caruso, Salvatore",33734,27961,5773,73854
1845,"Silberberg, Fabio",0,0,0,73823
1846,"Fancutt, Michael",0,0,0,73820
1847,"Heras, Patricio",12659,10568,2091,73758
1848,"Francis, Alberto",0,0,0,73670
1849,"Moser, Nikolaus",0,0,0,73570
1850,"Pastura, Miguel",0,0,0,73220
1851,"Warneke, Tomm",0,0,0,73152
1852,"Da Col, Alessandro",0,0,0,73116
1853,"Soares, Joao",0,0,0,73074
1854,"Harrison, Christian",2775,0,2775,72899
1855,"Kern, Robin",5974,5542,432,72879
1856,"Sanon, Valentin",0,0,0,72622
1857,"Ayala, Diego",0,0,0,72482
1858,"Sansoni, Stephane",0,0,0,72358
1859,"Wang, Chuhan",8749,7885,864,72296
1860,"Barr, Shane",0,0,0,72239
1861,"Johnson, Philip",0,0,0,72135
1862,"Grilli, Rodrigo-Antonio",0,0,0,72000
1863,"Villar, Juan-Pablo",0,0,0,71994
1864,"Ferreira, Clinton",0,0,0,71930
1865,"Giner, Juan",0,0,0,71812
1866,"Obradovic, Vladimir",0,0,0,71788
1867,"Sprengelmeyer, Mitch",0,0,0,71636
1868,"Pehar, Mirko",0,0,0,71582
1869,"Madjarovski, Darko",0,0,0,71526
1870,"Djokovic, Marko",0,0,0,71525
1871,"Tarallo, Stefano",0,0,0,71508
1872,"Dupre, Thomas",0,0,0,71486
1873,"Joelson, Brian",0,0,0,71427
1874,"Reissig, Nicolas",4744,3740,1004,71213
1875,"Onoda, Michihisa",0,0,0,71056
1876,"Carter, Peter",0,0,0,70705
1877,"Kimmich, Marc",0,0,0,70565
1878,"Navratil, Michal",0,0,0,70498
1879,"Kim, Young-Jun",0,0,0,70359
1880,"Kato, Jun",0,0,0,70312
1881,"Carlsson, Peter",0,0,0,70262
1882,"Shyla, Yaraslav",30596,22482,8114,70260
1883,"Beretta, Duilio",7446,4747,2699,70206
1884,"Reynet, Florian",930,542,388,70138
1885,"Raditschnigg, Max",0,0,0,69982
1886,"Pedroso, Andres",0,0,0,69938
1887,"Capalik, Kristian",0,0,0,69855
1888,"Scott, Larry",0,0,0,69740
1889,"Trinker, Bastian",26932,26597,335,69715
1890,"Sun, Peng",0,0,0,69629
1891,"Sakharov, Gleb",13948,12605,1343,69579
1892,"Arenas-Gualda, Ivan",10882,5276,5606,69569
1893,"Romero, Yohny",0,0,0,69353
1894,"Sanchez, Mariano",0,0,0,69245
1895,"Dellien, Hugo",14466,11316,3150,69240
1896,"Bonatto, Alexandre",0,0,0,69192
1897,"Martinez, Luis David",11810,5843,5967,69158
1898,"Schmid, Michal",5098,4478,620,69128
1899,"Virali-Murugesan, Ranjeet",5410,4590,820,68965
1900,"Ehrat, Sandro",7309,7083,226,68948
1901,"Veglio, Filippo",0,0,0,68926
1902,"Hand, Paul",0,0,0,68830
1903,"Sieber, Marc",5384,5284,100,68796
1904,"Vasilevski, Andrei",13530,5806,7724,68781
1905,"Onozawa, Arata",9041,6451,2590,68758
1906,"Hromec, Martin",0,0,0,68673
1907,"Sancic, Antonio",24530,3702,20828,68665
1908,"Paul, Tommy",66027,57319,8708,68437
1909,"Noviski, Lionel",0,0,0,68414
1910,"Sugiyama, Norikazu",0,0,0,68319
1911,"Mlendea, Andrei",0,0,0,68147
1912,"Markovits, Laszlo",0,0,0,67898
1913,"Fancutt, Charlie",0,0,0,67880
1914,"Nurminen, Tapio",0,0,0,67872
1915,"Nam, Ji Sung",12540,8177,4363,67860
1916,"Sanchez, Manuel",15535,6745,8790,67683
1917,"Camilo, Rafael",6298,5068,1230,67670
1918,"Semrajc, Janez",808,808,0,67543
1919,"Romero, Victor",0,0,0,67460
1920,"Gorcic, Ismar",0,0,0,67256
1921,"Gomez-Herrera, Carlos",8835,7687,1148,67254
1922,"Vovk, Stanislav",0,0,0,67248
1923,"Jankovits, Yannick",22296,18085,4211,67151
1924,"Galdos, Sergio",10120,0,10120,67135
1925,"Garanganga, Takanyi",9663,8963,700,67002
1926,"Peng, Hsien-Yin",16278,0,16278,66694
1927,"Ruiz-Cadenas, Hector",0,0,0,66531
1928,"Solves, Vicente",0,0,0,66473
1929,"Patridge, Scott",0,0,0,66388
1930,"Vasudevan, Srinivasan",0,0,0,66359
1931,"Della, Otavio",0,0,0,66279
1932,"Lizariturry, Juan",10038,7739,2299,66266
1933,"Bardou, Jorge",0,0,0,66260
1934,"Folie, Alexandre",8002,7262,740,66051
1935,"Avellan, Carlos",0,0,0,66024
1936,"Campbell, Craig",0,0,0,65931
1937,"Ager, Johannes",0,0,0,65861
1938,"Mitsuhashi, Junn",0,0,0,65836
1939,"Hipperdinger, Diego",0,0,0,65704
1940,"Adams, Egan",0,0,0,65640
1941,"Quigley, Eric",27310,22275,5035,65542
1942,"Lustig, Daniel",0,0,0,65502
1943,"Chramosta, Ladislav",0,0,0,65491
1944,"Jasika, Omar",44433,31851,12582,65379
1945,"Orellana, Kepler",0,0,0,65350
1946,"Guidolin, Rodrigo",0,0,0,65337
1947,"Boje-Ordonez, Agustin",490,490,0,65206
1948,"Bega, Alessandro",17025,14263,2762,65072
1949,"Gomez-Diaz, Carlos",0,0,0,64983
1950,"Rasheed, Roger",0,0,0,64951
1951,"Fagel, Rick",0,0,0,64787
1952,"Ivanov, Vladimir",17333,13930,3403,64770
1953,"Holm, Nils",0,0,0,64757
1954,"Santos, Nicolas",2876,2158,718,64670
1955,"Kellner, Adam",726,0,726,64663
1956,"Ballauff, Peter",0,0,0,64538
1957,"Nys, Hugo",14863,11289,3574,64392
1958,"Cachin, Pedro",35117,30004,5113,64383
1959,"Hemery , Calvin",46912,45830,1082,64303
1960,"Perez Sanz, David",22123,18070,4053,64214
1961,"Popp, Torsten",0,0,0,64150
1962,"Arneodo, Romain",18073,6289,11784,64126
1963,"Caballero, David",0,0,0,64042
1964,"Elizondo, Juan-Manuel",0,0,0,63980
1965,"Koniusz, Blazej",1756,156,1600,63829
1966,"Marsh, Clinton",0,0,0,63729
1967,"Theine, Torben",0,0,0,63641
1968,"Sela, Ofer",0,0,0,63483
1969,"Baxter, Rill",0,0,0,63445
1970,"Bohaboy, Doug",0,0,0,63432
1971,"Malik, Adam",0,0,0,63365
1972,"Martin-Adalia, Pablo",64,0,64,63170
1973,"Urban, Filip",0,0,0,63159
1974,"Kelly, Dayne",7358,4934,2424,63131
1975,"Pennisi, Pietro",0,0,0,63092
1976,"Rodriguez, Bruno",54,0,54,63073
1977,"Cuevas, Martin",5660,3390,2270,62993
1978,"Courcol, Daniel",0,0,0,62945
1979,"Colas, Jesus",0,0,0,62790
1980,"Bastiansen, Peter",0,0,0,62785
1981,"Hennemann, Marcelo",0,0,0,62670
1982,"Strengberger, Thomas",0,0,0,62659
1983,"Sipaeya, Sunil-Kumar",0,0,0,62462
1984,"Gabb, Richard",18678,14737,3941,62451
1985,"Barry, Sam",14292,9669,4623,62441
1986,"Masuda, Kentaro",0,0,0,62434
1987,"Pambianco, Paolo",0,0,0,62279
1988,"Fahlke, Andy",0,0,0,62211
1989,"Evans, Keith",0,0,0,62148
1990,"Coco, Rudy",1704,1704,0,62133
1991,"Sinicropi, Riccardo",10033,6901,3132,62095
1992,"Cristin, Diego",0,0,0,62084
1993,"Monteiro, Thiago",11278,9759,1519,61902
1994,"Osorio, Marco",0,0,0,61889
1995,"Barlow, Russell",0,0,0,61805
1996,"Shabaz, Michael",2954,2280,674,61749
1997,"Phillips, Morgan",0,0,0,61748
1998,"Van Peperzeel, Gavin",27458,22878,4580,61728
1999,"Cluskey, James",7289,0,7289,61382
2000,"Coria, Federico",15641,12609,3032,61309
2001,"Mas, Jordi",0,0,0,61274
2002,"Spinks, Tom",0,0,0,61253
2003,"Mena, Facundo",16603,13305,3298,61150
2004,"Prashanth, N Vijay Sundar",19331,15659,3672,60972
2005,"Rusevski, Predrag",0,0,0,60927
2006,"Ferrer-Victoria, Cesar",0,0,0,60876
2007,"Gadomski, Piotr",890,638,252,60737
2008,"Quinzi, Gianluigi",22610,19476,3134,60506
2009,"Valent, Roman",0,0,0,60375
2010,"Bastie, Gilles",0,0,0,60314
2011,"Spencer, Kyle",0,0,0,60291
2012,"Pujo, Xavier",366,0,366,60262
2013,"Denman, Heath",0,0,0,60213
2014,"Sarkissian, Alexander",46302,43994,2308,60204
2015,"Vogeli, Roman",0,0,0,60181
2016,"Pulgar-Garcia, Jaime",9776,7899,1877,60174
2017,"Strode, Blake",0,0,0,60116
2018,"Banes, Maverick",19301,14600,4701,60076
2019,"Rodriguez - Pace, Ricardo",11719,10145,1574,60072
2020,"Fransen, Stephan",4356,658,3698,59942
2021T,"Dubail, Julien",9813,8400,1413,59685
2021T,"Krupa, Tomas",0,0,0,59685
2023,"Magdincev, Lazar",173,0,173,59643
2024,"Leite, Wilson",12520,8566,3954,59513
2025,"Marshall, Jason",0,0,0,59506
2026,"Davletshin, Vadim",0,0,0,59503
2027,"Pan, Bing",0,0,0,59368
2028,"Kures, Michael",0,0,0,59332
2029,"Braga, Pedro",0,0,0,59313
2030,"Fitz, Sebastian",0,0,0,59256
2031,"Albert-Ferrando, Mariano",0,0,0,59235
2032,"Silva, Frederico Ferreira",28004,22742,5262,59220
2033,"Pedrini, Marco",0,0,0,59107
2034,"Kovacka, Petr",0,0,0,59060
2035,"Kodes Jr., Jan",0,0,0,59054
2036,"Lestienne, Constant",27810,25522,2288,59050
2037,"Breen, Matthew",0,0,0,59047
2038,"Chaen, Tetsuya",0,0,0,59037
2039,"Ikramov, Sarvar",1528,1366,162,58993
2040,"Grossi, Elia",0,0,0,58983
2041,"Sullivan, John",0,0,0,58849
2042,"Fillol, Alvaro",0,0,0,58805
2043,"Marco, Daniel",0,0,0,58605
2044,"Pearson, Lee",0,0,0,58600
2045,"Pils, Bernhard",0,0,0,58589
2046,"Hansen-Dent, Brett",0,0,0,58580
2047,"Vivanco-Guzman, Andoni",0,0,0,58420
2048,"Fritz, Taylor",51625,42925,8700,58344
2049,"Logtens, Paul",0,0,0,58333
2050,"Beks, Bart",0,0,0,58315
2051,"Balducci, Daniele",0,0,0,58225
2052,"Nam, Hyun-Woo",1728,1312,416,58177
2053,"Bortolotti, Marco",18509,12453,6056,57967
2054,"Dahan, Lior",0,0,0,57874
2055,"Leonardi, Filippo",7860,6442,1418,57803
2056,"Svensson, Peter",0,0,0,57659
2057,"Reininger, Robert",0,0,0,57642
2058,"Lenho, Tommi",0,0,0,57575
2059,"Petrovic, Danilo",14889,11761,3128,57469
2060,"Ortegren, Johan",0,0,0,57399
2061,"Dubarenco, Maxim",18159,15542,2617,57370
2062T,"Hensel, Kaden",0,0,0,57229
2062T,"Klaparda, Jeff",0,0,0,57229
2064,"Haldin, Thomas",0,0,0,57174
2065,"Wang, Tak Khunn",8438,6192,2246,57089
2066,"Gubenco, Philip",0,0,0,57078
2067,"Inzerillo, Jerome",10988,7399,3589,56928
2068,"Masik, Jan",0,0,0,56883
2069,"Testa, Cristiano",0,0,0,56825
2070,"Roberts, Damien",0,0,0,56811
2071,"Idmbarek, Yassine",8966,8160,806,56792
2072,"Dondo, Federico",0,0,0,56725
2073,"Santanna, Bruno",6941,3436,3505,56687
2074,"Gomez, Juan Sebastian",15159,8695,6464,56665
2075,"Garizzio, Agustin",0,0,0,56611
2076,"Cassaigne, Benjamin",0,0,0,56402
2077,"Leonte, Bogdan",0,0,0,56389
2078,"Chang, Yu",0,0,0,56264
2079,"Hasek, Jakub",0,0,0,56261
2080,"Uzakov, Vaja",0,0,0,56241
2081,"Loven, Fredrik",0,0,0,56189
2082,"Marterer, Maximilian",37267,32955,4312,56113
2083,"Kornienko, Igor",0,0,0,56014
2084,"Pastor, Nicolas",0,0,0,55988
2085,"Beecher, Colin",0,0,0,55969
2086,"Bradaric, Marin",1360,880,480,55929
2087,"Belloli, Jeff",0,0,0,55843
2088,"Svetlik, Radovan",0,0,0,55840
2089,"Gonzalia, Jonathan",0,0,0,55794
2090,"Gonzales, Ruben",10312,0,10312,55779
2091,"Lazov, Alexandar",13637,10562,3075,55542
2092,"Fufygin, Mikhail",1276,588,688,55481
2093,"Spottl, Martin",0,0,0,55466
2094,"Ciumac, Andrei",208,172,36,55388
2095,"Vatutin, Alexey",21011,17939,3072,55275
2096,"Ojala, Janne",0,0,0,55265
2097,"Arquez, Patricio",0,0,0,55233
2098,"Carry, Guillermo",36,0,36,55232
2099,"Maytin, Roberto",19931,0,19931,55140
2100,"Apostu-Efremov, Artemon",0,0,0,55070
2101,"Lukaev, Radoslav",0,0,0,55014
2102,"Jeong, Suk-Young",0,0,0,54911
2103,"Anderson, Andrew",0,0,0,54889
2104,"King, Evan",12001,8998,3003,54864
2105,"Eremin, Edoardo",19453,16568,2885,54829
2106,"Nastase, Mihnea-Ion",0,0,0,54828
2107,"Marse-Vidri, Jordi",108,0,108,54558
2108,"Valtzer, Dekel",0,0,0,54390
2109,"Lipovsek Puches, Tomas",18048,14485,3563,54333
2110,"Tarantino, Agustin",0,0,0,54168
2111,"Skenderovic, Vjekoslav",0,0,0,54161
2112,"Zaitcev, Anton",17503,9669,7834,54127
2113,"Hank, Tigre",21941,13155,8786,54117
2114,"Audouy, Xavier",0,0,0,54101
2115,"Altamirano, Collin",4643,3600,1043,54065
2116,"Horansky, Filip",16267,14708,1559,54052
2117,"Bouteyre, Pierre",0,0,0,54033
2118,"Warner, Scott",0,0,0,53917
2119,"Alekseenko, Vadim",7948,6620,1328,53821
2120,"Cunha, Henrique",17909,16114,1795,53811
2121,"Musialek, Alexis",17687,15099,2588,53658
2122,"Borroni, Corrado",0,0,0,53599
2123,"De Beer, Johan",0,0,0,53581
2124,"Vaisse, Martin",4679,3745,934,53437
2125,"Mitchell, Toby",0,0,0,53242
2126,"Rumyantsev, Alexander",954,918,36,53233
2127,"Roshan, Nima",0,0,0,53227
2128,"Smith, Connor",32574,27193,5381,53131
2129,"Escobar, Gonzalo",25560,22019,3541,53104
2130,"Barrere, Gregoire",27834,24868,2966,53066
2131,"Rachidi, Younes",7271,2222,5049,53049
2132,"Bottazzi, Luca",0,0,0,52945
2133,"Urzua-Rivera, Ricardo",5722,3518,2204,52931
2134,"Grozdanov, Tihomir",974,448,526,52836
2135,"Nettle, Shannon",0,0,0,52822
2136,"Grenier, Stephane",0,0,0,52788
2137,"Marafiote, Domenic",0,0,0,52763
2138,"Behar, Ariel",7969,0,7969,52511
2139,"Gomes, Eric",0,0,0,52482
2140,"Dupuy, Baptiste",0,0,0,52477
2141,"Valverde, Juan-Manuel",0,0,0,52185
2142,"Larsen, Thomas",0,0,0,52164
2143,"Mirzadeh, Vahid",1362,0,1362,52139
2144,"Becker, Richard",8012,7710,302,51696
2145,"Turner, James",0,0,0,51682
2146,"Napolitano, Stefano",25793,15250,10543,51535
2147,"Bamford, Neil",0,0,0,51328
2148,"Biryukov, Mikhail",0,0,0,51200
2149,"Scherman, Ted",0,0,0,51188
2150,"Vajda, Ivan",0,0,0,51136
2151,"Moneke, Steven",0,0,0,51103
2152,"Rath, Marc",0,0,0,51059
2153,"Tiberti, Gustavo",0,0,0,51046
2154,"Bonneau, Stephane",0,0,0,50979
2155,"Ouyang, Bowen",7332,5194,2138,50856
2156,"Novak, David",36,0,36,50722
2157,"Monteferrario, Joaquin-Jesus",0,0,0,50670
2158,"Krumrey, Florian",0,0,0,50668
2159,"Downs, Steven",0,0,0,50607
2160,"Weissborn, Tristan-Samuel",12211,2806,9405,50583
2161,"Burton, Lewis",759,208,551,50500
2162,"Williams, Jeff",0,0,0,50498
2163,"Vlaski, Aleksandar",0,0,0,50462
2164,"Erguden, Baris",11747,9073,2674,50447
2165,"Rybalko, Andrei",0,0,0,50368
2166,"Vilarrubi, Martin",0,0,0,50366
2167,"Chazal, Maxime",21579,19188,2391,50359
2168,"Frantzen, Romano",2909,156,2753,50344
2169,"Cagnina, Julien",17539,14505,3034,50325
2170,"Michelotti, Francesco",0,0,0,50317
2171,"Artunedo Martinavarro, Andres",6044,4816,1228,50075
2172,"Sato, Bumpei",3304,726,2578,50042
2173,"Hubble, Adam",2918,0,2918,49986
2174,"Urh, Borut",0,0,0,49943
2175,"Haenle, Pirmin",8674,6541,2133,49885
2176,"Saric, Igor",0,0,0,49842
2177,"Gajjar, Rohan",0,0,0,49823
2178,"Ouahabi, Talal",36,0,36,49817
2179,"Kuzmanov, Dimitar",18199,15613,2586,49810
2180,"Haas, Rudiger",0,0,0,49741
2181,"Ehara, Hiroyasu",14934,13174,1760,49731
2182,"Johansson, Kjell",0,0,0,49711
2183,"McDonald, Mackenzie",17452,15090,2362,49705
2184,"Scheidweiler, Mike",1586,0,1586,49645
2185,"Burniol, Guillem",0,0,0,49555
2186,"Ilkel, Cem",27007,22401,4606,49536
2187,"Sachire, Ryan",0,0,0,49419
2188,"Sorgi, Joao Pedro",7869,5288,2581,49380
2189,"Kontinen, Micke",5290,4800,490,49328
2190,"Tyson, Desmond",0,0,0,49090
2191,"Giacalone, Omar",14951,11073,3878,49071
2192,"Grimolizzi, Gaston-Arturo",0,0,0,49010
2193,"Kandler, Hans-Peter",0,0,0,48938
2194,"Stancik, Jan",0,0,0,48937
2195,"Kon, Alejandro",0,0,0,48817
2196,"Pokrajac, Milan",0,0,0,48765
2197,"Kim, Cheong-Eui",10822,8854,1968,48675
2198,"Bale, Stuart",0,0,0,48554
2199,"Vega Hernandez, David",19570,16887,2683,48223
2200,"Gorban, Andrei",0,0,0,48213
2201,"Davydenko, Philipp",7277,5075,2202,48205
2202,"Belgraver, Martijn",0,0,0,48166
2203,"Lin, Bing Chao",0,0,0,48098
2204,"Altuna, Tuna",6087,760,5327,48055
2205,"Becka, Jaromir",0,0,0,48013
2206,"Sekulic, Milos",5794,3984,1810,47914
2207,"Mamoun, Mohamed",0,0,0,47866
2208,"Letcher, Chris",270,0,270,47802
2209,"Saliola, Marcelo",0,0,0,47779
2210,"Andersson, Henrik",0,0,0,47713
2211,"Renard, Alexandre",0,0,0,47681
2212,"Garcia-Sintes, Javier",0,0,0,47604
2213,"Sekac, Branislav",0,0,0,47549
2214,"Luddi, Gianluca",0,0,0,47526
2215,"Fortuna, Claudio",10761,8548,2213,47525
2216,"Cortes, Jaime",0,0,0,47483
2217,"Aubone, Jean-Yves",10411,7222,3189,47448
2218,"Brunken, Jaan-Frederik",0,0,0,47359
2219,"Boutillier, Remi",21312,18577,2735,47335
2220,"Ivanov, Pavel",0,0,0,47150
2221,"Falenti, Rainer",0,0,0,47149
2222,"Mukhometov, Philipp",0,0,0,47110
2223,"Christensen, Morten",0,0,0,47096
2224,"Fernandes, Tiago",0,0,0,47095
2225,"Thompson, Nathan",0,0,0,47083
2226,"Zeballos, Federico",8802,6396,2406,47049
2227,"Ribeiro Neto, Eladio",0,0,0,47046
2228,"Kudrnac, Pavel",0,0,0,46869
2229,"Boscatto, Massimo",0,0,0,46799
2230,"Bloemke, Dennis",954,918,36,46756
2231,"Botfield, Stephen",0,0,0,46689
2232,"Navarro-Batles, Lazaro",0,0,0,46644
2233,"Borgula, Boris",320,0,320,46381
2234,"Flanagan, Ian",0,0,0,46354
2235,"Rodriguez, Juan Antonio",0,0,0,46337
2236,"Filenkov, Alexei",840,552,288,46322
2237,"N'Goran, Clement",0,0,0,46321
2238,"Yim, Robert",0,0,0,46307
2239,"Stimpson, John",0,0,0,46176
2240,"Vervoort, Mark",12942,1780,11162,46132
2241,"Rousset, Elie",4504,3049,1455,46073
2242,"Shane, Ryan",42897,42252,645,45889
2243,"Sandbichler, Armin",0,0,0,45780
2244,"Harboe, Phillip",0,0,0,45737
2245,"Mantilla, Felipe",10532,7584,2948,45686
2246,"Rudi, Patricio",0,0,0,45667
2247,"Ali, Zeeshan",0,0,0,45664
2248,"Lindgren, Peter",0,0,0,45617
2249,"Spir, Juan-Carlos",2280,0,2280,45437
2250,"Nevolo, Dennis",9276,7932,1344,45433
2251,"Jeanclaude, Frederic",0,0,0,45401
2252,"Allgauer, Florian",0,0,0,45256
2253,"Armstrong, Miles",0,0,0,45245
2254,"Lejnieks, Karlis",0,0,0,45204
2255,"Dischinger, Eduardo",9490,4057,5433,45196
2256,"Benneteau, Antoine",0,0,0,45178
2257,"Boretti, Stian",0,0,0,45065
2258,"Abid, Haythem",0,0,0,45060
2259,"Galovic, Viktor",8067,6977,1090,44988
2260,"Boltz, Sebastien",20198,18528,1670,44922
2261,"Look, Michael",156,156,0,44890
2262,"Gasparyan, Ervand",0,0,0,44814
2263,"Ladipo, Sule",0,0,0,44781
2264,"Neunteibl, Marko",0,0,0,44751
2265,"Margaroli, Luca",15799,4832,10967,44739
2266,"Miyachi, Kotaro",0,0,0,44690
2267,"Buckley, Mark",0,0,0,44636
2268,"Bohrer, Eduardo",0,0,0,44602
2269,"O'Brien, Dean",16604,1454,15150,44594
2270,"Siegel, Tim",0,0,0,44582
2271,"Makiguchi, Ryusei",5920,4752,1168,44564
2272,"Pauffley, Neil",7853,6875,978,44480
2273,"Kennedy, Adam",0,0,0,44468
2274,"Hidalgo, Gabriel Alejandro",4030,2788,1242,44424
2275,"Hombrecher, Alexis",0,0,0,44404
2276,"Noriega, Jose-Luis",0,0,0,44341
2277,"Torroni, Giulio",1488,1208,280,44253
2278,"N'Goran, Claude",0,0,0,44203
2279,"Diaz-Barriga, Luis",162,0,162,44075
2280,"Felgate, David",0,0,0,44072
2281,"Topic, Josko",1612,1140,472,44071
2282,"Moir, Kevin",0,0,0,44047
2283,"Bambridge, Luke",17035,5462,11573,44036
2284,"Morel, Clement",0,0,0,43924
2285,"Catar, Tomas",0,0,0,43891
2286,"Huard, Maxime",0,0,0,43844
2287,"Pellerin, Ludwig",0,0,0,43800
2288,"Kim, Dong-Hyun",0,0,0,43612
2289,"Palencia, Carlos",162,0,162,43476
2290,"Reshetnikov, Vitali",1526,572,954,43470
2291T,"Furusho, Eduardo",0,0,0,43441
2291T,"Osta, Eduardo",0,0,0,43441
2293,"Marsalek, James",6836,5386,1450,43397
2294,"Jordan, Alvaro",0,0,0,43306
2295,"Stansbury, Cary",0,0,0,43282
2296,"De Loore, Joris",5998,5134,864,43094
2297,"Godlewski, Robert",0,0,0,43089
2298,"Tatlot, Johan",18215,12992,5223,42997
2299,"Vibert, Francois-Arthur",6904,4858,2046,42986
2300,"Kim Jr., Sun-Yong",180,0,180,42945
2301,"Martinez, Mateo Nicolas",6709,4905,1804,42926
2302,"Jankovic, Miki",15228,13378,1850,42732
2303,"Singh, Ashutosh",36,0,36,42696
2304,"Yevseyev, Denis",5687,4621,1066,42532
2305,"Baldellou-Esteva, Antonio",0,0,0,42531
2306,"Vorster, Tucker",19071,16230,2841,42516
2307,"Ojeda Lara, Ricardo",10021,8945,1076,42475
2308,"Prahlad, Srinath",0,0,0,42470
2309,"Garetto, Gustavo",0,0,0,42421
2310,"Menga, Giuseppe",36,0,36,42370
2311,"Dickson, Simon",0,0,0,42304
2312,"Poerschke, Lars",0,0,0,42291
2313,"Heller, Peter",9930,8274,1656,42275
2314,"Matos, Diego",0,0,0,42232
2315,"Skoloudik, Jiri",0,0,0,42217
2316,"Benedetti, Cristhian Ignacio",0,0,0,42172
2317,"Fioroni, Michele",0,0,0,42141
2318,"Alekseenko, Gleb",6598,4992,1606,42137
2319,"Boluda-Purkiss, Carlos",12448,10710,1738,42103
2320,"Royer, Rocky",0,0,0,42018
2321,"Severino, Carlos Eduardo",14188,12632,1556,41976
2322,"Jimenez-Guerra, Joan",0,0,0,41882
2323,"Malik, Vijayant",0,0,0,41874
2324,"Zay, Marius",0,0,0,41863
2325,"Biasella, Adriano",0,0,0,41862
2326,"Norby, Rasmus",0,0,0,41854
2327,"Menendez, Roberto",0,0,0,41837
2328,"Medina-Alvarez, Jhonathan",0,0,0,41792
2329,"Gruber, Konstantin Don",0,0,0,41782
2330,"Carvalho, Ronaldo",0,0,0,41771
2331,"Balazs, Gyorgy",0,0,0,41753
2332,"Williamson, Phillip",0,0,0,41716
2333,"Doble, Jordane",0,0,0,41685
2334,"Fattar, Anas",0,0,0,41669
2335,"Weal, Nick",0,0,0,41659
2336,"Mazur, Dimitri",0,0,0,41611
2337,"Ismailov, Temur",15228,12484,2744,41544
2338,"Munar, Jaume",38732,34515,4217,41537
2339,"Popovic, Petar",0,0,0,41492
2340,"Scholtz, Nicolaas",9998,8493,1505,41467
2341,"Anikanov, Ivan",0,0,0,41458
2342,"Aprili, Corrado",0,0,0,41323
2343,"Recarte, Roman",0,0,0,41300
2344,"Mangiante, Angelo",0,0,0,41299
2345,"Plamberger, Udo",0,0,0,41298
2346,"Bergman, Carl",0,0,0,41282
2347,"Milojevic, Nikola",17558,15988,1570,41221
2348,"Zlatanovic, Arsenije",1602,1020,582,41212
2349,"Estruch, David",480,380,100,41156
2350,"Arvidsson, Isak",9108,4361,4747,41115
2351,"Baumann, Moritz",1958,1526,432,41071
2352,"Smirnov, Evgueni",0,0,0,41027
2353,"Holzinger, Tony",0,0,0,41014
2354,"Zumpft, Martin",0,0,0,40974
2355,"Brunner, Pascal",12575,10388,2187,40900
2356,"Manafov, Vladyslav",12646,9044,3602,40822
2357,"Accardo, Alessandro",0,0,0,40780
2358,"Cho, Soong-Jae",510,276,234,40740
2359,"Plotniy, Andrei",2826,2418,408,40732
2360,"Muzaev, Richard",7785,4404,3381,40728
2361,"Dmitriev, Kirill",14968,12074,2894,40650
2362,"Maqdes, Abdullah",2062,1588,474,40624
2363,"Rovas, Nikos",0,0,0,40600
2364,"Timfjord, Nicklas",0,0,0,40564
2365,"Camargo, Ricardo",0,0,0,40506
2366,"Burke, Doug",0,0,0,40488
2367,"Coene, Dominique",0,0,0,40435
2368,"Ali Mutawa, Jabor Mohammed",14040,11060,2980,40432
2369,"Jallali, Walid",0,0,0,40419
2370,"Picco, Francesco",6354,5610,744,40350
2371,"Pedersen, Martin",0,0,0,40313
2372,"Adjei-Darko, Henry",0,0,0,40307
2373,"Blumauer, Georg",0,0,0,40240
2374,"Uzhylovsky, Vladimir",10802,7512,3290,40075
2375,"Dadamo, Jeff",356,292,64,40028
2376,"Abou El Khair, Motaz",0,0,0,39985
2377,"Hsieh, Cheng-Peng",16923,1662,15261,39984
2378,"Xia, Jia-Ping",0,0,0,39911
2379,"Luisi, Piero",0,0,0,39891
2380,"Baughman, Deiton",25979,14759,11220,39721
2381,"Banks, Andrew",0,0,0,39626
2382,"Farrow, Buff",0,0,0,39624
2383,"Arauzo-Martinez, Juan-Samuel",9951,5828,4123,39608
2384,"Amritraj, Stephen",0,0,0,39589
2385,"Kiiski, Lauri",498,0,498,39533
2386T,"Madsen, Bertrand",0,0,0,39485
2386T,"Sabate-Bretos, Oscar",140,104,36,39485
2388,"Iannuzzi, Enrico",0,0,0,39475
2390,"Hossam, Karim",5352,3686,1666,39271
2391,"Gyetko, Brian",0,0,0,39188
2392,"Goffi, Josh",0,0,0,39165
2393,"Akkoyun, Haluk",0,0,0,39145
2394,"Rake, Rodolfo",0,0,0,39070
2395,"Chang, Carl",0,0,0,39054
2396,"Andersson, Daniel",0,0,0,39052
2397,"Canudas-Fernandez, David",0,0,0,39018
2398,"Tsuchihashi, Toshihisa",0,0,0,38984
2399,"Strambini, Alexandre",0,0,0,38972
2400,"Kallias, Photos",0,0,0,38910
2401,"Ysern, Pierrick",0,0,0,38875
2402,"Alvarez, Roberto",0,0,0,38841
2403,"Brydolf, Patrik",412,312,100,38839
2404,"Penaud, Alexandre",696,260,436,38820
2405,"Singh, Karunuday",10294,8168,2126,38788
2406,"Niesten, Miliaan",7120,6352,768,38759
2407,"Majchrzak, Kamil",22038,18370,3668,38679
2408,"Taweel, Issam Haitham",9767,6348,3419,38635
2409,"Esquerdo, Ivan",0,0,0,38597
2410,"Wooldridge, Mark",0,0,0,38454
2411,"Taicher, Paulo",0,0,0,38430
2412,"Wang, Chieh-Fu",8660,3704,4956,38358
2413,"Magg, Christian",0,0,0,38341
2414T,"Davis, Tres",0,0,0,38296
2414T,"Veger, Filip",7161,6663,498,38296
2416,"Mager, Gianluca",21763,19099,2664,38278
2417,"Gao, Xin",10507,5641,4866,38253
2418,"Borgo, Francesco",8641,3988,4653,38141
2419,"Kekez, Duje",8991,8011,980,38121
2420,"Hellstrom, Mathias",0,0,0,38106
2421,"Daniel, Michael",0,0,0,38093
2422,"Hammer, Philipp",0,0,0,38084
2423,"Yuksel, Anil",10704,7584,3120,38059
2424,"Yarmola, Alexander",0,0,0,38030
2425,"Falgheri, Andrea",497,497,0,38018
2426,"Maamoun , Karim-Mohamed",13236,8853,4383,37987
2427,"Nixon, Randy",0,0,0,37961
2428,"Dennhardt, Frank",0,0,0,37907
2429,"Siriluethaiwattana, Peerakiat",0,0,0,37879
2430,"Van't Hof, Kaes",0,0,0,37788
2431,"Zwetsch, Joao",0,0,0,37779
2432,"Krkoska, Jiri",0,0,0,37697
2433,"Lee, Duckhee",24662,23842,820,37687
2434,"Kloer, Sascha",0,0,0,37662
2435,"Capone, Massimo",0,0,0,37632
2436,"Pitta, Gabriel",0,0,0,37596
2437,"Rudman, Shaun",0,0,0,37590
2438,"Rittersbacher, Harald",0,0,0,37551
2439,"Maes, Julien",0,0,0,37528
2440,"Comporto, Antonio",0,0,0,37511
2441,"Domingues, Joao",12247,8209,4038,37376
2442,"Vucic, Ilija",9395,2680,6715,37362
2443,"Dragicevic, Goran",0,0,0,37360
2444,"Popko, Dmitry",22049,20255,1794,37335
2445,"Mohr, Patrick",0,0,0,37258
2446,"Amador, Marcello",0,0,0,37214
2447,"Bok, Martijn",0,0,0,37127
2448,"Stasiak, Jurek",0,0,0,37058
2449,"Pazicky, Michal",852,536,316,37036
2450,"Krasnoroutskiy, Alexandre",0,0,0,36904
2451,"Ward Hibbert, Joshua",4791,2596,2195,36839
2452,"Blandin, Jeremy",0,0,0,36769
2453,"Koll, Helge",0,0,0,36761
2454,"Kok, Ralph",0,0,0,36729
2455T,"Laranja, Augusto",2236,1620,616,36695
2455T,"Manegin, Anton",0,0,0,36695
2457,"Flores, Luis Manuel",0,0,0,36677
2458,"Doakmaiklee, Weerapat",0,0,0,36652
2459,"Silva, Caio",5319,3484,1835,36637
2460,"Smith, Otis",0,0,0,36612
2461,"Escobedo, Ernesto",14042,13934,108,36557
2462,"Moraing, Heiner",0,0,0,36539
2463,"Boye, Maxime",0,0,0,36518
2464,"Katic, Dejan",3038,2930,108,36514
2465,"Lopez Cassaccia, Daniel-Alejandro",0,0,0,36506
2466,"Livraghi, Mattia",0,0,0,36395
2467,"Zhang, Zhizhen",30399,23314,7085,36354
2468,"Thomson, Clinton",0,0,0,36350
2469,"Soulie, Serge",0,0,0,36307
2470,"Krainik, Pavel",6204,4524,1680,36263
2471,"Colla, Matteo",0,0,0,36261
2472,"Jansson, Ville",0,0,0,36255
2473,"Drake, Chris",0,0,0,36244
2474,"Xu, Jun-Chao",0,0,0,36167
2475,"Kwon, Chris",0,0,0,36150
2476,"Cauvard, Simon",0,0,0,36124
2477,"Garcia-Requena, Jose",0,0,0,36094
2478,"Fernandez, Jose Antonio",0,0,0,36058
2479,"Theissen, Harald",0,0,0,36019
2480,"Miron, Marcel-Ioan",0,0,0,35988
2481,"Calderon-Rodriguez, Carlos",0,0,0,35937
2482,"Ghedin, Nicola",8008,6734,1274,35913
2483,"Touzil, Simon",0,0,0,35841
2484,"Mazza, Edoardo",0,0,0,35821
2485,"Rumenov Payakov, Georgi",10976,10278,698,35749
2486,"Perez-Perez, Sergio",1160,0,1160,35748
2487,"Brown, Ricky",0,0,0,35729
2488,"Agar, Ryan",3536,2232,1304,35662
2489,"Galik, Branislav",0,0,0,35635
2490,"Slovic, Aleksander",0,0,0,35556
2491,"Vekemans, Johan",0,0,0,35500
2492,"Burtscher, Roland",0,0,0,35498
2493,"Sakamoto, Pedro",9246,7655,1591,35467
2494,"Meniane, Trystan",0,0,0,35381
2495,"Hajji, Abdulla",0,0,0,35376
2496,"Vandenbulcke, Yannick",0,0,0,35312
2497T,"De Bonnevie, Philippe",0,0,0,35246
2497T,"Wiryawan, Bonit",0,0,0,35246
2499,"Kannan, Vijay",0,0,0,35245
2500,"Hasko, Juraj",0,0,0,35128
2501,"Na, Jung-Woong",8906,8038,868,35099
2502,"Hayes, John",0,0,0,35062
2503,"O'Neille, Matias",0,0,0,35047
2504,"Anagnastopol, Victor-Mugurel",1796,380,1416,35040
2505,"Davidson, James",0,0,0,34863
2506,"Failla, Greg",0,0,0,34837
2507,"Siggia, Ricardo",0,0,0,34812
2508,"Pecotic, Matija",28138,25274,2864,34776
2509,"Carpen, Alexandru-Daniel",5114,726,4388,34767
2510,"Pham, Thierry",0,0,0,34754
2511,"Gavrila, Adrian",0,0,0,34642
2512,"Carril, Esteban",0,0,0,34580
2513,"Viola, Marco",0,0,0,34560
2514,"Glancy, Daniel",5220,3220,2000,34532
2515,"Freelove, Oliver",0,0,0,34497
2516,"Arevalo, Rafael",140,104,36,34441
2517,"Ternar, Tomislav",5990,5526,464,34438
2518,"Guerrero, Gustavo",0,0,0,34433
2519,"Custer, Brett",0,0,0,34385
2520,"Jones, G.D.",0,0,0,34371
2521,"Chikhladze, Lado",0,0,0,34363
2522,"Chung, Hee-Seok",0,0,0,34345
2523,"Fitzpatrick, Andrew",0,0,0,34312
2524,"Fischer, Holger",0,0,0,34298
2525,"Vacek, Martin",0,0,0,34293
2526,"Giraudo, Alberto",1274,0,1274,34287
2527,"Barron, Scott",0,0,0,34262
2528,"Fugate, Marcus",408,344,64,34227
2529,"Mott, Blake",13337,12183,1154,34204
2530,"Wettengel, Chris",0,0,0,34190
2531,"Fernandez, Ernie",0,0,0,34167
2532,"Fallert, Florian",11123,9500,1623,34108
2533,"Fukui, Tsuyoshi",0,0,0,34083
2534,"Jahn, Jeremy",7127,6703,424,33973
2535,"Redondi, Emiliano",0,0,0,33970
2536,"Blecha, Jan",3160,2448,712,33861
2537,"Matos Gil, Israel",0,0,0,33860
2538,"Schmolzer, Patrick",0,0,0,33858
2539,"Patino, Luis",11648,5706,5942,33848
2540,"Sykut, Maciek",0,0,0,33801
2541,"Portaluri, Giorgio",3242,1884,1358,33797
2542,"Cassaigne, Julien",0,0,0,33796
2543,"Watanuki, Yusuke",8908,6996,1912,33736
2544,"Uppal, Vishal",0,0,0,33728
2545,"de Mesa, Rafael",0,0,0,33725
2546,"Gao, Wan",0,0,0,33623
2547,"Kunnap, Mait",0,0,0,33601
2548,"Metreveli, Aleksandre",18620,15552,3068,33549
2549,"Lee, Seung-Hoon",0,0,0,33511
2550,"Mullner, Philipp",0,0,0,33507
2551,"Bondarenko, Vladislav",366,312,54,33479
2552,"Escoffier, Antoine",10752,9037,1715,33463
2553,"Sendin, Victor",0,0,0,33461
2554,"Ventura-Martell, Ferran",0,0,0,33400
2555,"Pozdnev, Sergei",0,0,0,33394
2556,"Werner, Ivo",0,0,0,33382
2557,"Cinkus, Ivan",0,0,0,33271
2558,"Rushby, Tom",0,0,0,33257
2559,"Danilovic, Daniel",0,0,0,33216
2560,"Foxworth, Bruce",0,0,0,33214
2561,"Camarco, Alessandro",0,0,0,33211
2562,"Barrientos, Felix",0,0,0,33202
2563,"Cazes-Carrere, Thomas",0,0,0,33189
2564,"Duran, Sergi",0,0,0,33135
2565,"May, James",0,0,0,33126
2566,"Jotovski, Tomislav",7180,5610,1570,33104
2567,"Aerts, Timothy",0,0,0,33098
2568,"Snyman, Vaughan",0,0,0,33087
2569,"Cox, Jordan",0,0,0,33061
2570,"Shokeen, Vivek",0,0,0,33056
2571,"Peralta-Tello, Eduardo",140,104,36,33024
2572,"Kuchna, Patrice",0,0,0,32999
2573,"Ritz, Kresimir",36,0,36,32994
2574,"Uriarte, Sebastian",0,0,0,32950
2575,"Walsh, Darren",10606,0,10606,32918
2576,"Jastraunig, Lukas",2408,1504,904,32821
2577,"Boruszewski, Jan",0,0,0,32796
2578,"Parker, Al",0,0,0,32734
2579,"Danis, Marko",0,0,0,32664
2580,"Schnur, Brayden",7882,7288,594,32648
2581,"Descloix, Dorian",1846,208,1638,32599
2582,"O'Brien, Colin",0,0,0,32553
2583,"Parun, Bernard",0,0,0,32551
2584,"Hartman, Alexander",0,0,0,32472
2585,"Picco, Agustin",0,0,0,32352
2586,"Mathieu, Julien",156,156,0,32340
2587,"Salaba, Libor",11850,6900,4950,32335
2588,"Barber, Bill",0,0,0,32309
2589,"Paval, Costin",11184,172,11012,32265
2590,"Galarza, Juan Ignacio",14746,11347,3399,32195
2591,"Tepavac, Marko",15160,13261,1899,32136
2592,"Amend, Eric",0,0,0,32106
2593,"Mmoh, Michael",18019,16114,1905,32087
2594,"Hochwalt, Tyler",3882,3332,550,32023
2595,"Uribe, Borja",0,0,0,31931
2596,"Gemouchidis, Paris",0,0,0,31927
2597,"Nensel, Sascha",0,0,0,31912
2598,"Paul, Todd",0,0,0,31907
2599,"Kocevar-Desman, Tom",8926,7734,1192,31872
2600,"Griekspoor, Scott",13357,12061,1296,31782
2601,"Weis, Christian",0,0,0,31764
2602,"Shofayziyev, Shonigmatjon",6274,4360,1914,31757
2603,"Bocko, Matt",0,0,0,31754
2604,"Vizcaino, Roberto",0,0,0,31748
2605,"Rodriguez, Cristian",3517,2732,785,31745
2606,"Cerdera, Rodrigo",0,0,0,31733
2607,"Frost, Leon",0,0,0,31727
2608T,"Kibi, Yuya",8724,6160,2564,31717
2608T,"Rodriguez, Francisco",0,0,0,31717
2610,"Derer, Andrew",0,0,0,31713
2611,"Jaeger, Sebastian",0,0,0,31683
2612,"Gao, Peng",0,0,0,31607
2613,"Thompson, Adam",210,156,54,31544
2614,"Dilaj, Maciej",0,0,0,31528
2615,"Montero, Jorge",7339,5335,2004,31514
2616,"Kushev, Ilia",0,0,0,31495
2617,"Cuaz, Julien",0,0,0,31493
2618,"Werner, Jean-Marc",8793,7443,1350,31488
2619,"Reinwein, Sami",3944,2914,1030,31476
2620,"Meigel, Marc",0,0,0,31372
2621,"Vacarezza, Gerardo",0,0,0,31361
2622,"Smith, Matthew",0,0,0,31355
2623,"Insausti, Jean-Noel",0,0,0,31337
2624,"D'Agord, Luigi",0,0,0,31328
2625,"Galan, Daniel Elahi",22852,20910,1942,31311
2626,"Lochbihler, Stefan",0,0,0,31299
2627,"Kischkewitz, Nicolas",0,0,0,31294
2628,"Peric, Tomislav",0,0,0,31282
2629,"Pino, Juan",0,0,0,31225
2630,"Doria-Medina, Mauricio",0,0,0,31218
2631,"Fidirko, Nikolai",0,0,0,31190
2632,"Syed, Fazaluddin",0,0,0,31184
2633,"Nilsson, Fredrik",0,0,0,31176
2634,"Feaver, James",0,0,0,31174
2635,"Safranek, Vaclav",15670,12961,2709,31143
2636,"Hodge, Bo",0,0,0,31130
2637,"Toledo Bague, Pol",8238,5112,3126,31097
2638,"Frontera, Jose",0,0,0,31089
2639,"Mirad, Gerardo",0,0,0,31088
2640,"Alcaraz Ivorra, Albert",10630,9772,858,31077
2641,"Merry, Marc",0,0,0,31050
2642,"Poplavskyy, Stanislav",856,692,164,31026
2643,"Munoz-Bejarano, Mario",0,0,0,30985
2644,"Astorga, Mauricio",5660,2592,3068,30971
2645,"Jeschonek, Florian",0,0,0,30960
2646,"Vasiliadis, Taso",0,0,0,30952
2647,"Morgan, George",0,0,0,30935
2648,"Bujniewicz, Guillermo",0,0,0,30891
2649,"Nelson, James",0,0,0,30864
2650,"Zayed, Mousa Shanan",1300,900,400,30845
2651,"Kiernan, Daniel",0,0,0,30760
2652,"Sato, Hiroyasu",0,0,0,30755
2653,"Palandjian, Peter",0,0,0,30728
2654,"Statham, Mikal",0,0,0,30708
2655,"Castrichella, Gabrio",0,0,0,30706
2656,"Lewis, Haydn",0,0,0,30693
2657,"Condor, Frank",0,0,0,30659
2658,"Quiroz, Roberto",1108,832,276,30582
2659,"Martirosyan, Tigran",0,0,0,30558
2660,"Hizak, Mislav",0,0,0,30542
2661,"Jara-Lozano, Nicolas",0,0,0,30538
2662,"Haygarth, Kirk",0,0,0,30535
2663,"Becerra, Nicolas",0,0,0,30514
2664,"Jessup, Michael",0,0,0,30448
2665,"Deden, Kevin",0,0,0,30394
2666,"Masur, Daniel",16307,14768,1539,30338
2667,"Frank, Mitchell",156,156,0,30277
2668,"Daescu, Andrei",0,0,0,30252
2669,"Domijan, Alexander",0,0,0,30172
2670,"Goransson, Tim",0,0,0,30112
2671,"Jelenic, Petar",0,0,0,30105
2672,"Grills, Jacob",10189,8041,2148,30104
2673,"Couillard, Guillaume",0,0,0,30052
2674,"Villacorta-Alonso, Ricardo",6571,4160,2411,30048
2675,"Perez Puigdomenech, Miquel",0,0,0,30044
2676,"Fontaine, Arnaud",0,0,0,30007
2677,"Eagle, Charlton",0,0,0,29981
2678,"Janci, Tomas",0,0,0,29938
2679,"Mezzadri, Stefano",175,0,175,29882
2680,"Hernando Ruano, Jorge",9156,6773,2383,29878
2681,"Miedler, Lucas",27759,22131,5628,29849
2682,"Ruckelshausen, Richard",0,0,0,29848
2683,"Khaddari, Hicham",2085,1700,385,29798
2684,"Perez, Rodrigo",0,0,0,29793
2685T,"Basso, Andrea",8538,6624,1914,29740
2685T,"Rondoni, Pietro",9496,5374,4122,29740
2687,"Puc, Borut",1274,986,288,29700
2688,"La Porte, Shane",0,0,0,29649
2689,"Such-Perez, Juan-Miguel",0,0,0,29615
2690,"Belic, Luka",0,0,0,29579
2691,"Gaspar Murta, Andre",6656,5870,786,29575
2692,"Hrebec, Jiri",0,0,0,29559
2693,"Kobelt, Peter",10676,9406,1270,29552
2694,"Rasberger, Emanuel",0,0,0,29540
2695,"Paz, Juan Pablo",9532,7876,1656,29523
2696,"Abdukhalikov, Syrym",0,0,0,29495
2697,"Fayziev, Sanjar",14540,10958,3582,29472
2698,"Martin, Toby",6712,4882,1830,29463
2699,"Meyer, W.P.",0,0,0,29359
2700,"Hamadeh, Ali",0,0,0,29345
2701,"Steckley, Rob",0,0,0,29301
2702,"Ross, Anthony",0,0,0,29278
2703,"Ivashka, Ilya",19716,16190,3526,29219
2704,"Benson, Rich",0,0,0,29186
2705,"Metenier, Pierre",0,0,0,29172
2706,"Rudeen, Rick",0,0,0,29158
2707,"Fioravante, Enrico",0,0,0,29151
2708,"Frost, Isaac",2856,2584,272,29142
2709,"Gakhov, Ivan",15313,12009,3304,29123
2710,"Willman, Daniel",0,0,0,29109
2711,"Wurtzman, Jeremy",0,0,0,29027
2712,"Lorin, Dimitri",0,0,0,29020
2713,"Giraldi Requena, Marcos",8585,7623,962,28983
2714,"Rueb, Andrew",0,0,0,28966
2715,"Goodall, Jason",0,0,0,28921
2716,"Maasdorp, Denys",0,0,0,28846
2717,"Korteling, Steven",0,0,0,28831
2718,"Medvedev, Daniil",22658,16228,6430,28752
2719T,"Monedero, Daniel",0,0,0,28650
2719T,"Zovko, Ivan",0,0,0,28650
2721,"Hung, Jui-Chen",10428,7548,2880,28620
2722,"Pampoulov, Luben",0,0,0,28605
2723,"Piccari, Alessandro",0,0,0,28566
2724,"Della Tommasina, Davide",5514,3366,2148,28545
2725,"Cleveland, Tyler",0,0,0,28534
2726,"Klier, David",0,0,0,28507
2727,"Grambow, Ralph",0,0,0,28503
2728,"Marfia, Matteo",5622,4033,1589,28344
2729,"Rosenzweig, Nicolas",3602,2586,1016,28319
2730,"Nesticky, Josef",0,0,0,28287
2731,"Holland, Leigh",0,0,0,28260
2732,"Si, Yew-Ming",0,0,0,28246
2733,"Dogger, Paul",0,0,0,28240
2734,"Neefs, Wim",0,0,0,28227
2735,"Esteve Lobato, Eduard",8530,5618,2912,28224
2736,"Martinez, Bernardo",0,0,0,28220
2737,"Harris, Andrew",9250,9070,180,28205
2738,"Lewis, Chris",0,0,0,28181
2739,"Yanez, Juan-Felipe",0,0,0,28146
2740,"Stanek, Robin",15949,14195,1754,28138
2741,"Mazon-Hernandez, Rafael",1108,692,416,28037
2742,"Spina, Juan-Francisco",0,0,0,28036
2743,"Andersen, Jean",0,0,0,28023
2744,"Guenat, Mathieu",0,0,0,28009
2745,"Palme, Milan",0,0,0,27941
2746,"Stegmann, Dirk",0,0,0,27926
2747,"Escobar, Felipe",5350,3784,1566,27880
2748,"Roy, Rupesh",0,0,0,27858
2749,"Naor, Amit",0,0,0,27840
2750,"Henry, Ryan",0,0,0,27824
2751,"Tsuchiya, Alexandre",8195,4777,3418,27793
2752,"Roshardt, Robin",0,0,0,27748
2753,"Licciardi, Pietro",10463,6888,3575,27746
2754,"Jacob, Bjorn",0,0,0,27736
2755,"Sillanpaa, Henrik",5793,4887,906,27719
2756,"Franklin, Cary",0,0,0,27704
2757,"Kalovelonis, George",0,0,0,27582
2758,"Fuchs, Oliver",0,0,0,27536
2759,"Kyriakos, William",0,0,0,27531
2760,"Kaza, Vinayak Sharma",6848,5366,1482,27514
2761,"Falk, Conny",0,0,0,27508
2762,"Nicklisch, Rene",0,0,0,27493
2763,"Karlovskiy, Evgeny",8963,7346,1617,27476
2764,"Karagiannis, Niko",0,0,0,27428
2765,"Guerses, Gustavo",3738,2004,1734,27392
2766,"Short, Matthew",4272,3030,1242,27328
2767,"Meuffels, Alban",1156,1156,0,27293
2768,"Kanev, Yordan",0,0,0,27282
2769,"Levine, Andrei",1626,776,850,27262
2770,"Takada, Mitsuru",0,0,0,27246
2771,"Wilson, Glenn",0,0,0,27226
2772,"Man Son Hing, Bruce",0,0,0,27220
2773,"Bezecny, George",0,0,0,27214
2774,"Partl, Adrian",4394,3838,556,27210
2775,"Bianchi, Pablo",0,0,0,27191
2776,"Seeberger, Matt",19226,1342,17884,27188
2777,"Sabanov, Matej",9042,3210,5832,27093
2778,"Bejtulahi, Denis",4356,3624,732,27072
2779,"Velez, Eduardo",0,0,0,27065
2780,"Berta, Daniel",0,0,0,27060
2781,"Stolt, Phil",0,0,0,27035
2782,"Russell, Joseph",0,0,0,27031
2783,"Zimmerman, Michael",0,0,0,26982
2784,"Crowe, Joshua",0,0,0,26973
2785,"Vilardo, Francesco",8894,6506,2388,26969
2786,"Katayama, Sho",5162,3040,2122,26968
2787,"Steinberger, Bertram",0,0,0,26964
2788,"Barbosa, Romain",12551,9718,2833,26741
2789,"Williams, Gareth",0,0,0,26685
2790,"Cousin, Fabien",0,0,0,26682
2791,"Singh, Navdeep",0,0,0,26674
2792,"Ruiz-Rosales, Antonio",54,0,54,26671
2793,"Botti, Kevin",0,0,0,26641
2794,"Duldaev, Daniiar",4913,4063,850,26622
2795,"El Mehelmy, Ahmed",0,0,0,26515
2796,"Gooding, Jay",0,0,0,26453
2797,"Swierk, Sebastian",0,0,0,26426
2798,"Hewitt, Ashley",0,0,0,26299
2799,"Roy , Matthieu",4932,3642,1290,26287
2800,"Devide, Nevio",0,0,0,26277
2801,"Kiss, Sebo",0,0,0,26254
2802,"Henderson, Gary",0,0,0,26241
2803,"Tveit, Erling",0,0,0,26235
2804,"Jimenez-Letrado, Marcos",164,0,164,26190
2805,"Falcao, Goncalo",4004,2278,1726,26182
2806,"September, Donavan",0,0,0,26083
2807,"Briaud, Patrick",0,0,0,26077
2808,"Bass, Stephen",0,0,0,26069
2809,"Bonadio, Riccardo",10867,8258,2609,26048
2810,"Sistermans, Djalmar",0,0,0,26015
2811,"Brewer, David",0,0,0,25990
2812,"Nunez, Hugo",0,0,0,25970
2813,"Beust, Alois",0,0,0,25969
2814,"Fasching, Andreas",0,0,0,25862
2815,"Chang, Eui-Jong",0,0,0,25850
2816,"Demekhine, Sergei",0,0,0,25848
2817,"Stepanek, Alex",0,0,0,25847
2818,"Zeman, Filip",0,0,0,25778
2819,"Raspudic, Franjo",6542,5046,1496,25769
2820,"Klingemann, Chris",0,0,0,25752
2821,"Clark, Chad",0,0,0,25726
2822,"Renard, Lucas",2370,1678,692,25704
2823,"Martinez, Ignacio",0,0,0,25681
2824,"Richter, Karl",0,0,0,25679
2825,"Bourchier, Harry",18893,15628,3265,25665
2826,"Lustyk, Jakub",624,588,36,25586
2827,"Rea, Simon",0,0,0,25566
2828,"Smola, Maciej",4255,2276,1979,25551
2829,"Bar, Dekel",4790,3672,1118,25529
2830,"Klein, Matheson",0,0,0,25487
2831,"Agafonov, Aleksandr",0,0,0,25470
2832,"Chvets, Vitali",0,0,0,25460
2833,"Langvardt, Patrik",0,0,0,25454
2834,"Ferraz, Danilo",0,0,0,25434
2835,"Uchida, Kaichi",10391,8563,1828,25418
2836,"Sborowitz, Matias",0,0,0,25396
2837,"Casanova, Hernan",12292,10062,2230,25391
2838,"Di Ienno, Damiano",0,0,0,25390
2839,"Sabeckis, Gvidas",0,0,0,25356
2840,"Moreno-Negrin, Rafael",0,0,0,25333
2841,"Farcas, Remus",0,0,0,25267
2842,"Abaroa, Enrique",0,0,0,25258
2843,"Pavicevic, Vladimir",0,0,0,25254
2844,"Miranda, Miguel",0,0,0,25213
2845,"Kalovelonis, Markos",10702,6456,4246,25186
2846,"Corkery, K.C.",0,0,0,25163
2847,"Deviatiarov, Marat",6896,4090,2806,25154
2848,"Wunner, Matthias",6702,4908,1794,25152
2849,"Menzler, Markus",0,0,0,25141
2850,"Gonzalez-Jimenez, Abraham",0,0,0,25127
2851,"Igoshin, Alexandr",10876,7393,3483,25124
2852,"Simoni, Marco",0,0,0,25113
2853,"Oliveira, Goncalo",12230,7405,4825,25105
2854,"Racz, Christopher",788,692,96,25092
2855,"Herdoiza, Steve",0,0,0,25019
2856,"Halebian, Alexios",7061,5771,1290,24992
2857,"Colella, Alessandro",5222,3784,1438,24985
2858,"Yalcinkale, Barkin",8290,5987,2303,24979
2859,"Lemercier, Bertrand",0,0,0,24951
2860,"Coman, Robert",0,0,0,24916
2861,"Florez, Valentin",1641,909,732,24913
2862,"Crowley, Keith-Patrick",7898,4522,3376,24901
2863,"Zverev Sr. , Alexander",0,0,0,24897
2864,"Antonescu, Vasile",10949,9055,1894,24845
2865,"Janvier, Maxime",18445,15833,2612,24829
2866,"Ribeiro, Rodrigo",0,0,0,24810
2867,"Cha, Bo Ram",0,0,0,24806
2868,"Ghoneim, Amro",0,0,0,24746
2869,"Porumb, Ciprian Petre",0,0,0,24735
2870,"Makhkamov, Abdul Hamid",0,0,0,24733
2871,"Verryth, Mark",0,0,0,24730
2872,"Kosler, Jiri",0,0,0,24676
2873,"Clayton, Alex",0,0,0,24673
2874,"Caswell, Ned",0,0,0,24660
2875,"Lescure, Mick",8559,5776,2783,24636
2876,"Wilder, Vallis",0,0,0,24605
2877,"Ocera, Massimo",0,0,0,24587
2878,"Rosa, Bruno",0,0,0,24579
2879,"Dimov, Valentin",0,0,0,24575
2880,"Burrow, Andrew",0,0,0,24542
2881,"Fielding, Trace",0,0,0,24538
2882,"Contzler, Bertrand",0,0,0,24501
2883,"Kracman, Andrej",0,0,0,24420
2884,"Zhurbin, Alexander",0,0,0,24397
2885,"Kocyla, Arkadiusz",1244,552,692,24371
2886,"Kokurin, Anton",0,0,0,24346
2887,"Schonenberg, Tom",6935,5129,1806,24343
2888,"Shirato, Hitoshi",0,0,0,24337
2889,"Arsenov, Danila",0,0,0,24320
2890,"Platel, Guillermo",0,0,0,24298
2891,"Bakalov, Boris Nicola",1864,1416,448,24271
2892,"Urbanija, Mike",5456,4656,800,24257
2893,"Jomby, Tom",17176,11976,5200,24236
2894,"Yaroshenko, Sergei",0,0,0,24230
2895,"McNamara, David",0,0,0,24226
2896,"Hach Verdugo, Hans",14731,7476,7255,24207
2897,"Fillol, Jaime",0,0,0,24167
2898,"Diaz-Ventura, David",0,0,0,24138
2899,"Suc, Dominik",6097,3768,2329,24111
2900,"Irwin, Richard",0,0,0,24098
2901,"Van der Valk, Bas",0,0,0,24078
2902,"Bianchi, Juan Carlos",0,0,0,24075
2903,"Le, Minh",180,0,180,24062
2904,"Katliarov, Pavel",0,0,0,24015
2905,"Von Massow, George",5774,3454,2320,23941
2906,"Sansonetti, Federico",0,0,0,23909
2907,"Ortiz, Juan Pablo",0,0,0,23821
2908,"Lencina-Ribes, Daniel",0,0,0,23814
2909,"Basham, Mark",0,0,0,23813
2910,"Belot, Constantin",3814,2698,1116,23788
2911,"Tabatruong, Maxime",15491,13301,2190,23771
2912,"Park, Seung-Kyu",0,0,0,23763
2913,"Bazzica, Gianluca",0,0,0,23754
2914,"Gregorc, Miha",0,0,0,23753
2915T,"Galan, Sat",0,0,0,23724
2915T,"Witt, Alex",0,0,0,23724
2917,"Peranamallur, Vignesh",2052,1140,912,23699
2918,"Maden, Yannick",5551,5107,444,23629
2919,"Fago, Matteo",3234,2552,682,23580
2920,"Song, Evan",8119,7085,1034,23569
2921,"Hui, John",0,0,0,23562
2922,"Ford, Ashley",0,0,0,23536
2923,"Tearney, Finn",16587,12660,3927,23529
2924,"Givone, Rob",0,0,0,23519
2925,"Emerson, Antony",0,0,0,23515
2926,"Tur, Gonzalo",54,0,54,23500
2927,"Russell, Ryan",0,0,0,23493
2928,"Ketola, Lassi",0,0,0,23430
2929,"Fass, Adam",0,0,0,23404
2930,"Zorlu, Ergun",0,0,0,23303
2931T,"Kozin, Victor",0,0,0,23301
2931T,"Salvador-Estepa, David",0,0,0,23301
2933,"Scherer, Eric",0,0,0,23271
2934,"Castro, Matias",2708,1488,1220,23228
2935,"Taubert, Patrick",0,0,0,23209
2936,"Vasilenko, Alexander",9043,7657,1386,23166
2937,"Triska, Karel",0,0,0,23152
2938,"Serrano, Sebastian",0,0,0,23142
2939,"Froberg, Jonas",0,0,0,23134
2940,"Dima, Dragos",9461,8381,1080,23092
2941,"Martins, Eleuterio",0,0,0,23085
2942T,"Chile-Fonte, Ricardo",144,0,144,23077
2942T,"Lindner, Joel",0,0,0,23077
2944,"Sridhar, Vinod",0,0,0,23076
2945,"Pinto-Silva, Henrique",0,0,0,23070
2946,"Osabnik, Bostjan",0,0,0,23061
2947,"Poole, Robbye",0,0,0,23057
2948,"Auradou, Marc",0,0,0,23051
2949,"Van't Hof, Erik",0,0,0,23043
2950,"Jarc, Rok",385,0,385,23001
2951,"Joachim, Mark",0,0,0,22998
2952,"Hilaire, Jonathan",1071,1071,0,22993
2953,"Igbinovia, Jonathan",0,0,0,22970
2954,"Roche, Charles",0,0,0,22968
2955,"Pereira, Goncalo",994,448,546,22963
2956,"Gomez, Alejandro",19986,17075,2911,22955
2957,"Oradini, Giacomo",2390,1656,734,22945
2958,"Ma, Ya-Nan",0,0,0,22935
2959,"Otte, Oscar",10637,9809,828,22913
2960,"Arends, Sander",12215,2016,10199,22911
2961,"Brown, Michael",0,0,0,22903
2962,"Seator, Edward",0,0,0,22886
2963,"Elistratov, Evgeny",10899,9167,1732,22864
2964,"Di Vuolo, Marco",0,0,0,22859
2965,"Mugevicius, Lukas",9382,5278,4104,22856
2966,"Layne, Justin",0,0,0,22842
2967,"Malla, Bastian",8598,8448,150,22832
2968,"Vivanco, Juan-Sebastian",0,0,0,22803
2969,"Miyao, Joji",0,0,0,22754
2970,"Rumler , Robert",1038,676,362,22637
2971,"Cole, Sean",0,0,0,22636
2972,"Costa, Charles",0,0,0,22630
2973,"Ben Zvi, Gilad",0,0,0,22614
2974,"Nakic-Alfirevic, Ante",0,0,0,22611
2975,"Langaskens, Denis",0,0,0,22599
2976,"Leach, Jonathan",0,0,0,22565
2977,"Girault, Gregory",0,0,0,22564
2978,"Chauvin, Julien",0,0,0,22562
2979,"Palacios-Siegenthale, Marcelo",0,0,0,22546
2980,"Munoz-Abreu, Jordi",3660,2606,1054,22543
2981,"Bois, Michael",1602,1466,136,22541
2982,"O'Connell, Christopher",9790,7790,2000,22500
2983,"Neumuller, Ingo",0,0,0,22445
2984,"Polmans, Marc",13625,9134,4491,22395
2985,"Pfitzner, Gavin",0,0,0,22393
2986,"Naumann, Ashley",0,0,0,22360
2987,"Hermansson, Jan",0,0,0,22295
2988,"Monte, Rodrigo",0,0,0,22280
2989,"Mousley, Bradley",10617,6829,3788,22277
2990,"Cho, Min-Hyeok",4440,4296,144,22276
2991,"Couly, Julien",0,0,0,22257
2992,"Doran, John",0,0,0,22247
2993,"Bezeruk, Yuri",0,0,0,22201
2994,"Hildebrand, Tobias",0,0,0,22199
2995,"Perez-Vazquez, Javier",0,0,0,22130
2996,"Podzus, Martins",6336,5214,1122,22119
2997,"Rossi, Eugenio",0,0,0,22110
2998,"Doumbia, Sadio",14417,12718,1699,22104
2999,"Opelka, Reilly",20242,11562,8680,22090
3000,"Sanchez, Rodrigo",0,0,0,22087
3001,"Rizza, Rylan",0,0,0,22081
3002,"Oliveira, Edvaldo",0,0,0,22065
3003,"Toroman, Nenad",0,0,0,22057
3004,"Botha, Dean",0,0,0,21995
3005,"Cias, Pawel",9430,7870,1560,21985
3006,"Angelini, Pietro",0,0,0,21971
3007,"Hertzog, Rolf",0,0,0,21863
3008,"Chung, Seong-Yoon",0,0,0,21857
3009,"Hatanaka, Masato",0,0,0,21830
3010,"Brandao, Filipe",2816,2140,676,21827
3011,"Sie, Elbert",0,0,0,21809
3012,"Netuschil, Marvin",5546,4792,754,21800
3013,"Finnberg, Axel",0,0,0,21769
3014,"Markin, Alexander",0,0,0,21763
3015,"Diep, Florent",7146,4644,2502,21760
3016,"Ramaswami, Ajay",0,0,0,21729
3017,"Gille, Sander",7916,4418,3498,21728
3018,"Konfederak, Kevin",0,0,0,21723
3019,"Grunes, Christian",0,0,0,21677
3020,"Nijaki, Radoslaw",0,0,0,21668
3021,"Fukuda, Katsushi",0,0,0,21603
3022,"Lesch, Andreas",0,0,0,21600
3023,"Burn, Tom",0,0,0,21595
3024,"Sakai, Toshiaki",0,0,0,21582
3025,"Baldoni, Alessandro",0,0,0,21575
3026,"Claverie, Carlos",0,0,0,21559
3027,"Yurtacan, Efe",3517,1992,1525,21548
3028,"Rodrigo, Ivan",0,0,0,21526
3029,"Brandt, Jan-Ralph",0,0,0,21492
3030,"Pavlioutchenkov, Alexander",0,0,0,21416
3031,"Demuynck, Karel",0,0,0,21413
3032,"Figueroa, Pablo",0,0,0,21412
3033,"Ciorcila , Patrick",140,104,36,21406
3034T,"Conocente, Marcos",0,0,0,21405
3034T,"Sorensen, Kevin",0,0,0,21405
3036,"Rios-Benitez, Martin",0,0,0,21372
3037,"Frigerio, Lorenzo",3214,2286,928,21369
3038,"Visak, Vilim",0,0,0,21356
3039,"Venero, Americo Tupi",0,0,0,21339
3040,"Schor, James",0,0,0,21319
3041,"Barbu, Adrian",0,0,0,21309
3042,"Siributwong, Kirati",0,0,0,21298
3043,"Tanizawa, Hidehiko",0,0,0,21269
3044,"Fernandez, Ruben",0,0,0,21244
3045,"Luchici, Raian",0,0,0,21241
3046,"Lootsma, Niels",9697,5356,4341,21224
3047,"Hahn, Troy",0,0,0,21215
3048,"Lajola, Dennis",180,0,180,21207
3049,"Gavrilov, Alexey",0,0,0,21198
3050,"Escribano, Pablo",0,0,0,21184
3051,"Saber, Mohamed",457,0,457,21172
3052,"Nesterov, Nikolai",0,0,0,21148
3053,"Ogawa, Atsuo",0,0,0,21134
3054,"Panta, Jorge",6413,4602,1811,21132
3055,"Jacq, Gregoire",10966,8317,2649,21114
3056,"Pulgar-Garcia, Javier",10392,7766,2626,21110
3057,"Rocha, Diogo",0,0,0,21109
3058,"Ganiev, Timur",0,0,0,21091
3059,"King, Barry",0,0,0,21058
3060,"Lucassen, Peter",0,0,0,20993
3061,"Giussani, Gaston",0,0,0,20977
3062,"Pfeiffer, Krystian",0,0,0,20974
3063,"Rodriguez Manzano, Borja",5879,4739,1140,20968
3064,"Berman, Sean",0,0,0,20941
3065,"Capkovic, Peter",0,0,0,20938
3066,"Newport, Ryan",0,0,0,20916
3067,"Goldberg, Dan",0,0,0,20907
3068,"Saltz, Danny",0,0,0,20869
3069,"Carvalho, Raony",108,0,108,20852
3070,"Van Duyn, Jacco",0,0,0,20843
3071,"Sterin, Gustavo",0,0,0,20840
3072T,"Battistone, Dann",0,0,0,20836
3072T,"Chung, Hong",2588,2198,390,20836
3074,"Caracciolo, Daniel",0,0,0,20834
3075,"Shahgholi, Anoosha",1818,1294,524,20820
3076,"Ning, Yuqing",8748,6190,2558,20816
3077,"Tassart, Antoine",0,0,0,20773
3078T,"Mijic, Ivo",692,656,36,20762
3078T,"Wiespeiner, Stefan",0,0,0,20762
3080,"Kirrtane, Nitten",0,0,0,20736
3081,"Fanucci, Pietro",0,0,0,20698
3082,"Vitullo, Luciano",0,0,0,20693
3083,"Noh, Sang-Woo",1780,640,1140,20676
3084,"Rovai, Federico",0,0,0,20668
3085,"Sikanov, Alexander",0,0,0,20649
3086,"Djokovic, Djordje",13990,3299,10691,20630
3087,"Du Randt, Johan",0,0,0,20628
3088,"Blake, Myles",0,0,0,20624
3089,"Vazquez-Valenzuela, Juan",0,0,0,20606
3090T,"Farquharson, Tom",2287,2287,0,20589
3090T,"Petrone, Alessandro",1254,1164,90,20589
3092,"Crow, Pat",0,0,0,20570
3093,"Surreaux, Arthur",5501,4355,1146,20552
3094,"Rossetti, Ettore",0,0,0,20531
3095,"Sajous, Olivier",0,0,0,20519
3096,"Haybittel, Robert",0,0,0,20517
3097,"Lukacs, Denes",0,0,0,20479
3098,"Virgili, Adelchi",4233,2285,1948,20476
3099,"Ziv, Kobi",0,0,0,20450
3100,"Micolani, Giammarco",0,0,0,20447
3101,"Martos Gornes, Sergio",8568,4024,4544,20446
3102,"Szczepanik, Piotr",0,0,0,20429
3103,"Chmela, Michal",0,0,0,20425
3104,"Kato, Toshiharu",0,0,0,20417
3105,"Koniecko, Bryan",0,0,0,20408
3106,"Cerda, Juan Ignacio",0,0,0,20393
3107,"Al Baloushi, Mahmoud-Nader",0,0,0,20365
3108,"Van Terheijden, Tim",1267,1046,221,20341
3109,"Carpenter, Jack",0,0,0,20334
3110,"Mladenov, Vasko",6432,4302,2130,20332
3111,"Fabian, Patrik",7801,6716,1085,20325
3112,"Torre, Eduardo Agustin",6338,3880,2458,20323
3113,"Salisbury, Joe",9405,5452,3953,20322
3114,"Botzer, Bar Tzuf",8554,7544,1010,20320
3115,"Gawlowski, Michal",0,0,0,20314
3116,"Chung, Hee-Sung",0,0,0,20278
3117,"Isarow, Pruchya",7432,5110,2322,20240
3118,"Stojisavljevic, Sasa",64,0,64,20231
3119,"Wolters, Ryan",0,0,0,20229
3120,"Kachanovskiy, Vitaliy",720,484,236,20228
3121,"Araya, Cristian",0,0,0,20204
3122,"Laurent, Yanais",8280,6710,1570,20194
3123,"Mocci, Stefano",0,0,0,20183
3124,"Jecminek, Tomas",0,0,0,20171
3125,"Grabul, Dimitar",260,260,0,20159
3126,"Diarra, Gibril",3172,3172,0,20121
3127,"Kwon, Hyung-Tae",0,0,0,20111
3128,"Sanjurjo Hermida, Adam",0,0,0,20086
3129,"Cicenia, Miguel",0,0,0,20074
3130,"Lane, Anthony",0,0,0,20065
3131,"Barker, Marvin",0,0,0,20036
3132,"Kim, Dylan Seong Kwan",732,516,216,19935
3133,"Jayaprakash, Mohit Mayur",7958,5916,2042,19914
3134,"Rainey, Nick",0,0,0,19913
3135,"Simpson, Matt",0,0,0,19880
3136,"Waite, Richard",1686,1172,514,19856
3137,"Ivanov, Simeon",0,0,0,19855
3138,"Klein, Tobias",0,0,0,19838
3139,"Koeck, Tobias",0,0,0,19819
3140,"Moraing, Mats",6097,5534,563,19816
3141,"Szmigiel, Mateusz",0,0,0,19797
3142,"Lu, Hao",0,0,0,19767
3143,"Medem, Stephan",0,0,0,19754
3144,"Sabanov, Ivan",7822,1990,5832,19734
3145,"Perez Mota, Mauricio",2144,1138,1006,19706
3146,"Sabanin, Yan",5290,3320,1970,19682
3147,"Curry, Brendan",0,0,0,19675
3148,"Courtney, Drew",0,0,0,19673
3149,"Carvallo, Paulo",0,0,0,19655
3150,"Badanov, Dmytro",8074,6766,1308,19632
3151,"Herr, Howard",0,0,0,19629
3152,"Koscielski, Paul",0,0,0,19550
3153,"Goh, Steven",0,0,0,19530
3154,"Grin, Thierry",0,0,0,19513
3155,"Widhiyanto, Febi",0,0,0,19505
3156,"Piacentile, Jean-Marc",0,0,0,19478
3157,"Sarmiento, Raymond",7781,5035,2746,19472
3158,"Estivariz, Mauricio",0,0,0,19444
3159,"Aniola, Filip",0,0,0,19407
3160,"Oliveira, Carlos",312,258,54,19389
3161,"Maiga, Riccardo",1042,638,404,19383
3162,"Garzelli, Francesco",3656,2948,708,19360
3163,"Vilella Martinez, Mario",11107,9025,2082,19346
3164T,"Rovetta, Luca",104,104,0,19298
3164T,"Varga, Robert",0,0,0,19298
3166,"Zhang, Yu",0,0,0,19274
3167,"Paiz, Cristian",0,0,0,19262
3168,"Green, Warren",0,0,0,19258
3169,"Fournerie, Theo",7088,5982,1106,19215
3170,"Vivero Gonzalez, Pablo",13864,12334,1530,19214
3171,"Stratling, Marc-Andre",0,0,0,19171
3172,"Thomas, Kiantki",0,0,0,19167
3173,"Trongcharoenchaikul, Wishaya",2446,1970,476,19158
3174,"Steele, Saar",276,276,0,19148
3175,"Mirzadeh, Hamid",0,0,0,19145
3176,"Khabibulin, Timur",6514,4482,2032,19122
3177,"Molina, Emanuele",0,0,0,19112
3178,"Kim, Hyun-Joon",572,104,468,19100
3179,"Trombetta, Ty",104,104,0,19075
3180,"Vandewiele, Olivier",0,0,0,19070
3181T,"Honey, Charles",0,0,0,19055
3181T,"Turek, Jerry",0,0,0,19055
3183,"Dome, Andre",10707,8163,2544,19053
3184,"Haviland, Ryan",3271,3271,0,19044
3185,"Martinez-Comet, Carlos",0,0,0,19041
3186,"Gisbert Sr, Juan",0,0,0,19030
3187T,"Klymenko, Vladyslav",0,0,0,19020
3187T,"Rodriguez-Sanchez, Oscar",0,0,0,19020
3189,"Lemos, Felipe",0,0,0,19009
3190,"Choinski, Jan",12851,11993,858,18995
3191,"Luque-Velasco, David",36,0,36,18941
3192,"Beros, Ivan",0,0,0,18869
3193,"Gotti, Matteo",0,0,0,18847
3194,"Baldi, Filippo",7171,4595,2576,18828
3195,"Illingworth, Matthew",0,0,0,18789
3196,"Lopes, Helder",0,0,0,18783
3197,"Blake, Ryan",0,0,0,18771
3198,"Tyurnev, Evgeny",9539,6943,2596,18753
3199,"Anderson, Roger",0,0,0,18735
3200T,"Ison, David",0,0,0,18719
3200T,"Santiago, Mico",7225,6181,1044,18719
3202,"Kasiri, Miles",0,0,0,18712
3203,"Zormann, Marcelo",11067,7429,3638,18699
3204,"Leonjuk, Sergei",0,0,0,18689
3205,"Marco-Ripoll, Marc",0,0,0,18669
3206,"Clayton, Scott",7840,4120,3720,18657
3207,"Shiga, Masato",5223,4253,970,18654
3208,"Escobar, Idio",0,0,0,18636
3209,"Kirtane, Sandeep",0,0,0,18602
3210T,"Ramos, Olivier",0,0,0,18601
3210T,"Zeile, Magnus",0,0,0,18601
3212,"Chervyakov, Fedor",5602,3717,1885,18575
3213,"Karatchenia, Andrei",0,0,0,18569
3214,"Puncec, Frank",0,0,0,18567
3215,"Oresic, Goran",260,0,260,18532
3216,"Stalhandske, Thomas",0,0,0,18528
3217,"Galkin, Anton",6097,4785,1312,18515
3218,"Zornosa , Steffen",2390,1652,738,18491
3219,"Razborsek, Nik",5808,5140,668,18487
3220,"Kuncik, Jan",2308,1070,1238,18432
3221,"Fynn, Mark",3925,1860,2065,18427
3222,"Lami, Sebastien",0,0,0,18396
3223,"Ross, Brett",0,0,0,18390
3224,"Van Uffelen, Denis",0,0,0,18359
3225,"Gomez, Lucas",9030,7740,1290,18339
3226,"Eriksson, Robert",0,0,0,18315
3227,"Merckx, Jonas",6682,5366,1316,18306
3228,"Wintermantel, Frank",0,0,0,18287
3229,"He, Yecong",14545,12075,2470,18273
3230,"De Wet, Henri",0,0,0,18254
3231,"Mihailovic, Dusan",0,0,0,18239
3232,"De Sousa, Gilles",104,104,0,18203
3233,"Rhode, Stephan",0,0,0,18181
3234,"Oku, Hiromasa",5606,3944,1662,18173
3235,"Shatskiy, Ilia",0,0,0,18161
3236,"Waern, Fredrik",0,0,0,18123
3237,"Blumenberg, Alex",1458,846,612,18114
3238,"Vilen, Tero",498,0,498,18111
3239,"Norfeldt, Henrik",0,0,0,18097
3240,"Casey, Owen",0,0,0,18088
3241,"Stouff, Vincent",1208,396,812,18084
3242,"Tchoutakian, Maxime",4764,4174,590,18066
3243,"Roy-Girardi, Marcos",0,0,0,18063
3244,"Fragoso, Bruno",0,0,0,18037
3245,"Canovas, Pedro",0,0,0,18035
3246,"Riha, Pavel",0,0,0,18011
3247,"Serpa-Guinazu, Rafael",0,0,0,17977
3248,"Geens, Clement",12907,11438,1469,17976
3249,"Espasandin, Joss",310,0,310,17944
3250,"Hlawaty, Mark",0,0,0,17940
3251,"Di Meo, Giulio",1291,816,475,17937
3252,"Vargas-Aboy, Alejandro",0,0,0,17932
3253,"Hanlin, Matthew",0,0,0,17919
3254,"Moore, Brendon",328,292,36,17918
3255T,"Celebic, Ljubomir",7700,6318,1382,17904
3255T,"Nealon, Billy",0,0,0,17904
3257,"Galli, Matteo",0,0,0,17884
3258,"Mylokostov, Denys",2992,2594,398,17880
3259,"Matic, Nico",8562,7946,616,17878
3260,"Svensson, Stefan",0,0,0,17862
3261,"Cavallero, Federico",0,0,0,17857
3262,"Puget, Adrien",12257,10472,1785,17842
3263,"Nisker, Andrew",0,0,0,17836
3264,"Patel, Kamil",0,0,0,17831
3265,"Criswell, Wynn",0,0,0,17821
3266,"Ochiai, Guilherme",0,0,0,17796
3267,"Babalola, Abdul-Mumin",0,0,0,17794
3268,"Stiegler, Helmar",0,0,0,17781
3269T,"Bayet, Baptiste",0,0,0,17772
3269T,"Mayer Tischer, Peter",0,0,0,17772
3271,"Shortall, James",0,0,0,17765
3272,"Chettar, Medy",4436,3610,826,17757
3273,"Schulz, Dominik",0,0,0,17736
3274,"Tuckfield, Josh",0,0,0,17712
3275,"Magyary, Chris",0,0,0,17677
3276,"Bahamonde, Francisco",11613,10621,992,17661
3277,"Palmanshofer, Christoph",0,0,0,17650
3278,"Goldsteiner, Peter",2904,2362,542,17637
3279T,"Maher, Jarryd",492,438,54,17633
3279T,"Montes De Oca, Daniel",0,0,0,17633
3281,"Kennedy, Chris",0,0,0,17615
3282,"Van Beem, Colin",2770,2490,280,17582
3283,"Sonego, Lorenzo",14733,12229,2504,17573
3284,"Sichez, Romain",0,0,0,17556
3285,"Pelikan, Jiri",0,0,0,17550
3286,"Zarski, Jedrzej",0,0,0,17514
3287,"Mohazebnia, Mohammed",980,672,308,17511
3288,"Weston, Brad",0,0,0,17499
3289,"Daruich, Rodolfo",0,0,0,17498
3290,"Wagh, Akash",1542,692,850,17494
3291,"Klinger, Matt",0,0,0,17487
3292,"Gunneswaran, Prajnesh",4450,4450,0,17470
3293,"Wilborts, Eric",0,0,0,17469
3294,"Matsushita, Akira",0,0,0,17428
3295,"Kang, Byung-Kook",0,0,0,17426
3296,"Pla Malfeito, Jaume",7635,6159,1476,17424
3297,"Matheu, Stephane",0,0,0,17401
3298,"Olin, Robin",0,0,0,17381
3299,"Nastasi, Ugo",6100,4732,1368,17356
3300,"Buffington, Brett",0,0,0,17342
3301,"Yancey, John",0,0,0,17310
3302,"Torres, Ruben",0,0,0,17303
3303,"Liu, Siyu",896,570,326,17302
3304,"Lanyi, Andras",0,0,0,17276
3305,"Foster, MarQuiestro",0,0,0,17255
3306,"Agamenone, Franco",6988,5426,1562,17249
3307,"Eros, Tal",190,0,190,17216
3308,"Sanna, Tommaso",0,0,0,17191
3309,"Tattermusch, Andreas",0,0,0,17175
3310,"Martin, Angel Jose",0,0,0,17167
3311,"Mori, Toshitsugu",0,0,0,17136
3312,"Thurner, David",0,0,0,17125
3313,"Lodder, Jan-Willem",0,0,0,17111
3314,"Dracos, Benjamin",0,0,0,17094
3315,"Gomez-Barrio, Sergio",0,0,0,17077
3316T,"Pollock, Conor",0,0,0,17046
3316T,"Simonsson, Fred",9797,4783,5014,17046
3318,"Buscaglione, Cyril",0,0,0,17040
3319,"Ollivier-Baquero, David",0,0,0,17035
3320,"De Fays, Frederic",96,0,96,17023
3321,"Propst, Bjorn",0,0,0,17019
3322,"Lee, Chul-Hee",0,0,0,17016
3323,"Pini, Sebastian Exequiel",5559,4535,1024,17003
3324,"Caldas, Egberto",0,0,0,16995
3325,"Styslinger, Mac",1522,1246,276,16979
3326,"Villeneuve, Charly",0,0,0,16953
3327,"Fatic, Nerman",6570,5228,1342,16939
3328,"Melchiorre, Davide",2808,1540,1268,16916
3329,"Alvarez-Guzman, Mauricio",1554,520,1034,16899
3330,"Langre, Daniel",0,0,0,16888
3331,"Llompart, Alex",0,0,0,16877
3332,"Griekspoor, Kevin",1024,952,72,16873
3333,"Masar, Juraj",2754,1826,928,16864
3334,"Kumar, Ashwin",0,0,0,16827
3335,"Leppen, Dirk",0,0,0,16823
3336,"To, David",0,0,0,16796
3337,"Grigoriu, Patrick",6712,0,6712,16794
3338,"Kauer, Nicolas Gustavo",0,0,0,16790
3339,"Raturandang, Andrian",0,0,0,16787
3340,"Kruk, Vladimir",0,0,0,16773
3341,"Bader, Sebastian",1826,328,1498,16728
3342,"Ho, Chih-Jen",4488,2956,1532,16721
3343,"Fono, Laszlo",0,0,0,16688
3344,"Abdelnour, Marc",0,0,0,16666
3345,"Pancaldi, Luca",5906,4782,1124,16663
3346,"Malo, Borja",0,0,0,16658
3347,"Platenik, Vladimir",0,0,0,16656
3348,"Perez, Dario",0,0,0,16655
3349,"Yessenbekov, Serizhan",108,0,108,16653
3350T,"Majchrowicz, Adam",8551,1598,6953,16599
3350T,"Saito, Takashi",5602,4546,1056,16599
3352,"Papasidero, Lorenzo",0,0,0,16589
3353,"Bosse, Dick",0,0,0,16567
3354,"Somogyi, Alexander",0,0,0,16565
3355,"Ciszek, Michal",0,0,0,16551
3356,"Silva, Matias",0,0,0,16540
3357,"Brukner, Igor",0,0,0,16516
3358,"Franco, Francisco",0,0,0,16513
3359,"Vaks, Mikhail",770,448,322,16507
3360,"Lopez-Fabero, Gonzalo",0,0,0,16506
3361,"Ameal, Juan Ignacio",5244,4064,1180,16496
3362,"Knapp, Roger",0,0,0,16483
3363,"Cornea, Victor Vlad",7875,4566,3309,16473
3364,"Brunstrom, Jesper",956,416,540,16455
3365,"Thomas, Andrew",0,0,0,16454
3366,"Castellan, Carlos",0,0,0,16445
3367,"Shults, Peter",0,0,0,16442
3368,"Idoko, Candy",0,0,0,16414
3369,"Stoehr, Daniel",0,0,0,16411
3370,"Joelson, Brett",0,0,0,16409
3371,"Eichenberger, Patrick",258,258,0,16391
3372,"Koderisch, Christopher",0,0,0,16371
3373,"Goncalves, Vasco",0,0,0,16361
3374,"Martinez, Gerardo",0,0,0,16345
3375,"Coupland, George",156,156,0,16336
3376,"Oliveira, Marlon",634,466,168,16329
3377,"Lesske, Daniel",0,0,0,16313
3378,"Semenzato, Bruno",0,0,0,16310
3379,"Rios, Juan",0,0,0,16302
3380,"Bailey, Joel",0,0,0,16298
3381,"Fernandez, Dane",0,0,0,16285
3382,"Maynard, Victor",136,0,136,16256
3383,"Belcher, Kelvin",0,0,0,16247
3384,"Abdullahi, Sadiq",0,0,0,16227
3385T,"Nekic, Tim",776,776,0,16220
3385T,"Peranec, Gordan",0,0,0,16220
3387,"Wijnmalen, Boy",0,0,0,16207
3388,"Pramono, Hendri Susilo",0,0,0,16203
3389,"Al-Khulaifi, Nasser-Ghanim",0,0,0,16201
3390,"Meis, Pascal",7460,6186,1274,16183
3391,"Malouli, Laurent",0,0,0,16166
3392,"Hidalgo, Diego",208,172,36,16165
3393,"Messmer, Thomas",0,0,0,16159
3394,"Fulford-Jones, Amadeus",0,0,0,16147
3395,"Zaatini, Jicham",0,0,0,16138
3396,"Marzenell, Gerald",0,0,0,16134
3397,"Armellini, Marco",0,0,0,16129
3398,"Ramos, Lenoir",0,0,0,16102
3399,"Segodo, Arnaud",0,0,0,16081
3400,"Chafai, Jalal",0,0,0,16060
3401,"Soriano, Alberto",0,0,0,16046
3402,"Kushakov, Alexandr",3624,2712,912,16010
3403,"Kwinta, Krzysztof",0,0,0,15994
3404,"Kukal, Roman",0,0,0,15991
3405,"Castellanos, Carlos",0,0,0,15982
3406,"Dias, Marcos Vinicius",1454,1068,386,15980
3407,"Ludlow, James",0,0,0,15973
3408,"Celikbilek, Altug",11837,8363,3474,15941
3409,"Thompson, Clay",5587,5271,316,15937
3410,"Pasha, Nathan",4028,2733,1295,15918
3411,"Albertsson, Patrik",0,0,0,15890
3412,"Ofner, Patrick",3276,3076,200,15886
3413,"Barba, Martin",0,0,0,15869
3414,"Garcia-Roman, Marc",100,0,100,15858
3415,"Brostowicz, Richard",0,0,0,15846
3416,"Cvetkovic, Dejan",0,0,0,15821
3417,"Bensoussan, Samuel",7220,6272,948,15818
3418,"Fluitt, Marcus",0,0,0,15783
3419,"Fiala, Daniel",0,0,0,15775
3420,"Romanazzi, Juan-Manuel",140,104,36,15771
3421,"Bergmann, Eduardo",0,0,0,15754
3422,"Chidzikwe, Genius",0,0,0,15748
3423,"Silva, Marc",0,0,0,15709
3424,"Shiraishi, Shozo",0,0,0,15703
3425,"Liu, Tai-Wei",0,0,0,15686
3426,"Mitchell, Stephen",0,0,0,15635
3427,"Urrutia Fuentes, Laslo",1132,952,180,15614
3428,"Karimov, Djurabeck",10394,6832,3562,15598
3429,"Kikuchi, Gengo",3384,2660,724,15588
3430,"Oberleitner, Michael",0,0,0,15584
3431T,"Khan, Aqeel",308,172,136,15558
3431T,"Kohlloeffel, Benjamin",0,0,0,15558
3433,"Descotte, Matias Franco",5012,3978,1034,15554
3434,"Paris, Alberto",0,0,0,15541
3435,"Isaak, Donnie",0,0,0,15534
3436,"Chernov, Artur",0,0,0,15525
3437,"Capecchi, Daniele",5776,4628,1148,15515
3438,"O'Neal, Justin",0,0,0,15513
3439T,"Feng, He",3986,1538,2448,15507
3439T,"Kogan, Michael",0,0,0,15507
3441,"Giers, Fredrik",0,0,0,15505
3442,"Cubas, Diego",0,0,0,15487
3443,"Masencamp, Marius",0,0,0,15475
3444,"Zavala, Joshua",0,0,0,15467
3445,"Yonezawa, Toru",0,0,0,15463
3446T,"Behrmann, Matthew",0,0,0,15459
3446T,"Ozer, Mark",0,0,0,15459
3448,"Lebedev, Ilya",4944,3130,1814,15454
3449,"Mello, Henrique",0,0,0,15440
3450,"Van Den Daele, Thierry",0,0,0,15436
3451,"Arlidge, Burnham",0,0,0,15434
3452,"Susnjak, Teo",0,0,0,15429
3453,"Handoyo, Peter",0,0,0,15420
3454,"Slobodchikov, Ronald",2198,1902,296,15418
3455,"Polyak, Frantisek",0,0,0,15413
3456T,"Chu, Jonathan",0,0,0,15403
3456T,"Song, Min-Kyu",6811,3368,3443,15403
3458,"Sousa, Tiago",0,0,0,15397
3459,"Sontag, Gavin",0,0,0,15372
3460,"Geerts, Michael",9298,7082,2216,15344
3461,"Chicoine, Tom",0,0,0,15339
3462,"Biktyakov, Rifat",0,0,0,15324
3463,"Lam, Christopher",0,0,0,15322
3464,"Foronda-Bolanos, Javier",0,0,0,15295
3465,"Bolanu, Teodor",0,0,0,15271
3466,"Ziwar, Marwan",0,0,0,15268
3467,"Gullett, Kelly",0,0,0,15260
3468,"Smotlak, Roman",0,0,0,15254
3469,"Roberts, Andrew",0,0,0,15243
3470,"Samuelsson, Robert",0,0,0,15232
3471,"Do, Minh-Quan",0,0,0,15208
3472,"Betencourt, Fabrice",0,0,0,15205
3473,"Surchenko, Dmitry",4992,3740,1252,15187
3474,"Aarts, Peter",0,0,0,15183
3475,"Filipenko, Viktor",1872,1312,560,15168
3476,"Portal, Eduardo",0,0,0,15155
3477,"Giurgiu, Ilie-Aurelian",0,0,0,15147
3478,"Portmann, Leandro",4406,3158,1248,15144
3479,"Ndayishimiye, Hassan",2742,1900,842,15138
3480,"Kapogiannis, Charalampos",1280,1036,244,15130
3481,"Brill, Keith",0,0,0,15102
3482,"Rawat, Sidharth",6420,5510,910,15069
3483,"Choi, Dong-Whee",572,500,72,15064
3484,"Varillas Patino-Samudio, Juan Pablo",6667,5401,1266,15062
3485T,"Dyachok, Nickolai",0,0,0,15052
3485T,"Mirtea, Dragos Cristian",0,0,0,15052
3487,"Kremer, Gilles",0,0,0,15049
3488,"Rivera, Sebastian",0,0,0,15034
3489,"Villanueva, Gonzalo",5947,5105,842,15023
3490,"Vanderveeren, Gunther",0,0,0,15022
3491,"Feeder, Kean",0,0,0,15018
3492,"Musil, Adolf",0,0,0,15012
3493,"Eames, Jake",1110,312,798,14991
3494,"Dumanic, Josip",0,0,0,14987
3495,"Della Piana, Sandro",0,0,0,14972
3496,"Kass, David",0,0,0,14970
3497,"Mcmorrow, Kyle",666,516,150,14933
3498,"Buchhass, Tomas",0,0,0,14909
3499,"Pinheiro, Andre",0,0,0,14902
3500,"Helgeson, Travis",0,0,0,14901
3501,"Polyakov, Vladimir",3553,2363,1190,14867
3502,"Swinnen, Sven",0,0,0,14864
3503,"Hedman, Jon",0,0,0,14845
3504,"Khotulev, Stepan",0,0,0,14840
3505,"Sood, Chandril",6023,2120,3903,14839
3506,"Young, Ryan",0,0,0,14831
3507,"Miyazaki, Yasuo",0,0,0,14827
3508,"Hoang, Antonie",6726,4466,2260,14810
3509,"Wietoska, Torsten",0,0,0,14804
3510,"Kerley, Joel",0,0,0,14799
3511,"Stevenson, Kelsey",3948,3074,874,14787
3512,"Ceppo, Andres",830,640,190,14781
3513T,"Bavelas, Tasos",0,0,0,14780
3513T,"Munoz, Javier",0,0,0,14780
3515,"Allen, Malcolm",0,0,0,14760
3516,"Blair, David",0,0,0,14750
3517,"Simon, Tobias",5840,5444,396,14748
3518,"Steel, Bruce",0,0,0,14742
3519,"Merenstein, Boaz",0,0,0,14727
3520,"Goldengoren, Tal",5144,4908,236,14712
3521,"Guevara, Alessandro",0,0,0,14704
3522T,"Holmstrom, Rickard",0,0,0,14703
3522T,"Kadchapanan, Nuttanon",3190,932,2258,14703
3524,"From, Keith",0,0,0,14685
3525,"Thornadtsson, Per",0,0,0,14676
3526T,"Barker, Richard",0,0,0,14671
3526T,"Spracklin, Trevor",0,0,0,14671
3528,"Hanak, Rene",0,0,0,14644
3529,"Arreche, Nicolas Alberto",7212,6096,1116,14629
3530T,"Gennaro, Dante",3720,2486,1234,14605
3530T,"Root, Doug",0,0,0,14605
3532,"Phillips, Trey",0,0,0,14590
3533,"Outaleb, Khalid",0,0,0,14581
3534,"Mclachlan, Ben",7484,4050,3434,14574
3535,"Jdi, Mehdi",3836,1482,2354,14558
3536,"Kotchetkov, Dmitri",0,0,0,14532
3537,"Hanfmann, Yannick",7286,6727,559,14507
3538,"Mottram, Buster C.",0,0,0,14500
3539,"Alexiou, Lefteris",0,0,0,14489
3540,"Ramirez, Sergio",96,0,96,14487
3541,"Chu, Daniel",210,156,54,14485
3542,"Uhlig, Daniel",2384,1832,552,14450
3543,"Utzinger, Dominik Guido",0,0,0,14419
3544,"Filima, Mikhail",0,0,0,14416
3545,"Hedayet, Omar",234,0,234,14383
3546,"Bartonek, Martin",0,0,0,14381
3547,"Kestelboim, Mariano",8100,5172,2928,14380
3548,"Calvelli, Massimo",0,0,0,14375
3549,"Schnugg, Nathaniel",0,0,0,14374
3550,"Dierckx, Marco",0,0,0,14362
3551T,"Rios, Felipe",0,0,0,14361
3551T,"Ritschard, Alexander",258,258,0,14361
3553,"Gregory, Andrew",0,0,0,14357
3554,"Ebrahimzadeh, Benjamin",0,0,0,14351
3555,"Stanica, Victor",0,0,0,14342
3556,"Maria, Charles-Edouard",0,0,0,14335
3557,"Wendler, Daniel",0,0,0,14332
3558,"Luz, Orlando",10639,8925,1714,14330
3559,"Zguns, Adrians",0,0,0,14315
3560,"McCarthy, Devin",0,0,0,14303
3561,"Shipilov, Sergey",64,0,64,14274
3562,"Carter, Guillermo",0,0,0,14272
3563,"Martinez, Pablo",0,0,0,14266
3564,"Steiner, Christoph",0,0,0,14256
3565,"Walker, Michael",0,0,0,14246
3566,"Bonzi, Benjamin",11514,8028,3486,14238
3567,"Prader, Patrick",912,912,0,14233
3568T,"Dekel, Or",0,0,0,14227
3568T,"Flego, Igor",0,0,0,14227
3570,"Piro, Stephane",0,0,0,14216
3571,"Thron, Aljoscha",0,0,0,14213
3572,"Zerbini, Pedro",0,0,0,14183
3573,"Agazzi, Andrea",0,0,0,14173
3574,"Tiwari, Abhijeet",0,0,0,14168
3575,"Steinberger, Peter",0,0,0,14161
3576,"Maigret, Julien",0,0,0,14157
3577,"Rowe, Ryan",0,0,0,14156
3578,"Karanashev, Andemir",0,0,0,14152
3579,"Rico, Pedro",0,0,0,14147
3580,"Martinovic, Nikola",0,0,0,14142
3581,"Bernardi, Pedro",2537,1072,1465,14141
3582,"Gooch, Damon",4982,3362,1620,14140
3583T,"Marchegiani, Jacopo",0,0,0,14123
3583T,"Meringoff, Todd",0,0,0,14123
3585,"Arnold, Mitty",0,0,0,14117
3586,"Ribeiro Navarrete, Samuel",4646,3864,782,14076
3587,"Wiesler, Andre",0,0,0,14058
3588,"Cruz, Diogo",0,0,0,14054
3589,"Mendoza, Alejandro",4626,3930,696,14049
3590,"Varsanyi, Michal",0,0,0,14040
3591,"Mashiach, Almog",0,0,0,14038
3592,"Carter, Andrew",2587,1607,980,14023
3593,"Martinez, Sandor",0,0,0,14022
3594,"Miyazaki, Masatoshi",0,0,0,14020
3595,"Cooper, Jonathon",0,0,0,14014
3596,"Sadovich, Sanjin",0,0,0,14000
3597,"Juneau, Isade",4842,3534,1308,13998
3598,"Wibowo, Sulistyo",0,0,0,13986
3599,"Rebolledo, Marcelo",0,0,0,13985
3600,"Sornbutnark, Warit",3402,2540,862,13942
3601,"Mukund, Sasi Kumar",7866,6938,928,13940
3602,"Godry, Levente",1357,416,941,13921
3603,"Frick, Eduardo",0,0,0,13912
3604,"Ymer, Mikael",12539,12205,334,13909
3605,"Starkov, Ilia",0,0,0,13908
3606,"Alcorta-Olarra, Guillermo",0,0,0,13897
3607,"Ede, Simon",0,0,0,13879
3608,"Alberti, Leonel",0,0,0,13878
3609,"Trendafilov, Petar",1448,1070,378,13871
3610,"Roberts, Matthew",0,0,0,13856
3611,"Wawra, Reinhard",0,0,0,13829
3612,"Carleton, Reid",0,0,0,13828
3613,"Banus-Sado, Alberto",0,0,0,13825
3614,"Schnitman, Alexandre",0,0,0,13812
3615,"Tudoreanu, Roman",0,0,0,13805
3616,"Nagy, Peter",4366,3846,520,13794
3617T,"Abougzir, Ytai",0,0,0,13788
3617T,"Herrera-Eguiluz, Javier",36,0,36,13788
3619,"Reboul, Fabien",8762,4850,3912,13776
3620,"Groll, Teri",4499,3975,524,13762
3621,"Patten, Darren",0,0,0,13760
3622,"Lazar, Alexandru-Raul",0,0,0,13750
3623,"Garcia-Rodriguez, Jose-Manuel",0,0,0,13743
3624,"Rosa, Leandro",0,0,0,13707
3625,"Abrams, Geoff",0,0,0,13699
3626,"Gschwend, Demian",0,0,0,13687
3627,"Richardson, Bret",0,0,0,13676
3628,"Reyes-Rygh, Narciso",0,0,0,13665
3629,"Garcia, Rafael",0,0,0,13651
3630T,"Hormazabal, Luis",0,0,0,13644
3630T,"Statzberger, Thomas",1276,724,552,13644
3632,"Mellino, Vince",0,0,0,13630
3633,"Shin, Han-Cheol",0,0,0,13628
3634,"Bedene, Andraz",36,0,36,13608
3635,"Saiz, Juan Antonio",0,0,0,13597
3636,"Inbar, Amit",0,0,0,13578
3637,"Manuja, Ronak",0,0,0,13574
3638T,"Kennaugh, Andrew",0,0,0,13567
3638T,"Podzus, Janis",3538,2380,1158,13567
3640,"Perret, Loic",3898,2570,1328,13563
3641,"Firmin, Emilien",0,0,0,13559
3642,"Carlson, Chad",0,0,0,13532
3643,"Park, Andrew",0,0,0,13526
3644,"Majsajdr, Lubomir",505,0,505,13516
3645,"Nakano, Haruo",0,0,0,13515
3646,"Mas Mascolo, Adria",5670,3794,1876,13514
3647,"Tontz, Chris",0,0,0,13506
3648,"Lessiak, Christoph",0,0,0,13502
3649,"O'hare, David",5784,312,5472,13500
3650,"Filin, Pavel",1996,1278,718,13486
3651,"Dinslaken, Maximilian",54,0,54,13480
3652,"Altelaar, Bobbie",0,0,0,13473
3653,"Nunes, Jose-Ricardo",1410,916,494,13468
3654,"Karagoz, Alaaddin",0,0,0,13457
3655,"Dueller, Ronald",0,0,0,13445
3656,"Menezes, Joao",7852,6674,1178,13421
3657,"Strelkov, Sergey",0,0,0,13420
3658,"Parr, Cory",0,0,0,13412
3659,"Nicau, Goncalo",0,0,0,13399
3660,"Gosea, Farris Fathi",3391,2130,1261,13394
3661,"Trubrig, Christian",2566,2322,244,13388
3662,"Cook, Jason",0,0,0,13385
3663,"Boytim, John",0,0,0,13383
3664,"Cao, Zhaoyi",4966,4090,876,13381
3665,"Shehu, Lawal",156,156,0,13369
3666,"Gessner, Scott",0,0,0,13366
3667,"Yu, Cheng-Yu",4984,4072,912,13334
3668,"Perez-Perez, Luis Antonio",0,0,0,13333
3669,"Gronefeld, Bastian",0,0,0,13331
3670,"Luetjen, Jonas",1444,1280,164,13323
3671,"Mensurado, Vasco",1694,1412,282,13318
3672,"Song, Hyeong-Keun",0,0,0,13311
3673,"Hornung, Axel",0,0,0,13304
3674,"Gasbarri, Manuel",0,0,0,13297
3675,"Kim, Young Seok",7780,7240,540,13296
3676,"Guichonet, Hector Damian",0,0,0,13295
3677,"Makeyev, Dmitriy",0,0,0,13294
3678,"Mazany, Norbert",0,0,0,13291
3679,"Halachev, Dinko",0,0,0,13268
3680,"Kanar, Jonathan",6746,5144,1602,13253
3681,"Quintero, Sebastian",0,0,0,13252
3682,"Nussbaum, Frederic",0,0,0,13245
3683,"Easton, Jared",0,0,0,13243
3684,"Listingart, Damian",0,0,0,13217
3685,"Knox, Glenn",0,0,0,13188
3686,"Lavie, Sebastian",0,0,0,13183
3687,"Sattanino, Marco",0,0,0,13179
3688,"Leal-Gomez, Juan Jose",172,0,172,13175
3689,"Mark, Idan",0,0,0,13172
3690,"Braun, Daniil",0,0,0,13169
3691,"Panja, Saurav",0,0,0,13164
3692,"Abelson, Dave",0,0,0,13156
3693,"Gozdur, Rafal",0,0,0,13132
3694,"Rufer, Benjamin",0,0,0,13124
3695,"Sum, Davy",328,328,0,13122
3696T,"Govaerts, Bart",0,0,0,13083
3696T,"Ota, Shigeru",0,0,0,13083
3698,"Karusevich, Vladimir",500,328,172,13068
3699,"Kalenichenko, Danylo",5704,3450,2254,13048
3700,"Durmus, Durukan",1413,796,617,13044
3701,"Boulet, Dominic",0,0,0,13038
3702,"O'Mara, Jonny",3645,2481,1164,13032
3703,"Sood, Lakshit",6271,2368,3903,13019
3704,"McDadi, Hatem",0,0,0,13017
3705,"Haerteis, Johannes",8255,5694,2561,13016
3706,"Vijayragavan, Ashwin",0,0,0,13001
3707,"Polkinghorne, Darren K.",2764,1640,1124,13000
3708,"Lee, Sang-Hoon",0,0,0,12994
3709,"Safiullin, Roman",1032,1032,0,12984
3710,"Shyjan, Michael",0,0,0,12982
3711,"Tsivadze, George",3248,2628,620,12981
3712,"Conkic, Boris",966,794,172,12956
3713,"Fleming, David",926,572,354,12939
3714T,"Fracassi, Nahuel",0,0,0,12937
3714T,"Speronello, Marco",0,0,0,12937
3716,"Geib, Daniel",100,0,100,12923
3717,"Becker, Jerome",0,0,0,12921
3718,"Krasevec, Andrei",0,0,0,12913
3719,"Chen, Chih-Jung",0,0,0,12909
3720,"Junqueira De Andrade, Gustavo",0,0,0,12907
3721,"Hardy, Romain",0,0,0,12906
3722,"De Foor, Joe",0,0,0,12905
3723,"Manrique, Luis Fernando",0,0,0,12898
3724,"Yunis, Juan-Pablo",0,0,0,12886
3725,"Abdulla, Mohammed",0,0,0,12884
3726,"Blomgren, Tobias",1334,1126,208,12881
3727,"Logarzo, Michael",0,0,0,12876
3728,"Van Der Linden, Lennert",4342,3822,520,12857
3729,"Cowan, Bill",0,0,0,12847
3730,"Osama, Mazen",416,380,36,12828
3731,"Durasovic, Viktor",9178,8522,656,12822
3732,"El-Effendi, Adham",0,0,0,12821
3733,"Puscasu, Paul-Mihai",0,0,0,12814
3734,"Lubner, Richard",0,0,0,12798
3735,"Jobe, Ikaika",180,0,180,12794
3736,"Brown, Scott",0,0,0,12787
3737,"Forcin, Maxime",0,0,0,12778
3738,"De Goeijen, Bobbie",3592,2140,1452,12766
3739,"Lobanov, Pavel",0,0,0,12760
3740,"Fiser-Dulic, Relja",0,0,0,12742
3741T,"Bandermann, Sascha",0,0,0,12741
3741T,"Beidas, Bassam",0,0,0,12741
3743,"Di Mauro, Fabio",0,0,0,12737
3744,"Reichelt, Timon",4218,3090,1128,12734
3745,"Pollanen, Herkko",1790,796,994,12732
3746,"Cohenour, Cary",0,0,0,12731
3747,"Babej, Frantisek",0,0,0,12729
3748,"Gustafsson, Robert",0,0,0,12723
3749,"Bains, Maniel",268,104,164,12714
3750T,"Devoty, Theodor",0,0,0,12709
3750T,"Marsoun, Lukas",1002,312,690,12709
3752,"Cask, Jason",0,0,0,12704
3753,"Berrettini, Matteo",10891,8696,2195,12696
3754,"Dadillon, Bruno",0,0,0,12678
3755,"Kilian, Floris",0,0,0,12677
3756,"Knobloch, Patrick",0,0,0,12668
3757,"Siributwong, Peerakit",0,0,0,12666
3758,"Le Boulch, Thomas",3546,2776,770,12657
3759T,"Groer, Chris",0,0,0,12645
3759T,"Turich, Carl",0,0,0,12645
3761T,"Leong, Michael",0,0,0,12640
3761T,"Nagy, Zoltan",0,0,0,12640
3763,"Conde-Jackson, Marcos",0,0,0,12622
3764,"Garcia, Jhonson",54,0,54,12601
3765,"Weber, Andreas",0,0,0,12600
3766,"Brooks, Richard",0,0,0,12591
3767,"de Rijke, Remko",0,0,0,12588
3768,"Kromann, Thomas",0,0,0,12586
3769,"Ciruolo, Riccardo",0,0,0,12585
3770,"Nieto, Pedro",0,0,0,12582
3771,"Maccari, Federico",4758,2964,1794,12581
3772,"Kupferschmid, Michael",0,0,0,12577
3773,"Rincon, Eduardo",0,0,0,12572
3774,"Massara, Antonio",6118,4970,1148,12554
3775,"Kellovsky, Dominik",6894,3727,3167,12552
3776,"Prerovsky, Thomas",0,0,0,12551
3777T,"Nathan, Ari",0,0,0,12545
3777T,"Sala, Manuel",0,0,0,12545
3779,"Ji, Seung-Ho",0,0,0,12537
3780,"Boynton, Craig",0,0,0,12536
3781,"Blom, Alexander",0,0,0,12511
3782,"Silva, Leonardo",0,0,0,12506
3783,"Dailey, Zach",0,0,0,12477
3784,"Velez, Ezequiel",0,0,0,12473
3785,"Arimoto, Naoki",0,0,0,12458
3786,"Campo, Antonio",3504,2746,758,12449
3787,"Virtanen, Pasi",0,0,0,12433
3788,"Deen Heshaam, Ariez Elyaas",0,0,0,12415
3789,"Cocchi, Enrico",0,0,0,12409
3790,"Dubinsky, Vladislav",0,0,0,12403
3791,"Hadash, Ishay",0,0,0,12395
3792,"Semmler, Miguel",4688,3384,1304,12388
3793,"Spong, Xander",0,0,0,12355
3794,"Zapata Miralles, Bernabe",8298,6690,1608,12354
3795,"Wagner, Sebastian",1916,864,1052,12350
3796,"Bradshaw, Timothy",0,0,0,12337
3797,"Lenz, Marko",520,520,0,12328
3798,"Merchan, Ruben",0,0,0,12316
3799,"Shokoofi, Ashkan",104,104,0,12299
3800,"Vencl, Jiri",0,0,0,12298
3801,"Andrews, Andy",0,0,0,12270
3802,"Puodziunas, Scott",2718,1054,1664,12268
3803,"Mamata, Paterne",1256,0,1256,12250
3804,"Vujic, Bojan",0,0,0,12240
3805,"Lang, Philip",1272,740,532,12236
3806,"Sels, Jelle",5207,4407,800,12215
3807,"Vliegen, Joran",9662,6316,3346,12210
3808,"Ustundag, Efe",0,0,0,12203
3809,"Spencer, Wil",10344,8288,2056,12196
3810,"Siwy, Rudolf",0,0,0,12193
3811,"Melskens, Jacob",0,0,0,12186
3812,"Fargas, Lorenzo",0,0,0,12176
3813,"Perez-Pascal, Fernando",0,0,0,12170
3814,"Lifshits, Mikhail",0,0,0,12169
3815,"Rangel, Rafael",0,0,0,12166
3816,"Kokta, Michal",0,0,0,12160
3817,"Matute, Juan Manuel",4146,2916,1230,12158
3818,"Demois, Julien",1478,1190,288,12157
3819,"Bassanelli, Marcello",0,0,0,12144
3820,"Wright, Peter",0,0,0,12138
3821,"Nunez, Victor",1738,1142,596,12133
3822,"Yatsyk, Yahor",2625,1632,993,12122
3823,"Khassanov, Roman",4932,3774,1158,12113
3824,"Frayssinoux, Philippe",0,0,0,12112
3825,"Ilic, Luka",5424,4340,1084,12098
3826T,"Libietis, Mikelis",2798,1992,806,12092
3826T,"Pepe, Franck",258,258,0,12092
3828,"Valenti, Stefano",0,0,0,12084
3829,"Wislsperger, Markus",0,0,0,12080
3830,"Ergun, Baris",0,0,0,12068
3831,"Boe-Wiegaard, William",344,208,136,12067
3832,"Pajkowski, Kamil",0,0,0,12064
3833,"Bujdo, Igor",0,0,0,12053
3834,"Thivant, Yannick",6240,5580,660,12040
3835T,"Erlic, Laurentiu",0,0,0,12038
3835T,"Sommer, Patrick",0,0,0,12038
3837T,"Raposo De Oliveira, Alvaro",0,0,0,12036
3837T,"Vodicka, Lance",0,0,0,12036
3839,"Trneny, Milan",0,0,0,12035
3840,"Brady, Kip",0,0,0,12033
3841,"Kohen, Alan",5381,3206,2175,12019
3842,"Mridha, Jonathan",6827,3256,3571,12017
3843,"Mugabe, Duncan",3114,1742,1372,12006
3844,"Navarrete, David",210,156,54,11984
3845T,"Kolbe, Matthias",0,0,0,11968
3845T,"Mikos, Konstantinos",1886,1452,434,11968
3847,"Hirschmueller, Christian",3812,3226,586,11966
3848T,"Janecek, Robert",0,0,0,11956
3848T,"Slonik, Tiago",0,0,0,11956
3850,"Ghorbel, Anis",8404,5384,3020,11943
3851,"Marques, Frederico",0,0,0,11939
3852,"Vierin, Matthieu",0,0,0,11931
3853,"Moreno Figueroa, Alejandro",2108,1070,1038,11929
3854T,"Michnev, Petr",6448,4486,1962,11921
3854T,"Montilla, Gabriel",0,0,0,11921
3856,"Bandres, Jesus",1454,570,884,11919
3857,"Cotet, Cosmin",0,0,0,11918
3858,"Chapacu, Hugo",0,0,0,11911
3859,"Ridaoui, Mohamed",0,0,0,11899
3860,"Hoyt, Evan",7373,4660,2713,11898
3861,"Di Feo, Hugo",1220,796,424,11886
3862,"Taborga, Javier",0,0,0,11882
3863,"Merz, Miguel",0,0,0,11880
3864,"Hiltzik, Jared",6736,6018,718,11878
3865,"Rafaitin, Gregoire",0,0,0,11874
3866,"Bosio, Christophe",0,0,0,11873
3867,"Gajardo, Ruben",0,0,0,11871
3868,"Miccini, Giacomo",3024,2888,136,11861
3869T,"Davidson, Patrick",2852,1262,1590,11848
3869T,"Gomez-Diaz, Guillermo",0,0,0,11848
3869T,"Richard, Antoine",1540,1260,280,11848
3872,"Huurinainen, Sami",212,104,108,11838
3873,"Syed Naguib, Syed Mohd Agil",2475,0,2475,11822
3874,"Theiler, Alex",276,104,172,11804
3875,"Agostinelli, Bruno",0,0,0,11795
3876,"Furlong, Stephen",0,0,0,11794
3877,"Klegou, Alexis",849,753,96,11793
3878,"Kielbowicz, Joel",180,0,180,11787
3879,"Fava, Andrea",0,0,0,11751
3880,"Srugo, Harel",0,0,0,11749
3881,"Merzuki, Mohd Assri",2475,0,2475,11713
3882,"Heyman, Christopher",6104,5860,244,11680
3883,"Wagner, Bastian",1654,1654,0,11674
3884,"Figliomeni, Filippo",0,0,0,11654
3885,"Leao, Pedro",0,0,0,11652
3886,"Greenan, Mark",0,0,0,11643
3887,"Foucher, Benoit",0,0,0,11636
3888,"Pathanjali, Ravishankar",0,0,0,11635
3889,"Kolar, Zdenek",9566,7232,2334,11631
3890,"Canovas, Marc",0,0,0,11617
3891,"Berner, Joakim",0,0,0,11616
3892,"Schipanski, Jack",100,0,100,11611
3893,"Horecny, Matus",0,0,0,11599
3894,"Bella, Marco",0,0,0,11587
3895,"Lopez, Diego",0,0,0,11586
3896,"Radovanovich, Lee",0,0,0,11579
3897,"Kilani, Wael",0,0,0,11573
3898,"Schutt, Leon",5124,4062,1062,11572
3899,"Redlicki, Michael",0,0,0,11561
3900,"Bennett, Colin",0,0,0,11554
3901,"Barker, William",0,0,0,11543
3902,"Chen, I-Ta",0,0,0,11538
3903T,"Anand, Kunal",3012,2078,934,11535
3903T,"Zaninovic, Luka",490,364,126,11535
3905T,"Pel, David",1838,520,1318,11528
3905T,"Ribeiro, Sergio",0,0,0,11528
3907,"Gualdi, Marco",0,0,0,11526
3908,"Silveira, Renato",0,0,0,11483
3909,"Hunt, Woody",0,0,0,11474
3910,"Chrysochos, Petros",5711,5039,672,11473
3911,"Casas, Erik",0,0,0,11472
3912,"Eberhard, Klaus",0,0,0,11470
3913,"Serdarusic, Nino",7316,5042,2274,11467
3914,"De Waard, Steven",6313,2484,3829,11466
3915,"Saenz, Matias",0,0,0,11463
3916,"Santillan, Akira",6406,5610,796,11460
3917,"Magadan-Castro, Eduardo",0,0,0,11446
3918,"Janahi, Hamad Abbas",910,910,0,11439
3919,"Gutierrez, Javier",0,0,0,11426
3920,"Schoeck, Thomas",0,0,0,11425
3921,"Hudson, Oliver",1696,1194,502,11403
3922,"Mavropoulos-Stoliarenko, Vlademyros",0,0,0,11392
3923,"Bauer, Marc",0,0,0,11378
3924,"Chaplin, Jarryd",6166,3196,2970,11358
3925,"Oral, Erhan",0,0,0,11353
3926,"Ugarte, Benjamin",380,380,0,11351
3927,"Rmus, Martin",64,0,64,11348
3928,"Damico, Kellen",0,0,0,11336
3929,"Kanellos, Markus",0,0,0,11334
3930,"Legat, Guillaume",0,0,0,11329
3931,"Cloer, Mat",0,0,0,11324
3932,"Takeuchi, Eiji",0,0,0,11298
3933,"Molina, Javier",0,0,0,11294
3934,"Atias, Patrice",0,0,0,11289
3935,"Godinho, Tiago",0,0,0,11288
3936,"Pasquier, Philippe",0,0,0,11276
3937,"Matos, Rafael",4380,1868,2512,11266
3938,"Muschiol, Nils",0,0,0,11252
3939,"Perez-Hubert, Marcos",0,0,0,11249
3940,"Baek, Seung-Bok",0,0,0,11243
3941,"Salman, Omar",7759,6300,1459,11229
3942,"Hemeda, Hisham",0,0,0,11227
3943,"Muller, Daniel",0,0,0,11223
3944,"Bruggeling, Roy",0,0,0,11213
3945,"Vanneste, Jeroen",2866,2090,776,11211
3946,"Boroczky, Zoltan",0,0,0,11208
3947,"Dias, Gabriel",0,0,0,11204
3948,"Kim, Chi-Wan",0,0,0,11195
3949,"Kosta, Michael",0,0,0,11190
3950,"Walendowsky, Joao",2652,1780,872,11189
3951,"Fiorentino, Carlton",0,0,0,11182
3952,"Kumlin, Daniel",0,0,0,11181
3953,"Sacks, Gary",0,0,0,11173
3954,"Ramachandran, Ramayah",0,0,0,11170
3955,"Klemetz, Daniel",0,0,0,11163
3956T,"Hall, David",0,0,0,11152
3956T,"Martin, Cyril",0,0,0,11152
3958,"Harsanyi, Paul",0,0,0,11142
3959,"McGahon, John",0,0,0,11135
3960,"Apostol, Andrei Stefan",5293,3346,1947,11123
3961,"Paskvan, Federico",0,0,0,11117
3962,"Liniger, Jannis",2286,1192,1094,11111
3963,"McLean, Andrew",0,0,0,11102
3964,"Nagal, Sumit",10168,9078,1090,11088
3965,"Ubiergo, Jordan",4348,4104,244,11082
3966T,"Kim, Sky",0,0,0,11075
3966T,"Qiu, Zhuoyang",7140,4760,2380,11075
3968,"Punna, Vishal",0,0,0,11074
3969,"Elias, Sergio",0,0,0,11067
3970,"Muller, Matthias A",0,0,0,11057
3971,"Gomez Pinter, Adolfo",36,0,36,11054
3972,"Gyorgy, Tamas",0,0,0,11038
3973,"Kramer, Brandon",0,0,0,11028
3974,"Lucak, Otakar",0,0,0,11021
3975,"Donovan, Tim",0,0,0,11015
3976,"Fulcher, Barry",0,0,0,11012
3977,"Sessagesimi, Dylan",0,0,0,10989
3978T,"Haider-Maurer, Mario",104,104,0,10988
3978T,"Jaloviec, Marek",2456,1970,486,10988
3980,"Celt, Dawid",0,0,0,10968
3981,"Fleischfresser, Timo",0,0,0,10948
3982,"Miotto, Alex",0,0,0,10934
3983,"Filippeschi, Marco",0,0,0,10925
3984,"Dernovskiy, Andrey",0,0,0,10910
3985,"Alarcon, Andres",0,0,0,10901
3986,"Alonso-Campos, Angel",104,104,0,10900
3987,"Nagao, Katsuki",4638,3012,1626,10891
3988,"Sato, Tetsuya",0,0,0,10890
3989,"Ruiz, Pedro Pablo",1858,1456,402,10883
3990,"Norrie, Cameron",3695,3695,0,10874
3991T,"Gleeson, Stephen",0,0,0,10867
3991T,"Volfson, David",5608,4942,666,10867
3993,"Alayli, Karim",210,156,54,10857
3994,"Morales, Victor",0,0,0,10854
3995,"Zietsman, Jean",0,0,0,10846
3996,"Simpatiaji, Prima",0,0,0,10840
3997,"Civarolo, Matteo",64,0,64,10834
3998,"Neilly, Timothy",0,0,0,10833
3999,"Tchernenko, Artemi",0,0,0,10832
4000,"Santoro, Carlo",0,0,0,10826
4001,"Golab, Marcin",0,0,0,10825
4002,"Farren, Connor",2341,1997,344,10819
4003,"Schaffl, Martin",0,0,0,10815
4004,"Vukov, Stefano",0,0,0,10805
4005,"Baran, Andre",0,0,0,10800
4006,"Kamran, Rouzbeh",0,0,0,10796
4007,"Bayer, Markus",0,0,0,10795
4008,"Meehan, Harry David",742,312,430,10794
4009,"Lenz, Julian",2246,1881,365,10792
4010,"Reese, Hunter",1396,624,772,10791
4011,"Nishio, Shigeyuki",0,0,0,10785
4012,"Lien, Yu-Hui",0,0,0,10780
4013,"Belal, Chemseddine",0,0,0,10771
4014T,"Farron-Mahon, Tristan",0,0,0,10766
4014T,"Steger, Marc",0,0,0,10766
4016,"Viuda-Hernandez, Emilio",0,0,0,10763
4017,"Bassetti, Arkady",0,0,0,10759
4018,"Madkekar, Aditya",0,0,0,10754
4019,"Blengino, Fabian",0,0,0,10745
4020T,"Brassington, Kyle",0,0,0,10739
4020T,"Mahadevan, Manoj",0,0,0,10739
4022,"Leshem, Edan",6874,5900,974,10722
4023,"Liberhan, Tushar",0,0,0,10717
4024,"Heyl, Heinrich",0,0,0,10707
4025,"Manzarbeitia-Ugate, Arkaitz",0,0,0,10698
4026,"Fanselow, Sebastian",4808,4456,352,10693
4027,"Toomey, Tom",0,0,0,10692
4028,"Kolik, Victor",0,0,0,10686
4029,"Vallebuona, Duilio",818,484,334,10681
4030,"Chatpatcharoen, Puriwat",5706,5166,540,10676
4031,"Laustroer, Boris",0,0,0,10675
4032,"Kaczynski, Kevin",1770,1228,542,10674
4033,"Eubanks, Christopher",10660,6050,4610,10660
4034,"Destefano, Juan-Ignacio",0,0,0,10659
4035,"Hedman, Mika",0,0,0,10635
4036T,"Endelman, Howard",0,0,0,10631
4036T,"Oncins, Eduardo",0,0,0,10631
4038,"Singer, Charlie",0,0,0,10630
4039,"Itzstein, Zach",1176,936,240,10623
4040,"Ouvarov, Michael",0,0,0,10618
4041,"Farias, Rafael",0,0,0,10610
4042,"Livingston, David",0,0,0,10581
4043,"Holzer, Thomas",0,0,0,10575
4044,"Asanov, Arsen",0,0,0,10571
4045,"Jecminek, George",648,594,54,10567
4046,"Hill, Gregg",0,0,0,10555
4047,"Sun, Fajing",9695,7837,1858,10537
4048,"Ficovich, Juan Pablo",3340,1988,1352,10527
4049,"Grenier, Hugo",6920,5356,1564,10522
4050,"Mena, Ricardo",0,0,0,10516
4051,"Gaich, German",104,104,0,10513
4052,"Gomez Saigos, Rodrigo",0,0,0,10512
4053,"Tong, Melvin",0,0,0,10511
4054,"Senattore, Rodrigo",1106,622,484,10504
4055,"Draganja, Tomislav",2726,588,2138,10500
4056,"Thacher, Ryan",0,0,0,10487
4057,"Wagner, Brandon",0,0,0,10485
4058,"Furukawa, Hayato",0,0,0,10479
4059,"Peschek, Dennis",0,0,0,10478
4060,"Mathew, Jaco",0,0,0,10476
4061,"Priller, Hans",0,0,0,10468
4062,"Mansouri, Skander",2855,1058,1797,10451
4063,"Das, Jeffrey",0,0,0,10447
4064,"Mazzella, Manuel",3014,2074,940,10430
4065,"Xue, Feng",0,0,0,10420
4066,"Constantin, Alin-Mihai",0,0,0,10416
4067,"Lee, Mike",0,0,0,10415
4068T,"Salazar Martin, Jose Antonio",0,0,0,10402
4068T,"Zukas, Matias",6340,4922,1418,10402
4070,"Egger, Markus",0,0,0,10395
4071,"Buljevic, Damir",0,0,0,10394
4072,"Romanowski, Artur",0,0,0,10389
4073,"Redlicki, Martin",1184,604,580,10386
4074,"Van Delft, Bart",0,0,0,10376
4075,"Sigurdsson, Arnar",0,0,0,10372
4076,"Kannan, Kamala",0,0,0,10350
4077,"Fafl, Martin",0,0,0,10343
4078,"Arnedo, Jose",0,0,0,10332
4079,"Lauret, Andrew",0,0,0,10329
4080,"Glasspool, Lloyd",8181,5934,2247,10325
4081,"Roberts, Michael",0,0,0,10309
4082,"Sude, Jakob",612,432,180,10305
4083,"Schellenger, Norm",0,0,0,10270
4084,"Lu, Yang",2074,1658,416,10262
4085,"Schneider, Ronnie",1030,934,96,10254
4086,"Barboza, Marcelo",0,0,0,10245
4087T,"Dubinski, Artur",5058,3407,1651,10243
4087T,"Rodriguez, Emilio",0,0,0,10243
4089,"Carrese, Valerio",0,0,0,10240
4090,"Fox, James",0,0,0,10237
4091,"Borg, Stefan",0,0,0,10228
4092,"Kozyukov, Vitaly",4636,3495,1141,10211
4093,"Jedruszczak, Mikolaj",1870,1312,558,10210
4094,"Ancic, Ivica",0,0,0,10208
4095,"Szumanski, Bojan",0,0,0,10201
4096,"Gely, Julien",0,0,0,10191
4097,"Gottesleben, Patrick",0,0,0,10184
4098,"Loncaric, Albert",0,0,0,10182
4099,"Vellbach, Gustavo",4096,3182,914,10164
4100,"Harkness, David",0,0,0,10158
4101,"Rossier, Simeon",4522,2952,1570,10128
4102,"Trupej, Blaz",0,0,0,10112
4103,"Piyamongkol, Philipp",0,0,0,10084
4104,"Tongoona, Gwinyai",0,0,0,10083
4105,"Kareld, Johan",0,0,0,10072
4106,"Mattos, Gabriel",0,0,0,10067
4107,"Owsian, Kacper",0,0,0,10055
4108,"Pest, Valentino",0,0,0,10049
4109,"Lopez, Sebastian",54,0,54,10036
4110,"Geiwald, Douglas",0,0,0,10035
4111,"Kim, Woo-Ram",482,364,118,10033
4112,"Pallares-Gonzalez, Michael-Ray",1242,708,534,10011
4113,"Drada, Carlos",0,0,0,10010
4114,"Roetschi, Fabian",0,0,0,10005
4115,"Gorman, Tom",0,0,0,10000
4116,"Hearn, Wayne",0,0,0,9997
4117,"Barth, Florian",0,0,0,9985
4118,"Chekrouni, Arafa",0,0,0,9983
4119,"Loyola, Alvaro",0,0,0,9973
4120,"Marfinsky, Dmitri",96,0,96,9968
4121,"Griekspoor, Tallon",7821,6101,1720,9961
4122,"Rajski, Maciej",4604,4496,108,9958
4123,"Cecek, Kacper",0,0,0,9957
4124,"Dewhurst, Kane",0,0,0,9946
4125T,"Chanakira, Tinotenda",2194,1836,358,9932
4125T,"Hurkacz, Hubert",9294,7551,1743,9932
4127T,"Chala, Eddy",0,0,0,9915
4127T,"Gavrila, Llaurentiu-Ady",0,0,0,9915
4129,"Marcu, Adrian",0,0,0,9903
4130,"Prikryl, Martin",0,0,0,9902
4131,"Ishii, Hiroki",0,0,0,9900
4132,"Matthews, Oscar Fabian",2329,958,1371,9899
4133,"Burdisso, Fabricio",0,0,0,9890
4134,"Lido, Jose Ezequiel",0,0,0,9868
4135,"Trigueiro, Tim",0,0,0,9847
4136,"Suissa, Tomer",0,0,0,9834
4137,"Cacopardo, Marco",0,0,0,9815
4138,"Garcia-Sanchez, Jose-Carlos",0,0,0,9811
4139,"Novak, Georg",0,0,0,9808
4140,"Pallin, Oskar",0,0,0,9807
4141,"Mies, Andreas",906,520,386,9804
4142,"Mishra, Shivang",0,0,0,9794
4143,"Agabigun, Sarp",7699,4377,3322,9787
4144,"Cheyne, Rob",0,0,0,9780
4145,"Wong, Wayne",0,0,0,9778
4146,"Mckenzie, Brendan",0,0,0,9776
4147,"Manset, Jacques",0,0,0,9772
4148,"Bizjak, Andrej",0,0,0,9766
4149,"Soresini, Sebastian",0,0,0,9765
4150,"Weinhandl, Lukas",1316,864,452,9764
4151,"Borsos, Gabor",5012,3368,1644,9760
4152,"Chung, Jong-Sam",0,0,0,9758
4153,"Drysdale, Robin",0,0,0,9754
4154,"Becuzzi, Enrico",1606,624,982,9748
4155T,"Apostol, Bogdan Ionut",3196,2090,1106,9743
4155T,"Bugby, Miles",0,0,0,9743
4157,"Susanto, David Agung",1574,1330,244,9738
4158,"Suzuki, Ko",1822,1470,352,9732
4159,"Takeshima, Shunrou",2692,1880,812,9718
4160,"Deus, Nuno",6671,3614,3057,9710
4161T,"Beardsley, Jonathan",0,0,0,9704
4161T,"Russi Assumpcao, Eduardo",2782,312,2470,9704
4163,"Gambill, Torrey",0,0,0,9700
4164,"Zynga, Lennart",1796,1516,280,9696
4165T,"Kroll, Robert",0,0,0,9680
4165T,"Tatomir, Luca George",5334,3482,1852,9680
4167,"Diao Natale, Justin",0,0,0,9672
4168,"Imonitie, David",0,0,0,9671
4169,"Ramirez, Luis Fernando",2786,1226,1560,9669
4170,"Zahraj, Radek",0,0,0,9668
4171T,"Moggio, Philippe",0,0,0,9667
4171T,"Skripnik, Daniel",0,0,0,9667
4173,"Domka, Maciej",0,0,0,9657
4174,"Crowell, Nick",0,0,0,9650
4175,"Villegas, Santiago",0,0,0,9649
4176,"Price, Nathan B.",0,0,0,9647
4177,"Pereira, Pedro",0,0,0,9622
4178,"Djurdjevic, Ivan",0,0,0,9610
4179,"Connolly, Ross",0,0,0,9596
4180,"Tudor, Mario",72,0,72,9594
4181,"Willinsky, Scott",0,0,0,9590
4182,"Godamanna, Harshana",0,0,0,9587
4183,"De Weerdt, Olaf",1036,728,308,9577
4184,"Cammarata, Alberto",3278,2926,352,9570
4185,"Ittogi, Takahiro",0,0,0,9568
4186,"Paniagua, Jose Maria",0,0,0,9566
4187,"Valarezo, Walter",0,0,0,9556
4188,"Chang, Huai-En",0,0,0,9550
4189,"Maric, Aleksandar",0,0,0,9542
4190,"Mair, Harald",0,0,0,9535
4191,"Gonzalez Carrasco, Juan Matias",1762,1036,726,9530
4192,"Grant, Michael",4618,4210,408,9526
4193,"Kovalev, Egor",0,0,0,9515
4194,"Vallverdu, Daniel",0,0,0,9503
4195,"Commandeur, Malte",0,0,0,9502
4196,"Stokke, Jonathan",0,0,0,9500
4197,"Zelba, Marious",1012,778,234,9495
4198,"Agasarkissian, Juan-Manuel",0,0,0,9490
4199,"Levine, Igor",0,0,0,9484
4200,"Marinov, John",0,0,0,9478
4201,"Srichaphan, Naratorn",0,0,0,9474
4202,"Johnson, Craig",0,0,0,9470
4203,"Matsuo, Yuki",104,104,0,9466
4204,"Tarasevitch, Serguei",0,0,0,9459
4205,"Peter-Budge, Ian",0,0,0,9454
4206,"Oostdam, Roel",0,0,0,9451
4207,"Raab, Demian",3210,2380,830,9445
4208,"Szmyrgala, Mikolaj",104,104,0,9443
4209,"Oakley, Keelan",1958,1448,510,9434
4210,"Yeates, Matthew",0,0,0,9428
4211,"Cotto, Nicolo",0,0,0,9423
4212,"Fernandez-Fermoselle, Alfonso",0,0,0,9419
4213,"De Lovinfosse, Gaetan",0,0,0,9409
4214,"Carlson, Andrew",0,0,0,9405
4215T,"De Gregorio, Nicolas Alejandro",1168,952,216,9404
4215T,"Morel, Olivier",0,0,0,9404
4217,"Hagman, Carl",0,0,0,9403
4218,"Drame, Mohamed-Sekou",0,0,0,9391
4219,"Fauser, Gerald",0,0,0,9386
4220,"Dominguez, Alvaro",0,0,0,9383
4221,"Syrewicz, Pawel",0,0,0,9381
4222,"Wellenfeld, Enrico",0,0,0,9365
4223,"Bachert, Boris",0,0,0,9358
4224,"Al-Agba, Jamil",0,0,0,9352
4225,"Jecan, Mircea-Alexandru",4503,2898,1605,9346
4226,"Marek, Jan",0,0,0,9331
4227,"Ofori, Frank",0,0,0,9320
4228,"Olivera, Alejandro",0,0,0,9312
4229,"Benard, Jeroen",0,0,0,9308
4230,"Gueit, Gwenael",0,0,0,9305
4231,"Wowk, Marcello",0,0,0,9302
4232,"Doerner, Scott",0,0,0,9300
4233,"Giraudeau, Thomas",2694,2070,624,9295
4234,"Banck, Bobby",0,0,0,9294
4235,"Khaledan, Shahin",1964,1624,340,9289
4236,"Yoo, Jin-Sun",0,0,0,9280
4237,"Leeder-Chard, Aaron",0,0,0,9270
4238T,"Dinata, Dede-Suhendar",0,0,0,9269
4238T,"Janse van Rensburg, Benjamin",0,0,0,9269
4240,"Weindorfer, Tomas",0,0,0,9266
4241,"Daciek, Patrick",2842,2106,736,9261
4242,"Jandric, Darko",4662,1918,2744,9247
4243,"Windahl, Daniel",2120,1308,812,9240
4244,"Kahlke, Jannis",4368,3296,1072,9231
4245,"Brtnicky, Filip",4810,3532,1278,9230
4246T,"Meijer, Michel",0,0,0,9218
4246T,"Pomeroy, Brad",0,0,0,9218
4248,"Schors, Jorg",0,0,0,9216
4249,"Johansson, Christian",0,0,0,9212
4250,"Suluoglu, Sefa",3493,1972,1521,9211
4251,"Brons, Bart",0,0,0,9206
4252,"Feitt, Franco",3428,1934,1494,9194
4253,"Dalboni, Alessandro",0,0,0,9185
4254,"Kamitz, Gerald",0,0,0,9180
4255,"Vermeer, Mike",0,0,0,9174
4256,"Brage, Robin",0,0,0,9170
4257,"Ramiaramanana, Lofo",2680,1558,1122,9169
4258,"Grinberg, Thomas",2508,1948,560,9160
4259,"De Armas, Juan",0,0,0,9153
4260,"Franjicevic, Marin",0,0,0,9150
4261,"Colombo, Andrew",0,0,0,9147
4262,"Whichello, Richard",0,0,0,9137
4263,"Mackey, Vince",0,0,0,9135
4264,"Beaus-Barquin, Juan",216,0,216,9134
4265,"Raffaelli, Federico",0,0,0,9132
4266,"Venturino, Thibault",3382,2506,876,9130
4267,"Puttergill, Calum",3192,1968,1224,9127
4268,"Takeyari, Masayoshi",0,0,0,9126
4269,"Van Langendonck, Jan",0,0,0,9121
4270,"Cayre, Paul",2616,2164,452,9115
4271,"Frieden, Valentin",0,0,0,9108
4272,"Bellier, Antoine",7494,5584,1910,9085
4273,"Lubbers, Kevin",0,0,0,9082
4274,"Riha, Jan",0,0,0,9081
4275,"Tsitsipas, Stefanos",6594,4546,2048,9080
4276,"Parbhu, Sheeva",0,0,0,9077
4277,"Bauvy, Romain",3920,2730,1190,9070
4278,"Walder, Marc",0,0,0,9063
4279,"Drzewiecki, Karol",5822,3170,2652,9056
4280,"Smilansky, Igor",276,104,172,9053
4281,"Durango, Jean-Michel",0,0,0,9048
4282,"Yu, Hiu-Tung",0,0,0,9041
4283,"Wolf, Matthias",0,0,0,9039
4284,"Natekar, Gaurav",0,0,0,9037
4285,"Vukovic, Ivan",0,0,0,9033
4286,"Filippov, Maxim",0,0,0,9026
4287,"Wang, Aoran",3218,2168,1050,8974
4288,"Tiberti, Bruno",0,0,0,8969
4289,"Malik, Jathan",408,312,96,8961
4290,"Haylaz, Muhammet",4445,2808,1637,8957
4291,"Wilson, Morgan",0,0,0,8956
4292,"Patrombon, Jeson",2532,2016,516,8953
4293,"Villacampa, Ignasi",0,0,0,8942
4294T,"Roger-Vasselin, Christophe",0,0,0,8937
4294T,"Samoseiko, Sergei",0,0,0,8937
4296,"Matschke, Jochen",0,0,0,8936
4297,"Alvarado, Patricio",0,0,0,8929
4298,"Laski, Jeff",0,0,0,8928
4299,"Micov, Stefan",1780,1328,452,8927
4300,"Martinez Portero, Pedro",6449,4770,1679,8911
4301,"Carter, Robert",910,846,64,8870
4302,"Wagner, Hannes",4834,2988,1846,8845
4303,"Rubin, Michael",0,0,0,8842
4304,"Stronk, Benedikt",0,0,0,8835
4305,"Tanuma, Ryota",5754,4150,1604,8830
4306,"Silverman, Cameron",6324,3092,3232,8824
4307T,"Nilsson, Magnus",0,0,0,8815
4307T,"Prpic, Tomislav",0,0,0,8815
4309,"Im, Sung-Ho",0,0,0,8808
4310,"Commin, Cedrick",534,534,0,8798
4311,"Blasko, Martin",8560,6734,1826,8796
4312,"Beninca, Paolo",0,0,0,8792
4313,"Roe, Brian",0,0,0,8789
4314,"Hette, Sebastien",0,0,0,8788
4315,"Matthews, Laurence",0,0,0,8784
4316,"Matsunaga, Koki",0,0,0,8783
4317,"Carneade, Giorgio",0,0,0,8778
4318,"Ruepke, Lukas",2974,2020,954,8774
4319T,"Nejedly, Pavel",5166,4412,754,8770
4319T,"Petrov, Dmytro",136,0,136,8770
4321,"Bosa, Massimo",0,0,0,8761
4322,"Carbajal, Francisco",0,0,0,8760
4323,"Ruiz Naranjo, Mateo Andres",3215,2312,903,8756
4324,"Py, Enzo",0,0,0,8744
4325,"Hervet, Jacques",0,0,0,8742
4326T,"Johnson, Eric",8159,6235,1924,8738
4326T,"Johnson, Michael",0,0,0,8738
4328,"Demiliani, Leslie",0,0,0,8730
4329,"Benitez Chavarriaga, Juan Manuel",320,0,320,8726
4330,"Barros, Manuel",1650,1452,198,8725
4331T,"Manzanares, Facundo",0,0,0,8724
4331T,"Mastrelia, Antonio",1034,780,254,8724
4333,"Gutierrez, Oscar Jose",3497,2483,1014,8709
4334,"Allinson, Edward",0,0,0,8704
4335,"Sulea, Tudor",2644,1538,1106,8696
4336,"Yang, Jing Zhu",0,0,0,8688
4337,"Marquis, Christopher",1550,832,718,8685
4338,"Vrbka, Jiri",0,0,0,8684
4339,"Ruiz-Gonzalez, Javier",0,0,0,8672
4340,"Mikheev, Evgeni",0,0,0,8667
4341,"Ferreira, Mark",0,0,0,8658
4342,"Ejupovic, Elmar",4619,4619,0,8653
4343,"Kishi, Ryota",1338,968,370,8652
4344T,"Farah, Will",0,0,0,8650
4344T,"Rodriguez-Alonso, Roberto",0,0,0,8650
4346,"Karaliolios, Evthimios",0,0,0,8640
4347T,"Asta, Alejandro",0,0,0,8628
4347T,"Shane, Justin S.",5084,3453,1631,8628
4349,"Patracchini, Andrea",0,0,0,8624
4350,"Kiuamov, Timur",4714,3207,1507,8616
4351,"Bondaz, Laurent",0,0,0,8609
4352,"Van Wyk, Coenie",0,0,0,8604
4353,"Piotrowski, Andrew",0,0,0,8598
4354,"Busch, Julian",3884,2714,1170,8596
4355,"Zgaga, Matija",0,0,0,8592
4356,"Zimmermann, Lars",36,0,36,8589
4357,"Wiesinger , Joao",0,0,0,8587
4358,"Karakhi, Reda",0,0,0,8581
4359,"O'Neil, Evan",0,0,0,8569
4360,"El Alaoui, Ali",0,0,0,8568
4361,"Lago, Tommaso",3074,2140,934,8567
4362,"Nesterov, Alexey",0,0,0,8547
4363,"Lomacki, Piotr",3130,2226,904,8537
4364,"Munroe, Bjorn",0,0,0,8532
4365,"Matias, Nuno",0,0,0,8515
4366,"Grubin, Aleksandar",0,0,0,8512
4367,"Ochi, Makoto",8510,7636,874,8510
4368,"Deari, Shendrit",1108,864,244,8509
4369,"Milko, Michal",656,620,36,8505
4370,"Rosas-Zarur, Raul-Isaias",704,572,132,8504
4371,"Rae, Chris",0,0,0,8501
4372,"Regus, Ralph",0,0,0,8492
4373,"Bottero, Benoit",36,0,36,8490
4374,"Sousa, Henrique",1596,828,768,8482
4375T,"Aaron, Trent",36,0,36,8477
4375T,"Seo, Yong Bum",236,172,64,8477
4375T,"Wittus, Craig",0,0,0,8477
4378,"Golubovic, Zoran",0,0,0,8468
4379,"Harris, Lloyd George",8252,7232,1020,8460
4380,"Gomez Mantilla, Ivan",660,380,280,8455
4381,"Galeano, Diego",0,0,0,8447
4382,"Bruch, Matt",0,0,0,8438
4383,"Moine, Silvio",0,0,0,8420
4384,"Hansen, Carl-Henrik",54,0,54,8416
4385,"Bruni, Sergio",0,0,0,8414
4386,"Chakrouni, Ayoub",1123,490,633,8412
4387,"Belak, Robert",0,0,0,8410
4388,"Okamura, Issei",5511,3891,1620,8403
4389T,"Bozic, Jaka",0,0,0,8394
4389T,"Rizzo, Claudio",54,0,54,8394
4391,"Xu, Ran",0,0,0,8383
4392,"Navarro, Simon",1446,692,754,8382
4393,"Kleftakos, Dimitris",0,0,0,8373
4394,"Hameurlaine, Abdelhak",400,292,108,8372
4395,"Ursu, Vadym",5441,3582,1859,8367
4396,"Miklusicak, Peter",0,0,0,8363
4397,"Ramirez, Roberto Eduardo",0,0,0,8339
4398,"Nunez, Guillermo",0,0,0,8334
4399,"Gomes, Erick",0,0,0,8325
4400,"Urbinati, Omar",0,0,0,8315
