Rank,Player,YTD,Singles,Doubles,Career
1,"Federer, Roger",13054856,13054856,0,111885682
2,"Djokovic, Novak",2116524,2083741,32783,109805403
3,"Nadal, Rafael",15864000,15851340,12660,94588627
4,"Murray, Andy",2092625,2071625,21000,60807644
5,"Sampras, Pete",0,0,0,43280489
6,"Agassi, Andre",0,0,0,31152975
7,"Wawrinka, Stan",3100512,3083829,16683,30905144
8,"Ferrer, David",1066211,1046695,19516,30796561
9,"Berdych, Tomas",1803545,1782871,20674,28220153
10,"Becker, Boris",0,0,0,25080956
11,"Kafelnikov, Yevgeny",0,0,0,23883797
12,"Lendl, Ivan",0,0,0,21262417
13,"Cilic, Marin",4063738,4004923,58815,20919276
14,"Tsonga, Jo-Wilfried",1857015,1843647,13368,20808869
15,"Hewitt, Lleyton",0,0,0,20787586
16,"Roddick, Andy",0,0,0,20640030
17,"Edberg, Stefan",0,0,0,20630941
18,"Ivanisevic, Goran",0,0,0,19878007
19,"Chang, Michael",0,0,0,19145632
20,"del Potro, Juan Martin",2580301,2547354,32947,18873003
21,"Nishikori, Kei",1491755,1485482,6273,17624129
22,"Davydenko, Nikolay",0,0,0,16186480
23,"Gasquet, Richard",1030186,1020777,9409,15840750
24,"Raonic, Milos",1409446,1405103,4343,15804114
25,"Kuerten, Gustavo",0,0,0,14807000
26,"Bryan, Bob",539237,0,539237,14695822
27,"Lopez, Feliciano",1731751,1303087,428664,14640010
28,"Bjorkman, Jonas",0,0,0,14610671
29,"Verdasco, Fernando",1399586,1221155,178431,14490880
30,"Bryan, Mike",539237,0,539237,14470642
31,"Safin, Marat",0,0,0,14373291
32,"Dimitrov, Grigor",6608510,6575244,33266,14083976
33,"Courier, Jim",0,0,0,14034132
34,"Ferrero, Juan Carlos",5269,0,5269,13998165
35,"Youzhny, Mikhail",489264,461710,27554,13863808
36,"Monfils, Gael",1043358,1021555,21803,13744378
37,"Haas, Tommy",296381,261904,34477,13609987
38,"Moya, Carlos",0,0,0,13443970
39,"Robredo, Tommy",274902,232308,42594,13172359
40,"Nestor, Daniel",209878,0,209878,12739415
41,"Stich, Michael",0,0,0,12595128
42,"Isner, John",1836954,1707550,129404,12567465
43,"McEnroe, John",0,0,0,12552132
44,"Simon, Gilles",706338,666044,40294,12475521
45,"Muster, Thomas",0,0,0,12266977
46,"Henman, Tim",0,0,0,11635542
47,"Bruguera, Sergi",0,0,0,11632199
48,"Mirnyi, Max",181006,0,181006,11599064
49,"Stepanek, Radek",118181,94064,24117,11343464
50,"Rafter, Patrick",0,0,0,11133128
51,"Nalbandian, David",0,0,0,11123125
52,"Almagro, Nicolas",381355,362841,18514,10742287
53,"Kohlschreiber, Philipp",1210571,1171269,39302,10736926
54,"Enqvist, Thomas",0,0,0,10461641
55,"Korda, Petr",0,0,0,10448900
56,"Soderling, Robin",0,0,0,10423124
57,"Corretja, Alex",0,0,0,10411354
58,"Anderson, Kevin",2857945,2842345,15600,10241620
59,"Ljubicic, Ivan",0,0,0,10181121
60,"Woodbridge, Todd",0,0,0,10078820
61,"Krajicek, Richard",0,0,0,10077425
62,"Santoro, Fabrice",0,0,0,10013832
63,"Querrey, Sam",2402827,2232149,170678,9977508
64,"Ferreira, Wayne",0,0,0,9969617
65,"Melzer, Jurgen",99453,80169,19284,9936146
66,"Rios, Marcelo",0,0,0,9713771
67,"Thiem, Dominic",4345626,4283907,61719,9507497
68,"Granollers, Marcel",884432,339238,545194,9390048
69,"Fognini, Fabio",1429055,1304964,124091,9337102
70,"Benneteau, Julien",731934,570506,161428,8997245
71,"Goffin, David",3904676,3890613,14063,8995195
72,"Rusedski, Greg",0,0,0,8944841
73,"Gonzalez, Fernando",0,0,0,8862276
74,"Karlovic, Ivo",670230,670230,0,8790533
75,"Mahut, Nicolas",1355714,608164,747550,8779268
76,"Seppi, Andreas",609153,562562,46591,8769327
77,"Connors, Jimmy",0,0,0,8641040
78,"Woodforde, Mark",0,0,0,8551305
79,"Llodra, Michael",0,0,0,8533350
80,"Zimonjic, Nenad",227539,0,227539,8369339
81,"Paes, Leander",129037,0,129037,8362767
82,"Martin, Todd",0,0,0,8232355
83,"Tipsarevic, Janko",317902,301145,16757,8189576
84,"Sock, Jack",3406573,3149419,257154,8171779
85,"Baghdatis, Marcos",513488,486565,26923,8147973
86,"Grosjean, Sebastien",0,0,0,8131803
87,"Monaco, Juan",34185,32800,1385,8091242
88,"Troicki, Viktor",989184,886201,102983,8060087
89,"Blake, James",0,0,0,7981786
90,"Wilander, Mats",0,0,0,7956101
91,"Haarhuis, Paul",0,0,0,7751962
92,"Nieminen, Jarkko",0,0,0,7743345
93,"Costa, Albert",0,0,0,7685228
94,"Novak, Jiri",0,0,0,7618613
95,"Kiefer, Nicolas",0,0,0,7480465
96,"Fish, Mardy",0,0,0,7460641
97,"Garcia-Lopez, Guillermo",497001,403631,93370,7454851
98,"Bautista Agut, Roberto",1794937,1753055,41882,7430934
99,"Schuettler, Rainer",0,0,0,7407508
100,"Johansson, Thomas",0,0,0,7168029
101,"Clement, Arnaud",0,0,0,7125228
102,"Chardy, Jeremy",654217,558812,95405,7093244
103,"Hrbaty, Dominik",0,0,0,7070095
104,"Knowles, Mark",0,0,0,7058933
105,"Zverev, Alexander",5108998,5006313,102685,7041628
106,"Philippoussis, Mark",0,0,0,6987402
107,"Pioline, Cedric",0,0,0,6921029
108,"Mayer, Florian",728102,673616,54486,6914734
109,"Dolgopolov, Alexandr",940757,934290,6467,6894349
110,"Rosset, Marc",0,0,0,6812693
111,"Cuevas, Pablo",1546063,1124361,421702,6727812
112,"Medvedev, Andrei",0,0,0,6721598
113,"Bhupathi, Mahesh",0,0,0,6665907
114,"Chela, Juan Ignacio",0,0,0,6572494
115,"Gulbis, Ernests",317146,317146,0,6459404
116,"Kubot, Lukasz",1366800,0,1366800,6449184
117,"Dodig, Ivan",782197,82067,700130,6350790
118,"Lapentti, Nicolas",1245,0,1245,6315143
119,"Mathieu, Paul-Henri",202806,180965,21841,6299093
120,"Gaudio, Gaston",0,0,0,6066156
121,"Tursunov, Dmitry",175377,174837,540,5920125
122,"Coria, Guillermo",0,0,0,5915620
123,"Hlasek, Jakob",0,0,0,5890993
124,"Montanes, Albert",23525,23525,0,5866340
125,"Larsson, Magnus",0,0,0,5839451
126,"Carreno Busta, Pablo",3009359,2843305,166054,5746293
127,"Damm, Martin",0,0,0,5735972
128,"Malisse, Xavier",0,0,0,5694825
129,"Forget, Guy",0,0,0,5669934
130,"Kyrgios, Nick",1925500,1787646,137854,5514920
131,"Gilbert, Brad",0,0,0,5509060
132,"Ramos-Vinolas, Albert",1781770,1643204,138566,5425723
133,"Muller, Gilles",1341306,1227494,113812,5403128
134,"Jarryd, Anders",0,0,0,5378067
135,"Sanchez, Emilio",0,0,0,5339395
136,"Istomin, Denis",718235,699225,19010,5336016
137,"Mantilla, Felix",0,0,0,5332214
138,"Tomic, Bernard",517025,488564,28461,5293195
139,"Canas, Guillermo",0,0,0,5285575
140,"Haase, Robin",1166634,1036252,130382,5269193
141,"Melo, Marcelo",1358429,0,1358429,5249152
142,"Wheaton, David",0,0,0,5238401
143,"Pavel, Andrei",0,0,0,5225028
144,"Schalken, Sjeng",0,0,0,5192798
145,"Paire, Benoit",1116763,1022828,93935,5179002
146,"Black, Byron",0,0,0,5159775
147,"Bellucci, Thomaz",471300,439419,31881,5157757
148,"Kucera, Karol",0,0,0,5061125
149,"Spadea, Vincent",180,0,180,5004860
150,"Roger-Vasselin, Edouard",353534,0,353534,4966003
151,"Vilas, Guillermo",0,0,0,4923882
152,"Eltingh, Jacco",0,0,0,4920410
153,"Rochus, Olivier",0,0,0,4905754
154,"Vacek, Daniel",0,0,0,4803388
155,"Lu, Yen-Hsun",483796,442787,41009,4796896
156,"Mayer, Leonardo",703146,655888,47258,4784952
157,"Stakhovsky, Sergiy",301426,288598,12828,4783571
158,"Mannarino, Adrian",1333177,1279672,53505,4758169
159,"Pospisil, Vasek",379326,324685,54641,4748682
160,"Bolelli, Simone",262512,214496,48016,4726425
161,"Berasategui, Alberto",0,0,0,4676187
162,"Gustafsson, Magnus",0,0,0,4545489
163,"Norman, Magnus",0,0,0,4537247
164,"Pouille, Lucas",2041133,1953511,87622,4514157
165,"Soares, Bruno",681760,0,681760,4510512
166,"Andreev, Igor",0,0,0,4510376
167,"Sanchez, Javier",0,0,0,4427811
168,"Reneberg, Richey",0,0,0,4407308
169,"Becker, Benjamin",60768,60768,0,4399584
170,"Gomez, Andres",0,0,0,4385130
171,"Siemerink, Jan",0,0,0,4347693
172,"Massu, Nicolas",0,0,0,4343298
173,"Tecau, Horia",774621,0,774621,4340044
174,"Hanescu, Victor",0,0,0,4330340
175,"Andujar, Pablo",518,518,0,4301653
176,"Sousa, Joao",776642,704606,72036,4296925
177,"Leach, Rick",0,0,0,4293554
178,"Giraldo, Santiago",244747,242497,2250,4278893
179,"Klizan, Martin",381271,360936,20335,4274759
180,"Clavet, Francisco",0,0,0,4271881
181,"Johnson, Steve",1005440,933228,72212,4231510
182,"Young, Donald",926672,713155,213517,4216868
183,"Ullyett, Kevin",0,0,0,4138771
184,"Zverev, Mischa",1479705,1276820,202885,4115572
185,"Rosol, Lukas",155127,150488,4639,4096004
186,"Rojer, Jean-Julien",784537,0,784537,4095533
187,"Ram, Rajeev",548020,69490,478530,4092933
188,"El Aynaoui, Younes",366,258,108,4044667
189,"Lorenzi, Paolo",1152042,979470,172572,4039685
190,"Ancic, Mario",0,0,0,4024686
191,"Herbert, Pierre-Hugues",1190783,548422,642361,4021201
192,"Berlocq, Carlos",448194,412192,36002,4018067
193,"Prinosil, David",0,0,0,4016496
194,"Gabashvili, Teymuraz",135174,128665,6509,3998721
195,"Volandri, Filippo",0,0,0,3949631
196,"Lopez, Marc",449557,0,449557,3922419
197,"Leconte, Henri",0,0,0,3917596
198,"Petzschner, Philipp",147605,0,147605,3911273
199,"Ginepri, Robby",0,0,0,3897123
200,"Matkowski, Marcin",211626,1025,210601,3892175
201,"Martin, Alberto",0,0,0,3840885
202,"Peya, Alexander",192403,0,192403,3837848
203,"Starace, Potito",0,0,0,3796316
204,"Stolle, Sandon",0,0,0,3762442
205,"Calleri, Agustin",0,0,0,3753387
206,"Janowicz, Jerzy",294600,283923,10677,3753236
207,"Tarango, Jeff",0,0,0,3730289
208,"Novacek, Karel",0,0,0,3729540
209,"Bopanna, Rohan",517790,0,517790,3726523
210,"Krickstein, Aaron",0,0,0,3710447
211,"Smid, Tomas",0,0,0,3699738
212,"Arthurs, Wayne",0,0,0,3687809
213,"Kukushkin, Mikhail",531828,524936,6892,3663017
214,"Borg, Bjorn",0,0,0,3655751
215,"Suk, Cyril",0,0,0,3651530
216,"Acasuso, Jose",0,0,0,3642422
217,"Harrison, Ryan",1336784,780131,556653,3624828
218,"Gambill, Jan-Michael",0,0,0,3612893
219,"Zeballos, Horacio",873266,707541,165725,3602816
220,"Arazi, Hicham",0,0,0,3602644
221,"Sela, Dudi",518288,474394,43894,3574712
222,"Ulihrach, Bohdan",0,0,0,3553302
223,"O'Brien, Alex",0,0,0,3526390
224,"Srichaphan, Paradorn",0,0,0,3459655
225,"Murray, Jamie",676388,0,676388,3445999
226,"Noah, Yannick",0,0,0,3440660
227,"Lindstedt, Robert",122795,0,122795,3415390
228,"Palmer, Jared",0,0,0,3413189
229,"Koubek, Stefan",0,0,0,3365024
230,"Volkov, Alexander",54,0,54,3362840
231,"Black, Wayne",0,0,0,3300258
232,"Grabb, Jim",0,0,0,3274155
233,"Stoltenberg, Jason",0,0,0,3259607
234,"Washington, MaliVai",0,0,0,3232565
235,"Stark, Jonathan",0,0,0,3220867
236,"Escude, Nicolas",0,0,0,3216150
237,"Olhovskiy, Andrei",0,0,0,3208620
238,"Fitzgerald, John",0,0,0,3207272
239,"Zabaleta, Mariano",0,0,0,3204127
240,"Kulti, Nicklas",0,0,0,3186946
241,"Gimeno-Traver, Daniel",33743,32878,865,3159310
242,"Carbonell, Tomas",0,0,0,3157584
243,"Dlouhy, Lukas",0,0,0,3141040
244,"Masur, Wally",0,0,0,3134718
245,"Costa, Carlos",0,0,0,3134189
246,"McEnroe, Patrick",0,0,0,3118316
247,"Falla, Alejandro",23660,22400,1260,3101331
248,"Chesnokov, Andrei",0,0,0,3084188
249,"Gaudenzi, Andrea",0,0,0,3063479
250,"Rikl, David",0,0,0,3063353
251,"Curren, Kevin",0,0,0,3055510
252,"Fyrstenberg, Mariusz",14812,0,14812,3053264
253,"Knowle, Julian",86376,0,86376,3048871
254,"Boetsch, Arnaud",0,0,0,3031247
255,"Schwartzman, Diego",1617789,1523297,94492,3013699
256,"Carlsen, Kenneth",0,0,0,2990980
257,"Darcis, Steve",567263,531591,35672,2989098
258,"Peers, John",1164647,0,1164647,2983689
259,"Portas, Albert",0,0,0,2972633
260,"Serra, Florent",0,0,0,2970611
261,"Sanguinetti, Davide",0,0,0,2935584
262,"Vesely, Jiri",782358,705189,77169,2917835
263,"Vicente, Fernando",0,0,0,2917616
264,"Connell, Grant",0,0,0,2911097
265,"Qureshi, Aisam-Ul-Haq",318009,3365,314644,2888043
266,"Lareau, Sebastien",0,0,0,2879682
267,"Hanley, Paul",0,0,0,2871560
268,"Kunitsyn, Igor",0,0,0,2861069
269,"Marach, Oliver",411160,2860,408300,2805021
270,"Delaitre, Olivier",0,0,0,2788904
271,"Delbonis, Federico",394982,378265,16717,2788347
272,"Gottfried, Brian",0,0,0,2782514
273,"Lacko, Lukas",323589,322215,1374,2780502
274,"Gerulaitis, Vitas",0,0,0,2778748
275,"Berrer, Michael",0,0,0,2766701
276,"Rochus, Christophe",0,0,0,2753294
277,"Fibak, Wojtek",0,0,0,2725403
278,"Kuznetsov, Andrey",492114,449285,42829,2712720
279,"Goellner, Marc-Kevin",0,0,0,2700899
280,"Galbraith, Patrick",0,0,0,2684136
281,"Mayotte, Tim",0,0,0,2663672
282,"Golubev, Andrey",17610,12896,4714,2663623
283,"Sa, Andre",92478,1520,90958,2649262
284,"Horna, Luis",0,0,0,2648482
285,"Ram, Andy",0,0,0,2647616
286,"Brown, Dustin",498874,455855,43019,2633386
287,"Mecir Sr., Miloslav",0,0,0,2632538
288,"Fromberg, Richard",0,0,0,2605740
289,"Coric, Borna",999819,994482,5337,2605378
290,"Sargsian, Sargis",0,0,0,2603732
291,"Gimelstob, Justin",0,0,0,2575522
292,"Dent, Taylor",0,0,0,2563378
293,"Meligeni, Fernando",0,0,0,2555367
294,"Adams, David",0,0,0,2534247
295,"Gicquel, Marc",294,0,294,2513519
296,"Squillari, Franco",0,0,0,2504591
297,"Erlich, Jonathan",94790,0,94790,2489972
298,"Moodie, Wesley",0,0,0,2455112
299,"Russell, Michael",0,0,0,2452569
300,"Dosedel, Slava",0,0,0,2452512
301,"Furlan, Renzo",0,0,0,2449043
302,"Raoux, Guillaume",0,0,0,2446506
303,"Steven, Brett",0,0,0,2439714
304,"Svensson, Jonas",0,0,0,2439702
305,"Cermak, Frantisek",0,0,0,2418073
306,"Mansdorf, Amos",0,0,0,2412691
307,"Jaziri, Malek",637500,582968,54532,2394064
308,"Kontinen, Henri",1159560,0,1159560,2388318
309,"Kriek, Johan",0,0,0,2383794
310,"Struff, Jan-Lennard",844842,781676,63166,2377544
311,"Ferreira, Ellis",0,0,0,2375220
312,"Lee, Hyung-Taik",0,0,0,2355686
313,"Ramirez Hidalgo, Ruben",36503,32325,4178,2346155
314,"Vizner, Pavel",0,0,0,2337009
315,"Steeb, Carl-Uwe",0,0,0,2320082
316,"Lajovic, Dusan",576309,548667,27642,2307855
317,"Johnson, Donald",0,0,0,2294044
318,"Bedene, Aljaz",656321,640720,15601,2289561
319,"Davis, Scott",0,0,0,2286711
320,"Pozzi, Gianluca",0,0,0,2272035
321,"Cherkasov, Andrei",0,0,0,2260281
322,"Yzaga, Jaime",0,0,0,2235560
323,"Ramirez, Raul",0,0,0,2217971
324,"Robert, Stephane",227700,212454,15246,2216454
325,"Golmard, Jerome",0,0,0,2215784
326,"Kamke, Tobias",103874,102890,984,2201296
327,"Phau, Bjorn",0,0,0,2189473
328,"Dzumhur, Damir",1038611,1012697,25914,2180869
329,"Hernych, Jan",258,258,0,2178092
330,"Berankis, Ricardas",292296,287300,4996,2164087
331,"Marrero, David",118355,0,118355,2161964
332,"Sijsling, Igor",32098,29494,2604,2150767
333,"Aspelin, Simon",0,0,0,2121037
334,"Edmund, Kyle",965395,952699,12696,2117993
335,"Beck, Karol",54,0,54,2110636
336,"Casal, Sergio",0,0,0,2107745
337,"Alami, Karim",0,0,0,2087596
338,"Nastase, Ilie",0,0,0,2076761
339,"Nystrom, Joakim",0,0,0,2074947
340,"Klaasen, Raven",444268,0,444268,2071139
341,"Flach, Ken",0,0,0,2065246
342,"Bogomolov Jr., Alex",0,0,0,2054594
343,"Karbacher, Bernd",0,0,0,2043057
344,"Brands, Daniel",97964,97964,0,2037887
345,"Tillstrom, Mikael",0,0,0,2030525
346,"Matosevic, Marinko",25438,24958,480,2029540
347,"Pate, David",0,0,0,2028823
348,"Chiudinelli, Marco",107358,92614,14744,2023620
349,"Norman, Dick",0,0,0,2019581
350,"Dibbs, Eddie",0,0,0,2016426
351,"Filippini, Marcelo",0,0,0,2016190
352,"Agenor, Ronald",0,0,0,2014601
353,"Clerc, Jose-Luis",0,0,0,1987036
354,"Fleming, Peter",0,0,0,1986799
355,"Ebden, Matthew",215049,193408,21641,1970540
356,"Vliegen, Kristof",0,0,0,1964020
357,"Estrella Burgos, Victor",369615,354188,15427,1958311
358,"Cash, Pat",0,0,0,1950345
359,"Marchenko, Illya",175920,172487,3433,1944899
360,"Hernandez, Oscar",0,0,0,1943856
361,"Donskoy, Evgeny",449050,435654,13396,1935575
362,"Van Rensburg, Christo",0,0,0,1912831
363,"Groth, Sam",202684,108347,94337,1906262
364,"Woodruff, Chris",0,0,0,1900659
365,"Pella, Guido",479913,460121,19792,1892801
366,"Seguso, Robert",0,0,0,1888353
367,"Burgsmuller, Lars",0,0,0,1887164
368,"Jaite, Martin",0,0,0,1873881
369,"Gonzalez, Maximo",91913,65665,26248,1862417
370,"Khachanov, Karen",1258619,1157784,100835,1848679
371,"Arrese, Jordi",0,0,0,1847136
372,"Dancevic, Frank",64489,57529,6960,1844432
373,"Voinea, Adrian",0,0,0,1836277
374,"Ondruska, Marcos",0,0,0,1835129
375,"Blanco, Galo",0,0,0,1832691
376,"Norval, Piet",0,0,0,1832303
377,"Arias, Jimmy",0,0,0,1831140
378,"Nargiso, Diego",0,0,0,1807857
379,"Solomon, Harold",0,0,0,1802769
380,"Kohlmann, Michael",0,0,0,1798467
381,"Gonzalez, Santiago",302211,780,301431,1788867
382,"Puerta, Mariano",0,0,0,1781372
383,"Pugh, Jim",0,0,0,1780466
384,"Smith, Stan",0,0,0,1774811
385,"Soeda, Go",155146,150392,4754,1766781
386,"Haider-Maurer, Andreas",133054,117807,15247,1755614
387,"Bracciali, Daniele",96,0,96,1749116
388,"Arnold Ker, Lucas",0,0,0,1745936
389,"Macpherson, David",0,0,0,1729899
390,"Butorac, Eric",0,0,0,1728454
391,"Cabal, Juan Sebastian",312614,0,312614,1726806
392,"Sluiter, Raemon",0,0,0,1726539
393,"Kavcic, Blaz",175023,166752,8271,1719516
394,"de Bakker, Thiemo",14820,14658,162,1719418
395,"Rublev, Andrey",1336027,1296168,39859,1697899
396,"Tanner, Roscoe",0,0,0,1696198
397,"Holm, Henrik",0,0,0,1693931
398,"Frana, Javier",0,0,0,1691848
399,"Chung, Hyeon",1062462,1040510,21952,1687063
400,"Perez-Roldan, Guillermo",0,0,0,1686459
401,"Smyczek, Tim",203049,201309,1740,1677406
402,"Kudla, Denis",144223,130621,13602,1666932
403,"Pescosolido, Stefano",0,0,0,1657671
404,"Lipsky, Scott",109578,1465,108113,1657526
405,"Guccione, Chris",32859,0,32859,1654903
406,"Teltscher, Eliot",0,0,0,1653997
407,"Skoff, Horst",0,0,0,1651858
408,"Schwank, Eduardo",0,0,0,1648048
409,"Annacone, Paul",0,0,0,1646602
410,"Kuhnen, Patrik",0,0,0,1646328
411,"Mergea, Florin",196362,0,196362,1634331
412,"Cipolla, Flavio",16816,1447,15369,1626514
413,"Rostagno, Derrick",0,0,0,1621535
414,"Goldstein, Paul",0,0,0,1620456
415,"Sugita, Yuichi",744384,727829,16555,1613571
416,"Camporese, Omar",0,0,0,1610475
417,"Rosewall, Ken",0,0,0,1602700
418,"Stewart, Sherwood",0,0,0,1602565
419,"Vanek, Jiri",0,0,0,1600539
420,"Draper, Scott",0,0,0,1594598
421,"Dupuis, Antony",0,0,0,1591333
422,"Ashe, Arthur",0,0,0,1584909
423,"Levy, Harel",0,0,0,1579908
424,"Reynolds, Bobby",0,0,0,1573292
425,"Laver, Rod",0,0,0,1565413
426,"Beck, Andreas",0,0,0,1564600
427,"Verkerk, Martin",0,0,0,1564520
428,"Etlis, Gaston",0,0,0,1559459
429,"Gunthardt, Heinz",0,0,0,1550007
430,"Johansson, Joachim",0,0,0,1549039
431,"Kim, Kevin",0,0,0,1545970
432,"Mancini, Alberto",0,0,0,1535520
433,"Visser, Danie",0,0,0,1528201
434,"Mertinak, Michal",0,0,0,1511590
435,"Korolev, Evgeny",0,0,0,1510466
436,"Pimek, Libor",0,0,0,1509018
437,"Dutra Silva, Rogerio",551939,451505,100434,1504125
438,"Dewulf, Filip",0,0,0,1503987
439,"De Schepper, Kenny",126330,116303,10027,1499015
440,"Braasch, Karsten",0,0,0,1497244
441,"Mattar, Luiz",0,0,0,1484831
442,"Mello, Ricardo",0,0,0,1484044
443,"Nijssen, Tom",0,0,0,1474432
444,"Roig, Francisco",0,0,0,1466830
445,"Devvarman, Somdev",0,0,0,1459122
446,"Donaldson, Jared",854935,840088,14847,1457145
447,"Sanchez, David",0,0,0,1451767
448,"Edmondson, Mark",0,0,0,1451680
449,"Zivojinovic, Slobodan",0,0,0,1450654
450,"Muller, Gary",0,0,0,1447445
451,"Gil, Fred",23723,14276,9447,1441779
452,"Taroczy, Balazs",0,0,0,1437443
453,"Huey, Treat",131949,1025,130924,1430337
454,"Boutter, Julien",0,0,0,1430283
455,"Hajek, Jan",0,0,0,1427267
456,"Scanlon, Bill",0,0,0,1427007
457,"Teacher, Brian",0,0,0,1426514
458,"Farah, Robert",248949,0,248949,1425189
459,"Eagle, Joshua",0,0,0,1421375
460,"Witsken, Todd",0,0,0,1420910
461,"Vassallo Arguello, Martin",0,0,0,1420101
462,"Basilashvili, Nikoloz",759349,732876,26473,1409671
463,"Higueras, Jose",0,0,0,1406355
464,"Apell, Jan",0,0,0,1404957
465,"Bemelmans, Ruben",294967,289066,5901,1402730
466,"Ruud, Christian",0,0,0,1399813
467,"Orantes, Manuel",0,0,0,1398303
468,"Zib, Tomas",0,0,0,1395816
469,"Saulnier, Cyril",0,0,0,1391494
470,"Delgado, Ramon",0,0,0,1385410
471,"Mayer, Gene",0,0,0,1382422
472,"Vinciguerra, Andreas",0,0,0,1381556
473,"Kratzmann, Mark",0,0,0,1378936
474,"Millman, John",320327,297602,22725,1377211
475,"Caratti, Cristiano",0,0,0,1368916
476,"Dreekmann, Hendrik",0,0,0,1366435
477,"Kendrick, Robert",0,0,0,1365211
478,"Riba, Pere",5109,5013,96,1360863
479,"de Jager, John-Laffnie",0,0,0,1357700
480,"Pernfors, Mikael",0,0,0,1357188
481,"Fleurian, Jean-Philippe",0,0,0,1352977
482,"Kas, Christopher",0,0,0,1350322
483,"De Voest, Rik",0,0,0,1349991
484,"Cahill, Darren",0,0,0,1349247
485,"Luczak, Peter",0,0,0,1348936
486,"Krajinovic, Filip",608748,605365,3383,1346124
487,"Ilhan, Marsel",30958,30904,54,1344299
488,"Waske, Alexander",0,0,0,1339987
489,"Bates, Jeremy",0,0,0,1339965
490,"Evans, Daniel",429026,405918,23108,1339693
491,"Calatrava, Alex",0,0,0,1335933
492,"Przysiezny, Michal",10231,9908,323,1335820
493,"Amritraj, Vijay",0,0,0,1331913
494,"MacPhie, Brian",0,0,0,1331539
495,"Ilie, Andrew",0,0,0,1327838
496,"Greul, Simon",0,0,0,1320950
497,"Schaller, Gilbert",0,0,0,1317163
498,"Voltchkov, Vladimir",0,0,0,1315133
499,"Jensen, Luke",0,0,0,1313255
500,"Stafford, Grant",0,0,0,1307208
501,"Ito, Tatsuma",126793,124423,2370,1306945
502,"Souza, Joao",82726,71628,11098,1306528
503,"Prpic, Goran",0,0,0,1303639
504,"Roitman, Sergio",0,0,0,1296022
505,"Wilkison, Tim",0,0,0,1289085
506,"Gunnarsson, Jan",0,0,0,1285040
507,"Prieto, Sebastian",0,0,0,1271907
508,"Bastl, George",0,0,0,1271109
509,"Albot, Radu",488359,467397,20962,1268479
510,"Krishnan, Ramesh",0,0,0,1263130
511,"Ventura, Santiago",0,0,0,1260406
512,"Bergstrom, Christian",0,0,0,1258492
513,"Okker, Tom",0,0,0,1257200
514,"Roux, Lionel",0,0,0,1255648
515,"Champion, Thierry",0,0,0,1255229
516,"Montana, Francisco",0,0,0,1248094
517,"Bachinger, Matthias",47721,45706,2015,1243582
518,"Zemlja, Grega",31239,30789,450,1242858
519,"Saretta, Flavio",0,0,0,1239319
520,"De La Pena, Horacio",0,0,0,1234768
521,"Labadze, Irakli",0,0,0,1234668
522,"McNamee, Paul",0,0,0,1233615
523,"Gumy, Hernan",0,0,0,1226776
524,"Ward, James",67987,67537,450,1222984
525,"Navarro, Ivan",96,0,96,1222289
526,"Friedl, Leos",0,0,0,1221403
527,"Inglot, Dominic",139381,0,139381,1221400
528,"Rodriguez, Martin",0,0,0,1221361
529,"Shelton, Bryan",0,0,0,1220283
530,"Alexander, John",0,0,0,1214079
531,"Oncins, Jaime",0,0,0,1211476
532,"Marin, Juan Antonio",0,0,0,1210117
533,"Broad, Neil",0,0,0,1205610
534,"Minar, Ivo",860,416,444,1199719
535,"Burillo, Jordi",0,0,0,1198126
536,"Haggard, Chris",0,0,0,1196035
537,"van Lottum, John",0,0,0,1188163
538,"Baker, Brian",167559,10003,157556,1184653
539,"Coetzee, Jeff",0,0,0,1178517
540,"Daniel, Marcos",0,0,0,1177189
541,"Marray, Jonathan",3525,0,3525,1173631
542,"Kroslak, Jan",0,0,0,1169329
543,"Gojowczyk, Peter",411025,410401,624,1169213
544,"Jones, Kelly",0,0,0,1168278
545,"Lutz, Robert",0,0,0,1165276
546,"Di Pasquale, Arnaud",0,0,0,1162796
547,"Venus, Michael",612032,6895,605137,1162656
548,"Kratochvil, Michel",0,0,0,1159379
549,"Odesnik, Wayne",0,0,0,1155255
550,"Copil, Marius",377973,365038,12935,1153837
551,"Capdeville, Paul",0,0,0,1150846
552,"Wang, Jimmy",5270,3920,1350,1143626
553,"Gilbert, Rodolphe",96,0,96,1143269
554,"Lisnard, Jean-Rene",0,0,0,1142109
555,"Levine, Jesse",0,0,0,1131456
556,"Lundgren, Peter",0,0,0,1130516
557,"Pless, Kristian",0,0,0,1127884
558,"Schapers, Michiel",0,0,0,1124730
559,"Gullikson, Tim",0,0,0,1121880
560,"Bagnis, Facundo",261153,224746,36407,1120190
561,"Matsuoka, Shuzo",0,0,0,1117112
562,"Tebbutt, Michael",0,0,0,1114448
563,"Florent, Andrew",0,0,0,1113285
564,"Pala, Petr",0,0,0,1106011
565,"Davin, Franco",0,0,0,1101560
566,"Jelen, Eric",0,0,0,1100059
567,"Udomchoke, Danai",0,0,0,1095170
568,"Pavic, Mate",501475,10410,491065,1094004
569,"Denton, Steve",0,0,0,1084664
570,"Mamiit, Cecil",0,0,0,1084438
571,"Michibata, Glenn",0,0,0,1081667
572,"Munoz de la Nava, Daniel",30851,29728,1123,1080506
573,"Pereira, Nicolas",0,0,0,1077159
574,"Fleming, Colin",0,0,0,1076823
575,"Duckworth, James",37490,37490,0,1076096
576,"Kerr, Jordan",150,0,150,1071211
577,"Stockton, Dick",0,0,0,1063385
578,"Newcombe, John",0,0,0,1062408
579,"Gonzalez, Alejandro",66579,63239,3340,1058605
580,"Tulasne, Thierry",0,0,0,1058412
581,"Mayer, Sandy",0,0,0,1057783
582,"Cervantes, Inigo",54711,46407,8304,1047395
583,"McNamara, Peter",0,0,0,1046935
584,"Perez, Diego",0,0,0,1042224
585,"Oosting, Menno",0,0,0,1041725
586,"Wassen, Rogier",0,0,0,1040061
587,"Ascione, Thierry",0,0,0,1031961
588,"Kravchuk, Konstantin",243561,233163,10398,1031708
589,"Patience, Olivier",0,0,0,1030897
590,"Sweeting, Ryan",0,0,0,1024486
591,"Antonitsch, Alex",0,0,0,1024171
592,"Gremelmayr, Denis",0,0,0,1023334
593,"Elias, Gastao",242234,229244,12990,1022961
594,"Fabbiano, Thomas",401769,381464,20305,1021151
595,"Knippschild, Jens",0,0,0,1017972
596,"Huss, Stephen",0,0,0,1010831
597,"Carlsson, Kent",0,0,0,998956
598,"Pecci Sr., Victor",0,0,0,994408
599,"Warwick, Kim",0,0,0,994045
600,"Berger, Jay",0,0,0,992136
601,"Orsanic, Daniel",0,0,0,991800
602,"Motta, Cassio",0,0,0,986595
603,"Thompson, Jordan",512461,423584,88877,981787
604,"Monroe, Nicholas",297293,0,297293,977798
605,"Behrend, Tomas",0,0,0,977352
606,"Kratzmann, Andrew",0,0,0,976085
607,"Popp, Alexander",0,0,0,976038
608,"Polasek, Filip",0,0,0,975899
609,"Polansky, Peter",221447,209177,12270,970763
610,"Fritz, Taylor",398061,380211,17850,968678
611,"Ungur, Adrian",11483,9388,2095,961008
612,"Devilder, Nicolas",0,0,0,959449
613,"Heuberger, Ivo",0,0,0,950068
614,"Huta Galung, Jesse",258,258,0,946839
615,"Skoch, David",2122,0,2122,945655
616,"Koenig, Robbie",0,0,0,944191
617,"Medvedev, Daniil",749986,727579,22407,939364
618,"Kokkinakis, Thanasi",274391,244533,29858,938439
619,"Menendez-Maceiras, Adrian",198589,184957,13632,938132
620,"Delic, Amer",0,0,0,935409
621,"Daniel, Taro",343220,336924,6296,933082
622,"Albano, Pablo",0,0,0,931670
623,"Youl, Simon",0,0,0,930856
624,"Nielsen, Frederik",14740,7578,7162,929054
625,"Wessels, Peter",0,0,0,928863
626,"Slozil, Pavel",0,0,0,925242
627,"Kuznetsov, Alex",0,0,0,923666
628,"Davids, Hendrik Jan",0,0,0,923459
629,"Evernden, Kelly",0,0,0,914750
630,"Lobo, Luis",0,0,0,913682
631,"Godwin, Neville",0,0,0,912783
632,"Kudryavtsev, Alexander",32557,23756,8801,909894
633,"Cane, Paolo",0,0,0,903958
634,"Lavalle, Leonardo",0,0,0,903200
635,"Benfele Alvarez, Emilio",0,0,0,902099
636,"Machado, Rui",0,0,0,900563
637,"Nyborg, Peter",0,0,0,898987
638,"Srejber, Milan",0,0,0,898323
639,"Sinner, Martin",0,0,0,896974
640,"Millot, Vincent",184719,176878,7841,896582
641,"Sadri, John",0,0,0,895455
642,"Gullikson, Tom",0,0,0,889492
643,"Jonsson, Lars",0,0,0,888998
644,"Gross, Oliver",0,0,0,876452
645,"Pfister, Henry",0,0,0,873431
646,"Van Scheppingen, Dennis",0,0,0,871886
647,"Fisher, Ashley",0,0,0,871805
648,"Garcia, Martin",0,0,0,868540
649,"Warder, Laurie",0,0,0,865628
650,"Smith, John-Patrick",244134,147530,96604,863147
651,"Talbot, Byron",0,0,0,861245
652,"Brunstrom, Johan",38652,0,38652,860455
653,"Reister, Julian",0,0,0,858260
654,"Marques, Nuno",0,0,0,857262
655,"Tabara, Michal",0,0,0,853900
656,"Alonso, Julian",0,0,0,852891
657,"Melville, Scott",0,0,0,851666
658,"Viloca-Puig, Juan Albert",0,0,0,851371
659,"Tiafoe, Frances",520239,499300,20939,849255
660,"Hood, Mariano",0,0,0,847665
661,"Koevermans, Mark",0,0,0,842859
662,"Riglewski, Udo",0,0,0,842211
663,"Krajicek, Austin",86020,52680,33340,837738
664,"Pashanski, Boris",0,0,0,837645
665,"Elgin, Mikhail",72886,6270,66616,837359
666,"Carraz, Gregory",0,0,0,836734
667,"Delgado, Jamie",0,0,0,834831
668,"Di Mauro, Alessio",0,0,0,833633
669,"Lopez Moron, Alex",0,0,0,833225
670,"Hutchins, Ross",0,0,0,831609
671,"Mronz, Alexander",0,0,0,830234
672,"Shapovalov, Denis",764494,762664,1830,828926
673,"Dyke, Broderick",0,0,0,827530
674,"Nedovyesov, Aleksandr",58187,50868,7319,825422
675,"Aguilera, Juan",0,0,0,825000
676,"Vemic, Dusan",0,0,0,821902
677,"Davis, Marty",0,0,0,821513
678,"Sundstrom, Henrik",0,0,0,819393
679,"Pearce, Brad",0,0,0,818850
680,"Adams, Chuck",0,0,0,818519
681,"Balcells, Juan",0,0,0,815801
682,"Fratangelo, Bjorn",316252,312230,4022,813485
683,"Martin, Fabrice",281045,1185,279860,806662
684,"Thomas, Jim",0,0,0,801553
685,"Olivo, Renzo",346400,327412,18988,798066
686,"Mezzadri, Claudio",0,0,0,797458
687,"Purcell, Mel",0,0,0,797197
688,"Simian, Stephane",0,0,0,796223
689,"Zoecke, Markus",0,0,0,795369
690,"Stebe, Cedrik-Marcel",203560,201758,1802,794974
691,"Vacek, Jan",0,0,0,794420
692,"Ho, Tommy",0,0,0,793819
693,"Barnard, Marius",0,0,0,793416
694,"Zopp, Jurgen",47710,47300,410,792916
695,"Zhang, Ze",116120,91205,24915,792767
696,"Galvani, Stefano",0,0,0,791336
697,"Aldrich, Pieter",0,0,0,790019
698,"Karanusic, Roko",0,0,0,789254
699,"Hipfl, Markus",0,0,0,787415
700,"Levinsky, Jaroslav",0,0,0,784970
701,"Okun, Noam",0,0,0,784555
702,"Perry, Todd",0,0,0,777545
703,"Nishioka, Yoshihito",214339,214339,0,776988
704,"Moor, Terry",0,0,0,776732
705,"Panatta, Adriano",0,0,0,776187
706,"Barazzutti, Corrado",0,0,0,775783
707,"Tieleman, Laurence",0,0,0,773130
708,"Guez, David",31294,25542,5752,770586
709,"Morrison, Jeff",0,0,0,770476
710,"Kinnear, Kent",0,0,0,770149
711,"Cibulec, Tomas",0,0,0,769316
712,"Allegro, Yves",0,0,0,768327
713,"Koellerer, Daniel",0,0,0,757918
714,"Joyce, Michael",0,0,0,756999
715,"Vajda, Marian",0,0,0,756646
716,"Drewett, Brad",0,0,0,755546
717,"Giammalva Jr., Sammy",0,0,0,754113
718,"Oswald, Philipp",131278,0,131278,752313
719,"Keil, Mark",0,0,0,749587
720,"Ouanna, Josselin",0,0,0,741500
721,"Gildemeister, Hans",0,0,0,740858
722,"Lozano, Jorge",0,0,0,739424
723,"Alves, Thiago",0,0,0,739405
724,"Saceanu, Christian",0,0,0,738632
725,"Cecchinato, Marco",189833,180092,9741,738457
726,"Cunha-Silva, Joao",0,0,0,735607
727,"Begemann, Andre",93938,3650,90288,733577
728,"Stoliarov, Andrei",0,0,0,733499
729,"Bozoljac, Ilija",13287,0,13287,732110
730,"Rufin, Guillaume",0,0,0,732052
731,"Suzuki, Takao",1818,1530,288,729199
732,"Dabul, Brian",0,0,0,728653
733,"Junqueira, Diego",0,0,0,727371
734,"Schukin, Yuri",0,0,0,723089
735,"Arraya, Pablo",0,0,0,723086
736,"Van Herck, Johan",0,0,0,717393
737,"Sabau, Razvan",258,258,0,714904
738,"Martin, Andrej",76125,71695,4430,709910
739,"Baur, Patrick",0,0,0,709282
740,"Wu, Di",164055,141015,23040,708207
741,"Eschauer, Werner",0,0,0,703735
742,"Cerretani, James",93297,0,93297,701568
743,"Vik, Robin",0,0,0,700030
744,"Melzer, Gerald",225436,213047,12389,699660
745,"Radulescu, Alex",0,0,0,698887
746,"Savolt, Attila",0,0,0,698823
747,"Bogdanovic, Alex",0,0,0,695395
748,"Amaya, Victor",0,0,0,694304
749,"Bloom, Gilad",0,0,0,694271
750,"Kodes, Jan",0,0,0,693197
751,"Diaz, Jacobo",0,0,0,689680
752,"Dickson, Mark",0,0,0,686138
753,"Goldie, Dan",0,0,0,682952
754,"Jensen, Murphy",0,0,0,681817
755,"Carretero, Roberto",0,0,0,680211
756,"Pescariu, Dinu",0,0,0,676539
757,"Odizor, Nduka",0,0,0,675673
758,"Vanhoudt, Tom",0,0,0,675139
759,"Monteiro, Thiago",460938,452632,8306,672207
760,"Nydahl, Tomas",0,0,0,671903
761,"Ball, Carsten",0,0,0,671061
762,"Flach, Doug",0,0,0,670927
763,"Taygan, Ferdi",0,0,0,668104
764,"Gorriz, Marcos Aurelio",0,0,0,662335
765,"Fucsovics, Marton",291436,284020,7416,660347
766,"Petchey, Mark",0,0,0,657776
767,"Parrott, Travis",0,0,0,656339
768,"Ketola, Tuomas",0,0,0,656258
769,"Klein, Brydan",134543,105222,29321,655295
770,"Klahn, Bradley",97207,79247,17960,652760
771,"Humphries, Scott",0,0,0,652092
772,"Miniussi, Christian",0,0,0,651069
773,"Lewis (NZL), Chris",0,0,0,647550
774,"Layendecker, Glenn",0,0,0,647475
775,"Laaksonen, Henri",280186,280186,0,644116
776,"Arnaboldi, Andrea",54846,52455,2391,643682
777,"Rola, Blaz",64007,57885,6122,643124
778,"Fischer, Martin",0,0,0,640889
779,"Morgan, Jamie",0,0,0,640354
780,"Randall, Dave",0,0,0,635374
781,"Luxa, Petr",0,0,0,635062
782,"Giannessi, Alessandro",210972,190029,20943,634692
783,"Brzezicki, Juan Pablo",0,0,0,629845
784,"Skugor, Franko",175546,54997,120549,626578
785,"Crivoi, Victor",0,0,0,626504
786,"Middelkoop, Matwe",194910,3059,191851,626318
787,"Van Emburgh, Greg",0,0,0,625031
788,"Haygarth, Brent",0,0,0,624649
789,"Zovko, Lovro",0,0,0,623479
790,"Santopadre, Vincenzo",0,0,0,619300
791,"Galimberti, Giorgio",0,0,0,619170
792,"Kitinov, Aleksandar",0,0,0,618346
793,"Salzenstein, Jeff",0,0,0,616017
794,"Mektic, Nikola",261771,8585,253186,615313
795,"Hewitt, Bob",0,0,0,613837
796,"Wilkinson, Chris",0,0,0,613641
797,"Bauer, Mike",0,0,0,611891
798,"Gombos, Norbert",259983,254740,5243,610745
799,"Hogstedt, Thomas",0,0,0,609935
800,"Zelenay, Igor",31850,0,31850,609556
801,"McMillan, Frew",0,0,0,609072
802,"Kronemann, Trevor",0,0,0,608844
803,"Buehning, Fritz",0,0,0,608506
804,"Brandi, Cristian",0,0,0,607038
805,"Garcia, Adrian",0,0,0,605753
806,"Mutis, Olivier",0,0,0,605413
807,"Skupski, Ken",79056,0,79056,604342
808,"Ogorodov, Oleg",0,0,0,602095
809,"Hill, Michael",0,0,0,601306
810,"Lloyd, John",0,0,0,598092
811,"Mertl, Jan",16521,13381,3140,597668
812,"Waite, Jack",0,0,0,597013
813,"Sitak, Artem",128821,4555,124266,596960
814,"Vahaly, Brian",0,0,0,596775
815,"Draganja, Marin",20553,0,20553,596030
816,"Stadler, Simon",0,0,0,593657
817,"Markus, Gabriel",0,0,0,589053
818,"Glickstein, Shlomo",0,0,0,588880
819,"Moriya, Hiroki",78654,75274,3380,588755
820,"Bohli, Stephane",0,0,0,588725
821,"Armando, Hugo",0,0,0,588559
822,"Lapentti, Giovanni",9739,8386,1353,588402
823,"Pistolesi, Claudio",0,0,0,587945
824,"Vanni, Luca",103723,100525,3198,587161
825,"DeVries, Steve",0,0,0,584096
826,"Viola, Matteo",35416,30264,5152,575596
827,"Hartfield, Diego",0,0,0,571141
828,"Kirmayr, Carlos",0,0,0,570207
829,"Shamasdin, Adil",109353,0,109353,564379
830,"Escobedo, Ernesto",383229,369659,13570,564214
831,"Wibier, Fernon",0,0,0,563876
832,"Halys, Quentin",216160,196467,19693,562400
833,"Luna, Fernando",0,0,0,561404
834,"Lee, Martin",0,0,0,561085
835,"Veic, Antonio",0,0,0,560536
836,"Kicker, Nicolas",372933,362740,10193,560301
837,"Brown, Jimmy",0,0,0,560131
838,"Demoliner, Marcelo",199733,1025,198708,558425
839,"Bryan, Steve",0,0,0,552962
840,"Healey, Nathan",0,0,0,552190
841,"Prodon, Eric",0,0,0,551992
842,"Matuszewski, Richard",0,0,0,551306
843,"Kilderry, Paul",0,0,0,551195
844,"De Chaunac, Sebastien",0,0,0,547906
845,"Bhambri, Yuki",146265,140913,5352,547183
846,"Luzzi, Federico",0,0,0,544562
847T,"Moser, Frank",690,690,0,543117
847T,"Trungelliti, Marco",157890,153809,4081,543117
849,"Ruah, Maurice",0,0,0,542546
850,"Herrera, Luis",0,0,0,542438
851,"Taino, Eric",0,0,0,542367
852,"Nelson, Todd",0,0,0,541277
853,"Ymer, Elias",130896,123167,7729,540645
854,"Ignatik, Uladzimir",102543,96982,5561,538264
855,"Ghem, Andre",32647,29373,3274,534466
856,"Dupre, Pat",0,0,0,533743
857,"Lammer, Michael",0,0,0,533475
858,"Silva, Julio",0,0,0,531580
859,"Pospisil, Jaroslav",8087,5827,2260,530993
860,"Niemeyer, Frederic",0,0,0,530673
861,"Huet, Stephane",0,0,0,529583
862,"Roche, Tony",0,0,0,529199
863,"Smith, Roger",0,0,0,528200
864,"Cannon, Shelby",0,0,0,526800
865,"Tramacchi, Peter",0,0,0,526544
866,"Guardiola, Thierry",0,0,0,525936
867,"Novikov, Dennis",131153,121563,9590,523832
868,"Hadad, Mauricio",0,0,0,523801
869,"Parmar, Arvind",0,0,0,519643
870,"Eysseric, Jonathan",104093,38566,65527,518514
871,"Borwick, Neil",0,0,0,517035
872,"Carballes Baena, Roberto",128748,123833,4915,516996
873,"Andreozzi, Guido",116482,100542,15940,516439
874,"Hantschk, Markus",0,0,0,514852
875,"Duncan, Lawson",0,0,0,514450
876,"Bale, Lan",0,0,0,514265
877,"Fontang, Frederic",0,0,0,513509
878,"Meffert, Dominik",0,0,0,513278
879,"Dustov, Farrukh",8364,7024,1340,506060
880,"Chen, Ti",58678,47591,11087,505678
881,"Benhabiles, Tarik",0,0,0,505471
882,"Renzenbrink, Joern",0,0,0,504929
883,"Groen, Sander",426,0,426,503344
884,"Merklein, Mark",0,0,0,502870
885,"Nainkin, David",0,0,0,501132
886,"Weiss, Robbie",0,0,0,499723
887,"Weiner, Glenn",0,0,0,498614
888,"Van't Hof, Robert",0,0,0,496384
889,"Kempers, Tom",0,0,0,494330
890,"Sidorenko, Alexandre",1922,1922,0,492431
891,"Arguello, Facundo",33731,25619,8112,492344
892,"Manson, Bruce",0,0,0,492338
893,"Ran, Eyal",0,0,0,492055
894,"Thorne, Kenny",0,0,0,492045
895,"Clezar, Guilherme",52222,46734,5488,490989
896,"Vagnozzi, Simone",0,0,0,490569
897,"Bergh, Rikard",0,0,0,488500
898,"Bertolini, Massimo",0,0,0,487354
899,"Anger, Matt",0,0,0,486506
900,"Molteni, Andres",141075,8630,132445,485902
901,"Campbell, Steve",0,0,0,484898
902,"Stanoytchev, Orlin",0,0,0,484515
903,"Gonzalez, Francisco",0,0,0,483023
904,"Vinck, Christian",0,0,0,482534
905,"Puentes, German",0,0,0,481369
906,"Hooper, Chip",0,0,0,479798
907,"Sandgren, Tennys",234368,227350,7018,478785
908,"Saville, Luke",51716,25195,26521,478558
909,"Elseneer, Gilles",0,0,0,477809
910,"Motomura, Gouichi",0,0,0,477077
911,"Alund, Martin",0,0,0,476558
912,"Bengoechea, Eduardo",0,0,0,476094
913,"Canter, Jonathan",0,0,0,474516
914,"Basic, Mirza",124991,121670,3321,473398
915,"Haehnel, Jerome",0,0,0,472122
916,"Pavlasek, Adam",182240,182240,0,470739
917,"Ratiwatana, Sonchat",38506,0,38506,467773
918,"Shiras, Leif",0,0,0,467156
919,"Kovalik, Jozef",138556,132279,6277,466999
920,"Bowen, Devin",0,0,0,466878
921,"Molchanov, Denys",34096,8598,25498,466302
922,"Marx, Philipp",0,0,0,466198
923,"Wuyts, Bart",0,0,0,465408
924,"Bubka, Sergei",0,0,0,465186
925,"Cancellotti, Francesco",0,0,0,464876
926,"Wahlgren, Lars-Anders",0,0,0,464310
927,"Junaid, Rameez",10149,0,10149,464098
928,"Altur, Jose Francisco",0,0,0,463453
929,"Amritraj, Prakash",0,0,0,460805
930,"Williams, Rhyne",5532,3047,2485,460657
931,"Ratiwatana, Sanchai",40656,0,40656,460289
932,"Hernandez, Alejandro",0,0,0,456412
933,"Panatta, Claudio",0,0,0,455711
934,"Walts, Butch",0,0,0,454343
935,"Sapsford, Danny",0,0,0,450722
936,"Wekesa, Paul",0,0,0,448114
937,"Weintraub, Amir",5598,5418,180,447978
938,"Mertens, Yannick",38495,34027,4468,447579
939,"Sirianni, Joseph",0,0,0,447569
940,"Peralta, Julio",231518,0,231518,447063
941,"Doohan, Peter",0,0,0,446667
942,"Kroon, Niclas",0,0,0,446524
943,"Landsberg, Johan",0,0,0,444593
944,"Edwards, Eddie",0,0,0,441869
945,"Ouahab, Lamine",9569,7286,2283,441743
946,"Fetterlein, Frederik",0,0,0,441561
947,"Reid, Matt",87789,0,87789,441332
948,"Azar, Roberto",0,0,0,441303
949,"Poliakov, Dimitri",0,0,0,438529
950,"Daniell, Marcus",172135,0,172135,438022
951,"Thomann, Nicolas",0,0,0,437629
952,"Whittington, Andrew",241596,155475,86121,436723
953,"Rebolledo, Pedro",0,0,0,435551
954,"Shimada, Thomas",0,0,0,433946
955,"Van Patten, Vincent",0,0,0,433522
956,"Limberger, Carl",0,0,0,431503
957,"Pridham, Chris",0,0,0,431272
958,"Bednarek, Tomasz",14101,0,14101,430912
959,"Van der Merwe, Izak",0,0,0,430017
960,"Recouderc, Laurent",0,0,0,429305
961,"Manta, Lorenzo",0,0,0,429102
962,"Goodall, Josh",0,0,0,428956
963,"Podlipnik-Castillo, Hans",93941,1810,92131,425294
964,"Klec, Ivo",0,0,0,421734
965,"Sznajder, Andrew",0,0,0,419995
966,"Marcelino, Danilo",0,0,0,419467
967,"Vasek, Radomir",0,0,0,418622
968,"Chamberlin, Paul",0,0,0,410831
969,"Evans, Brendan",0,0,0,410076
970,"Guzman, Juan-Pablo",0,0,0,408122
971,"Winitsky, Van",0,0,0,408120
972,"De Palmer, Mike",0,0,0,406143
973,"Economidis, Konstantinos",0,0,0,405520
974,"Olivetti, Albano",33536,17881,15655,404276
975,"Yang, Tsung-Hua",40189,27297,12892,403862
976,"Yani, Michael",0,0,0,403300
977,"Solves, Gerard",0,0,0,403190
978,"Naso, Gianluca",54,0,54,402534
979,"Baker, Jamie",0,0,0,401380
980,"Strelba, Martin",0,0,0,400835
981,"Masso, Eduardo",0,0,0,400093
982,"Witten, Jesse",1780,1510,270,399938
983,"Desein, Niels",14062,11328,2734,398234
984,"Bathman, Ronnie",0,0,0,398055
985,"Bachelot, Jean-Francois",0,0,0,395248
986,"Simoni, Alexandre",0,0,0,394788
987,"Thoms, Arne",0,0,0,392232
988,"Maurer, Andreas",0,0,0,391562
989,"Coutelot, Nicolas",0,0,0,390290
990,"Osterthun, Ricki",0,0,0,390259
991,"Ferreiro, Franco",0,0,0,388719
992,"Rive, Joey",0,0,0,388558
993,"Dier, Dirk",0,0,0,388546
994,"Ellwood, Ben",0,0,0,388461
995,"Bourgue, Mathias",123536,116165,7371,388080
996,"Fukarek, Ota",0,0,0,387322
997,"Kozlov, Stefan",182956,173581,9375,387296
998,"Emmrich, Martin",0,0,0,386542
999,"Raja, Purav",113823,0,113823,383803
1000,"Sharan, Divij",130536,1185,129351,382076
1001,"Kindlmann, Dieter",0,0,0,381485
1002,"Fleishman, Zack",0,0,0,381160
1003,"McGee, James",75668,69543,6125,380510
1004,"Leach, Mike",0,0,0,379811
1005,"Snobel, Pavel",0,0,0,377192
1006,"Noszaly, Sandor",0,0,0,376265
1007,"Testerman, Ben",0,0,0,375659
1008,"Middleton, T.J.",0,0,0,374521
1009,"Montcourt, Mathieu",0,0,0,374461
1010,"Pavic, Ante",35541,30132,5409,372897
1011,"Bolt, Alex",133947,81030,52917,372622
1012,"Setkic, Aldin",86894,80952,5942,371153
1013,"Uchiyama, Yasutaka",146986,92036,54950,370855
1014,"Browne, Federico",0,0,0,370589
1015,"Donnelly, Gary",0,0,0,370579
1016,"Winogradsky, Eric",0,0,0,370072
1017,"Elsner, Daniel",0,0,0,369334
1018,"Bahrami, Mansour",0,0,0,368780
1019,"Holmes, Greg",0,0,0,368690
1020,"Marti, Javier",31017,29264,1753,365999
1021,"Engel, David",0,0,0,363721
1022,"Hocevar, Ricardo",6432,5262,1170,363656
1023,"Balleret, Benjamin",0,0,0,363382
1024,"Rehnquist, Bjorn",0,0,0,363078
1025,"Oresar, Bruno",0,0,0,361152
1026,"Li, Zhe",39229,31347,7882,358267
1027,"Broady, Liam",81264,78968,2296,357585
1028,"Oliver, Graydon",0,0,0,357113
1029,"Smeets, Robert",0,0,0,355595
1030,"Miranda, Ivan",0,0,0,355570
1031,"Gehring, Rolf",0,0,0,355057
1032,"Martin, David",0,0,0,354753
1033,"Diez, Steven",73408,68886,4522,353862
1034,"Paloheimo, Veli",0,0,0,353661
1035,"Jenkins, Scoville",0,0,0,353515
1036,"Bloomfield, Richard",0,0,0,352855
1037,"Paul, Tommy",185013,174593,10420,352690
1038,"Duran, Guillermo",96166,4472,91694,352475
1039,"Grant, Geoff",0,0,0,351932
1040,"Tsitsipas, Stefanos",306652,302949,3703,351082
1041,"Kruger, Stefan",0,0,0,350994
1042,"Laurendeau, Martin",0,0,0,349692
1043,"Siljestrom, Andreas",46644,0,46644,348871
1044,"Authom, Maxime",13083,10356,2727,345984
1045,"Castle, Andrew",0,0,0,344338
1046,"Michon, Axel",22170,20682,1488,341918
1047,"Lamasine, Tristan",65254,46038,19216,341736
1048,"Roese, Fernando",0,0,0,341334
1049,"Teixeira, Maxime",0,0,0,340404
1050,"King, Darian",177901,172397,5504,339069
1051,"Keretic, Damir",0,0,0,338421
1052,"Salamanca, Carlos",4634,3360,1274,338323
1053,"Jones, Greg",4027,3277,750,338004
1054,"Pretzsch, Axel",0,0,0,336815
1055,"Garnett, Bret",0,0,0,336551
1056,"Carlsson, Johan",0,0,0,335509
1057,"Anzari , Tomas",0,0,0,335020
1058,"Amritraj, Anand",0,0,0,332133
1059,"Fredriksson, Patrik",0,0,0,331508
1060,"Crugnola, Marco",0,0,0,331072
1061,"Hocevar, Marcos",0,0,0,330047
1062,"Iwabuchi, Satoshi",0,0,0,329243
1063,"Decoud, Sebastian",0,0,0,328980
1064,"Charpentier, Marcelo",0,0,0,328886
1065,"Flegl, Vojtech",0,0,0,328104
1066,"Ryderstedt, Michael",0,0,0,327437
1067,"Dowdeswell, Colin",0,0,0,327277
1068,"Coupe, Brandon",0,0,0,326938
1069,"Opelka, Reilly",191741,177579,14162,326701
1070,"Sousa, Pedro",110548,109828,720,326574
1071,"Simpson, Russell",0,0,0,326467
1072,"Ocleppo, Gianni",0,0,0,325570
1073,"Simonsson, Hans",0,0,0,325035
1074,"Rubin, Noah",106499,105479,1020,323334
1075,"Kempes, Edwin",0,0,0,322221
1076,"Wakefield, Myles",0,0,0,321107
1077,"Azzaro, Leonardo",0,0,0,320578
1078,"Martelli, Marzio",0,0,0,320131
1079,"Coppejans, Kimmer",63345,58957,4388,319837
1080,"Burrieza-Lopez, Oscar",162,0,162,319190
1081,"Trifu, Gabriel",0,0,0,319110
1082,"Krueger, Mitchell",139363,130818,8545,318151
1083,"Doyle, Grant",0,0,0,318037
1084,"Ghedin, Riccardo",13494,1998,11496,317614
1085,"Satral, Jan",99936,95111,4825,317315
1086,"Goossens, Kris",0,0,0,316648
1087,"Koolhof, Wesley",134958,0,134958,315973
1088,"Marterer, Maximilian",210999,207490,3509,315881
1089,"Cowan, Barry",0,0,0,315856
1090,"Potier, Jerome",0,0,0,315454
1091,"Arriens, Carsten",0,0,0,314588
1092,"Ramanathan, Ramkumar",118224,111048,7176,314105
1093,"Cierro, Massimo",0,0,0,313726
1094,"Andersen, Jan Frode",0,0,0,312946
1095,"Hirszon, Sasa",0,0,0,312767
1096,"Aguilar, Jorge",162,0,162,312749
1097,"Safwat, Mohamed",97399,93974,3425,312072
1098,"Phillips, Tripp",0,0,0,311162
1099,"Vico, Uros",0,0,0,309892
1100,"Navarra, Mose",0,0,0,309483
1101,"Travaglia, Stefano",190542,184590,5952,309125
1102,"Giammalva, Tony",0,0,0,307994
1103,"Djere, Laslo",141448,139601,1847,307616
1104,"Naewie, Markus",0,0,0,307182
1105,"Larkham, Todd",0,0,0,306108
1106,"Costa, Francisco",0,0,0,305428
1107,"Mitchell, Matt",0,0,0,303978
1108,"Gong, Mao-Xin",25005,0,25005,303510
1109,"Lopez Perez, Enrique",63747,57889,5858,303249
1110,"Lojda, Dusan",0,0,0,302390
1111,"Reid, Todd",0,0,0,302000
1112,"Warburg, Sam",0,0,0,301995
1113,"Cervenak, Pavol",0,0,0,301988
1114,"De Greef, Arthur",124056,121330,2726,301628
1115,"Noteboom, Stephen",0,0,0,301344
1116,"Granollers, Gerard",23898,18396,5502,300867
1117,"Massa, Edgardo",0,0,0,300279
1118,"Lopez, German",0,0,0,298869
1119,"Birner, Stanislav",0,0,0,298727
1120,"Jarry, Nicolas",167694,159234,8460,298534
1121,"Jones, Alun",0,0,0,298154
1122,"Wostenholme, Martin",0,0,0,298147
1123,"Kutsenko, Vadim",0,0,0,297093
1124,"Behr, Noam",96,0,96,296906
1125,"Mitchell, Benjamin",5850,4830,1020,296202
1126,"Schwaier, Hans",0,0,0,295886
1127,"Bourne, Lloyd",0,0,0,295736
1128,"Witt, David",0,0,0,295543
1129,"Dasnieres de Veigy, Jonathan",0,0,0,294812
1130,"Sell, Michael",0,0,0,294371
1131,"Samper-Montana, Jordi",30078,28846,1232,293140
1132,"Prpic, Filip",0,0,0,293095
1133,"Cakl, Tomas",0,0,0,293005
1134,"Ostoja, Marko",0,0,0,292826
1135,"Zampieri, Caio",17337,10192,7145,292766
1136,"Acuna, Ricardo",0,0,0,291650
1137,"Jonsson, Fredrik",0,0,0,291169
1138,"Messori, Filippo",0,0,0,291151
1139,"Bublik, Alexander",221826,217759,4067,290640
1140,"Stefanki, Larry",0,0,0,290073
1141,"Faurel, Jean-Christophe",0,0,0,289530
1142,"Stoppini, Andrea",0,0,0,289443
1143,"Frawley, John",0,0,0,289416
1144,"Colombo, Simone",0,0,0,289230
1145,"Doumbia, Yahiya",0,0,0,287231
1146,"Knittel, Bastian",0,0,0,287072
1147,"Arevalo, Marcelo",90186,67250,22936,285614
1148,"Mmoh, Michael",148600,147330,1270,284605
1149,"Krajan, Zeljko",0,0,0,284128
1150,"Puetz, Tim",43622,20254,23368,283065
1151,"Gaio, Federico",82179,74908,7271,282561
1152,"Dilucia, David",0,0,0,281857
1153,"Kim, Alex",0,0,0,281041
1154,"Motti, Alessandro",20554,0,20554,278400
1155,"Grigelis, Laurynas",43876,36261,7615,278388
1156,"Simonsson, Stefan",0,0,0,278086
1157,"Jabali, Roberto",0,0,0,277807
1158,"Ingaramo, Marcelo",0,0,0,276559
1159,"Stenlund, Ulf",0,0,0,274501
1160,"Craca, Marcello",0,0,0,273659
1161,"Bester, Philip",19650,14061,5589,272057
1162,"Statham, Rubin",46380,35078,11302,271603
1163,"Velotti, Agustin",32744,29228,3516,271594
1164,"Norrie, Cameron",230563,226350,4213,271547
1165,"Rehmann, Lars",0,0,0,271500
1166,"Donati, Matteo",67517,60807,6710,271398
1167,"Minar, Jan",0,0,0,270701
1168,"Hadad, Amir",0,0,0,269231
1169,"Couto, Emanuel",0,0,0,269186
1170,"Satschko, Alexander",14199,0,14199,268636
1171,"Schoorel, Thomas",0,0,0,267992
1172,"Ledovskikh, Mikhail",0,0,0,267854
1173,"Lopez Jaen, Miguel Angel",0,0,0,267794
1174,"Serrano, Oscar",0,0,0,267670
1175,"Mortensen, Michael",0,0,0,267435
1176,"Cox, Daniel",5561,5561,0,265733
1177,"Koslowski, Lars",0,0,0,265437
1178,"Barton, Matthew",25377,14805,10572,265394
1179,"Napolitano, Stefano",163389,152888,10501,264849
1180,"Kowalczyk, Mateusz",11315,1010,10305,264509
1181,"Cassidy, Dan",0,0,0,263755
1182,"Matsukevich, Denis",13465,8153,5312,262713
1183,"Bury, Aliaksandr",43220,2369,40851,262212
1184,"Baccanello, Paul",0,0,0,261855
1185,"Sergeyev, Ivan",312,258,54,261683
1186,"Carrasco, Juan Ignacio",0,0,0,261327
1187,"Myneni, Saketh",21098,16863,4235,261171
1188,"Ruud, Casper",223662,222116,1546,261018
1189,"Feigl, Peter",0,0,0,260885
1190,"Auckland, James",0,0,0,260610
1191,"Olaso, Guillermo",11662,11206,456,258697
1192,"Jebavy, Roman",111209,1119,110090,258538
1193,"Matsui, Toshihide",25155,1818,23337,258467
1194,"Navarro, Salvador",0,0,0,257406
1195,"Rahunen, Aki",0,0,0,257054
1196,"Mazarakis, Vasilis",0,0,0,256787
1197,"Frawley, Rod",0,0,0,256333
1198,"Westphal, Michael",0,0,0,255317
1199,"Scherrer, Jean-Claude",0,0,0,255121
1200,"Aldi, Francesco",0,0,0,254542
1201,"Mota, Bernardo",0,0,0,253659
1202,"Ward, Alexander",72945,72495,450,253542
1203,"Steyn, Christo",0,0,0,253361
1204,"McDonald, Mackenzie",102381,92706,9675,253134
1205,"Daufresne, Xavier",0,0,0,252896
1206,"Westerhof, Boy",18354,13054,5300,251900
1207,"Lindell, Christian",28057,24156,3901,251789
1208,"Giustino, Lorenzo",68886,65078,3808,251726
1209,"Utgren, Nicklas",0,0,0,251285
1210,"Dorsch, Benedikt",0,0,0,251123
1211,"Gensse, Augustin",150,0,150,250865
1212,"Van Garsse, Christophe",0,0,0,249730
1213,"Willenborg, Blaine",0,0,0,249307
1214,"Karatsev, Aslan",9303,6163,3140,249116
1215,"Morejon, Luis Adrian",0,0,0,247814
1216,"Anderson, Johan",0,0,0,247738
1217,"MacLagan, Miles",0,0,0,247737
1218,"Niland, Conor",0,0,0,247686
1219,"Skupski, Neal",85181,0,85181,247664
1220,"Richardson, Andrew",0,0,0,246675
1221,"Lapidus, Jay",0,0,0,246102
1222,"Feeney, Adam",0,0,0,246101
1223,"Rahnasto, Olli",0,0,0,245624
1224,"Svantesson, Tobias",0,0,0,245564
1225,"Polmans, Marc",180732,80431,100301,245250
1226,"Cortes, Sergio",0,0,0,244706
1227,"Sekulov, James",0,0,0,244696
1228,"Gallardo-Valles, Miguel",0,0,0,243949
1229,"Fraile, Gorka",0,0,0,243795
1230,"Rettenmaier, Travis",0,0,0,243091
1231,"Jouan, Romain",4774,3252,1522,242863
1232,"Garrow, Brian",0,0,0,242556
1233,"Winnink, Joost",0,0,0,242379
1234,"Elter, Peter",0,0,0,242362
1235,"Meinecke, Tore",0,0,0,242301
1236,"Garner, Chris",0,0,0,242281
1237,"Trujillo-Soler, Gabriel",0,0,0,242179
1238,"Bai, Yan",25371,19726,5645,241674
1239,"Cihak, Josef",0,0,0,241359
1240,"Arguello, Roberto",0,0,0,241299
1241,"Dzelde, Girts",0,0,0,240274
1242,"Martinez, Oscar",0,0,0,240090
1243,"Widom, Todd",0,0,0,239052
1244,"Carter, David",0,0,0,238612
1245,"Gerasimov, Egor",72256,71296,960,236941
1246,"Mordegan, Federico",0,0,0,236608
1247,"Salumaa, Sven",0,0,0,236003
1248,"Burquier, Gregoire",530,260,270,234988
1249,"Felder, Marcel",10260,4098,6162,234872
1250,"Ofner, Sebastian",204511,201545,2966,234549
1251,"Meister, Steve",0,0,0,233795
1252,"de Minaur, Alex",212119,204674,7445,233447
1253,"Aerts, Nelson",0,0,0,233278
1254,"Rosner, Paul",0,0,0,232555
1255,"Kralert, Petr",0,0,0,231463
1256,"Allgardh, Christer",0,0,0,231280
1257,"Jung, Jason",59867,55527,4340,230591
1258,"Balazs, Attila",67933,57080,10853,229891
1259,"Capkovic, Kamil",0,0,0,229227
1260,"Mecir, Miloslav",0,0,0,228362
1261,"Struvay, Eduardo",6967,6331,636,227983
1262,"Lopez-Maeso, Jose",0,0,0,227600
1263,"Jasika, Omar",72755,70175,2580,227419
1264,"Portes, Pascal",0,0,0,227283
1265,"Jeanpierre, Julien",0,0,0,225543
1266,"Fornell-Mestres, Marc",10248,4670,5578,224673
1267,"Golovanov, Denis",0,0,0,224304
1268,"Novak, Dennis",57737,55826,1911,223764
1269,"Melo, Daniel",0,0,0,223693
1270,"Lee, Duckhee",100154,96964,3190,223544
1271,"Garza, Daniel",1392,0,1392,223501
1272,"Echagaray, Bruno",0,0,0,222895
1273,"Brugues-Davi, Arnau",0,0,0,222854
1274,"Moldovan, Ion",0,0,0,222260
1275,"Brizzi, Alberto",0,0,0,220823
1276,"Kretschmer, Gero",16926,0,16926,219517
1277,"Robertson, Michael",0,0,0,218827
1278,"DeHeart, Ryler",0,0,0,218618
1279,"Schneiter, Andres",0,0,0,218536
1280,"Barrientos, Nicolas",0,0,0,218094
1281,"Caruso, Salvatore",83073,75793,7280,217605
1282,"Tenconi, Tomas",0,0,0,217290
1283,"Lindahl, Nick",0,0,0,217220
1284,"Kuharszky, Zoltan",0,0,0,217169
1285,"Zekic, Miljan",63470,61589,1881,216750
1286,"Avendano, Juan",0,0,0,216639
1287,"Navratil, Jaroslav",0,0,0,216482
1288,"Buchanan, Chase",0,0,0,216155
1289,"Bangoura, Sekou",61724,50346,11378,216126
1290,"Willis, Marcus",48775,28389,20386,215521
1291,"Beckman, Charles",0,0,0,215307
1292,"Corrie, Edward",32714,29512,3202,215289
1293,"Gigounon, Germain",6634,5020,1614,214908
1294,"Van Gemerden, Melle",0,0,0,214727
1295,"Koves, Gabor",0,0,0,214507
1296,"Renavand, Nicolas",0,0,0,213884
1297,"Popp, Wolfgang",0,0,0,213504
1298,"Moyano, Diego",0,0,0,213394
1299,"Maciel, Francisco",0,0,0,213185
1300,"Chang, Albert",0,0,0,212100
1301,"Santillan, Akira",139498,133498,6000,211746
1302,"Gitlin, Drew",0,0,0,211109
1303,"Duclos, Pierre-Ludovic",0,0,0,210912
1304,"Meneschincheri, Marco",0,0,0,208940
1305,"Bailey, Chris",0,0,0,208917
1306,"Langer, Nils",12321,11551,770,208894
1307,"Derlin, Bruce",0,0,0,208630
1308,"Luza, Gustavo",0,0,0,208619
1309,"Cruciat, Adrian",0,0,0,208556
1310,"Hemery , Calvin",76219,71881,4338,206937
1311,"Wiltschnig, Herbert",0,0,0,206275
1312,"Perkiss, Shahar",0,0,0,206224
1313,"Aranguren, Juan-Martin",0,0,0,206172
1314,"Lokoli, Laurent",55878,53548,2330,205988
1315,"Garin, Christian",90297,87774,2523,205798
1316,"Quintero, Michael",852,852,0,205626
1317,"Larose, Simon",0,0,0,205394
1318,"Betov, Sergey",11676,5398,6278,205350
1319,"Carlsson, Marcio",0,0,0,205297
1320,"Flur, Marc",0,0,0,204967
1321,"Sarkissian, Alexander",60556,58041,2515,204632
1322,"Harrison, Christian",77383,64133,13250,203582
1323,"Krstin, Pedja",47217,44582,2635,202196
1324,"Childs, Lee",0,0,0,201900
1325,"Romboli, Fernando",15614,6444,9170,201847
1326,"Ebelthite, Colin",0,0,0,201516
1327,"McGuire, Wade",0,0,0,201114
1328,"Tous, Alberto",0,0,0,200221
1329,"Van Der Duim, Antal",4820,3776,1044,199933
1330,"Sorensen, Louk",0,0,0,199032
1331,"Yunis, Francisco",0,0,0,198607
1332,"Roditi, David",0,0,0,198155
1333,"Schultz, Bud",0,0,0,197894
1334,"Fruttero, John Paul",2274,0,2274,197775
1335,"Barbosa, Givaldo",0,0,0,197465
1336,"Ciric, Nikola",54,0,54,197357
1337,"Fromm, Eric",0,0,0,197330
1338,"King, Evan",111574,96925,14649,197233
1339,"Panfil, Grzegorz",11928,1000,10928,197167
1340,"Kley, Ivan",0,0,0,196614
1341,"Barthez, Lionel",0,0,0,196324
1342,"Torebko, Peter",14852,10449,4403,195656
1343,"Jun, Woong-Sun",0,0,0,195307
1344,"Whitehouse, Wesley",0,0,0,195247
1345,"Brown, Nick",0,0,0,195180
1346,"Conde, Jose Antonio (Pepe)",0,0,0,195135
1347,"Villagran, Cristian",108,0,108,194862
1348,"Szymanski, Jimy",0,0,0,194839
1349,"El Sawy, Tamer",0,0,0,193953
1350,"Moir, Barry",0,0,0,193347
1351,"Barrere, Gregoire",33526,22775,10751,193214
1352,"Smirnov, Artem",15444,10832,4612,192778
1353,"De Loore, Joris",90142,85841,4301,192682
1354,"Segarceanu, Florin",0,0,0,192212
1355,"Eitzinger, Rainer",0,0,0,192197
1356,"Deppe, Royce",0,0,0,192064
1357,"Simmonds, Phillip",0,0,0,191421
1358,"Zhyrmont, Dzmitry",25281,22039,3242,191190
1359,"Yoon, Yong-Il",0,0,0,190990
1360,"Rascon-Lope, Juan-Luis",0,0,0,190867
1361,"Dell'Acqua, Massimo",0,0,0,190825
1362,"Kaplan, Mark",0,0,0,189570
1363,"Viver, Raul Antonio",0,0,0,189118
1364,"Vysand, Andres",0,0,0,188934
1365,"Todero, Nicolas",0,0,0,188600
1366,"Varlet, Julien",0,0,0,188412
1367,"Saad, Roberto",0,0,0,188147
1368,"Vardhan, Vishnu",41748,15997,25751,187524
1369,"Krawietz, Kevin",39228,10120,29108,187319
1370,"Semjan, Marek",3156,2382,774,187260
1371,"Sakharov, Gleb",92446,90153,2293,187238
1372,"Fillol Sr., Jaime",0,0,0,187169
1373,"Im, Kyu Tae",0,0,0,186974
1374,"Londero, Juan Ignacio",27041,17208,9833,186668
1375,"Smethurst, Daniel",0,0,0,186522
1376,"Olejniczak, Dawid",0,0,0,186155
1377,"Ortiz, Oscar",0,0,0,185806
1378,"Crabb, Jaymon",0,0,0,185771
1379,"Merinov, Andrei",0,0,0,185632
1380,"Peliwo, Filip",52542,46508,6034,185178
1381,"Hanfmann, Yannick",147429,144674,2755,185039
1382,"Juska, Andis",0,0,0,184884
1383,"Delic, Mate",15087,14153,934,184816
1384,"Poch-Gradin, Carlos",0,0,0,184440
1385,"Ivashka, Ilya",65878,62856,3022,183911
1386,"Musa, Daniele",0,0,0,183355
1387,"Tavares, Leonardo",0,0,0,183352
1388,"Collarini, Andrea",44649,40233,4416,182827
1389,"Terachi, Takahiro",0,0,0,182784
1390,"Rochette, Laurent",5121,4236,885,181969
1391,"Del Rio, Diego",0,0,0,181755
1392,"Gomez, Emilio",18837,16623,2214,181323
1393,"Mackin, Alan",0,0,0,181136
1394,"Gamonal, Hermes",0,0,0,181104
1395,"Kondo, Hiroki",0,0,0,180617
1396,"Nemecek, Libor",0,0,0,180351
1397,"Freeman, Marcel",0,0,0,180275
1398,"Nguyen, Daniel",33165,29676,3489,179790
1399,"Veronelli, Diego",0,0,0,179686
1400,"Pawsat, Tim",0,0,0,179360
1401,"Kirillov, Evgeny",0,0,0,179027
1402,"Hjertquist, Per",0,0,0,178667
1403,"Vasilevski, Andrei",84662,0,84662,178532
1404,"Cabello, Francisco",0,0,0,178111
1405,"Bellotti, Riccardo",63787,61153,2634,177849
1406,"Milojevic, Nikola",88866,80362,8504,177235
1407,"Gregorc, Luka",0,0,0,176066
1408,"Rieschick, Sebastian",0,0,0,175939
1409,"Nys, Hugo",87468,9957,77511,175875
1410,"Santos, Pablo",0,0,0,175723
1411,"Devening, Brian",0,0,0,175493
1412,"King-Turner, Daniel",0,0,0,175333
1413,"Artoni, Enzo",0,0,0,174943
1414,"Green, Bob",0,0,0,174337
1415,"Marcan, Dino",30604,0,30604,174123
1416,"Trusendi, Walter",17683,10091,7592,173973
1417,"Brasington, Jack",0,0,0,173770
1418,"Cook, Lester",0,0,0,173600
1419,"Di Laura, Carlos",0,0,0,173556
1420,"Hilton, Mark",0,0,0,173513
1421,"Erlich, Eyal",0,0,0,172773
1422,"Stringari, Martin",0,0,0,172652
1423,"Checa-Calvo, Jose",0,0,0,172526
1424,"Wolmarans, Fritz",0,0,0,172382
1425,"Nedunchezhiyan, Jeevan",56622,2930,53692,172129
1426,"De Paula, Fabiano",20167,4766,15401,171547
1427,"Bruno, Nicola",0,0,0,171486
1428,"Giorgini, Daniele",0,0,0,171393
1429,"Slanar, Martin",180,0,180,171273
1430,"Lucena, Matt",0,0,0,170523
1431,"Hernandez-Fernandez, Jose",38614,33725,4889,169966
1432,"Moraru, Gabriel",0,0,0,169856
1433,"Reuter, Yannik",39390,37976,1414,169683
1434,"Kohlberg, Andy",0,0,0,169395
1435,"Eaton, Chris",430,0,430,169026
1436,"Brkic, Tomislav",41579,34538,7041,168755
1437,"Miele, Andre",4713,3387,1326,168722
1438,"Baguena, Juan Carlos",0,0,0,168464
1439,"Foster, Andrew",0,0,0,168329
1440,"Schranz, Wolfgang",0,0,0,168313
1441,"Scala, Davide",0,0,0,168066
1442,"Dutra da Silva, Daniel",22363,18837,3526,167993
1443,"Stankovic, Branislav",0,0,0,167847
1444,"Nieminen, Timo",0,0,0,167767
1445,"El Amrani, Reda",12185,10707,1478,167278
1446,"Sancic, Antonio",58341,1572,56769,167051
1447,"Gurfein, Jim",0,0,0,166472
1448,"Ireland, Jon",0,0,0,166355
1449,"Nielsen, Mark",0,0,0,166271
1450,"Delfino, Mariano",0,0,0,166257
1451,"Bower, Justin",0,0,0,166067
1452,"Quinzi, Gianluigi",81033,80601,432,165853
1453,"Petrovic, Dejan",0,0,0,165819
1454,"Woehrmann, Jens",0,0,0,165790
1455,"Popko, Dmitry",63740,58513,5227,165054
1456,"Valeri, Massimo",0,0,0,164828
1457,"Oudsema, Scott",0,0,0,164610
1458,"Ardinghi, Massimo",0,0,0,164274
1459,"Dunk, Chris",0,0,0,164030
1460,"Mankad, Harsh",0,0,0,163939
1461,"Alcaide, Guillermo",0,0,0,163651
1462,"Chvojka, Erik",0,0,0,163316
1463,"Bonzi, Benjamin",130862,122529,8333,163292
1464,"Reyes-Varela, Miguel Angel",21130,0,21130,162502
1465,"Giron, Marcos",54425,49815,4610,162477
1466,"Guy, Steve",0,0,0,162353
1467,"De Miguel, David",0,0,0,162266
1468,"Marti, Yann",5897,5897,0,162128
1469,"Gard, Catalin-Ionut",1465,1465,0,162058
1470,"Menezes, Mauro",0,0,0,162044
1471,"Hamou, Maxime",56484,55065,1419,161846
1472,"Saoudi, Slimane",0,0,0,161196
1473,"Ghareeb, Mohammad",312,0,312,161075
1474,"Lestienne, Constant",49651,35767,13884,160936
1475,"Mesaros, Kristijan",15708,15654,54,160507
1476,"Summerer, Tobias",0,0,0,160426
1477,"Safranek, Vaclav",101160,96090,5070,160161
1478,"Konecny, Michal",20217,16373,3844,160021
1479,"Linzer, Michael",29899,27876,2023,159549
1480,"Bossel, Adrien",14106,13046,1060,159336
1481,"Nunez, Eric",0,0,0,159055
1482,"Gutierrez-Ferrol, Sergio",18769,16368,2401,158961
1483,"Lugassy, Gary",0,0,0,158482
1484,"Tuksar, Sasa",0,0,0,158262
1485,"Gloria, Louis",0,0,0,158068
1486,"Henricsson, Per",0,0,0,158044
1487,"Rice, David",0,0,0,157732
1488,"Kubler, Jason",21748,19737,2011,157448
1489,"Balaji, N.Sriram",42037,21945,20092,157224
1490,"Vatutin, Alexey",67638,65352,2286,156610
1491,"Ortega-Olmedo, Roberto",35455,26190,9265,156464
1492,"Ross, John",0,0,0,156098
1493,"Korita, Eric",0,0,0,155943
1494,"Gawron, Marcin",7157,5224,1933,155762
1495,"Doyle, Matt",0,0,0,155442
1496,"Lama, Gonzalo",11840,11732,108,155294
1497,"Briggs, Mike",0,0,0,154114
1498,"Ilkel, Cem",66339,60979,5360,153742
1499,"Kedryuk, Alexey",1010,0,1010,152843
1500,"Windahl, Jorgen",0,0,0,152785
1501,"Acioly, Ricardo",0,0,0,152766
1502,"Kowalski, Wojtek",0,0,0,152514
1503,"Pequery, Jean-Michel",0,0,0,152149
1504,"Goes, Julio",0,0,0,151995
1505,"Ganzabal, Alejandro",0,0,0,151882
1506,"Chadaj, Adam",5064,4484,580,151877
1507,"King, Phillip",0,0,0,151763
1508,"Visconti, Mario",0,0,0,151136
1509,"Roca Batalla, Oriol",19017,15345,3672,150873
1510,"Mina, Gianni",10979,10349,630,150509
1511,"Milligan, Luke",0,0,0,150362
1512,"Androic, Toni",0,0,0,150212
1513,"Nido, Miguel",0,0,0,150021
1514,"Brown, Jeff",0,0,0,149541
1515,"Gisbert Jr, Juan",0,0,0,149429
1516,"Vojtischek, Paul",0,0,0,149428
1517,"Mancisidor, Alejo",0,0,0,149180
1518,"Fernandez, Oliver",0,0,0,148944
1519,"Kirche, Leonardo",0,0,0,148572
1520,"Ionita, Victor",0,0,0,147106
1521,"Krocsko, Jozsef",0,0,0,146884
1522,"Huang, Liang-Chi",2531,1346,1185,146846
1523,"Eubanks, Christopher",116815,97890,18925,146281
1524,"Tourte, Nicolas",0,0,0,146206
1525,"Grassi, Claudio",96,0,96,146049
1526,"Adaktusson, Jacob",0,0,0,146029
1527,"Luncanu, Petru-Alexandru",8619,5600,3019,146026
1528,"Sarstrand, Marcus",0,0,0,145732
1529,"Campozano, Julio Cesar",0,0,0,145730
1530,"Jenkins, Jarmere",0,0,0,145669
1531,"Dowlen, David",0,0,0,145552
1532,"Behrens, Bill",0,0,0,145547
1533,"Perlant, Jean-Baptiste",0,0,0,145439
1534,"Nedelko, Ivan",30873,29043,1830,145172
1535,"Propoggia, Dane",13998,5904,8094,144678
1536,"Moreno, Agustin",0,0,0,144576
1537,"Urpi, Gabriel",0,0,0,144450
1538,"Washington, Mashiska",0,0,0,143963
1539,"Michalicka, Marek",0,0,0,143900
1540,"Vogel, Richard",0,0,0,143874
1541,"Masur, Daniel",76069,74414,1655,143804
1542,"Tosic, Goran",0,0,0,143605
1543,"Takeuchi, Kento",22929,18932,3997,143326
1544,"Aramburu, Alejandro",0,0,0,143267
1545,"McClune, Michael",0,0,0,142880
1546,"Rodrigues, Mathieu",0,0,0,142657
1547,"Hemmes, Fred",0,0,0,142365
1548,"Silcock, Grant",0,0,0,142184
1549,"Ishii, Yaoki",0,0,0,142174
1550,"Borvanov, Roman",0,0,0,142053
1551,"Blake, Thomas",0,0,0,141801
1552,"King, Kevin",40963,34941,6022,141710
1553,"Lee, Hsin-Han",0,0,0,141640
1554,"Mott, Blake",76535,75995,540,141625
1555,"Larkham, Brent",0,0,0,141612
1556,"Blackman, Martin",0,0,0,141468
1557,"Milton, Joshua",150,0,150,141390
1558,"Marcora, Roberto",12860,12698,162,141316
1559,"Cadart, Rodolphe",0,0,0,141251
1560,"Munoz-Hernandez, Joaquin",90,0,90,141249
1561,"Ramirez, Cesar",3330,0,3330,140842
1562,"Palin, Leo",0,0,0,140695
1563,"Settergren, Johan",0,0,0,140242
1564,"Alvarez, Diego",0,0,0,139675
1565,"El Mihdawy, Adam",9210,7004,2206,139634
1566,"Cain, Tom",0,0,0,139482
1567,"Miller , Craig A",0,0,0,139258
1568,"Petrazzuolo, Giancarlo",0,0,0,139004
1569,"Coria, Federico",50440,43901,6539,137807
1570,"Velasco Jr, Jairo",0,0,0,137633
1571,"Pereira, Jose",9382,6280,3102,136998
1572,"Saavedra-Corvalan, Cristobal",5922,3897,2025,136667
1573,"Flock, Alexander",0,0,0,136571
1574,"Tauson, Michael",0,0,0,136167
1575,"Neuchrist, Maximilian",24018,15726,8292,135625
1576,"Alawadhi, Omar",23637,18448,5189,135598
1577,"Reichel, Alexander",0,0,0,135419
1578,"Svarc, Ladislav",0,0,0,135227
1579,"Singh, Sanam",2283,1290,993,135103
1580,"De Armas, Jose",0,0,0,134746
1581,"Hippensteel, KJ",0,0,0,134558
1582,"Tideman, Magnus",0,0,0,134531
1583,"Craciun, Teodor-Dacian",1934,1784,150,134451
1584,"Pedersen, Bent-Ove",0,0,0,134339
1585,"Sanchez, Federico",0,0,0,134015
1586,"Vosloo, Louis",0,0,0,133880
1587,"Quiroz, Roberto",73333,65016,8317,133443
1588,"Vitoux, Frederic",0,0,0,133362
1589,"Eriksson, Markus",30163,24838,5325,133264
1590,"Ycaza, Ricardo",0,0,0,133237
1591,"Rincon, Mario",0,0,0,132921
1592,"Kosakowski, Daniel",0,0,0,132841
1593,"Wilson, Brian",0,0,0,132648
1594,"Mousley, Bradley",87597,35527,52070,132531
1595,"Boeker, Matias",0,0,0,131854
1596,"Otte, Oscar",94558,86914,7644,131727
1597,"Galdon, Pablo",0,0,0,131555
1598,"Sekiguchi, Shuichi",26064,21446,4618,131437
1599,"Marcaccio, Gustavo",0,0,0,131434
1600,"Rudnev, Valery",0,0,0,130883
1601,"Abel, Maximilian",0,0,0,130828
1602,"Piccari, Francesco",0,0,0,130638
1603,"Rungkat, Christopher",26756,4818,21938,130147
1604,"Giner, Marc",25628,20938,4690,130059
1605,"Niki, Takuto",25595,19414,6181,129277
1606,"Roelofse, Ruan",20887,4530,16357,129158
1607,"Fabbri, Alejandro",90,0,90,129022
1608,"Petrovic, Danilo",41846,36344,5502,128992
1609,"Motevassel, Oren",0,0,0,128807
1610,"Baron, Ivan",0,0,0,128779
1611,"Tarr, Derek",0,0,0,128284
1612,"Djordjevic, Nebojsa",0,0,0,128135
1613,"Bega, Alessandro",34850,31130,3720,127957
1614,"Ekerot, David",0,0,0,127909
1615,"Kelly, Dayne",38789,34247,4542,127657
1616,"Shaw, Steve",0,0,0,127632
1617,"Ferreira Silva, Frederico",27826,24474,3352,127539
1618,"El Aarej, Mounir",0,0,0,127514
1619,"Wauters, Stefan",0,0,0,127269
1620,"Kist, Cesar",0,0,0,127040
1621,"Bergh, Fredrik",0,0,0,126618
1622,"Munar, Jaume",54252,43724,10528,126489
1623,"Sherwood, David",0,0,0,126338
1624,"Jonsson, Ola",0,0,0,125947
1625,"Perez Sanz, David",17655,11733,5922,125724
1626,"Janvier, Maxime",53664,51004,2660,125660
1627,"Maden, Yannick",76418,75757,661,125225
1628,"Amado, Juan-Pablo",96,0,96,125145
1629,"Tobon, Miguel",0,0,0,125127
1630,"Meister, Nicolas",0,0,0,124714
1631,"Daher, Jose",0,0,0,124483
1632,"Eleskovic, Ervin",0,0,0,124271
1633,"Trevisan, Matteo",1100,844,256,124230
1634,"Buchmayer, Thomas",0,0,0,124133
1635,"Couacaud, Enzo",8581,8414,167,123954
1636,"Lim, Yong-Kyu",1995,1110,885,123837
1637,"Burzi, Enrico",0,0,0,123473
1638,"Garat, Juan",0,0,0,122941
1639,"Banes, Maverick",35329,29951,5378,122783
1640,"Quigley, Eric",12850,9928,2922,122680
1641,"Heliovaara, Harri",6078,4359,1719,122662
1642,"Levine, Jon",0,0,0,122618
1643,"Crepaldi, Erik",15076,9407,5669,122325
1644,"Jankovits, Yannick",26504,19843,6661,122264
1645,"Uebel, Lars",0,0,0,122231
1646,"Gattiker, Carlos",0,0,0,121831
1647,"Endara, Ivan",11187,8718,2469,121738
1648,"Van Boeckel, Huub",0,0,0,121719
1649,"Perez, Didac",0,0,0,121472
1650,"Roubicek, Vaclav",0,0,0,121317
1651,"Ianni, Stefano",0,0,0,121254
1652,"Gonzalez King, Ignacio",0,0,0,120966
1653,"Bourgeois, Luke",0,0,0,120817
1654,"Cachin, Pedro",32325,26712,5613,120254
1655,"De Minicis, Alessandro",0,0,0,120206
1656,"Kauffmann, Cedric",0,0,0,119891
1657,"Arneodo, Romain",48062,676,47386,119618
1658,"Zeng, Shao-Xuan",0,0,0,119093
1659,"Tkalec, Marko",0,0,0,119059
1660,"Charroin, Olivier",0,0,0,118947
1661,"Galdos, Sergio",29159,0,29159,118860
1662,"Schnur, Brayden",66612,62344,4268,118818
1663,"Ymer, Mikael",73307,60150,13157,118628
1664,"Tereshchuk, Orest",0,0,0,118377
1665,"Delatte, Tracy",0,0,0,118340
1666,"Neis, Fabricio",21211,860,20351,118326
1667,"Weinzierl, Jan",0,0,0,118107
1668,"Barry, Sam",20589,17979,2610,118007
1669,"Peng, Hsien-Yin",34568,0,34568,117510
1670,"Nicolas, Eduardo",0,0,0,117508
1671,"Iwami, Tasuku",0,0,0,117324
1672,"Mor, Lior",0,0,0,117177
1673,"Jakupovic, Alexandros",0,0,0,116707
1674,"Silberstein, Gabriel",0,0,0,116651
1675,"Slabinsky, Alexander",0,0,0,116593
1676,"Weissborn, Tristan-Samuel",35149,0,35149,116389
1677,"Lopes, Tiago",420,312,108,116121
1678,"Oger, Thomas",0,0,0,116051
1679,"Yi, Chu-Huan",15830,0,15830,116024
1680,"Sanchez-de Luna, Jose Antonio",0,0,0,115956
1681,"Domingues, Joao",58367,55788,2579,115936
1682,"Kokavec, Bobby",0,0,0,115924
1683,"Tepavac, Marko",28922,27755,1167,115767
1684,"Kadir, Sadik",0,0,0,115240
1685,"Cacic, Nikola",17223,10477,6746,115177
1686,"Lipovsek Puches, Tomas",21441,13157,8284,115047
1687,"Liukko, Ville",0,0,0,114816
1688,"O'Connell, Christopher",64864,63109,1755,114482
1689,"Baluda, Victor",4349,1841,2508,114392
1690,"Caldwell, David",0,0,0,114102
1691,"Imaz-Ruiz, Jose",0,0,0,114053
1692,"Ojeda Lara, Ricardo",49066,47369,1697,113664
1693,"Mandl, Gerald",0,0,0,113624
1694,"Hormazabal, Guillermo",0,0,0,113496
1695,"Masson, Jeroen",0,0,0,113066
1696,"Beutel, Hans-Dieter",0,0,0,113016
1697,"Courteau, Loic",0,0,0,113008
1698,"Arnold, Patricio",0,0,0,112935
1699,"Rivera, Felipe",0,0,0,112854
1700,"Shyla, Yaraslav",24066,16623,7443,112732
1701,"Mmoh, Tony",0,0,0,112557
1702,"Mlynarik, Zbynek",0,0,0,112394
1703,"Sieber, Marc",18860,17131,1729,111993
1704,"Sikora, Adrian",936,570,366,111886
1705,"Oliveira, Goncalo",67043,54166,12877,111606
1706,"Tiilikainen, Kim",0,0,0,111567
1707,"Kapas, Andriej",9556,8329,1227,111387
1708,"Bruthans, Victor",0,0,0,111244
1709,"Wang, Chuhan",22644,19980,2664,111225
1710,"Majchrzak, Kamil",47704,43970,3734,110657
1711,"Blancaneaux, Geoffrey",91466,86426,5040,110636
1712,"Cerovic, Ivan",0,0,0,110558
1713,"Stadler, Roland",0,0,0,110370
1714,"Behar, Ariel",33252,0,33252,109997
1715,"Truyol, Ignacio",0,0,0,109540
1716,"Dellien, Hugo",34864,29470,5394,109424
1717,"Berrettini, Matteo",88025,84668,3357,109402
1718,"Hirigoyen, Ignacio",0,0,0,108737
1719,"Gabrichidze, Vladimir",0,0,0,108548
1720,"Jahn, Jeremy",45350,43210,2140,108450
1721,"Strode, Charles Buzz",0,0,0,108448
1722,"Ito, Yuichi",7779,5091,2688,108117
1723,"Mena, Facundo",22445,17648,4797,108049
1724,"Dunn, Brian",0,0,0,107978
1725,"Robichaud, Jocelyn",0,0,0,107888
1726,"Sitak, Dmitri",0,0,0,107869
1727,"Sabry, Sherif",6434,3955,2479,107846
1728,"Medica, Eduardo",0,0,0,107359
1729,"Chazal, Maxime",21580,15290,6290,107267
1730,"Ouellette, Greg",0,0,0,107125
1731,"Hanquez, Jerome",0,0,0,106849
1732,"Soules, Olivier",0,0,0,106777
1733,"Van Peperzeel, Gavin",17570,13035,4535,106753
1734,"Coelho, Andrew",0,0,0,106145
1735,"Tabares, Mario",0,0,0,106057
1736,"Turini, Thales",10019,5158,4861,105812
1737,"Eriksson, Stefan",0,0,0,105682
1738,"Lobkov, Alexander",3780,2990,790,105668
1739,"Traykov, Ivaylo",54,0,54,105448
1740,"Mora, Alfonso",0,0,0,105367
1741,"Narducci, Massimiliano",0,0,0,105308
1742,"Migani, Leandro",0,0,0,105192
1743,"Kwon, Soonwoo",68090,61910,6180,105050
1744,"Salva-Vidal, Bartolome",0,0,0,104873
1745,"Rivera-Aranguiz, Guillermo",0,0,0,104804
1746,"Lavergne, Regis",0,0,0,104618
1747,"Echazu, Mauricio",9185,6008,3177,104186
1748,"Bardoczky, Kornel",0,0,0,104149
1749,"Greenhalgh, James",0,0,0,104001
1750,"Kumantsov, Andrey",0,0,0,103856
1751,"Zhang, Zhizhen",52579,42285,10294,103785
1752,"Diaz-Figueroa, Christopher",12210,8080,4130,103615
1753,"Galovic, Viktor",51436,47714,3722,103568
1754,"Sanchez, Manuel",24265,18032,6233,103545
1755,"Clavet, Jose",0,0,0,103507
1756,"Randjelovic, Steven",0,0,0,103377
1757,"Hsieh, Cheng-Peng",39240,260,38980,103349
1758,"Marrai, Matteo",0,0,0,103160
1759,"Gaudi, Igor",0,0,0,103002
1760,"Harmon, Rodney",0,0,0,102003
1761,"Radic, Mario",0,0,0,101843
1762,"Campos, Dacio",0,0,0,101721
1763,"Gauthier, Pier",0,0,0,101628
1764,"Brezac, Charles-Antoine",0,0,0,101482
1765,"Pech, Philippe",0,0,0,101424
1766,"Kolar, Zdenek",57528,44937,12591,101404
1767,"Miketa, David",0,0,0,101371
1768,"Op der Heijde, Melvyn",0,0,0,100988
1769,"Trinker, Bastian",3729,3210,519,100957
1770,"Sadecky, Alexander",0,0,0,100501
1771,"Tomashevich, Dmitri",0,0,0,100223
1772,"McCain, Scott",0,0,0,99991
1773,"Estevez, Maximiliano",1875,882,993,99980
1774,"Welgreen, Nir",0,0,0,99926
1775,"Zillner, Markus",0,0,0,99911
1776,"Saez, Juan Carlos",12962,9152,3810,99871
1777,"Geserer, Michael",0,0,0,99790
1778,"Patriarca, Damian",0,0,0,99782
1779,"Krotiouk, Sergei",0,0,0,99709
1780,"Golding, Oliver",4428,4104,324,99692
1781,"Vlasov, Dmitry",0,0,0,99524
1782,"Weir Smith, Jason",0,0,0,99336
1783,"Bambridge, Luke",32578,11624,20954,99325
1784,"Mclachlan, Ben",72409,0,72409,99306
1785,"Zingman, Andy",0,0,0,99269
1786,"Garanganga, Takanyi",15154,14304,850,98964
1787,"Ivanov-Smolensky, Kirill",0,0,0,98959
1788,"Sonego, Lorenzo",38880,34932,3948,98949
1789,"Peppas, Solon",0,0,0,98878
1790,"Kaneko, Hideki",0,0,0,98787
1791,"Cox, Charles Bud",0,0,0,98692
1792,"Rosenholm, Patrik",2049,1242,807,98688
1793,"Cuevas, Martin",25764,21462,4302,98530
1794,"Horansky, Filip",26424,23635,2789,98476
1795,"Fulwood, Nick",0,0,0,98425
1796,"Schmidt, Richard",0,0,0,98332
1797,"Maamoun , Karim-Mohamed",36572,33382,3190,98019
1798,"Trimmel, Clemens",0,0,0,97932
1799,"Clar-Rossello, Pedro",0,0,0,97905
1800,"Kern, Robin",17484,14122,3362,97902
1801,"Leblanc, Sebastien",0,0,0,97899
1802,"Sorgi, Joao Pedro",29166,25663,3503,97875
1803,"Bjelica, Ivan",0,0,0,97844
1804,"Agaev, Emin",0,0,0,97733
1805,"Hawk, Brandon",0,0,0,97578
1806,"Wachiramanowong, Kittipong",3534,2202,1332,97545
1807,"Gomez-Herrera, Carlos",22332,17740,4592,97394
1808,"Harper-Griffith, Levar",0,0,0,97325
1809,"Lemke, James",0,0,0,97047
1810,"Strode, Morris Skip",0,0,0,96917
1811,"Escobar, Gonzalo",21365,13833,7532,96609
1812,"Pavlovs, Deniss",0,0,0,96567
1813,"Kuzmanov, Dimitar",24797,20248,4549,96172
1814,"Clemens, Tobias",0,0,0,95871
1815,"Lazov, Alexandar",20626,15261,5365,95857
1816,"Rastogi, Karan",270,0,270,95828
1817,"Mager, Gianluca",34279,31850,2429,95792
1818,"Maamoun, Karim",0,0,0,95738
1819,"Crichton, Tim",0,0,0,95519
1820,"Donar, Johan",0,0,0,95363
1821,"Inoyatov, Murad",0,0,0,95346
1822,"Derepasko, Artem",0,0,0,95261
1823,"Prashanth, N Vijay Sundar",20700,12560,8140,95212
1824,"Olguin, Leonardo",0,0,0,94988
1825,"Dickinson, Brett",0,0,0,94910
1826,"Heras, Patricio",13972,11913,2059,94549
1827,"Smit, Jasper",0,0,0,94414
1828,"Velev, Milen",0,0,0,94296
1829,"Durek, Raphael",0,0,0,94218
1830,"Martinez, Luis David",14056,3272,10784,94184
1831,"Rivas, Guillermo",0,0,0,93919
1832,"Mercer, Tom",0,0,0,93715
1833,"Enev, Todor",0,0,0,93577
1834,"Eisenman, Doug",0,0,0,93466
1835,"Kibi, Yuya",26796,22106,4690,92961
1836,"Dabrowski, Bartlomiej",0,0,0,92858
1837,"Ferreira, Adriano",0,0,0,92834
1838,"Prieto, Antonio",0,0,0,92509
1839,"Gunneswaran, Prajnesh",52739,49729,3010,92310
1840,"Ivanov, Vladimir",12989,9545,3444,92177
1841,"Jorquera, Manuel",0,0,0,92176
1842,"Vejmelka, Adam",0,0,0,92064
1843,"Bortolotti, Marco",19736,13890,5846,92053
1844,"Walter, Ludovic",0,0,0,92013
1845,"Griekspoor, Tallon",60443,51532,8911,91330
1846,"Draper, Mark",0,0,0,91212
1847,"Maggi, Fabio",0,0,0,91039
1848,"Muller, Alexandre",65126,61832,3294,91027
1849,"Sobel, John",0,0,0,91012
1850,"Obry, Julien",354,258,96,90889
1851,"Rackl, Markus",0,0,0,90675
1852,"Angelinos, Theodoros",0,0,0,90621
1853,"Hocevar, Alexandre",0,0,0,90542
1854,"Letts, John",0,0,0,90475
1855,"Karol, Dusan",0,0,0,90450
1856,"Zivkovic, Denis",0,0,0,90393
1857,"Belyaev, Ilya",0,0,0,90328
1858,"Manafov, Vladyslav",28850,17432,11418,90052
1859,"Joseph, Lesley",0,0,0,89810
1860,"Torresi, Federico",0,0,0,89686
1861,"Santanna, Bruno",19105,14430,4675,89469
1862,"Hank, Tigre",5405,4643,762,89454
1863,"Moutet, Corentin",70808,58270,12538,89397
1864,"Yamamoto, Yasufumi",0,0,0,89348
1865,"Kwon, Oh-Hee",1290,828,462,89268
1866,"Kwiatkowski, Thai-Son",67906,63937,3969,89250
1867,"Ziadi, Mehdi",0,0,0,88867
1868,"Herm-Zahlava, Jakub",0,0,0,88638
1869,"Margaroli, Luca",27934,6121,21813,88301
1870,"Tahiri, Mehdi",0,0,0,88160
1871,"Kordasz, Cristian",0,0,0,87964
1872,"Giussani, Gustavo",0,0,0,87872
1873,"Kristiansson, Ola",0,0,0,87830
1874,"Campana, Pablo",0,0,0,87437
1875,"Gao, Xin",22796,13028,9768,87281
1876,"Koning, Michel",0,0,0,87210
1877,"Auger-Aliassime, Felix",66108,64377,1731,86995
1878,"Smith, Connor",4057,1596,2461,86911
1879,"Moraing, Peter",0,0,0,86834
1880,"Savic, David",0,0,0,86727
1881,"Cosac, George",0,0,0,86518
1882,"Schlachter, Ricardo",0,0,0,86503
1883,"Souto, David",3647,2978,669,86420
1884,"Thornley, Sean",0,0,0,86389
1885,"Ismail, Haroon",0,0,0,86308
1886,"Lewis, David",0,0,0,86158
1887,"Vasiliev, Mikhail",0,0,0,86153
1888,"Bulant, Jaroslav",0,0,0,85900
1889,"Cagnina, Julien",27098,26516,582,85898
1890,"Vega Hernandez, David",23286,10821,12465,85835
1891,"Colangelo, Fabio",0,0,0,85821
1892,"Shane, Ryan",15706,13087,2619,85802
1893,"Willems, Reginald",0,0,0,85760
1894,"Maytin, Roberto",13355,0,13355,85566
1895,"Reix, Clement",0,0,0,85511
1896,"Santos, Nicolas",11920,8930,2990,85469
1897,"Flygt, Kalle",0,0,0,85350
1898,"Gollwitzer, Thomas",0,0,0,85217
1899,"Khalfan, Sultan",0,0,0,85177
1900,"Paukku, Juho",0,0,0,85140
1901,"Dubail, Julien",6988,5725,1263,85064
1902,"Kisgyorgy, Gergely",463,0,463,85017
1903,"Kim, Cheong-Eui",17310,14168,3142,84801
1904,"Dezort, Petr",0,0,0,84770
1905,"Stauder, Franz",0,0,0,84765
1906,"Schmid, Michal",6097,4879,1218,84757
1907,"Aparisi, Jose-Luis",0,0,0,84641
1908,"Volante, Matteo",192,0,192,84356
1909,"Smith, Luke",0,0,0,84208
1910,"Kryvonos, Nikita",0,0,0,83982
1911,"Rexach-Itoiz, Carlos",0,0,0,83958
1912,"Eremin, Edoardo",9247,8727,520,83918
1913,"Genaro-Martinez, Javier",0,0,0,83915
1914,"Lizariturry, Juan",11678,8162,3516,83856
1915,"Seifert, Stefan",0,0,0,83729
1916,"Chaki, Rabie",0,0,0,83679
1917,"Shvec, Alexander",0,0,0,83446
1918,"Cuadrado, Carlos",0,0,0,83404
1919,"Mirnegg, Marco",0,0,0,83350
1920,"Fogues, Francisco",0,0,0,83263
1921,"Schiessling, Thomas",0,0,0,83192
1922,"Kim, Bong-Soo",0,0,0,83173
1923,"Musialek, Alexis",17543,14481,3062,83154
1924,"Wu, Yibing",77288,59204,18084,83076
1925,"Belobrajdic, Allen",0,0,0,83068
1926,"Zitko, Radim",0,0,0,83012
1927,"Leite, Wilson",14377,10326,4051,82914
1928,"Stepanek, Martin",0,0,0,82685
1929,"Arends, Sander",38513,0,38513,82508
1930,"Clarke, Jay",72782,52457,20325,82429
1931,"Salisbury, Joe",39350,0,39350,82413
1932,"Malcor, Olivier",0,0,0,82160
1933,"Scholtz, Nicolaas",22280,18701,3579,82086
1934,"Altmaier, Daniel",58780,53118,5662,81823
1935,"Gonzalez, Pablo",0,0,0,81817
1936,"Yoo, Daniel",1854,1266,588,81676
1937,"Nevolo, Dennis",15948,13282,2666,81664
1938,"Levine, Brian",0,0,0,81541
1939,"Colombini, Ugo",0,0,0,81537
1940,"Moretti, Hector",0,0,0,81458
1941,"Gunthardt, Markus",0,0,0,81388
1942,"Britton, Devin",0,0,0,81276
1943,"Bozic, Iztok",0,0,0,81097
1944,"Hilpert, Marcus",0,0,0,80965
1945,"Marie, Jules",1005,909,96,80950
1946,"Sauer, Freddie",0,0,0,80690
1947,"Montgomery, Huntley",0,0,0,80613
1948,"Dellatorre, Andres",0,0,0,80611
1949,"Painter, Andrew",0,0,0,80468
1950,"Holmes, Jamie",0,0,0,80021
1951,"Zhu, Ben-Qiang",0,0,0,79836
1952,"Sarmiento, Raymond",38527,36977,1550,79701
1953,"Allan, Trevor",0,0,0,79423
1954,"Doumbia, Sadio",26856,22184,4672,79194
1955,"Gabb, Richard",8723,6257,2466,79145
1956,"Paz, Juan Pablo",25986,19724,6262,79090
1957,"Miedler, Lucas",26774,18066,8708,79061
1958,"Gonzales, Ruben",11468,414,11054,79032
1959,"Matheson, Ross",0,0,0,79011
1960,"Furmanski, Damian",0,0,0,78999
1961,"Wang, Yu Jr.",0,0,0,78868
1962,"Uchida, Kaichi",29193,24032,5161,78802
1963,"Kutrovsky, Dimitar",0,0,0,78795
1964,"Giacalone, Omar",15587,10841,4746,78793
1965,"Zimmermann, Marcel",0,0,0,78735
1966,"Wang, Tak Khunn",4037,2972,1065,78717
1967,"Graham, David",0,0,0,78580
1968,"Gould, Nick",0,0,0,78554
1969,"Yu, Xin-Yuan",0,0,0,78457
1970,"Van Der Meer, Nick",0,0,0,78214
1971,"Fayziev, Sanjar",26736,21740,4996,78160
1972,"Chekhov, Pavel",0,0,0,78101
1973,"Stadling, Mikael",0,0,0,77893
1974,"Nam, Ji Sung",0,0,0,77856
1975,"Ghouse, Mustafa",0,0,0,77802
1976,"Onozawa, Arata",3749,1712,2037,77715
1977,"An, Jae-Sung",0,0,0,77609
1978,"Parada, Felipe",0,0,0,77520
1979,"Prades, Laurent",0,0,0,77467
1980,"Purcell, Max",55901,39722,16179,77357
1981,"Virali-Murugesan, Ranjeet",2952,2586,366,77191
1982,"Battistone, Brian",0,0,0,77174
1983,"Tsujino, Ryuso",0,0,0,76990
1984,"Yuksel, Anil",26166,21522,4644,76933
1985,"Hunt, Alistair",0,0,0,76749
1986,"Marx, Guillaume",0,0,0,76331
1987,"Michnev, Petr",41501,37493,4008,76269
1988,"Suwandi, Suwandi",0,0,0,76231
1989,"Martinez, Pedro",44133,33797,10336,76165
1990,"Engel, Lucas",0,0,0,75987
1991,"Ehara, Hiroyasu",19238,16103,3135,75974
1992,"Pastorino, Antonio",0,0,0,75903
1993,"Galan, Daniel Elahi",29729,23693,6036,75776
1994,"Cobolli, Stefano",0,0,0,75704
1995,"Van Haasteren, Martijn",0,0,0,75582
1996,"Peterson, Adam",0,0,0,75519
1997,"Arvidsson, Isak",10978,4545,6433,75435
1998,"Boluda-Purkiss, Carlos",22249,18849,3400,75336
1999,"Renstrom, Marten",0,0,0,75307
2000,"Coll-Riudavets, Ignacio",0,0,0,75171
2001,"Weidenfeld, Raviv",0,0,0,75054
2002,"Mustard, David",0,0,0,74934
2003,"Auffray, Charles",0,0,0,74867
2004,"Zeballos, Federico",15782,8634,7148,74844
2005,"Artunedo Martinavarro, Andres",12285,12069,216,74452
2006,"Torres, Marcio",0,0,0,74300
2007,"Clarke, Peter",0,0,0,74290
2008,"Loglo, Komlavi",54,0,54,74288
2009,"Geyer, Christian",0,0,0,74159
2010,"Rodriguez - Pace, Ricardo",8565,6859,1706,74135
2011,"Huning, Mathias",0,0,0,73997
2012,"Silberberg, Fabio",0,0,0,73823
2013,"Fancutt, Michael",0,0,0,73820
2014,"Francis, Alberto",0,0,0,73670
2015,"Altuna, Tuna",16507,0,16507,73648
2016,"Moser, Nikolaus",0,0,0,73570
2017,"Karlovskiy, Evgeny",27169,22293,4876,73477
2018,"Boutillier, Remi",12106,10245,1861,73431
2019,"Pastura, Miguel",0,0,0,73220
2020,"Warneke, Tomm",0,0,0,73152
2021,"Da Col, Alessandro",0,0,0,73116
2022,"Soares, Joao",0,0,0,73074
2023,"Dubarenco, Maxim",0,0,0,72927
2024,"Leonardi, Filippo",10828,8413,2415,72747
2025,"Sanon, Valentin",0,0,0,72622
2026,"Beretta, Duilio",180,0,180,72570
2027,"Ayala, Diego",0,0,0,72482
2028,"Arenas-Gualda, Ivan",144,0,144,72444
2029,"Reynet, Florian",829,0,829,72431
2030,"Sansoni, Stephane",0,0,0,72358
2031,"Harris, Lloyd",40651,38895,1756,72298
2032,"Barr, Shane",0,0,0,72239
2033,"Johnson, Philip",0,0,0,72135
2034,"Jankovic, Miki",3774,2350,1424,72130
2035,"Djokovic, Marko",519,0,519,72044
2036,"Grilli, Rodrigo-Antonio",0,0,0,72000
2037,"Villar, Juan-Pablo",0,0,0,71994
2038,"Ferreira, Clinton",0,0,0,71930
2039,"Alekseenko, Vadim",6393,4332,2061,71862
2040,"Pecotic, Matija",21463,21463,0,71840
2041,"Giner, Juan",0,0,0,71812
2042,"Obradovic, Vladimir",0,0,0,71788
2043,"Galarza, Juan Ignacio",19160,15672,3488,71692
2044,"Sprengelmeyer, Mitch",0,0,0,71636
2045,"Ismailov, Temur",11778,9354,2424,71631
2046,"Camilo, Rafael",0,0,0,71599
2047,"Pehar, Mirko",0,0,0,71582
2048,"Dupre, Thomas",0,0,0,71576
2049,"Tarallo, Stefano",0,0,0,71544
2050,"Madjarovski, Darko",0,0,0,71526
2051,"Folie, Alexandre",414,414,0,71523
2052,"Gomez, Lucas",19468,16908,2560,71512
2053,"Serdarusic, Nino",34600,27023,7577,71494
2054,"Joelson, Brian",0,0,0,71427
2055,"Gakhov, Ivan",38830,30366,8464,71344
2056,"Reissig, Nicolas",0,0,0,71213
2057,"Gomez, Juan Sebastian",5125,3422,1703,71143
2058,"Jacq, Gregoire",28198,14314,13884,71100
2059,"Onoda, Michihisa",0,0,0,71056
2060,"Carter, Peter",0,0,0,70705
2061,"Kimmich, Marc",0,0,0,70565
2062,"Navratil, Michal",0,0,0,70498
2063,"Ehrat, Sandro",0,0,0,70486
2064,"Pulgar-Garcia, Jaime",9103,5929,3174,70393
2065,"Kim, Young-Jun",0,0,0,70359
2066,"Kato, Jun",0,0,0,70312
2067,"Carlsson, Peter",0,0,0,70262
2068,"Ouyang, Bowen",0,0,0,70254
2069,"Glasspool, Lloyd",21678,19695,1983,69984
2070,"Raditschnigg, Max",0,0,0,69982
2071,"Pedroso, Andres",0,0,0,69938
2072,"Capalik, Kristian",0,0,0,69855
2073,"Scott, Larry",0,0,0,69740
2074,"Patino, Luis",10766,4411,6355,69737
2075,"Sun, Peng",0,0,0,69629
2076,"Leshem, Edan",42483,38021,4462,69436
2077,"Casanova, Hernan",28176,23119,5057,69423
2078,"Romero, Yohny",0,0,0,69353
2079,"Sanchez, Mariano",0,0,0,69245
2080,"Nagal, Sumit",37376,34546,2830,69196
2081,"Bonatto, Alexandre",0,0,0,69192
2082,"Sinicropi, Riccardo",1095,414,681,69106
2083,"Jaloviec, Marek",38802,36713,2089,69029
2084,"Veglio, Filippo",0,0,0,68926
2085,"Hand, Paul",0,0,0,68830
2086,"Sun, Fajing",36356,27257,9099,68735
2087,"Hromec, Martin",0,0,0,68673
2088,"Yevseyev, Denis",15417,12123,3294,68463
2089,"Fufygin, Mikhail",8238,5738,2500,68417
2090,"Noviski, Lionel",0,0,0,68414
2091,"Sugiyama, Norikazu",0,0,0,68319
2092,"Mlendea, Andrei",0,0,0,68147
2093,"Markovits, Laszlo",0,0,0,67898
2094,"Fancutt, Charlie",0,0,0,67880
2095,"Taberner, Carlos",41577,36784,4793,67879
2096,"Nurminen, Tapio",0,0,0,67872
2097,"Semrajc, Janez",0,0,0,67543
2098,"Romero, Victor",0,0,0,67460
2099,"Toledo Bague, Pol",21599,13732,7867,67445
2100,"Zaitcev, Anton",4581,4065,516,67355
2101T,"Mantilla, Felipe",13607,10679,2928,67342
2101T,"Tyurnev, Evgeny",26108,21661,4447,67342
2103,"Kellner, Adam",162,0,162,67262
2104,"Gorcic, Ismar",0,0,0,67256
2105,"Vovk, Stanislav",0,0,0,67248
2106,"Pauffley, Neil",14743,12910,1833,66979
2107,"Ruiz-Cadenas, Hector",108,0,108,66747
2108,"Solves, Vicente",0,0,0,66473
2109,"Moraing, Mats",32893,29684,3209,66437
2110,"Patridge, Scott",0,0,0,66388
2111,"Vasudevan, Srinivasan",0,0,0,66359
2112,"Bourchier, Harry",25512,19726,5786,66319
2113,"Della, Otavio",0,0,0,66279
2114,"Bardou, Jorge",0,0,0,66260
2115,"Avellan, Carlos",0,0,0,66060
2116,"Lustig, Daniel",258,258,0,66036
2117,"Campbell, Craig",0,0,0,65931
2118,"Ager, Johannes",0,0,0,65861
2119,"Mitsuhashi, Junn",0,0,0,65836
2120,"Boje-Ordonez, Agustin",90,0,90,65785
2121,"Hipperdinger, Diego",0,0,0,65704
2122,"Adams, Egan",0,0,0,65640
2123,"Chramosta, Ladislav",0,0,0,65491
2124,"Aragone, JC",61292,59260,2032,65464
2125,"Hurkacz, Hubert",39676,34427,5249,65452
2126,"Orellana, Kepler",0,0,0,65350
2127,"Guidolin, Rodrigo",0,0,0,65337
2128,"Gomez-Diaz, Carlos",0,0,0,64983
2129,"Rasheed, Roger",0,0,0,64951
2130,"Sekulic, Milos",6683,2074,4609,64910
2131,"Idmbarek, Yassine",1948,468,1480,64847
2132,"Fagel, Rick",0,0,0,64787
2133,"Holm, Nils",0,0,0,64757
2134,"Ballauff, Peter",0,0,0,64538
2135,"Fransen, Stephan",4484,3592,892,64446
2136,"Brunner, Pascal",13727,11201,2526,64313
2137,"Tearney, Finn",16235,13804,2431,64168
2138,"Popp, Torsten",0,0,0,64150
2139,"Nam, Hyun-Woo",1092,1038,54,64149
2140,"Tatlot, Johan",11519,9650,1869,64138
2141,"Caballero, David",0,0,0,64042
2142,"Fortuna, Claudio",5103,4545,558,63991
2143,"Elizondo, Juan-Manuel",0,0,0,63980
2144,"Haenle, Pirmin",3654,2148,1506,63927
2145,"Koniusz, Blazej",0,0,0,63829
2146,"Marsh, Clinton",0,0,0,63729
2147,"Theine, Torben",0,0,0,63641
2148,"Basso, Andrea",24575,22597,1978,63543
2149,"Griekspoor, Scott",17513,15862,1651,63508
2150,"Uzhylovskyi, Volodoymyr",17342,7753,9589,63501
2151,"Sela, Ofer",0,0,0,63483
2152,"Vervoort, Mark",5868,0,5868,63457
2153,"Baxter, Rill",0,0,0,63445
2154,"Bohaboy, Doug",0,0,0,63432
2155,"Malik, Adam",0,0,0,63365
2156,"Urban, Filip",150,0,150,63309
2157,"Escoffier, Antoine",19557,16725,2832,63214
2158,"Martin-Adalia, Pablo",0,0,0,63170
2159,"Pennisi, Pietro",0,0,0,63092
2160,"Rodriguez, Bruno",0,0,0,63073
2161,"Courcol, Daniel",0,0,0,62945
2162,"Colas, Jesus",0,0,0,62790
2163,"Bastiansen, Peter",0,0,0,62785
2164,"Hennemann, Marcelo",0,0,0,62670
2165,"Strengberger, Thomas",0,0,0,62659
2166,"Coco, Rudy",350,260,90,62483
2167,"Sipaeya, Sunil-Kumar",0,0,0,62462
2168,"Masuda, Kentaro",0,0,0,62434
2169,"Choinski, Jan",24877,23654,1223,62358
2170,"Vilella Martinez, Mario",28343,21979,6364,62336
2171,"Boltz, Sebastien",8218,6629,1589,62323
2172,"Pambianco, Paolo",0,0,0,62279
2173,"Phillips, Morgan",162,0,162,62266
2174,"Fahlke, Andy",0,0,0,62211
2175,"Shabaz, Michael",0,0,0,62189
2176,"O'Brien, Dean",900,0,900,62187
2177,"Evans, Keith",0,0,0,62148
2178,"Cristin, Diego",0,0,0,62084
2179,"Hach Verdugo, Hans",18657,2750,15907,62004
2180,"Osorio, Marco",0,0,0,61889
2181,"Barlow, Russell",0,0,0,61805
2182,"Cluskey, James",90,0,90,61491
2183,"Zapata Miralles, Bernabe",35363,32460,2903,61379
2184,"Mas, Jordi",0,0,0,61274
2185,"Spinks, Tom",0,0,0,61253
2186,"Rusevski, Predrag",0,0,0,61207
2187,"Ferrer-Victoria, Cesar",0,0,0,60876
2188,"Gadomski, Piotr",0,0,0,60737
2189,"Vorster, Tucker",534,438,96,60674
2190,"Gille, Sander",20901,414,20487,60653
2191,"Takahashi, Yusuke",47472,42146,5326,60549
2192,"Hidalgo, Gabriel Alejandro",5370,3312,2058,60492
2193,"Valent, Roman",0,0,0,60375
2194,"Bastie, Gilles",0,0,0,60314
2195,"Spencer, Kyle",0,0,0,60291
2196,"Pujo, Xavier",0,0,0,60262
2197,"Denman, Heath",0,0,0,60213
2198,"Vogeli, Roman",0,0,0,60181
2199,"Strode, Blake",0,0,0,60116
2200,"Taweel, Issam Haitham",12498,8154,4344,60030
2201,"Hoang, Antoine",27880,21156,6724,60011
2202,"Dischinger, Eduardo",7879,4076,3803,59856
2203,"Stanek, Robin",15403,11844,3559,59758
2204,"Magdincev, Lazar",0,0,0,59743
2205,"Krupa, Tomas",0,0,0,59685
2206,"Sakamoto, Pedro",14494,11446,3048,59660
2207,"Baughman, Deiton",11988,8528,3460,59609
2208,"Marshall, Jason",0,0,0,59506
2209,"Davletshin, Vadim",0,0,0,59503
2210,"Altamirano, Collin",4597,4071,526,59488
2211,"Dima, Dragos",12800,11922,878,59380
2212,"Pan, Bing",0,0,0,59368
2213,"Kures, Michael",0,0,0,59332
2214,"Chang, Yu",2747,2119,628,59321
2215,"Braga, Pedro",0,0,0,59313
2216,"Fitz, Sebastian",0,0,0,59256
2217,"Albert-Ferrando, Mariano",0,0,0,59235
2218,"Inzerillo, Jerome",204,0,204,59227
2219,"Pedrini, Marco",0,0,0,59107
2220,"Kovacka, Petr",0,0,0,59060
2221,"Kodes Jr., Jan",0,0,0,59054
2222,"Breen, Matthew",0,0,0,59047
2223,"Chaen, Tetsuya",0,0,0,59037
2224,"Ikramov, Sarvar",0,0,0,59005
2225,"Grossi, Elia",0,0,0,58983
2226,"Sullivan, John",0,0,0,58849
2227,"Fillol, Alvaro",0,0,0,58805
2228,"Urzua-Rivera, Ricardo",0,0,0,58778
2229,"Kypson, Patrick",56833,55897,936,58749
2230,"Vandenbulcke, Yannick",18691,17280,1411,58737
2231,"Marco, Daniel",0,0,0,58605
2232,"Pearson, Lee",0,0,0,58600
2233,"Pils, Bernhard",0,0,0,58589
2234,"Hansen-Dent, Brett",0,0,0,58580
2235,"Hiltzik, Jared",29189,26668,2521,58477
2236,"O'Hare, David",28056,0,28056,58439
2237,"Vivanco-Guzman, Andoni",0,0,0,58420
2238,"Logtens, Paul",0,0,0,58333
2239,"Beks, Bart",0,0,0,58315
2240,"Vibert, Francois-Arthur",8745,6054,2691,58282
2241,"Rodriguez, Cristian",17697,13522,4175,58257
2242,"Balducci, Daniele",0,0,0,58225
2243,"Vucic, Ilija",5899,2480,3419,58097
2244,"Dahan, Lior",0,0,0,57874
2245,"Bonadio, Riccardo",20326,16648,3678,57774
2246,"Svensson, Peter",0,0,0,57659
2247,"Reininger, Robert",0,0,0,57642
2248,"Lenho, Tommi",0,0,0,57575
2249,"Singh, Karunuday",13972,10392,3580,57528
2250,"Ortegren, Johan",0,0,0,57399
2251T,"Hensel, Kaden",0,0,0,57229
2251T,"Klaparda, Jeff",0,0,0,57229
2253,"Gubenco, Philip",0,0,0,57182
2254,"Haldin, Thomas",0,0,0,57174
2255,"Geens, Clement",17425,14616,2809,57061
2256,"Kobelt, Peter",11506,10726,780,56942
2257,"Masik, Jan",0,0,0,56883
2258,"Niesten, Miliaan",9038,7160,1878,56833
2259,"Testa, Cristiano",0,0,0,56825
2260,"Roberts, Damien",0,0,0,56811
2261,"Dondo, Federico",0,0,0,56725
2262,"Garizzio, Agustin",0,0,0,56611
2263,"Cassaigne, Benjamin",0,0,0,56402
2264,"Leonte, Bogdan",0,0,0,56389
2265,"Hasek, Jakub",0,0,0,56261
2266,"Uzakov, Vaja",0,0,0,56241
2267,"Metreveli, Aleksandre",0,0,0,56226
2268T,"Halebian, Alexios",17838,15047,2791,56202
2268T,"Severino, Carlos Eduardo",5124,3906,1218,56202
2270,"Loven, Fredrik",0,0,0,56189
2271,"Bradaric, Marin",0,0,0,56060
2272,"Ciumac, Andrei",252,156,96,56024
2273,"Kornienko, Igor",0,0,0,56014
2274,"Pastor, Nicolas",0,0,0,55988
2275,"Beecher, Colin",0,0,0,55969
2276,"Belloli, Jeff",0,0,0,55843
2277,"Svetlik, Radovan",0,0,0,55840
2278,"Gonzalia, Jonathan",0,0,0,55794
2279,"Clayton, Scott",25674,1038,24636,55654
2280,"Kalovelonis, Markos",11620,8011,3609,55593
2281,"Spottl, Martin",0,0,0,55466
2282,"Celikbilek, Altug",25627,16539,9088,55410
2283,"Martinez, Mateo Nicolas",3378,2424,954,55304
2284,"Ojala, Janne",0,0,0,55265
2285,"Marse-Vidri, Jordi",630,156,474,55260
2286,"Arquez, Patricio",0,0,0,55233
2287,"Carry, Guillermo",0,0,0,55232
2288,"Apostu-Efremov, Artemon",0,0,0,55070
2289,"Jeong, Suk-Young",0,0,0,55015
2290,"Lukaev, Radoslav",0,0,0,55014
2291,"Anderson, Andrew",0,0,0,54889
2292,"Nastase, Mihnea-Ion",0,0,0,54828
2293,"Vaisse, Martin",0,0,0,54450
2294,"Cunha, Henrique",0,0,0,54439
2295,"Valtzer, Dekel",0,0,0,54390
2296,"Esteve Lobato, Eduard",17895,15233,2662,54349
2297,"Al-Mutawa, Jabor",7242,3455,3787,54341
2298,"He, Yecong",14674,11119,3555,54257
2299,"Tarantino, Agustin",0,0,0,54168
2300,"Skenderovic, Vjekoslav",0,0,0,54161
2301,"Audouy, Xavier",0,0,0,54101
2302,"Bouteyre, Pierre",0,0,0,54033
2303,"Grimolizzi, Gaston-Arturo",786,570,216,54010
2304,"Warner, Scott",0,0,0,53917
2305,"Marsalek, James",4266,3081,1185,53905
2306,"Grozdanov, Tihomir",312,258,54,53888
2307,"Igoshin, Alexander",10952,7361,3591,53652
2308,"Borroni, Corrado",0,0,0,53599
2309,"De Beer, Johan",0,0,0,53581
2310,"Alcaraz Ivorra, Albert",9146,7424,1722,53579
2311,"Vilardo, Francesco",13773,9700,4073,53487
2312,"Rousset, Elie",1124,776,348,53317
2313,"Krainik, Pavel",9405,7725,1680,53295
2314,"Jotovski, Tomislav",12641,10263,2378,53291
2315,"Mitchell, Toby",0,0,0,53242
2316,"Rumyantsev, Alexander",0,0,0,53233
2317,"Roshan, Nima",0,0,0,53227
2318,"Rachidi, Younes",210,156,54,53102
2319,"Silva, Caio",9589,5074,4515,53059
2320,"Makiguchi, Ryusei",4127,3521,606,52979
2321,"Bottazzi, Luca",0,0,0,52945
2322,"Frigerio, Lorenzo",17163,13521,3642,52865
2323,"Nettle, Shannon",0,0,0,52822
2324,"Grenier, Stephane",0,0,0,52788
2325,"Marafiote, Domenic",0,0,0,52763
2326,"Song, Evan",18312,15060,3252,52718
2327,"Heyman, Christopher",25953,23648,2305,52647
2328,"Gomes, Eric",0,0,0,52482
2329,"Dupuy, Baptiste",0,0,0,52477
2330,"Pellegrino, Andrea",32053,25368,6685,52351
2331,"Reinwein, Sami",12345,8777,3568,52261
2332,"Mirzadeh, Vahid",0,0,0,52211
2333,"Valverde, Juan-Manuel",0,0,0,52185
2334,"Larsen, Thomas",0,0,0,52164
2335,"Fanselow, Sebastian",26376,23081,3295,52034
2336,"Simonsson, Fred",15856,10285,5571,52026
2337,"Lescure, Mick",16140,11139,5001,52008
2338,"Heller, Peter",6876,5271,1605,51965
2339,"Becker, Richard",0,0,0,51696
2340,"Turner, James",0,0,0,51682
2341,"Erguden, Baris",0,0,0,51533
2342,"Agamenone, Franco",18833,8825,10008,51467
2343,"Bamford, Neil",0,0,0,51328
2344,"Lootsma, Niels",16918,9239,7679,51305
2345,"Kecmanovic, Miomir",46861,44481,2380,51253
2346,"Biryukov, Mikhail",0,0,0,51200
2347,"Scherman, Ted",0,0,0,51188
2348,"Kekez, Duje",7099,6025,1074,51186
2349,"Novak, David",0,0,0,51172
2350,"Vajda, Ivan",0,0,0,51136
2351,"Moneke, Steven",0,0,0,51103
2352,"Sabanov, Matej",15630,6772,8858,51086
2353,"Rath, Marc",0,0,0,51059
2354,"Tiberti, Gustavo",0,0,0,51046
2355,"Bonneau, Stephane",0,0,0,50979
2356,"Muzaev, Richard",5918,2515,3403,50943
2357,"Alekseenko, Gleb",2210,1196,1014,50928
2358,"Frantzen, Romano",0,0,0,50852
2359,"Monteferrario, Joaquin-Jesus",0,0,0,50670
2360,"Krumrey, Florian",0,0,0,50668
2361,"Downs, Steven",0,0,0,50607
2362,"Davydenko, Philipp",1448,1448,0,50585
2363,"Sato, Bumpei",0,0,0,50503
2364,"Burton, Lewis",0,0,0,50500
2365,"Williams, Jeff",0,0,0,50498
2366,"Vlaski, Aleksandar",0,0,0,50462
2367,"Withrow, Jackson",41470,0,41470,50423
2368,"Barbosa, Romain",11050,9790,1260,50389
2369,"Rybalko, Andrei",0,0,0,50368
2370,"Vilarrubi, Martin",0,0,0,50366
2371,"Michelotti, Francesco",0,0,0,50317
2372,"Aubone, Jean-Yves",0,0,0,50294
2373,"Kuhn, Nicola",45878,45447,431,50262
2374,"Montero, Jorge",9667,6224,3443,50150
2375,"Hubble, Adam",0,0,0,49986
2376,"O'Mara, Jonny",24315,2214,22101,49944
2377,"Urh, Borut",0,0,0,49943
2378,"Saric, Igor",0,0,0,49842
2379,"Gajjar, Rohan",0,0,0,49823
2380,"Ouahabi, Talal",0,0,0,49817
2381,"Haas, Rudiger",0,0,0,49741
2382,"Johansson, Kjell",0,0,0,49711
2383,"Vivero Gonzalez, Pablo",15924,13553,2371,49683
2384,"Bellier, Antoine",18696,14492,4204,49656
2385,"Scheidweiler, Mike",0,0,0,49645
2386,"Kestelboim, Mariano",18702,13957,4745,49630
2387,"Burniol, Guillem",0,0,0,49555
2388,"Sachire, Ryan",0,0,0,49419
2389,"Kontinen, Micke",0,0,0,49328
2390,"Tabatruong, Maxime",15898,14054,1844,49288
2391,"Look, Michael",4122,2766,1356,49272
2392,"Hung, Jui-Chen",10410,5654,4756,49216
2393,"Dmitriev, Kirill",3125,2545,580,49102
2394,"Tyson, Desmond",0,0,0,49090
2395,"Kandler, Hans-Peter",0,0,0,48938
2396,"Stancik, Jan",0,0,0,48937
2397,"De Waard, Steven",20512,1770,18742,48874
2398,"Kon, Alejandro",54,0,54,48871
2399,"Koepfer, Dominik",34630,30235,4395,48866
2400,"Vliegen, Joran",21076,1368,19708,48808
2401,"Baldi, Filippo",21178,16097,5081,48792
2402,"Pokrajac, Milan",0,0,0,48765
2403,"Bale, Stuart",0,0,0,48554
2404,"Katic, Dejan",6573,5559,1014,48367
2405,"Ghedin, Nicola",7084,6298,786,48277
2406,"Gorban, Andrei",0,0,0,48213
2407,"Fallert, Florian",8506,6529,1977,48186
2408,"Belgraver, Martijn",0,0,0,48166
2409,"Filenkov, Alexei",0,0,0,48102
2410,"Lin, Bing Chao",0,0,0,48098
2411,"Virgili, Adelchi",16920,15358,1562,48055
2412,"Becka, Jaromir",0,0,0,48013
2413,"Bar, Dekel",11173,7770,3403,47920
2414,"Schnur, Max",25709,0,25709,47884
2415,"Mamoun, Mohamed",0,0,0,47866
2416,"Letcher, Chris",0,0,0,47802
2417,"Saliola, Marcelo",0,0,0,47779
2418,"Watanuki, Yusuke",6379,4465,1914,47753
2419,"Pla Malfeito, Jaume",16250,10441,5809,47736
2420,"Andersson, Henrik",0,0,0,47713
2421T,"Garcia-Sintes, Javier",0,0,0,47694
2421T,"Rondoni, Pietro",14357,11614,2743,47694
2423,"Renard, Alexandre",0,0,0,47681
2424,"Licciardi, Pietro",13228,9737,3491,47577
2425,"Sekac, Branislav",0,0,0,47549
2426,"Luddi, Gianluca",0,0,0,47526
2427,"Cortes, Jaime",0,0,0,47483
2428,"Gomez, Alejandro",6588,4989,1599,47432
2429,"Mukund, Sasi Kumar",21606,19350,2256,47397
2430,"Brunken, Jaan-Frederik",0,0,0,47359
2431,"Deviatiarov, Marat",10384,6287,4097,47176
2432,"Ivanov, Pavel",0,0,0,47150
2433,"Falenti, Rainer",0,0,0,47149
2434,"Mukhometov, Philipp",0,0,0,47110
2435,"Christensen, Morten",0,0,0,47096
2436,"Fernandes, Tiago",0,0,0,47095
2437,"Thompson, Nathan",0,0,0,47083
2438,"Ribeiro Neto, Eladio",0,0,0,47046
2439,"Hampel, Lenny",20678,18471,2207,46989
2440,"Katayama, Sho",11951,8068,3883,46951
2441,"Netuschil, Marvin",11101,9356,1745,46911
2442,"Kudrnac, Pavel",0,0,0,46869
2443,"Veger, Filip",156,156,0,46807
2444,"Boscatto, Massimo",0,0,0,46799
2445,"Vasilenko, Alexander",13047,11442,1605,46780
2446,"Bloemke, Dennis",0,0,0,46762
2447,"Safiullin, Roman",17598,16920,678,46757
2448,"Botfield, Stephen",0,0,0,46689
2449,"Hossam, Karim",1722,1416,306,46668
2450,"Zayed, Mousa Shanan",7840,3455,4385,46646
2451,"Navarro-Batles, Lazaro",0,0,0,46644
2452,"Antonescu, Vasile",12518,8221,4297,46594
2453,"Borgula, Boris",0,0,0,46381
2454,"Flanagan, Ian",0,0,0,46354
2455,"Rodriguez, Juan Antonio",0,0,0,46337
2456,"N'Goran, Clement",0,0,0,46321
2457,"Yim, Robert",0,0,0,46307
2458,"Gaspar Murta, Andre",6472,5488,984,46296
2459,"Stimpson, John",0,0,0,46176
2460,"Von Massow, George",13683,9754,3929,46048
2461,"Martos Gornes, Sergio",16668,7374,9294,46045
2462,"Sandbichler, Armin",0,0,0,45780
2463,"Harboe, Phillip",0,0,0,45737
2464,"Brydolf, Patrik",6696,5154,1542,45707
2465,"Rudi, Patricio",0,0,0,45667
2466,"Ali, Zeeshan",0,0,0,45664
2467,"Lindgren, Peter",0,0,0,45617
2468,"Picco, Francesco",0,0,0,45554
2469,"Spir, Juan-Carlos",0,0,0,45437
2470,"Jeanclaude, Frederic",0,0,0,45401
2471,"Cias, Pawel",13287,11822,1465,45352
2472,"Allgauer, Florian",0,0,0,45256
2473,"Armstrong, Miles",0,0,0,45245
2474,"Lejnieks, Karlis",0,0,0,45204
2475,"Malla, Bastian",4308,3642,666,45199
2476,"Benneteau, Antoine",0,0,0,45178
2477,"Boretti, Stian",0,0,0,45065
2478,"Abid, Haythem",0,0,0,45060
2479,"Durasovic, Viktor",21546,17303,4243,45027
2480,"Giraldi Requena, Marcos",3054,2250,804,45006
2481,"Libietis, Mikelis",12741,2230,10511,44948
2482,"Shofayziyev, Shonigmatjon",3976,1884,2092,44942
2483,"Zhurbin, Alexander",9576,8100,1476,44821
2484,"Gasparyan, Ervand",0,0,0,44814
2485,"Vavassori, Andrea",25692,13151,12541,44812
2486,"Zormann, Marcelo",12307,6928,5379,44783
2487,"Ladipo, Sule",0,0,0,44781
2488,"Neunteibl, Marko",0,0,0,44751
2489,"Miyachi, Kotaro",0,0,0,44690
2490,"Buckley, Mark",0,0,0,44636
2491,"Bohrer, Eduardo",0,0,0,44602
2492,"Siegel, Tim",0,0,0,44582
2493,"Khabibulin, Timur",13216,5384,7832,44564
2494,"Trongcharoenchaikul, Wishaya",15770,13025,2745,44562
2495,"Topic, Josko",438,438,0,44529
2496,"Kennedy, Adam",0,0,0,44468
2497,"Luz, Orlando",13238,10496,2742,44455
2498,"Malik, Vijayant",1764,1398,366,44420
2499,"Hombrecher, Alexis",0,0,0,44404
2500,"Noriega, Jose-Luis",0,0,0,44341
2501,"Diaz-Barriga, Luis",54,0,54,44269
2502,"Torroni, Giulio",0,0,0,44253
2503,"N'Goran, Claude",0,0,0,44203
2504,"Maqdes, Abdullah",2662,1984,678,44154
2505,"Felgate, David",0,0,0,44072
2506,"Moir, Kevin",0,0,0,44047
2507,"Reshetnikov, Vitali",288,0,288,44028
2508,"Morel, Clement",0,0,0,43924
2509,"Palencia, Carlos",210,156,54,43894
2510,"Catar, Tomas",0,0,0,43891
2511,"Huard, Maxime",0,0,0,43844
2512,"Pellerin, Ludwig",0,0,0,43800
2513,"Kocevar-Desman, Tom",6064,4544,1520,43690
2514,"Chaplin, Jarryd",14581,0,14581,43670
2515,"Kim, Dong-Hyun",0,0,0,43612
2516T,"Furusho, Eduardo",0,0,0,43441
2516T,"Osta, Eduardo",0,0,0,43441
2518,"Te, Rigele",21459,16052,5407,43405
2519,"Jordan, Alvaro",0,0,0,43306
2520,"Stansbury, Cary",0,0,0,43282
2521,"Matos, Diego",858,156,702,43090
2522,"Godlewski, Robert",0,0,0,43089
2523,"Harris, Andrew",14852,13832,1020,43057
2524,"Kim Jr., Sun-Yong",0,0,0,42945
2525,"Smola, Maciej",9138,5051,4087,42816
2526,"Pel, David",17185,430,16755,42811
2527,"Singh, Ashutosh",0,0,0,42760
2528,"Salaba, Libor",2726,1680,1046,42695
2529,"Reboul, Fabien",15295,12010,3285,42666
2530,"Baldellou-Esteva, Antonio",0,0,0,42531
2531,"Prahlad, Srinath",0,0,0,42470
2532,"Menga, Giuseppe",0,0,0,42434
2533,"Anagnastopol, Victor-Mugurel",3066,986,2080,42429
2534,"Fattar, Anas",720,570,150,42425
2535,"Garetto, Gustavo",0,0,0,42421
2536,"Zlatanovic, Arsenije",660,414,246,42329
2537,"Ficovich, Juan Pablo",21836,19104,2732,42314
2538,"Dickson, Simon",0,0,0,42304
2539,"Poerschke, Lars",0,0,0,42291
2540,"Menendez, Roberto",430,430,0,42267
2541,"Nagy, Peter",13641,11088,2553,42219
2542,"Skoloudik, Jiri",0,0,0,42217
2543,"Bensoussan, Samuel",19069,15601,3468,42197
2544,"Benedetti, Cristhian Ignacio",0,0,0,42172
2545,"Fioroni, Michele",0,0,0,42141
2546,"Royer, Rocky",0,0,0,42018
2547,"Penaud, Alexandre",853,520,333,41966
2548,"Jimenez-Guerra, Joan",0,0,0,41882
2549,"Zay, Marius",0,0,0,41863
2550,"Biasella, Adriano",0,0,0,41862
2551,"Norby, Rasmus",0,0,0,41854
2552,"Medina-Alvarez, Jhonathan",0,0,0,41792
2553,"Gruber, Konstantin Don",0,0,0,41782
2554,"Carvalho, Ronaldo",0,0,0,41771
2555,"Pasha, Nathan",15640,8935,6705,41767
2556,"Anikanov, Ivan",96,0,96,41766
2557,"Balazs, Gyorgy",0,0,0,41753
2558,"Williamson, Phillip",0,0,0,41716
2559,"Doble, Jordane",0,0,0,41685
2560,"Weal, Nick",0,0,0,41659
2561,"Mazur, Dimitri",0,0,0,41611
2562,"Lock, Benjamin",21549,13735,7814,41605
2563,"Popovic, Petar",0,0,0,41492
2564,"Sabanin, Yan",10608,8316,2292,41489
2565,"Aprili, Corrado",0,0,0,41323
2566,"Recarte, Roman",0,0,0,41300
2567,"Mangiante, Angelo",0,0,0,41299
2568,"Plamberger, Udo",0,0,0,41298
2569,"Kiiski, Lauri",1103,783,320,41293
2570,"Bergman, Carl",0,0,0,41282
2571,"Estruch, David",96,0,96,41252
2572,"Shiga, Masato",11586,8571,3015,41187
2573,"Baumann, Moritz",0,0,0,41077
2574,"Smirnov, Evgueni",0,0,0,41027
2575T,"Arauzo-Martinez, Juan-Samuel",0,0,0,41014
2575T,"Holzinger, Tony",0,0,0,41014
2577,"Zumpft, Martin",0,0,0,40974
2578,"Grills, Jacob",8847,8307,540,40934
2579,"Cho, Soong-Jae",0,0,0,40880
2580,"Accardo, Alessandro",0,0,0,40780
2581,"Monteiro, Joao",33218,30401,2817,40740
2582,"Plotniy, Andrei",0,0,0,40738
2583,"Rovas, Nikos",0,0,0,40600
2584,"Timfjord, Nicklas",0,0,0,40564
2585,"Camargo, Ricardo",0,0,0,40506
2586,"Burke, Doug",0,0,0,40488
2587,"Coene, Dominique",0,0,0,40435
2588,"Jallali, Walid",0,0,0,40419
2589,"Pedersen, Martin",0,0,0,40313
2590,"Adjei-Darko, Henry",0,0,0,40307
2591,"Blumauer, Georg",0,0,0,40240
2592,"Laranja, Augusto",1446,1242,204,40135
2593,"Dadamo, Jeff",0,0,0,40028
2594,"Grenier, Hugo",16597,15871,726,40025
2595,"Abou El Khair, Motaz",0,0,0,39985
2596,"Pichler, David",20327,15067,5260,39952
2597,"Xia, Jia-Ping",0,0,0,39911
2598,"Luisi, Piero",0,0,0,39891
2599,"Duldaev, Daniiar",12279,8436,3843,39817
2600,"Banks, Andrew",0,0,0,39626
2601,"Farrow, Buff",0,0,0,39624
2602,"Meis, Pascal",15392,11207,4185,39621
2603T,"Amritraj, Stephen",0,0,0,39589
2603T,"Mies, Andreas",18381,0,18381,39589
2605,"Denolly, Corentin",15640,12917,2723,39583
2606,"Simon, Tobias",15316,13755,1561,39500
2607T,"Madsen, Bertrand",0,0,0,39485
2607T,"Sabate-Bretos, Oscar",0,0,0,39485
2609,"Iannuzzi, Enrico",0,0,0,39475
2611,"Diep, Florent",11797,9256,2541,39422
2612,"Semmler, Miguel",17699,13911,3788,39390
2613,"Borgo, Francesco",0,0,0,39337
2614,"Poplavskyy, Stanislav",2604,2022,582,39251
2615,"Gyetko, Brian",0,0,0,39188
2616,"Goffi, Josh",0,0,0,39165
2617,"Akkoyun, Haluk",0,0,0,39145
2618,"Rake, Rodolfo",0,0,0,39070
2619,"Chang, Carl",0,0,0,39054
2620,"Andersson, Daniel",0,0,0,39052
2621,"Canudas-Fernandez, David",0,0,0,39018
2622,"Ternar, Tomislav",624,624,0,38994
2623,"Tsuchihashi, Toshihisa",0,0,0,38984
2624,"Strambini, Alexandre",0,0,0,38972
2625,"Kallias, Photos",0,0,0,38910
2626,"Sabanov, Ivan",11103,1780,9323,38888
2627,"Wang, Chieh-Fu",0,0,0,38876
2628,"Ysern, Pierrick",0,0,0,38875
2629,"Alvarez, Roberto",0,0,0,38841
2630,"Na, Jung-Woong",1458,1188,270,38817
2631,"Zayid, Mubarak Shannan",18142,13919,4223,38722
2632,"Petrone, Alessandro",14108,13331,777,38625
2633,"Mugevicius, Lukas",936,774,162,38618
2634,"Esquerdo, Ivan",0,0,0,38597
2635,"Werner, Jean-Marc",0,0,0,38525
2636,"Astorga, Mauricio",390,156,234,38502
2637,"Draganja, Tomislav",19948,0,19948,38485
2638,"Wooldridge, Mark",0,0,0,38454
2639,"Diarra, Gibril",10338,9068,1270,38438
2640,"Taicher, Paulo",0,0,0,38430
2641,"Magg, Christian",0,0,0,38341
2642,"Rumenov Payakov, Georgi",0,0,0,38336
2643,"Davis, Tres",0,0,0,38296
2644,"Laurent, Yanais",13815,8893,4922,38291
2645,"Ward Hibbert, Joshua",0,0,0,38290
2646,"Falgheri, Andrea",0,0,0,38158
2647,"Hellstrom, Mathias",0,0,0,38106
2648,"Merckx, Jonas",11071,8977,2094,38105
2649,"Hernando Ruano, Jorge",2296,1726,570,38100
2650,"Daniel, Michael",0,0,0,38093
2651,"Hammer, Philipp",0,0,0,38084
2652,"Yarmola, Alexander",0,0,0,38030
2653,"Nixon, Randy",0,0,0,37961
2654,"Dennhardt, Frank",0,0,0,37907
2655,"Martin, Toby",5176,3786,1390,37904
2656,"Siriluethaiwattana, Peerakiat",0,0,0,37879
2657,"Tsuchiya, Alexandre",5043,3261,1782,37864
2658,"Van't Hof, Kaes",0,0,0,37788
2659,"Zwetsch, Joao",0,0,0,37779
2660,"Krkoska, Jiri",0,0,0,37697
2661,"Rawat, Sidharth",13632,12212,1420,37673
2662,"Kloer, Sascha",0,0,0,37662
2663,"Capone, Massimo",0,0,0,37632
2664,"Pitta, Gabriel",0,0,0,37596
2665,"Rudman, Shaun",0,0,0,37590
2666,"Rittersbacher, Harald",0,0,0,37551
2667,"Maes, Julien",0,0,0,37528
2668,"Comporto, Antonio",0,0,0,37511
2669,"Dragicevic, Goran",0,0,0,37360
2670,"Glancy, Daniel",946,586,360,37301
2671,"Podzus, Martins",10655,9605,1050,37300
2672,"Mohr, Patrick",0,0,0,37258
2673,"Amador, Marcello",0,0,0,37214
2674,"Bok, Martijn",0,0,0,37127
2675,"Stasiak, Jurek",0,0,0,37058
2676,"Varillas, Juan Pablo",14299,12196,2103,37051
2677,"Pazicky, Michal",0,0,0,37036
2678,"Wessels, Louis",13397,11664,1733,37010
2679,"Chung, Hong",10139,8183,1956,36951
2680,"Krasnoroutskiy, Alexandre",0,0,0,36904
2681,"Walsh, Darren",0,0,0,36903
2682,"Celebic, Ljubomir",10802,9335,1467,36862
2683,"Calderon-Rodriguez, Carlos",0,0,0,36853
2684,"Hochwalt, Tyler",2226,1788,438,36801
2685,"Blandin, Jeremy",0,0,0,36769
2686,"Koll, Helge",0,0,0,36761
2687,"Kok, Ralph",0,0,0,36729
2688,"Falcao, Goncalo",5296,3108,2188,36724
2689,"Raspudic, Franjo",4613,4013,600,36696
2690,"Manegin, Anton",0,0,0,36695
2691T,"Flores, Luis Manuel",0,0,0,36677
2691T,"Mylokostov, Denys",8601,7536,1065,36677
2693,"Doakmaiklee, Weerapat",0,0,0,36652
2694,"Ghorbel, Anis",15665,8948,6717,36631
2695,"Portaluri, Giorgio",1582,690,892,36628
2696,"Smith, Otis",0,0,0,36612
2697,"Moraing, Heiner",0,0,0,36539
2698,"Boye, Maxime",0,0,0,36518
2699,"Imai, Shintaro",19246,13394,5852,36507
2700,"Lopez Cassaccia, Daniel-Alejandro",0,0,0,36506
2701,"Kaza, Vinayak Sharma",2662,1606,1056,36474
2702,"Livraghi, Mattia",0,0,0,36395
2703,"Miron, Marcel-Ioan",271,0,271,36360
2704,"Thomson, Clinton",0,0,0,36350
2705,"Soulie, Serge",0,0,0,36307
2706,"Karimov, Jurabek",12419,10033,2386,36283
2707,"Kalenichenko, Danylo",13517,10007,3510,36281
2708,"Colla, Matteo",0,0,0,36261
2709,"Jansson, Ville",0,0,0,36255
2710,"Drake, Chris",0,0,0,36244
2711,"Van de Zandschulp, Botic",21313,15168,6145,36209
2712,"Xu, Jun-Chao",0,0,0,36167
2713,"Kwon, Chris",0,0,0,36150
2714,"Kellovsky, Dominik",9657,5821,3836,36148
2715,"Cauvard, Simon",0,0,0,36124
2716,"Garcia-Requena, Jose",0,0,0,36094
2717,"Van Beem, Colin",12237,9372,2865,36063
2718,"Fernandez, Jose Antonio",0,0,0,36058
2719,"Theissen, Harald",0,0,0,36019
2720,"Peralta-Tello, Eduardo",1374,468,906,35984
2721,"Touzil, Simon",0,0,0,35841
2722,"Mazza, Edoardo",0,0,0,35821
2723T,"Borsos, Gabor",16392,5030,11362,35748
2723T,"Perez-Perez, Sergio",0,0,0,35748
2725,"Kanar, Jonathan",14730,9996,4734,35739
2726,"Brown, Ricky",0,0,0,35729
2727,"Agar, Ryan",0,0,0,35662
2728,"Galik, Branislav",0,0,0,35635
2729,"Slovic, Aleksander",0,0,0,35556
2730,"Vekemans, Johan",0,0,0,35500
2731,"Burtscher, Roland",0,0,0,35498
2732,"Meniane, Trystan",0,0,0,35381
2733,"Hajji, Abdulla",0,0,0,35376
2734,"Descotte, Matias Franco",13852,9017,4835,35349
2735,"Ochi, Makoto",10672,9626,1046,35284
2736T,"De Bonnevie, Philippe",0,0,0,35246
2736T,"Wiryawan, Bonit",0,0,0,35246
2738,"Kannan, Vijay",0,0,0,35245
2739,"Hasko, Juraj",0,0,0,35128
2740,"Hayes, John",0,0,0,35062
2741,"O'Neille, Matias",0,0,0,35047
2742,"Schonenberg, Tom",4440,1244,3196,34879
2743,"Davidson, James",0,0,0,34863
2744,"Failla, Greg",0,0,0,34837
2745,"Fugate, Marcus",258,258,0,34813
2746,"Siggia, Ricardo",0,0,0,34812
2747,"Papik, Tomas",13646,10314,3332,34787
2748,"Carpen, Alexandru-Daniel",0,0,0,34778
2749,"Pham, Thierry",0,0,0,34754
2750,"Cox, Jordan",1660,0,1660,34721
2751,"Blecha, Jan",0,0,0,34650
2752,"Gavrila, Adrian",0,0,0,34642
2753,"Carril, Esteban",0,0,0,34580
2754,"Viola, Marco",0,0,0,34560
2755,"Freelove, Oliver",0,0,0,34497
2756,"Sels, Jelle",13541,10530,3011,34468
2757,"Zukas, Matias",10529,6701,3828,34460
2758,"Arevalo, Rafael",0,0,0,34441
2759,"Guerrero, Gustavo",0,0,0,34433
2760,"Farquharson, Tom",12007,11809,198,34398
2761,"Custer, Brett",0,0,0,34385
2762,"Jones, G.D.",0,0,0,34371
2763,"Wettengel, Chris",0,0,0,34366
2764,"Chikhladze, Lado",0,0,0,34363
2765,"Chung, Hee-Seok",0,0,0,34345
2766,"Fitzpatrick, Andrew",0,0,0,34312
2767,"Fischer, Holger",0,0,0,34298
2768,"Vacek, Martin",0,0,0,34293
2769,"Giraudo, Alberto",0,0,0,34287
2770,"Barron, Scott",0,0,0,34262
2771,"Della Tommasina, Davide",3623,1924,1699,34227
2772,"Fernandez, Ernie",0,0,0,34167
2773,"Fukui, Tsuyoshi",0,0,0,34083
2774,"Statzberger, Thomas",14898,11937,2961,34082
2775,"Redondi, Emiliano",0,0,0,33970
2776,"Schmolzer, Patrick",0,0,0,33930
2777,"Jomby, Tom",9330,6081,3249,33919
2778,"Massara, Antonio",9773,7443,2330,33907
2779,"Matos Gil, Israel",0,0,0,33860
2780,"Descloix, Dorian",408,258,150,33827
2781,"Sykut, Maciek",0,0,0,33801
2782,"Cassaigne, Julien",0,0,0,33796
2783,"Uppal, Vishal",0,0,0,33728
2784,"de Mesa, Rafael",0,0,0,33725
2785,"Roy , Matthieu",3588,2336,1252,33685
2786,"Gao, Wan",0,0,0,33623
2787,"Kunnap, Mait",0,0,0,33601
2788,"Villacorta-Alonso, Ricardo",0,0,0,33573
2789,"Lee, Seung-Hoon",0,0,0,33511
2790,"Mullner, Philipp",0,0,0,33507
2791,"Ventura-Martell, Ferran",0,0,0,33490
2792,"Bondarenko, Vladislav",0,0,0,33479
2793,"Spencer, Wil",8030,6377,1653,33477
2794,"Sendin, Victor",0,0,0,33461
2795,"Pozdnev, Sergei",0,0,0,33394
2796,"Werner, Ivo",0,0,0,33382
2797,"Carli, Cristian",18849,14704,4145,33285
2798,"Cinkus, Ivan",0,0,0,33271
2799,"Rushby, Tom",0,0,0,33257
2800,"Danilovic, Daniel",0,0,0,33216
2801,"Mladenov, Vasko",4640,2772,1868,33215
2802,"Foxworth, Bruce",0,0,0,33214
2803,"Camarco, Alessandro",0,0,0,33211
2804,"Barrientos, Felix",0,0,0,33202
2805,"Cazes-Carrere, Thomas",0,0,0,33189
2806,"Cornea, Victor Vlad",7184,2170,5014,33170
2807,"Villanueva, Gonzalo",9373,6530,2843,33166
2808,"Ritz, Kresimir",54,0,54,33156
2809,"Duran, Sergi",0,0,0,33135
2810,"May, James",0,0,0,33126
2811,"Munoz-Abreu, Jordi",4033,516,3517,33099
2812,"Aerts, Timothy",0,0,0,33098
2813T,"Fatic, Nerman",8316,6345,1971,33087
2813T,"Snyman, Vaughan",0,0,0,33087
2815,"Shokeen, Vivek",0,0,0,33056
2816,"Geerts, Michael",5119,3735,1384,33045
2817,"Kuchna, Patrice",0,0,0,32999
2818,"Uriarte, Sebastian",0,0,0,32950
2819,"Agabigun, Sarp",15264,8632,6632,32909
2820,"Catarina, Lucas",20144,18785,1359,32867
2821,"Jastraunig, Lukas",0,0,0,32821
2822,"Boruszewski, Jan",0,0,0,32796
2823,"Parker, Al",0,0,0,32734
2824,"Danis, Marko",0,0,0,32664
2825,"Paval, Costin",0,0,0,32597
2826,"O'Brien, Colin",0,0,0,32553
2827,"Parun, Bernard",0,0,0,32551
2828,"Hartman, Alexander",0,0,0,32472
2829,"Frost, Leon",0,0,0,32427
2830,"Van Rijthoven, Tim",0,0,0,32418
2831,"Marfia, Matteo",560,416,144,32417
2832,"Seeberger, Matt",2362,0,2362,32360
2833,"Picco, Agustin",0,0,0,32352
2834,"Mathieu, Julien",0,0,0,32340
2835,"Barber, Bill",0,0,0,32309
2836,"Frank, Mitchell",828,828,0,32255
2837,"Yu, Cheng-Yu",10027,7132,2895,32117
2838,"Amend, Eric",0,0,0,32106
2839,"Fabian, Patrik",1229,1011,218,32042
2840,"Ahouda, Amine",13904,11449,2455,32019
2841,"Uribe, Borja",0,0,0,31931
2842,"Gemouchidis, Paris",0,0,0,31927
2843,"Nensel, Sascha",0,0,0,31912
2844,"Paul, Todd",0,0,0,31907
2845,"Matos, Rafael",14388,9915,4473,31802
2846,"Weis, Christian",0,0,0,31764
2847,"Bocko, Matt",0,0,0,31754
2848,"Vizcaino, Roberto",0,0,0,31748
2849,"Cerdera, Rodrigo",0,0,0,31733
2850,"Rodriguez, Francisco",0,0,0,31717
2851,"Derer, Andrew",0,0,0,31713
2852,"Jaeger, Sebastian",0,0,0,31683
2853,"Frost, Isaac",0,0,0,31652
2854,"Gao, Peng",0,0,0,31607
2855,"Thompson, Adam",0,0,0,31544
2856,"Dilaj, Maciej",0,0,0,31528
2857,"Watanuki, Yosuke",21478,19866,1612,31500
2858,"Kushev, Ilia",0,0,0,31495
2859T,"Cuaz, Julien",0,0,0,31493
2859T,"Pulgar-Garcia, Javier",5536,3768,1768,31493
2861,"Mazon-Hernandez, Rafael",2462,1528,934,31395
2862,"Meigel, Marc",0,0,0,31372
2863,"Vacarezza, Gerardo",0,0,0,31361
2864,"Smith, Matthew",0,0,0,31355
2865,"Insausti, Jean-Noel",0,0,0,31337
2866,"D'Agord, Luigi",0,0,0,31328
2867,"Lochbihler, Stefan",0,0,0,31299
2868,"Kischkewitz, Nicolas",0,0,0,31294
2869,"Isaro, Pruchya",7053,4647,2406,31290
2870,"Peric, Tomislav",0,0,0,31282
2871,"Pino, Juan",0,0,0,31225
2872,"Doria-Medina, Mauricio",0,0,0,31218
2873,"Fidirko, Nikolai",0,0,0,31190
2874,"Syed, Fazaluddin",0,0,0,31184
2875,"Nilsson, Fredrik",0,0,0,31176
2876,"Feaver, James",0,0,0,31174
2877,"Puodziunas, Scott",11310,3727,7583,31164
2878,"Noh, Sang-Woo",4446,2484,1962,31162
2879,"Hodge, Bo",0,0,0,31130
2880,"Frontera, Jose",0,0,0,31089
2881,"Mirad, Gerardo",0,0,0,31088
2882,"Lewis, Haydn",0,0,0,31061
2883,"Merry, Marc",0,0,0,31050
2884,"Urbanija, Mike",3321,3267,54,31030
2885,"Munoz-Bejarano, Mario",0,0,0,30985
2886,"Jeschonek, Florian",0,0,0,30960
2887,"Vasiliadis, Taso",0,0,0,30952
2888,"Morgan, George",0,0,0,30935
2889,"Bujniewicz, Guillermo",0,0,0,30891
2890,"Meuffels, Alban",0,0,0,30883
2891,"Nelson, James",0,0,0,30864
2892,"Torre, Eduardo Agustin",5463,3243,2220,30850
2893,"Menezes, Joao",12832,10556,2276,30795
2894,"Panta, Jorge",4731,3567,1164,30774
2895,"Haerteis, Johannes",8786,5361,3425,30767
2896,"Kiernan, Daniel",0,0,0,30760
2897,"Lenz, Julian",14009,11407,2602,30757
2898,"Sato, Hiroyasu",0,0,0,30755
2899,"Reese, Hunter",9955,312,9643,30742
2900,"Palandjian, Peter",0,0,0,30728
2901,"Statham, Mikal",0,0,0,30708
2902,"Castrichella, Gabrio",0,0,0,30706
2903,"Jayaprakash, Mohit Mayur",4394,3028,1366,30702
2904,"Chung, Yunseong",12500,10750,1750,30671
2905,"Condor, Frank",0,0,0,30659
2906,"Gennaro, Dante",11018,8917,2101,30636
2907,"Martirosyan, Tigran",0,0,0,30558
2908,"Hizak, Mislav",0,0,0,30542
2909,"Jara-Lozano, Nicolas",0,0,0,30538
2910,"Haygarth, Kirk",0,0,0,30535
2911,"Lee, Kuan-Yi",11768,9936,1832,30532
2912,"Becerra, Nicolas",0,0,0,30514
2913,"Jessup, Michael",0,0,0,30448
2914,"Renard, Lucas",2800,1880,920,30443
2915,"Hossam, Youssef",24649,21997,2652,30404
2916,"Deden, Kevin",0,0,0,30394
2917,"Khaddari, Hicham",0,0,0,30318
2918,"Daescu, Andrei",0,0,0,30252
2919,"Domijan, Alexander",0,0,0,30172
2920,"Goransson, Tim",0,0,0,30112
2921,"Jelenic, Petar",0,0,0,30105
2922,"Couillard, Guillaume",0,0,0,30052
2923,"Perez Puigdomenech, Miquel",0,0,0,30044
2924,"Fontaine, Arnaud",0,0,0,30007
2925,"Hong, Seong-chan",8635,7549,1086,30006
2926,"Thompson, Clay",1380,950,430,30004
2927,"Eagle, Charlton",0,0,0,29981
2928,"Puc, Borut",264,156,108,29964
2929,"Janci, Tomas",0,0,0,29938
2930,"Deus, Nuno",11309,6020,5289,29922
2931,"Mridha, Jonathan",12137,10729,1408,29910
2932,"Fancutt, Thomas",9024,6533,2491,29894
2933,"Mezzadri, Stefano",0,0,0,29882
2934,"Ruckelshausen, Richard",0,0,0,29848
2935,"Perez, Rodrigo",0,0,0,29793
2936,"Di Nicola, Gianluca",15572,12112,3460,29749
2937,"Sillanpaa, Henrik",180,0,180,29723
2938,"La Porte, Shane",0,0,0,29649
2939,"Such-Perez, Juan-Miguel",0,0,0,29615
2940,"Pavlioutchenkov, Alexander",6473,312,6161,29595
2941,"Belic, Luka",0,0,0,29579
2942,"Hrebec, Jiri",0,0,0,29559
2943,"Rasberger, Emanuel",0,0,0,29540
2944,"Abdukhalikov, Syrym",0,0,0,29495
2945,"Rosenzweig, Nicolas",930,468,462,29457
2946,"Humbert, Ugo",25168,22330,2838,29454
2947,"Guerses, Gustavo",0,0,0,29421
2948,"Meyer, W.P.",0,0,0,29359
2949,"Hamadeh, Ali",0,0,0,29345
2950,"Steckley, Rob",0,0,0,29301
2951,"Ross, Anthony",0,0,0,29278
2952,"Ning, Yuqing",2492,1626,866,29258
2953,"Carter, Andrew",3359,2675,684,29256
2954,"Benson, Rich",0,0,0,29186
2955,"Gosea, Farris Fathi",6427,2664,3763,29183
2956,"Metenier, Pierre",0,0,0,29172
2957,"Sude, Jakob",12005,7506,4499,29162
2958,"Rudeen, Rick",0,0,0,29158
2959,"Fioravante, Enrico",0,0,0,29151
2960,"Willman, Daniel",0,0,0,29109
2961,"Andersen, Jean",0,0,0,29063
2962,"Polkinghorne, Darren K.",5653,2382,3271,29034
2963,"Wurtzman, Jeremy",0,0,0,29027
2964,"Lorin, Dimitri",0,0,0,29020
2965,"Monedero, Daniel",54,0,54,28988
2966,"Rueb, Andrew",0,0,0,28966
2967,"Goodall, Jason",0,0,0,28921
2968,"Kim, Young Seok",6424,5359,1065,28910
2969,"Torpegaard, Mikael",9253,6763,2490,28865
2970,"Salman, Omar",7469,5753,1716,28848
2971,"Maasdorp, Denys",0,0,0,28846
2972,"Korteling, Steven",0,0,0,28831
2973,"Cho, Min-Hyeok",438,438,0,28793
2974,"Elistratov, Evgeny",0,0,0,28741
2975,"Bahamonde, Francisco",210,156,54,28729
2976,"Goldsteiner, Peter",5783,4793,990,28706
2977,"Zovko, Ivan",0,0,0,28650
2978,"Levine, Andrei",0,0,0,28634
2979,"Pampoulov, Luben",0,0,0,28605
2980,"Sood, Chandril",5584,898,4686,28580
2981,"Piccari, Alessandro",0,0,0,28566
2982,"Escobar, Felipe",210,156,54,28538
2983,"Cleveland, Tyler",0,0,0,28534
2984,"Nikles, Johan",10972,5313,5659,28516
2985,"Klier, David",0,0,0,28507
2986,"Grambow, Ralph",0,0,0,28503
2987,"Nolan, Daniel",12284,7683,4601,28499
2988,"Bodmer, Adrian",20425,15674,4751,28454
2989,"Peranamallur, Vignesh",2922,1296,1626,28434
2990,"Nesticky, Josef",0,0,0,28287
2991,"Holland, Leigh",0,0,0,28260
2992,"Wunner, Matthias",0,0,0,28257
2993,"Khassanov, Roman",10440,8184,2256,28253
2994,"Si, Yew-Ming",0,0,0,28246
2995,"Dogger, Paul",0,0,0,28240
2996,"Neefs, Wim",0,0,0,28227
2997,"Martinez, Bernardo",0,0,0,28220
2998,"Gutierrez, Oscar Jose",10262,7568,2694,28219
2999,"Lewis, Chris",0,0,0,28181
3000,"Razborsek, Nik",5283,4140,1143,28163
3001,"Yanez, Juan-Felipe",0,0,0,28146
3002,"Filipenko, Viktor",7809,5206,2603,28090
3003,"Polyakov, Vladimir",9966,5373,4593,28059
3004,"Spina, Juan-Francisco",0,0,0,28036
3005,"Guenat, Mathieu",0,0,0,28009
3006,"Roshardt, Robin",0,0,0,28008
3007,"Ejupovic, Elmar",13909,12433,1476,27978
3008,"Palme, Milan",0,0,0,27941
3009,"Stegmann, Dirk",0,0,0,27926
3010,"Haviland, Ryan",3686,3686,0,27919
3011,"Ruiz-Rosales, Antonio",1246,832,414,27917
3012,"Roy, Rupesh",0,0,0,27858
3013,"Naor, Amit",0,0,0,27840
3014,"Henry, Ryan",0,0,0,27824
3015,"Huesler, Marc-Andrea",23508,11521,11987,27818
3016,"Crowley, Keith-Patrick",0,0,0,27801
3017,"Yalcinkale, Barkin",0,0,0,27758
3018,"Jacob, Bjorn",0,0,0,27736
3019,"Franklin, Cary",0,0,0,27704
3020,"Short, Matthew",150,0,150,27688
3021,"Luetjen, Jonas",4458,3146,1312,27685
3022,"Galoppini, Davide",13655,11791,1864,27681
3023,"Okamura, Issei",8792,5737,3055,27679
3024,"Bejtulahi, Denis",0,0,0,27653
3025,"Kozyukov, Vitaly",4599,4305,294,27649
3026,"Poljak, David",12034,8708,3326,27617
3027,"Colella, Alessandro",0,0,0,27613
3028,"Kalovelonis, George",0,0,0,27582
3029,"Fuchs, Oliver",0,0,0,27536
3030,"Kyriakos, William",0,0,0,27531
3031,"Santiago, Mico",1144,1000,144,27509
3032,"Falk, Conny",0,0,0,27508
3033,"Nicklisch, Rene",0,0,0,27493
3034,"Stefanini, Jacopo",13484,8965,4519,27459
3035,"Vanneste, Jeroen",11525,8402,3123,27436
3036,"Karagiannis, Niko",0,0,0,27428
3037,"Vukic, Aleksandar",14625,13535,1090,27395
3038,"Negritu, Christoph",9846,7353,2493,27350
3039,"Van Terheijden, Tim",5182,3946,1236,27290
3040,"Kanev, Yordan",0,0,0,27282
3041,"Grigoriu, Patrick",6388,0,6388,27274
3042,"Partl, Adrian",0,0,0,27259
3043,"Rajski, Maciej",9886,9400,486,27257
3044,"Takada, Mitsuru",0,0,0,27246
3045,"Botzer, Bar Tzuf",0,0,0,27229
3046,"Wilson, Glenn",0,0,0,27226
3047,"Man Son Hing, Bruce",0,0,0,27220
3048,"Bezecny, George",0,0,0,27214
3049,"Bianchi, Pablo",0,0,0,27191
3050,"Haylaz, Muhammet",10376,7810,2566,27141
3051,"Velez, Eduardo",0,0,0,27065
3052,"Berta, Daniel",0,0,0,27060
3053,"Stolt, Phil",0,0,0,27035
3054,"Russell, Joseph",0,0,0,27031
3055,"Tsivadze, George",5468,3588,1880,27030
3056,"Suc, Dominik",782,258,524,26997
3057,"Zimmerman, Michael",0,0,0,26982
3058,"Crowe, Joshua",0,0,0,26973
3059,"Ornago, Fabrizio",18047,16094,1953,26965
3060,"Steinberger, Bertram",0,0,0,26964
3061,"Cid Subervi, Roberto",13966,12021,1945,26958
3062,"Van Der Linden, Lennert",2753,2042,711,26952
3063,"Majchrowicz, Adam",1296,468,828,26930
3064,"Verryth, Mark",2190,1560,630,26920
3065,"Urrutia Fuentes, Laslo",4808,3698,1110,26909
3066,"Mas Mascolo, Adria",8276,5442,2834,26798
3067,"Fournerie, Theo",3866,2932,934,26743
3068,"Botti, Kevin",96,0,96,26737
3069,"Griekspoor, Kevin",7053,5352,1701,26730
3070,"Williams, Gareth",0,0,0,26685
3071,"Cousin, Fabien",0,0,0,26682
3072,"Singh, Navdeep",0,0,0,26674
3073,"Brechemier, Thomas",16143,13747,2396,26593
3074,"Soderlund, Carl",5561,5215,346,26572
3075,"Florez, Valentin",1344,696,648,26569
3076,"Redlicki, Martin",6864,5594,1270,26544
3077,"Stevenson, Kelsey",7391,5188,2203,26523
3078,"Barrios Vera, Marcelo Tomas",7524,5239,2285,26522
3079,"El Mehelmy, Ahmed",0,0,0,26515
3080,"Ursu, Vadym",9861,6794,3067,26459
3081,"Gooding, Jay",0,0,0,26453
3082,"Pancaldi, Luca",2746,2062,684,26437
3083,"Swierk, Sebastian",0,0,0,26426
3084,"Fukuda, Sora",19101,15328,3773,26381
3085,"Kopriva, Vit",14025,10425,3600,26351
3086,"Badanov, Dmytro",678,570,108,26311
3087,"Hewitt, Ashley",0,0,0,26299
3088,"Jimenez-Letrado, Marcos",0,0,0,26290
3089,"Devide, Nevio",0,0,0,26277
3090,"Kiss, Sebo",0,0,0,26254
3091,"Henderson, Gary",0,0,0,26241
3092,"Tveit, Erling",0,0,0,26235
3093,"Bernardi, Pedro",4596,0,4596,26196
3094,"Ly, Nam Hoang",14173,11580,2593,26168
3095,"Fago, Matteo",0,0,0,26144
3096,"September, Donavan",0,0,0,26083
3097,"Briaud, Patrick",0,0,0,26077
3098,"Bass, Stephen",0,0,0,26069
3099,"Puget, Adrien",0,0,0,26047
3100,"Sistermans, Djalmar",0,0,0,26015
3101,"Brewer, David",0,0,0,25990
3102,"Nunez, Hugo",0,0,0,25970
3103,"Beust, Alois",0,0,0,25969
3104,"Nakagawa, Naoki",12061,10477,1584,25928
3105,"Fasching, Andreas",0,0,0,25862
3106,"Chang, Eui-Jong",0,0,0,25850
3107,"Demekhine, Sergei",0,0,0,25848
3108,"Stepanek, Alex",0,0,0,25847
3109,"Zeman, Filip",0,0,0,25778
3110,"Klingemann, Chris",0,0,0,25752
3111,"Clark, Chad",0,0,0,25726
3112,"Maiga, Riccardo",4216,3100,1116,25721
3113,"Slobodchikov, Ronald",7999,6955,1044,25709
3114,"Jecan, Mircea-Alexandru",7866,4740,3126,25683
3115,"Martinez, Ignacio",0,0,0,25681
3116,"Richter, Karl",0,0,0,25679
3117,"Lustyk, Jakub",0,0,0,25586
3118,"Monette, Samuel",18654,14681,3973,25578
3119,"Rea, Simon",0,0,0,25566
3120,"Tchoutakian, Maxime",5269,4097,1172,25505
3121,"Klein, Matheson",0,0,0,25487
3122,"Farren, Connor",8789,6072,2717,25482
3123,"Agafonov, Aleksandr",0,0,0,25470
3124,"Chvets, Vitali",0,0,0,25460
3125,"Langvardt, Patrik",0,0,0,25454
3126,"Ferraz, Danilo",0,0,0,25434
3127,"Sborowitz, Matias",0,0,0,25396
3128,"Di Ienno, Damiano",0,0,0,25390
3129,"Molcan, Alex",11778,11037,741,25389
3130,"Miranda, Miguel",90,0,90,25367
3131,"Sabeckis, Gvidas",0,0,0,25356
3132,"Moreno-Negrin, Rafael",0,0,0,25333
3133,"Farcas, Remus",0,0,0,25267
3134,"Abaroa, Enrique",0,0,0,25258
3135,"Pavicevic, Vladimir",0,0,0,25254
3136,"Song, Min-Kyu",3735,2829,906,25218
3137,"Kikuchi, Gengo",3458,2512,946,25214
3138,"Corkery, K.C.",0,0,0,25163
3139,"Menzler, Markus",0,0,0,25141
3140,"Bulis, Mor",11734,9748,1986,25140
3141,"Gonzalez-Jimenez, Abraham",0,0,0,25127
3142,"Simoni, Marco",0,0,0,25113
3143,"Lopez San Martin, Alvaro",2995,2383,612,25094
3144T,"Arsenov, Danila",0,0,0,25092
3144T,"Racz, Christopher",0,0,0,25092
3146,"Hirschmueller, Christian",8090,6854,1236,25064
3147,"Coman, Robert",0,0,0,25056
3148,"Blumenberg, Alex",2531,1508,1023,25031
3149,"Herdoiza, Steve",0,0,0,25019
3150,"Lemercier, Bertrand",0,0,0,24951
3151,"Nejedly, Pavel",7569,6228,1341,24933
3152,"Perret, Loic",5428,3268,2160,24899
3153,"Serrano, Sebastian",0,0,0,24898
3154,"Zverev Sr. , Alexander",0,0,0,24897
3155,"Rodriguez Manzano, Borja",0,0,0,24894
3156,"Belot, Constantin",0,0,0,24868
3157,"Bakalov, Boris Nicola",0,0,0,24857
3158,"Barbu, Adrian",3529,0,3529,24838
3159,"Ribeiro, Rodrigo",0,0,0,24810
3160,"Cha, Bo Ram",0,0,0,24806
3161,"Jandric, Darko",7880,4276,3604,24790
3162,"Oku, Hiromasa",2624,260,2364,24767
3163,"Galkin, Anton",930,726,204,24764
3164,"Ghoneim, Amro",0,0,0,24746
3165,"Porumb, Ciprian Petre",0,0,0,24735
3166,"Makhkamov, Abdul Hamid",0,0,0,24733
3167,"Fynn, Mark",2865,1158,1707,24689
3168,"Kosler, Jiri",0,0,0,24676
3169,"Clayton, Alex",0,0,0,24673
3170,"Caswell, Ned",0,0,0,24660
3171,"Wilder, Vallis",0,0,0,24605
3172,"Ocera, Massimo",0,0,0,24587
3173,"Rosa, Bruno",0,0,0,24579
3174,"Dimov, Valentin",0,0,0,24575
3175,"Burrow, Andrew",0,0,0,24542
3176,"Fielding, Trace",0,0,0,24538
3177,"Chappell, Nick",8070,4305,3765,24513
3178,"Blumberg, William",24225,15795,8430,24509
3179,"Contzler, Bertrand",0,0,0,24501
3180,"Okala, Jules",13869,12699,1170,24459
3181,"Brandao, Filipe",0,0,0,24440
3182,"Kracman, Andrej",0,0,0,24420
3183,"Kocyla, Arkadiusz",0,0,0,24371
3184,"Ocleppo, Julian",13606,7953,5653,24362
3185,"Kokurin, Anton",0,0,0,24346
3186,"Frunza, Nicolae",9654,7602,2052,24344
3187,"Shirato, Hitoshi",0,0,0,24337
3188,"Crepatte, Baptiste",16356,14352,2004,24322
3189,"Platel, Guillermo",0,0,0,24298
3190,"Yaroshenko, Sergei",0,0,0,24230
3191,"McNamara, David",0,0,0,24226
3192,"Fillol, Jaime",0,0,0,24167
3193,"Schneider, Ronnie",13728,10531,3197,24162
3194,"Diaz-Ventura, David",0,0,0,24138
3195,"Irwin, Richard",0,0,0,24098
3196,"Van der Valk, Bas",0,0,0,24078
3197,"Bianchi, Juan Carlos",0,0,0,24075
3198,"Le, Minh",0,0,0,24062
3199,"Kim, Dylan Seong Kwan",1200,984,216,24039
3200,"Katliarov, Pavel",0,0,0,24015
3201,"Drzewiecki, Karol",8456,4068,4388,24013
3202,"Jarc, Rok",96,0,96,23967
3203,"Kolisnyk, Olexiy",15244,10553,4691,23948
3204,"Patael, Ben",9675,9311,364,23923
3205,"Sansonetti, Federico",0,0,0,23909
3206,"Wu, Tung-Lin",15434,13112,2322,23856
3207,"Apostol, Andrei Stefan",6178,3790,2388,23830
3208,"Ortiz, Juan Pablo",0,0,0,23821
3209,"Joncour, Ronan",5310,4184,1126,23817
3210,"Lencina-Ribes, Daniel",0,0,0,23814
3211,"Basham, Mark",0,0,0,23813
3212,"Park, Seung-Kyu",0,0,0,23763
3213,"Bazzica, Gianluca",0,0,0,23754
3214,"Gregorc, Miha",0,0,0,23753
3215T,"Galan, Sat",0,0,0,23724
3215T,"Witt, Alex",0,0,0,23724
3217,"Silverman, Cameron",9067,6649,2418,23625
3218,"Ameal, Juan Ignacio",5268,4008,1260,23620
3219,"Hui, John",0,0,0,23562
3220,"Ford, Ashley",0,0,0,23536
3221,"Givone, Rob",0,0,0,23519
3222,"Emerson, Antony",0,0,0,23515
3223,"Tur, Gonzalo",0,0,0,23500
3224,"Russell, Ryan",0,0,0,23493
3225,"Tabilo, Alejandro",8729,4748,3981,23483
3226,"Dembek, Michal",11637,7474,4163,23482
3227,"Ketola, Lassi",0,0,0,23430
3228,"Fass, Adam",0,0,0,23404
3229,"Zorlu, Ergun",0,0,0,23303
3230T,"Kozin, Victor",0,0,0,23301
3230T,"Salvador-Estepa, David",0,0,0,23301
3232,"Egea, Franco Emanuel",9163,6832,2331,23299
3233,"Scherer, Eric",0,0,0,23271
3234,"Castro, Matias",0,0,0,23238
3235,"Taubert, Patrick",0,0,0,23209
3236,"Smilansky, Igor",13028,11030,1998,23185
3237,"Triska, Karel",0,0,0,23152
3238,"Vasilyev, Ilya",11045,8839,2206,23145
3239,"Froberg, Jonas",0,0,0,23134
3240,"Sridhar, Vinod",54,0,54,23130
3241,"Tokuda, Renta",16126,12774,3352,23106
3242,"Molleker, Rudolf",21684,20381,1303,23098
3243,"Echargui, Moez",15201,12543,2658,23094
3244,"Pereira, Goncalo",0,0,0,23091
3245,"Martins, Eleuterio",0,0,0,23085
3246,"Chile-Fonte, Ricardo",0,0,0,23083
3247,"Lindner, Joel",0,0,0,23077
3248,"Pinto-Silva, Henrique",0,0,0,23070
3249,"Osabnik, Bostjan",0,0,0,23061
3250,"Poole, Robbye",0,0,0,23057
3251,"Auradou, Marc",0,0,0,23051
3252T,"Van't Hof, Erik",0,0,0,23043
3252T,"Xia, Zihao",14125,11035,3090,23043
3254,"Joachim, Mark",0,0,0,22998
3255,"Hilaire, Jonathan",0,0,0,22993
3256,"Seator, Edward",90,0,90,22976
3257,"Igbinovia, Jonathan",0,0,0,22970
3258,"Oradini, Giacomo",0,0,0,22969
3259,"Roche, Charles",0,0,0,22968
3260,"Ma, Ya-Nan",0,0,0,22935
3261,"Brown, Michael",0,0,0,22903
3262,"Di Vuolo, Marco",0,0,0,22859
3263T,"Layne, Justin",0,0,0,22842
3263T,"Moritani, Soichiro",9741,5700,4041,22842
3265,"Vivanco, Juan-Sebastian",0,0,0,22803
3266,"Capecchi, Daniele",3638,2466,1172,22781
3267,"Miyao, Joji",0,0,0,22754
3268,"Bois, Michael",210,156,54,22751
3269,"Garzelli, Francesco",636,312,324,22719
3270,"Maccari, Federico",5980,3338,2642,22702
3271,"Brancaccio, Raul",14407,10082,4325,22685
3272,"Grabul, Dimitar",678,516,162,22673
3273,"Rumler , Robert",0,0,0,22637
3274,"Cole, Sean",0,0,0,22636
3275,"Costa, Charles",0,0,0,22630
3276,"Ben Zvi, Gilad",0,0,0,22614
3277,"Nakic-Alfirevic, Ante",0,0,0,22611
3278,"Arreche, Nicolas Alberto",4722,3462,1260,22609
3279,"Langaskens, Denis",0,0,0,22599
3280,"Leach, Jonathan",0,0,0,22565
3281,"Girault, Gregory",0,0,0,22564
3282,"Chauvin, Julien",0,0,0,22562
3283,"Russi Assumpcao, Eduardo",6088,0,6088,22555
3284,"Sanchez, Rodrigo",0,0,0,22547
3285,"Palacios-Siegenthale, Marcelo",0,0,0,22546
3286,"Yurtacan, Efe",108,0,108,22500
3287,"Neumuller, Ingo",0,0,0,22445
3288,"Wolf, Jeffrey John",13750,13320,430,22420
3289,"Chervyakov, Fedor",0,0,0,22411
3290,"Pfitzner, Gavin",0,0,0,22393
3291,"Puttergill, Calum",7414,4832,2582,22385
3292,"Naumann, Ashley",0,0,0,22360
3293,"Hidalgo, Diego",5849,3618,2231,22306
3294,"Hermansson, Jan",0,0,0,22295
3295,"Monte, Rodrigo",0,0,0,22280
3296,"Couly, Julien",0,0,0,22257
3297,"Doran, John",0,0,0,22247
3298,"Bezeruk, Yuri",0,0,0,22201
3299,"Hildebrand, Tobias",0,0,0,22199
3300,"Fukuda, Katsushi",0,0,0,22169
3301,"Benitez Chavarriaga, Juan Manuel",7562,5807,1755,22168
3302,"Perez-Vazquez, Javier",0,0,0,22130
3303,"Rossi, Eugenio",0,0,0,22110
3304,"Goldengoren, Tal",2433,2433,0,22082
3305,"Rizza, Rylan",0,0,0,22081
3306,"Mendoza, Alejandro",2434,1918,516,22070
3307,"Oliveira, Edvaldo",0,0,0,22065
3308,"Toroman, Nenad",0,0,0,22057
3309,"Tanuma, Ryota",7239,5541,1698,22011
3310,"Pena Lopez, Manuel",10409,8099,2310,22002
3311,"Botha, Dean",0,0,0,21995
3312,"Angelini, Pietro",0,0,0,21971
3313,"Saber, Mohamed",96,0,96,21932
3314,"Figueroa, Pablo",510,260,250,21922
3315,"Hertzog, Rolf",0,0,0,21863
3316,"Kim, Hyun-Joon",1410,156,1254,21860
3317,"Chung, Seong-Yoon",0,0,0,21857
3318,"Hatanaka, Masato",0,0,0,21830
3319,"Benchetrit, Elliot",18754,16602,2152,21825
3320,"Sie, Elbert",0,0,0,21809
3321,"Finnberg, Axel",0,0,0,21769
3322,"Markin, Alexander",0,0,0,21763
3323,"Ramaswami, Ajay",0,0,0,21729
3324,"Konfederak, Kevin",0,0,0,21723
3325,"Andrzejczuk, Adrian",12496,7198,5298,21691
3326,"Vidal Azorin, Jose Fco.",9358,7126,2232,21680
3327,"Grunes, Christian",0,0,0,21677
3328,"Nijaki, Radoslaw",0,0,0,21668
3329,"Shahgholi, Anoosha",156,156,0,21650
3330,"Matic, Nico",156,156,0,21646
3331,"Rossier, Simeon",3836,3130,706,21644
3332,"Rodrigo, Ivan",90,0,90,21616
3333,"Godry, Levente",3419,1504,1915,21610
3334,"Lesch, Andreas",0,0,0,21600
3335,"Burn, Tom",0,0,0,21595
3336,"Sakai, Toshiaki",0,0,0,21582
3337,"Lin, Winston",6644,5726,918,21577
3338,"Baldoni, Alessandro",0,0,0,21575
3339,"Claverie, Carlos",0,0,0,21559
3340,"Brandt, Jan-Ralph",0,0,0,21492
3341,"Elia, Alon",8651,6074,2577,21489
3342,"Gavrilov, Alexey",0,0,0,21468
3343,"Demuynck, Karel",0,0,0,21413
3344,"Ciorcila , Patrick",0,0,0,21406
3345T,"Conocente, Marcos",0,0,0,21405
3345T,"Sorensen, Kevin",0,0,0,21405
3347,"Rios-Benitez, Martin",0,0,0,21372
3348,"Visak, Vilim",0,0,0,21356
3349,"Venero, Americo Tupi",0,0,0,21339
3350,"Schor, James",0,0,0,21319
3351,"Siributwong, Kirati",0,0,0,21298
3352,"Tanizawa, Hidehiko",0,0,0,21269
3353,"Austin, Gonzales",2726,1744,982,21257
3354,"Fernandez, Ruben",0,0,0,21244
3355,"Luchici, Raian",0,0,0,21241
3356,"Hahn, Troy",0,0,0,21215
3357,"Mansouri, Skander",6808,3480,3328,21211
3358,"Lajola, Dennis",0,0,0,21207
3359T,"Escribano, Pablo",0,0,0,21184
3359T,"Mijic, Ivo",0,0,0,21184
3361,"Lebedev, Ilya",0,0,0,21183
3362,"Nesterov, Nikolai",0,0,0,21148
3363,"Ogawa, Atsuo",0,0,0,21134
3364,"Rocha, Diogo",0,0,0,21109
3365,"Battistone, Dann",0,0,0,21106
3366,"Ganiev, Timur",0,0,0,21091
3367,"King, Barry",0,0,0,21058
3368,"Callahan, Hunter",12071,7269,4802,21043
3369,"Bader, Sebastian",1656,0,1656,21018
3370,"Lucassen, Peter",0,0,0,20993
3371,"Trombetta, Ty",1254,930,324,20985
3372,"Giussani, Gaston",0,0,0,20977
3373,"Pfeiffer, Krystian",0,0,0,20974
3374,"Vinsant, Shane",11056,7383,3673,20963
3375,"Berman, Sean",0,0,0,20941
3376,"Capkovic, Peter",0,0,0,20938
3377,"Klegou, Alexis",5271,3254,2017,20925
3378,"Feitt, Franco",5361,3332,2029,20923
3379,"Surreaux, Arthur",366,312,54,20918
3380,"Newport, Ryan",0,0,0,20916
3381,"Goldberg, Dan",0,0,0,20907
3382,"Rybakov, Alex",8918,7576,1342,20883
3383,"Saltz, Danny",0,0,0,20869
3384,"Carvalho, Raony",0,0,0,20852
3385,"Van Duyn, Jacco",0,0,0,20843
3386,"Sterin, Gustavo",0,0,0,20840
3387,"Caracciolo, Daniel",0,0,0,20834
3388,"Fanucci, Pietro",96,0,96,20794
3389,"Appelgren, Daniel",7286,5429,1857,20788
3390,"Tassart, Antoine",0,0,0,20773
3391,"Wiespeiner, Stefan",0,0,0,20762
3392,"Kirrtane, Nitten",0,0,0,20736
3393,"Anderson, Oliver",0,0,0,20735
3394,"Smith, Raleigh",8649,5832,2817,20733
3395,"Djokovic, Djordje",54,0,54,20720
3396,"Kachanovskiy, Vitaliy",366,312,54,20697
3397,"Vitullo, Luciano",0,0,0,20693
3398,"Voljacques, Hugo",11055,6076,4979,20689
3399,"Rovai, Federico",0,0,0,20668
3400,"Sikanov, Alexander",0,0,0,20649
3401,"Sood, Lakshit",4686,0,4686,20641
3402,"Du Randt, Johan",0,0,0,20628
3403,"Blake, Myles",0,0,0,20624
3404,"Anand, Kunal",4410,2522,1888,20622
3405,"Jdi, Mehdi",2092,570,1522,20614
3406,"Vazquez-Valenzuela, Juan",0,0,0,20606
3407,"Crow, Pat",0,0,0,20570
3408,"Rossetti, Ettore",0,0,0,20531
3409,"Sajous, Olivier",0,0,0,20519
3410,"Haybittel, Robert",0,0,0,20517
3411,"Kirkov, Vasil",12521,3665,8856,20493
3412,"Gooch, Damon",2080,1380,700,20480
3413,"Lukacs, Denes",0,0,0,20479
3414,"Ziv, Kobi",0,0,0,20450
3415,"Micolani, Giammarco",0,0,0,20447
3416,"Szczepanik, Piotr",0,0,0,20429
3417,"Chmela, Michal",0,0,0,20425
3418,"Kato, Toshiharu",0,0,0,20417
3419,"Ritschard, Alexander",2513,1607,906,20413
3420,"Koniecko, Bryan",0,0,0,20408
3421,"Cerda, Juan Ignacio",0,0,0,20393
3422,"Al Baloushi, Mahmoud-Nader",0,0,0,20365
3423,"Carpenter, Jack",0,0,0,20334
3424,"Mocci, Stefano",0,0,0,20327
3425,"Gawlowski, Michal",0,0,0,20314
3426,"Chung, Hee-Sung",0,0,0,20278
3427,"Saito, Takashi",3146,2252,894,20274
3428,"Stojisavljevic, Sasa",0,0,0,20231
3429,"Wolters, Ryan",0,0,0,20229
3430,"Araya, Cristian",0,0,0,20204
3431,"Cukierman, Daniel",1054,1000,54,20187
3432,"Bothwell, Peter",8615,5659,2956,20183
3433,"Jecminek, Tomas",0,0,0,20171
3434,"Perez Mota, Mauricio",0,0,0,20158
3435,"Brouwer, Gijs",13597,10856,2741,20151
3436,"Woerner, Paul",9824,8786,1038,20145
3437,"Kwon, Hyung-Tae",0,0,0,20111
3438,"Steele, Saar",360,156,204,20092
3439,"Sanjurjo Hermida, Adam",0,0,0,20086
3440,"Cicenia, Miguel",0,0,0,20074
3441,"Waite, Richard",96,0,96,20066
3442,"Lane, Anthony",0,0,0,20065
3443T,"Barker, Marvin",0,0,0,20036
3443T,"Goh, Steven",366,312,54,20036
3445,"Romero De Avila Senise, Alberto",8272,6624,1648,20004
3446,"Ubiergo, Jordan",2079,1368,711,19964
3447,"Rainey, Nick",0,0,0,19913
3448,"Alvarez-Guzman, Mauricio",762,312,450,19895
3449,"Simpson, Matt",0,0,0,19880
3450,"Ivanov, Simeon",0,0,0,19855
3451,"Kekercheni, Filipp",4293,2800,1493,19852
3452,"Klein, Tobias",0,0,0,19838
3453,"Klein, Lukas",14180,11768,2412,19837
3454,"Koeck, Tobias",0,0,0,19819
3455,"Szmigiel, Mateusz",0,0,0,19797
3456,"Nunez, Victor",3411,2541,870,19772
3457,"Lu, Hao",0,0,0,19767
3458,"Maresca, Santiago",7518,5061,2457,19760
3459,"Medem, Stephan",0,0,0,19754
3460,"Curry, Brendan",0,0,0,19675
3461,"Courtney, Drew",0,0,0,19673
3462,"Lammons, Nathaniel",12922,3346,9576,19660
3463,"Carvallo, Paulo",0,0,0,19655
3464,"Herr, Howard",0,0,0,19629
3465,"Dzhavakian, Yurii",9105,6791,2314,19564
3466,"Koscielski, Paul",0,0,0,19550
3467,"Lazarov, Alexandar",12292,11235,1057,19528
3468,"Grin, Thierry",0,0,0,19513
3469,"Widhiyanto, Febi",0,0,0,19505
3470,"Oliveira, Carlos",0,0,0,19493
3471,"Feng, He",2716,936,1780,19483
3472,"Piacentile, Jean-Marc",0,0,0,19478
3473,"Varga, Robert",0,0,0,19466
3474,"Dome, Andre",360,0,360,19448
3475,"Estivariz, Mauricio",0,0,0,19444
3476,"Aniola, Filip",0,0,0,19407
3477,"Kahlke, Jannis",6464,3180,3284,19342
3478,"Vaks, Mikhail",0,0,0,19315
3479,"Alcantara, Francis Casey",9241,3876,5365,19314
3480,"Rovetta, Luca",0,0,0,19298
3481,"Lamble, John",7610,5526,2084,19278
3482,"Zhang, Yu",0,0,0,19274
3483,"Paiz, Cristian",0,0,0,19262
3484,"Green, Warren",0,0,0,19258
3485,"Molina, Emanuele",0,0,0,19216
3486,"Liu, Siyu",1526,0,1526,19192
3487,"Stratling, Marc-Andre",0,0,0,19171
3488,"Thomas, Kiantki",0,0,0,19167
3489,"Mirzadeh, Hamid",0,0,0,19145
3490,"Moeller, Marvin",7192,6673,519,19140
3491,"Ribeiro Navarrete, Samuel",314,260,54,19110
3492,"Vandewiele, Olivier",0,0,0,19070
3493T,"Honey, Charles",0,0,0,19055
3493T,"Turek, Jerry",0,0,0,19055
3495,"Surchenko, Dmitry",1158,780,378,19053
3496,"Bauvy, Romain",4611,3372,1239,19052
3497,"Masar, Juraj",2186,2000,186,19050
3498,"Mcnally, John",6899,5595,1304,19043
3499,"Martinez-Comet, Carlos",0,0,0,19041
3500,"Gisbert Sr, Juan",0,0,0,19030
3501T,"Klymenko, Vladyslav",0,0,0,19020
3501T,"Rodriguez-Sanchez, Oscar",0,0,0,19020
3503,"Lemos, Felipe",0,0,0,19009
3504,"Onishi, Ken",7272,6112,1160,18994
3505,"Apostol, Bogdan Ionut",7355,5038,2317,18972
3506,"Luque-Velasco, David",0,0,0,18941
3507,"Mitjana, Leny",13266,11676,1590,18920
3508,"Gengel, Marek",14292,9425,4867,18905
3509,"Markovic, Goran",6399,3804,2595,18897
3510,"Saraiva, Bernardo",11735,6560,5175,18871
3511,"Beros, Ivan",0,0,0,18869
3512,"Delaney, Jake",7443,5035,2408,18863
3513,"Sichez, Romain",54,0,54,18860
3514,"Moore, Brendon",420,260,160,18858
3515,"Ratniuk, Maxim",6555,4793,1762,18855
3516,"Gotti, Matteo",0,0,0,18847
3517,"Fermosell Delgado, Jaime",9671,7698,1973,18812
3518,"Illingworth, Matthew",0,0,0,18789
3519,"Wagner, Bastian",3474,3420,54,18786
3520,"Lopes, Helder",0,0,0,18783
3521,"Qiu, Zhuoyang",1800,950,850,18777
3522,"Blake, Ryan",0,0,0,18771
3523,"Styslinger, Mac",0,0,0,18768
3524,"Nema, Patrik",13124,10725,2399,18757
3525,"Melchiorre, Davide",744,0,744,18742
3526,"Anderson, Roger",0,0,0,18735
3527,"Ison, David",0,0,0,18719
3528,"Kasiri, Miles",0,0,0,18712
3529,"Leonjuk, Sergei",0,0,0,18689
3530,"Stouff, Vincent",0,0,0,18684
3531,"Marco-Ripoll, Marc",0,0,0,18669
3532,"Escobar, Idio",0,0,0,18636
3533,"Chrysochos, Petros",3720,3720,0,18635
3534T,"Kirtane, Sandeep",0,0,0,18602
3534T,"Vilen, Tero",320,0,320,18602
3536T,"Ramos, Olivier",0,0,0,18601
3536T,"Zeile, Magnus",0,0,0,18601
3538,"Jorda Sanchis, David",11289,8323,2966,18570
3539,"Karatchenia, Andrei",0,0,0,18569
3540,"Puncec, Frank",0,0,0,18567
3541,"Di Meo, Giulio",454,0,454,18566
3542,"Oresic, Goran",0,0,0,18532
3543,"Stalhandske, Thomas",0,0,0,18528
3544,"Kuncik, Jan",0,0,0,18496
3545,"Zornosa , Steffen",0,0,0,18491
3546,"Pini, Sebastian Exequiel",0,0,0,18479
3547,"Lawson, Alex",11862,0,11862,18432
3548,"Susanto, David Agung",3054,2220,834,18410
3549,"Yamasaki, Jumpei",7571,5927,1644,18400
3550,"Lami, Sebastien",0,0,0,18396
3551,"Ross, Brett",0,0,0,18390
3552,"Harris, Billy",11448,8643,2805,18389
3553,"Van Uffelen, Denis",0,0,0,18359
3554,"Barranco Cosano, Javier",14571,10448,4123,18335
3555,"Eriksson, Robert",0,0,0,18315
3556,"Wintermantel, Frank",0,0,0,18287
3557,"Kiyamov, Timur",6675,4911,1764,18274
3558,"De Sousa, Gilles",54,0,54,18257
3559,"De Wet, Henri",0,0,0,18254
3560,"Khotkov, Oleg",9609,7353,2256,18250
3561,"Mihailovic, Dusan",0,0,0,18239
3562,"Babalola, Abdul-Mumin",440,260,180,18234
3563,"Volfson, David",3817,2843,974,18194
3564,"Rhode, Stephan",0,0,0,18181
3565,"Wang, Aoran",4514,2004,2510,18170
3566,"Shatskiy, Ilia",0,0,0,18161
3567,"Waern, Fredrik",0,0,0,18123
3568,"Furness, Evan",11883,10308,1575,18113
3569,"Norfeldt, Henrik",0,0,0,18097
3570,"Casey, Owen",0,0,0,18088
3571,"Roy-Girardi, Marcos",0,0,0,18063
3572,"Nagao, Katsuki",3372,1008,2364,18059
3573,"Vocel, Matej",9213,4732,4481,18055
3574,"Fragoso, Bruno",0,0,0,18037
3575,"Canovas, Pedro",0,0,0,18035
3576,"Davidovich Fokina, Alejandro",13293,12683,610,18026
3577,"Riha, Pavel",0,0,0,18011
3578,"Serpa-Guinazu, Rafael",0,0,0,17977
3579,"Espasandin, Joss",0,0,0,17944
3580,"Hlawaty, Mark",0,0,0,17940
3581,"Vargas-Aboy, Alejandro",0,0,0,17932
3582,"Sigouin, Benjamin",11779,10333,1446,17929
3583,"Hanlin, Matthew",0,0,0,17919
3584,"Nealon, Billy",0,0,0,17904
3585,"Ilic, Luka",672,468,204,17890
3586,"Galli, Matteo",0,0,0,17884
3587,"Svensson, Stefan",0,0,0,17862
3588,"Cavallero, Federico",0,0,0,17857
3589,"Nisker, Andrew",0,0,0,17836
3590,"Patel, Kamil",0,0,0,17831
3591,"Cao, Zhaoyi",2432,2122,310,17830
3592,"Criswell, Wynn",0,0,0,17821
3593,"Ochiai, Guilherme",0,0,0,17796
3594,"Stiegler, Helmar",0,0,0,17781
3595T,"Bayet, Baptiste",0,0,0,17772
3595T,"Mayer Tischer, Peter",0,0,0,17772
3597,"Shortall, James",0,0,0,17765
3598,"Chettar, Medy",0,0,0,17757
3599,"Caruana, Liam",14914,13318,1596,17737
3600,"Schulz, Dominik",0,0,0,17736
3601,"Schutt, Leon",0,0,0,17726
3602,"Tuckfield, Josh",0,0,0,17712
3603,"De Schepper, Joffrey",4204,3054,1150,17678
3604,"Magyary, Chris",0,0,0,17677
3605,"Palmanshofer, Christoph",0,0,0,17650
3606T,"Maher, Jarryd",0,0,0,17633
3606T,"Montes De Oca, Daniel",0,0,0,17633
3608,"Kennedy, Chris",0,0,0,17615
3609,"Nastasi, Ugo",0,0,0,17606
3610,"Beran, Martin",3500,2204,1296,17603
3611,"Reichelt, Timon",0,0,0,17602
3612,"Fleming, David",1748,1400,348,17579
3613,"Gray, Jonathan",11808,9978,1830,17570
3614,"Pelikan, Jiri",0,0,0,17550
3615,"Zarski, Jedrzej",0,0,0,17514
3616,"Mohazebnia, Mohammed",0,0,0,17511
3617,"Weston, Brad",0,0,0,17499
3618,"Daruich, Rodolfo",0,0,0,17498
3619,"Wagh, Akash",0,0,0,17494
3620,"Klinger, Matt",0,0,0,17487
3621T,"Olivares, Jose",6139,4280,1859,17469
3621T,"Wilborts, Eric",0,0,0,17469
3623,"Madaras, Dragos Nicolae",8894,5664,3230,17455
3624,"Matsushita, Akira",0,0,0,17428
3625,"Kang, Byung-Kook",0,0,0,17426
3626,"Matheu, Stephane",0,0,0,17401
3627,"Olin, Robin",0,0,0,17381
3628,"Dougaz, Aziz",7728,5366,2362,17364
3629,"Cortes Alcaraz, Aaron",5802,4296,1506,17360
3630,"Buffington, Brett",0,0,0,17342
3631,"Boehler, Dominik",7664,7310,354,17330
3632,"Johns, Collin",3330,2640,690,17326
3633,"Yancey, John",0,0,0,17310
3634,"Torres, Ruben",0,0,0,17303
3635,"Hoyt, Evan",1320,1266,54,17279
3636T,"Kushakov, Alexandr",0,0,0,17276
3636T,"Lanyi, Andras",0,0,0,17276
3638,"Kadchapanan, Nuttanon",1221,0,1221,17259
3639,"Biljesko, Domagoj",8721,5796,2925,17256
3640,"Foster, MarQuiestro",0,0,0,17255
3641,"Walkow, Szymon",6636,2564,4072,17242
3642,"Eros, Tal",0,0,0,17216
3643,"Sanna, Tommaso",0,0,0,17191
3644,"Tattermusch, Andreas",0,0,0,17175
3645,"Suluoglu, Sefa",4836,2908,1928,17168
3646,"Martin, Angel Jose",0,0,0,17167
3647,"Wattanakul, Pol",3173,2621,552,17141
3648,"Mori, Toshitsugu",0,0,0,17136
3649,"Thurner, David",0,0,0,17125
3650,"Lodder, Jan-Willem",0,0,0,17111
3651,"Osama, Mazen",4272,3240,1032,17100
3652,"Dracos, Benjamin",0,0,0,17094
3653,"Gomez-Barrio, Sergio",0,0,0,17077
3654,"Pollock, Conor",0,0,0,17046
3655,"Kotov, Pavel",13044,11772,1272,17043
3656,"Buscaglione, Cyril",0,0,0,17040
3657,"Ollivier-Baquero, David",0,0,0,17035
3658,"De Fays, Frederic",0,0,0,17023
3659,"Propst, Bjorn",0,0,0,17019
3660,"Lee, Chul-Hee",0,0,0,17016
3661,"Ayap, Sagadat",3860,1848,2012,17008
3662,"Thomas, Danny",15015,3746,11269,17003
3663,"Mensurado, Vasco",0,0,0,16996
3664,"Caldas, Egberto",0,0,0,16995
3665,"Ho, Chih-Jen",260,260,0,16990
3666,"Hu, Nicholas S.",12918,9614,3304,16959
3667,"Villeneuve, Charly",0,0,0,16953
3668,"Luisi, Alessandro",5152,4462,690,16908
3669,"Langre, Daniel",0,0,0,16888
3670,"Llompart, Alex",0,0,0,16877
3671,"Rodriguez Taverna, Santiago Fa",9064,6839,2225,16846
3672,"Kumar, Ashwin",0,0,0,16827
3673,"Leppen, Dirk",0,0,0,16823
3674,"Papasidero, Lorenzo",90,0,90,16819
3675,"To, David",0,0,0,16796
3676,"Kauer, Nicolas Gustavo",0,0,0,16790
3677T,"Ofner, Patrick",0,0,0,16787
3677T,"Raturandang, Andrian",0,0,0,16787
3679,"Beale, Jeremy",6924,5146,1778,16777
3680,"Kruk, Vladimir",0,0,0,16773
3681,"Portmann, Leandro",0,0,0,16700
3682,"Segodo, Arnaud",0,0,0,16691
3683,"Fono, Laszlo",0,0,0,16688
3684,"Abdelnour, Marc",0,0,0,16666
3685,"Malo, Borja",0,0,0,16658
3686,"Platenik, Vladimir",0,0,0,16656
3687,"Perez, Dario",0,0,0,16655
3688,"Yessenbekov, Serizhan",0,0,0,16653
3689,"Moroni, Gian Marco",9027,6103,2924,16646
3690,"Bosse, Dick",0,0,0,16567
3691,"Somogyi, Alexander",0,0,0,16565
3692,"Ciszek, Michal",0,0,0,16551
3693,"Zarichanskyy, Daniil",9546,5325,4221,16548
3694,"Silva, Matias",0,0,0,16540
3695,"Sultanov, Khumoyun",5553,4653,900,16517
3696,"Brukner, Igor",0,0,0,16516
3697,"Franco, Francisco",0,0,0,16513
3698,"Lopez-Fabero, Gonzalo",0,0,0,16506
3699,"Knapp, Roger",0,0,0,16483
3700,"Oliveira, Marlon",0,0,0,16475
3701,"Brunstrom, Jesper",0,0,0,16455
3702,"Thomas, Andrew",0,0,0,16454
3703,"Davydov, Ivan",7309,5036,2273,16452
3704,"Castellan, Carlos",0,0,0,16445
3705,"Shults, Peter",0,0,0,16442
3706,"Campo, Antonio",1060,846,214,16421
3707,"Idoko, Candy",0,0,0,16414
3708,"Stoehr, Daniel",0,0,0,16411
3709,"Joelson, Brett",0,0,0,16409
3710,"Borza, Bogdan",6820,5582,1238,16408
3711,"Eichenberger, Patrick",0,0,0,16391
3712,"Verbeek, Sem",12536,5988,6548,16384
3713,"Koderisch, Christopher",0,0,0,16371
3714,"Kohen, Alan",3282,2478,804,16369
3715,"Goncalves, Vasco",0,0,0,16361
3716,"Maynard, Victor",0,0,0,16349
3717,"Martinez, Gerardo",0,0,0,16345
3718,"Coupland, George",0,0,0,16336
3719,"Takeshima, Shunrou",4125,2174,1951,16314
3720,"Lesske, Daniel",0,0,0,16313
3721,"Semenzato, Bruno",0,0,0,16310
3722,"Rios, Juan",0,0,0,16302
3723,"Bailey, Joel",0,0,0,16298
3724,"Fernandez, Dane",0,0,0,16285
3725,"Garcia-Roman, Marc",216,0,216,16254
3726,"Podzus, Janis",516,258,258,16251
3727,"Belcher, Kelvin",0,0,0,16247
3728,"Abdullahi, Sadiq",0,0,0,16227
3729T,"Nekic, Tim",0,0,0,16220
3729T,"Peranec, Gordan",0,0,0,16220
3731,"Wijnmalen, Boy",0,0,0,16207
3732,"Pramono, Hendri Susilo",0,0,0,16203
3733,"Al-Khulaifi, Nasser-Ghanim",0,0,0,16201
3734,"Malouli, Laurent",0,0,0,16166
3735,"Messmer, Thomas",0,0,0,16159
3736,"Hiltzik, Aron",6875,4834,2041,16153
3737,"Fulford-Jones, Amadeus",0,0,0,16147
3738,"Zaatini, Jicham",0,0,0,16138
3739,"Marzenell, Gerald",0,0,0,16134
3740,"Mugabe, Duncan",54,0,54,16131
3741,"Armellini, Marco",0,0,0,16129
3742,"Ramos, Lenoir",0,0,0,16102
3743,"Prader, Patrick",864,774,90,16088
3744,"Kishi, Ryota",2782,2128,654,16082
3745,"Frawley, James",8258,6634,1624,16070
3746,"Weidinger, Dominic",2724,2358,366,16066
3747,"Chafai, Jalal",0,0,0,16060
3748T,"Kapogiannis, Charalampos",156,156,0,16046
3748T,"Soriano, Alberto",0,0,0,16046
3750,"Di Feo, Hugo",2898,1218,1680,16014
3751,"Daciek, Patrick",2352,1608,744,16007
3752,"Pollanen, Herkko",0,0,0,15998
3753,"Kwinta, Krzysztof",0,0,0,15994
3754,"Dias, Marcos Vinicius",0,0,0,15993
3755,"Kukal, Roman",0,0,0,15991
3756,"Castellanos, Carlos",0,0,0,15982
3757,"Ludlow, James",0,0,0,15973
3758,"Uhlig, Daniel",0,0,0,15938
3759,"Bobrov, Bogdan",9027,6338,2689,15913
3760,"Albertsson, Patrik",0,0,0,15890
3761,"Cunha-Silva, Felipe",6126,1728,4398,15884
3762,"Barba, Martin",0,0,0,15869
3763,"Wang, Aoxiong",2354,1976,378,15850
3764,"Brostowicz, Richard",0,0,0,15846
3765,"Filin, Pavel",2211,1761,450,15837
3766,"Cvetkovic, Dejan",0,0,0,15821
3767,"De Goeijen, Bobbie",512,416,96,15813
3768,"Kadhe, Arjun",8352,6726,1626,15806
3769,"Fluitt, Marcus",0,0,0,15783
3770,"Fiala, Daniel",0,0,0,15775
3771,"Romanazzi, Juan-Manuel",0,0,0,15771
3772T,"Bergmann, Eduardo",0,0,0,15754
3772T,"Zheng, Wei Qiang",2440,1560,880,15754
3774,"Chidzikwe, Genius",0,0,0,15748
3775,"Silva, Marc",0,0,0,15709
3776,"Shiraishi, Shozo",0,0,0,15703
3777,"Liu, Tai-Wei",0,0,0,15686
3778,"Ollert, Lukas",10030,7589,2441,15641
3779,"Navasirisomboon, Jirat",5709,3426,2283,15637
3780,"Mitchell, Stephen",0,0,0,15635
3781,"Oberleitner, Michael",0,0,0,15584
3782T,"Khan, Aqeel",0,0,0,15558
3782T,"Kohlloeffel, Benjamin",0,0,0,15558
3782T,"Sornbutnark, Warit",880,520,360,15558
3785,"Paris, Alberto",0,0,0,15541
3786,"Isaak, Donnie",0,0,0,15534
3787,"Chernov, Artur",0,0,0,15525
3788,"O'Neal, Justin",0,0,0,15513
3789,"Kogan, Michael",0,0,0,15507
3790,"Giers, Fredrik",0,0,0,15505
3791,"Marcondes, Igor",7583,5075,2508,15501
3792,"Eames, Jake",0,0,0,15495
3793,"Cubas, Diego",0,0,0,15487
3794,"Masencamp, Marius",0,0,0,15475
3795,"Zavala, Joshua",0,0,0,15467
3796,"Yonezawa, Toru",0,0,0,15463
3797T,"Behrmann, Matthew",0,0,0,15459
3797T,"Ozer, Mark",0,0,0,15459
3799,"Lee, Jea Moon",6664,3553,3111,15452
3800,"Mello, Henrique",0,0,0,15440
3801,"Van Den Daele, Thierry",0,0,0,15436
3802,"Arlidge, Burnham",0,0,0,15434
3803,"Susnjak, Teo",0,0,0,15429
3804,"Handoyo, Peter",0,0,0,15420
3805,"Polyak, Frantisek",0,0,0,15413
3806,"Chu, Jonathan",0,0,0,15403
3807,"Sousa, Tiago",0,0,0,15397
3808,"Sontag, Gavin",0,0,0,15372
3809,"Popyrin, Alexei",11726,10676,1050,15368
3810,"Turchetti, Nicolo",8402,6263,2139,15350
3811,"Ruepke, Lukas",4597,3925,672,15346
3812,"Venturino, Thibault",2521,986,1535,15343
3813,"Chicoine, Tom",0,0,0,15339
3814,"Ndayishimiye, Hassan",0,0,0,15333
3815,"Biktyakov, Rifat",0,0,0,15324
3816,"Lam, Christopher",0,0,0,15322
3817,"Tashi, Vullnet",4922,3742,1180,15314
3818,"Foronda-Bolanos, Javier",0,0,0,15295
3819,"Merino, Alexander",4770,2022,2748,15274
3820,"Bolanu, Teodor",0,0,0,15271
3821,"Ziwar, Marwan",0,0,0,15268
3822,"Petit, Gabriel",6928,5161,1767,15266
3823,"Gullett, Kelly",0,0,0,15260
3824,"Smotlak, Roman",0,0,0,15254
3825,"Roberts, Andrew",0,0,0,15243
3826,"Fawcett, Tom",6116,4480,1636,15240
3827,"Samuelsson, Robert",0,0,0,15232
3828,"Do, Minh-Quan",0,0,0,15208
3829,"Betencourt, Fabrice",0,0,0,15205
3830,"Johnson, Eric",3734,3638,96,15198
3831,"Addison, Aaron",4045,2454,1591,15196
3832,"Aarts, Peter",0,0,0,15183
3833,"Choi, Dong-Whee",0,0,0,15174
3834,"Portal, Eduardo",0,0,0,15155
3835,"Giurgiu, Ilie-Aurelian",0,0,0,15147
3836,"Rivera, Sebastian",108,0,108,15142
3837,"Raab, Demian",420,258,162,15137
3838,"Juneau, Isade",270,0,270,15108
3839,"Brill, Keith",0,0,0,15102
3840,"Seol, Jae-Min",2268,1266,1002,15100
3841,"Patrombon, Jeson",1662,1296,366,15054
3842T,"Dyachok, Nickolai",0,0,0,15052
3842T,"Mirtea, Dragos Cristian",0,0,0,15052
3844,"Kremer, Gilles",0,0,0,15049
3845,"Vanderveeren, Gunther",0,0,0,15022
3846,"Feeder, Kean",0,0,0,15018
3847,"Musil, Adolf",0,0,0,15012
3848,"Dumanic, Josip",0,0,0,14987
3849,"Della Piana, Sandro",0,0,0,14972
3850,"Kass, David",0,0,0,14970
3851,"Mcmorrow, Kyle",0,0,0,14933
3852,"Thivant, Yannick",1538,430,1108,14922
3853,"Storrie, Ryan James",13310,12344,966,14920
3854,"Cammarata, Alberto",1340,1190,150,14918
3855,"Buchhass, Tomas",0,0,0,14909
3856,"Pinheiro, Andre",0,0,0,14902
3857,"Helgeson, Travis",0,0,0,14901
3858,"Swinnen, Sven",0,0,0,14864
3859,"Hedman, Jon",0,0,0,14845
3860,"Khotulev, Stepan",0,0,0,14840
3861,"Young, Ryan",0,0,0,14831
3862,"Miyazaki, Yasuo",0,0,0,14827
3863,"Wietoska, Torsten",0,0,0,14804
3864,"Ovil, Orel",5982,4432,1550,14801
3865,"Kerley, Joel",0,0,0,14799
3866,"Blanch, Ulises",12807,12315,492,14798
3867,"Harajchi, Aria",4320,3480,840,14795
3868,"Ceppo, Andres",0,0,0,14781
3869T,"Bavelas, Tasos",0,0,0,14780
3869T,"Munoz, Javier",0,0,0,14780
3871,"Groll, Teri",0,0,0,14764
3872,"Allen, Malcolm",0,0,0,14760
3873,"Blair, David",0,0,0,14750
3874,"Steel, Bruce",0,0,0,14742
3875,"Bendre, Anvit",3168,1038,2130,14736
3876,"Merenstein, Boaz",0,0,0,14727
3877T,"Bendeck, Jose Daniel",2431,416,2015,14724
3877T,"Niklas-Salminen, Patrik",5087,2836,2251,14724
3879,"Guevara, Alessandro",0,0,0,14704
3880,"Holmstrom, Rickard",0,0,0,14703
3881,"Zgombic, Fran Zvonimir",7642,5236,2406,14701
3882,"From, Keith",0,0,0,14685
3883,"Thornadtsson, Per",0,0,0,14676
3884T,"Barker, Richard",0,0,0,14671
3884T,"Spracklin, Trevor",0,0,0,14671
3886,"Brtnicky, Filip",1362,984,378,14657
3887,"Hanak, Rene",0,0,0,14644
3888,"Kopinski, Tim",3195,1090,2105,14629
3889,"Root, Doug",0,0,0,14605
3890T,"Phillips, Trey",0,0,0,14590
3890T,"Smith, Austin",0,0,0,14590
3892,"Outaleb, Khalid",0,0,0,14581
3893,"Rios, Felipe",0,0,0,14571
3894,"Kotchetkov, Dmitri",0,0,0,14532
3895,"Mottram, Buster C.",0,0,0,14500
3896,"Alexiou, Lefteris",0,0,0,14489
3897,"Ramirez, Sergio",0,0,0,14487
3898,"Chu, Daniel",0,0,0,14485
3899,"Korovin, Mikhail",8761,7053,1708,14484
3900,"Trendafilov, Petar",0,0,0,14479
3901,"Cabral, Francisco",9377,5249,4128,14455
3902,"Agazzi, Andrea",236,0,236,14445
3903,"Marchegiani, Jacopo",150,0,150,14441
3904,"Bava, Haadin Salim",7406,6220,1186,14426
3905,"Utzinger, Dominik Guido",0,0,0,14419
3906,"Filima, Mikhail",0,0,0,14416
3907,"Hedayet, Omar",0,0,0,14383
3908,"Bartonek, Martin",0,0,0,14381
3909,"Calvelli, Massimo",0,0,0,14375
3910,"Schnugg, Nathaniel",0,0,0,14374
3911,"Dierckx, Marco",0,0,0,14362
3912,"Gregory, Andrew",0,0,0,14357
3913,"Reed, Anderson",1302,0,1302,14354
3914,"Ebrahimzadeh, Benjamin",0,0,0,14351
3915,"Stanica, Victor",0,0,0,14342
3916,"Maria, Charles-Edouard",0,0,0,14335
3917T,"Nunes, Jose-Ricardo",108,0,108,14332
3917T,"Wendler, Daniel",0,0,0,14332
3919,"Zguns, Adrians",0,0,0,14315
3920,"McCarthy, Devin",0,0,0,14303
3921T,"Shipilov, Sergey",0,0,0,14274
3921T,"Yatsyk, Yahor",1278,726,552,14274
3923,"Carter, Guillermo",0,0,0,14272
3924,"Martinez, Pablo",0,0,0,14266
3925,"Steiner, Christoph",0,0,0,14256
3926,"Walker, Michael",0,0,0,14246
3927T,"Dekel, Or",0,0,0,14227
3927T,"Flego, Igor",0,0,0,14227
3929,"Vernier, Michel",3856,3028,828,14223
3930,"Piro, Stephane",0,0,0,14216
3931,"Thron, Aljoscha",0,0,0,14213
3932,"Dalla Valle, Enrico",7433,5126,2307,14188
3933,"Zerbini, Pedro",0,0,0,14183
3934,"Tiwari, Abhijeet",0,0,0,14168
3935,"Papa, Spencer",8980,730,8250,14164
3936,"Steinberger, Peter",0,0,0,14161
3937,"Maigret, Julien",0,0,0,14157
3938,"Rowe, Ryan",0,0,0,14156
3939,"Karanashev, Andemir",0,0,0,14152
3940,"Rico, Pedro",0,0,0,14147
3941,"Martinovic, Nikola",0,0,0,14142
3942,"Paris, Joshua",5906,4684,1222,14125
3943,"Meringoff, Todd",0,0,0,14123
3944,"Arnold, Mitty",0,0,0,14117
3945,"Gojo, Borna",8187,7451,736,14105
3946,"Matute, Juan Manuel",0,0,0,14090
3947,"Bedene, Andraz",0,0,0,14085
3948,"Moreno Figueroa, Alejandro",0,0,0,14063
3949,"Wiesler, Andre",0,0,0,14058
3950,"Cruz, Diogo",0,0,0,14054
3951,"Onken, Julian",5271,4011,1260,14049
3952,"Varsanyi, Michal",0,0,0,14040
3953,"Mashiach, Almog",0,0,0,14038
3954,"Oakley, Keelan",306,156,150,14032
3955,"Martinez, Sandor",0,0,0,14022
3956,"Miyazaki, Masatoshi",0,0,0,14020
3957,"Cooper, Jonathon",0,0,0,14014
3958,"Conkic, Petar",1611,1038,573,14001
3959,"Sadovich, Sanjin",0,0,0,14000
3960,"Baltensperger, Raphael",8832,7565,1267,13992
3961,"Wibowo, Sulistyo",0,0,0,13986
3962,"Rebolledo, Marcelo",0,0,0,13985
3963,"Ede, Simon",0,0,0,13933
3964,"Majsajdr, Lubomir",182,0,182,13925
3965,"Blasko, Martin",720,570,150,13923
3966,"Tatomir, Luca George",2052,1364,688,13914
3967,"Frick, Eduardo",0,0,0,13912
3968,"Starkov, Ilia",0,0,0,13908
3969,"Alcorta-Olarra, Guillermo",0,0,0,13897
3970,"Tudoreanu, Roman",0,0,0,13895
3971,"Alberti, Leonel",0,0,0,13878
3972,"Roberts, Matthew",0,0,0,13856
3973,"Guinard, Manuel",8849,6909,1940,13843
3974,"Wawra, Reinhard",0,0,0,13829
3975,"Carleton, Reid",0,0,0,13828
3976,"Banus-Sado, Alberto",0,0,0,13825
3977,"Schnitman, Alexandre",0,0,0,13812
3978,"Prihodko, Oleg",8791,4378,4413,13807
3979,"Blomgren, Tobias",0,0,0,13805
3980T,"Abougzir, Ytai",0,0,0,13788
3980T,"Herrera-Eguiluz, Javier",0,0,0,13788
3982,"Dubinski, Artur",0,0,0,13785
3983,"Parr, Cory",350,260,90,13762
3984,"Patten, Darren",0,0,0,13760
3985,"Lazar, Alexandru-Raul",0,0,0,13750
3986,"Garcia-Rodriguez, Jose-Manuel",0,0,0,13743
3987,"Gschwend, Demian",54,0,54,13741
3988,"Rosa, Leandro",0,0,0,13707
3989,"Abrams, Geoff",0,0,0,13699
3990,"Richardson, Bret",0,0,0,13676
3991,"Galloway, Robert",7842,1106,6736,13673
3992,"Reyes-Rygh, Narciso",0,0,0,13665
3993,"Ellis, Blake",9642,7293,2349,13662
3994,"Garcia, Rafael",0,0,0,13651
3995,"Hormazabal, Luis",0,0,0,13644
3996,"Mellino, Vince",0,0,0,13630
3997,"Shin, Han-Cheol",0,0,0,13628
3998,"Saiz, Juan Antonio",0,0,0,13597
3999,"Rodionov, Jurij",11315,11057,258,13589
4000,"Inbar, Amit",0,0,0,13578
4001,"Manuja, Ronak",0,0,0,13574
4002,"Kennaugh, Andrew",0,0,0,13567
4003,"Firmin, Emilien",0,0,0,13559
4004,"Durmus, Durukan",144,0,144,13548
4005T,"Carlson, Chad",0,0,0,13532
4005T,"De Valk, Roy",2207,728,1479,13532
4007,"Park, Andrew",0,0,0,13526
4008,"Nakano, Haruo",0,0,0,13515
4009T,"Goveas, Aryan",8840,7232,1608,13506
4009T,"Tontz, Chris",0,0,0,13506
4011T,"Chakrouni, Ayoub",1638,1476,162,13502
4011T,"Lessiak, Christoph",0,0,0,13502
4013,"Goransson, Andre",7473,3927,3546,13487
4014,"Dinslaken, Maximilian",0,0,0,13480
4015,"Altelaar, Bobbie",0,0,0,13473
4016,"Karagoz, Alaaddin",0,0,0,13457
4017,"Dueller, Ronald",0,0,0,13445
4018,"Strelkov, Sergey",0,0,0,13420
4019,"Trubrig, Christian",0,0,0,13419
4020,"Nicau, Goncalo",0,0,0,13399
4021,"Cook, Jason",0,0,0,13385
4022,"Boytim, John",0,0,0,13383
4023,"Halachev, Dinko",0,0,0,13382
4024,"Shehu, Lawal",0,0,0,13369
4025,"Gessner, Scott",0,0,0,13366
4026,"Olivieri, Genaro Alberto",10667,10379,288,13365
4027,"Perez-Perez, Luis Antonio",0,0,0,13333
4028,"Gronefeld, Bastian",0,0,0,13331
4029,"Song, Hyeong-Keun",0,0,0,13311
4030,"Hornung, Axel",0,0,0,13304
4031,"Gasbarri, Manuel",0,0,0,13297
4032,"Guichonet, Hector Damian",0,0,0,13295
4033,"Makeyev, Dmitriy",0,0,0,13294
4034,"Mazany, Norbert",0,0,0,13291
4035,"Kaczynski, Kevin",2598,2070,528,13288
4036,"Quintero, Sebastian",0,0,0,13252
4037,"Nussbaum, Frederic",0,0,0,13245
4038,"Easton, Jared",0,0,0,13243
4039,"Bandres, Jesus",350,260,90,13239
4040,"Ore, Junior A.",5264,2716,2548,13222
4041,"Listingart, Damian",0,0,0,13217
4042,"Ram-Harel, Or",5710,5170,540,13208
4043,"Knox, Glenn",0,0,0,13188
4044,"Lavie, Sebastian",0,0,0,13183
4045,"Redlicki, Michael",1620,780,840,13181
4046,"Sattanino, Marco",0,0,0,13179
4047T,"Karusevich, Vladimir",0,0,0,13175
4047T,"Leal-Gomez, Juan Jose",0,0,0,13175
4049,"Mark, Idan",0,0,0,13172
4050T,"Davidson, Patrick",0,0,0,13170
4050T,"Forcin, Maxime",252,156,96,13170
4052,"Braun, Daniil",0,0,0,13169
4053,"Lin, Wei-De",4614,2522,2092,13166
4054,"Panja, Saurav",0,0,0,13164
4055,"Le Boulch, Thomas",0,0,0,13159
4056,"Abelson, Dave",0,0,0,13156
4057,"Navarro, Simon",2802,1920,882,13153
4058,"Wagner, Hannes",0,0,0,13141
4059,"Gozdur, Rafal",0,0,0,13132
4060,"Rufer, Benjamin",0,0,0,13124
4061,"Sum, Davy",0,0,0,13122
4062T,"Govaerts, Bart",0,0,0,13083
4062T,"Ota, Shigeru",0,0,0,13083
4064,"Tessa, Louis",5938,3458,2480,13074
4065,"Itzstein, Zach",932,932,0,13063
4066,"Hudson, Oliver",0,0,0,13046
4067,"Boulet, Dominic",0,0,0,13038
4068,"Roncalli, Simone",4544,3722,822,13028
4069,"McDadi, Hatem",0,0,0,13017
4070,"Vijayragavan, Ashwin",0,0,0,13001
4071,"Lee, Sang-Hoon",0,0,0,12994
4072,"Shyjan, Michael",0,0,0,12982
4073,"Conkic, Boris",0,0,0,12956
4074T,"Fracassi, Nahuel",0,0,0,12937
4074T,"Speronello, Marco",0,0,0,12937
4076,"Madanchi, Amirvala",5135,0,5135,12932
4077,"Geib, Daniel",0,0,0,12923
4078,"Becker, Jerome",0,0,0,12921
4079,"Krasevec, Andrei",0,0,0,12913
4080T,"Chen, Chih-Jung",0,0,0,12909
4080T,"Miccini, Giacomo",0,0,0,12909
4082,"Junqueira De Andrade, Gustavo",0,0,0,12907
4083,"Hardy, Romain",0,0,0,12906
4084,"De Foor, Joe",0,0,0,12905
4085,"Sasai, Masaki",3061,2164,897,12901
4086,"Manrique, Luis Fernando",0,0,0,12898
4087,"Yunis, Juan-Pablo",0,0,0,12886
4088,"Abdulla, Mohammed",0,0,0,12884
4089,"Logarzo, Michael",0,0,0,12876
4090,"Marsoun, Lukas",0,0,0,12867
4091,"Cowan, Bill",0,0,0,12847
4092,"Moncagatto, Francesco",3998,1002,2996,12823
4093,"El-Effendi, Adham",0,0,0,12821
4094,"Puscasu, Paul-Mihai",0,0,0,12814
4095,"Rizzuti, Giovanni",3360,2496,864,12806
4096,"Merzuki, Mohd Assri",426,156,270,12799
4097T,"Drinic, Milan",8046,7068,978,12798
4097T,"Lubner, Richard",0,0,0,12798
4099,"Jobe, Ikaika",0,0,0,12794
4100,"Brown, Scott",0,0,0,12787
4101,"Summaria, Corrado",9486,5316,4170,12778
4102,"Borges, Nuno",9697,8039,1658,12763
4103,"Lobanov, Pavel",0,0,0,12760
4104,"Fiser-Dulic, Relja",0,0,0,12742
4105T,"Bandermann, Sascha",0,0,0,12741
4105T,"Beidas, Bassam",0,0,0,12741
4107,"Syed Naguib, Syed Mohd Agil",738,468,270,12740
4108,"Di Mauro, Fabio",0,0,0,12737
4109,"Cohenour, Cary",0,0,0,12731
4110,"Babej, Frantisek",0,0,0,12729
4111,"Gustafsson, Robert",0,0,0,12723
4112,"Bains, Maniel",0,0,0,12714
4113,"Devoty, Theodor",0,0,0,12709
4114,"Cask, Jason",0,0,0,12704
4115,"Pepe, Franck",350,260,90,12702
4116T,"Kaliyanda Poonacha, Niki",2844,2124,720,12693
4116T,"Raisma, Kenneth",5797,4827,970,12693
4118,"Dadillon, Bruno",0,0,0,12678
4119,"Kilian, Floris",0,0,0,12677
4120,"Knobloch, Patrick",0,0,0,12668
4121,"Siributwong, Peerakit",0,0,0,12666
4122T,"Groer, Chris",0,0,0,12645
4122T,"Turich, Carl",0,0,0,12645
4124,"Brinkmann, Nils",90,0,90,12644
4125T,"Leong, Michael",0,0,0,12640
4125T,"Nagy, Zoltan",0,0,0,12640
4127,"Huurinainen, Sami",252,156,96,12625
4128,"Conde-Jackson, Marcos",0,0,0,12622
4129,"Garcia, Jhonson",0,0,0,12601
4130T,"Grant, Michael",0,0,0,12600
4130T,"Weber, Andreas",0,0,0,12600
4132,"Brooks, Richard",0,0,0,12591
4133,"de Rijke, Remko",0,0,0,12588
4134,"Kromann, Thomas",0,0,0,12586
4135,"Ciruolo, Riccardo",0,0,0,12585
4136,"Nieto, Pedro",0,0,0,12582
4137,"Kupferschmid, Michael",0,0,0,12577
4138,"Becuzzi, Enrico",1156,0,1156,12574
4139,"Rincon, Eduardo",0,0,0,12572
4140,"Lakat, Florian",7897,3554,4343,12567
4141,"Prerovsky, Thomas",0,0,0,12551
4142T,"Nathan, Ari",0,0,0,12545
4142T,"Sala, Manuel",0,0,0,12545
4144,"Ji, Seung-Ho",0,0,0,12537
4145,"Boynton, Craig",0,0,0,12536
4146,"Blom, Alexander",0,0,0,12511
4147,"Silva, Leonardo",0,0,0,12506
4148,"Mazzella, Manuel",260,260,0,12494
4149,"Shokoofi, Ashkan",192,0,192,12491
4150,"Bruna, Esteban",2672,1610,1062,12490
4151,"Dailey, Zach",0,0,0,12477
4152,"Velez, Ezequiel",0,0,0,12473
4153T,"Kivattsev, Kirill",8223,6138,2085,12459
4153T,"Spong, Xander",0,0,0,12459
4155,"Arimoto, Naoki",0,0,0,12458
4156,"Virtanen, Pasi",0,0,0,12433
4157,"Deen Heshaam, Ariez Elyaas",0,0,0,12415
4158,"Cocchi, Enrico",0,0,0,12409
4159,"Dubinsky, Vladislav",0,0,0,12403
4160,"Li, Yuanfeng",3632,2674,958,12402
4161,"Hadash, Ishay",0,0,0,12395
4162,"Solberg, Christoffer",1250,1142,108,12390
4163,"Tsoy, Pavel",3830,2810,1020,12386
4164,"Vidak, Antun",2499,624,1875,12383
4165,"Moreno, Federico",5987,3785,2202,12352
4166,"Wagner, Sebastian",0,0,0,12350
4167,"Bradshaw, Timothy",0,0,0,12337
4168,"Lenz, Marko",0,0,0,12328
4169,"Merchan, Ruben",0,0,0,12316
4170,"Mardones, Bruno",5553,3088,2465,12303
4171,"Vencl, Jiri",0,0,0,12298
4172,"De Krom, Michiel",10406,7134,3272,12291
4173,"Balzerani, Riccardo",10024,8669,1355,12274
4174,"Andrews, Andy",0,0,0,12270
4175,"Jedruszczak, Mikolaj",0,0,0,12266
4176,"Mamata, Paterne",0,0,0,12250
4177,"Windahl, Daniel",0,0,0,12243
4178,"Vujic, Bojan",0,0,0,12240
4179,"Lang, Philip",0,0,0,12236
4180,"Mikos, Konstantinos",0,0,0,12218
4181,"Ustundag, Efe",0,0,0,12203
4182,"Siwy, Rudolf",0,0,0,12193
4183,"Melskens, Jacob",0,0,0,12186
4184,"Burapharitta, Phassawit",700,520,180,12180
4185,"Wang, Ruikai",3934,2114,1820,12178
4186,"Fargas, Lorenzo",0,0,0,12176
4187T,"Kalambay, Jessy",2331,984,1347,12170
4187T,"Perez-Pascal, Fernando",0,0,0,12170
4189,"Lifshits, Mikhail",0,0,0,12169
4190,"Rangel, Rafael",0,0,0,12166
4191,"Qi, Xi",2406,1522,884,12165
4192,"Kokta, Michal",0,0,0,12160
4193,"Demois, Julien",0,0,0,12157
4194,"Bassanelli, Marcello",0,0,0,12144
4195,"Wright, Peter",0,0,0,12138
4196,"Prechtel, Sebastian",5190,4554,636,12118
4197,"Frayssinoux, Philippe",0,0,0,12112
4198,"Zhong, Su Hao",5387,3229,2158,12101
4199,"Webb, Dane",0,0,0,12087
4200,"Bielinskyi, Oleksandr",6399,4479,1920,12086
4201T,"Moon, Ju-Hae",3375,1782,1593,12084
4201T,"Richard, Antoine",0,0,0,12084
4201T,"Valenti, Stefano",0,0,0,12084
4204,"Wislsperger, Markus",0,0,0,12080
4205T,"Ergun, Baris",0,0,0,12068
4205T,"Khaledan, Shahin",948,594,354,12068
4207,"Boe-Wiegaard, William",0,0,0,12067
4208,"Pajkowski, Kamil",0,0,0,12064
4209T,"Bujdo, Igor",0,0,0,12053
4209T,"Walendowsky, Joao",0,0,0,12053
4211T,"Erlic, Laurentiu",0,0,0,12038
4211T,"Sommer, Patrick",0,0,0,12038
4213T,"Raposo De Oliveira, Alvaro",0,0,0,12036
4213T,"Vodicka, Lance",0,0,0,12036
4215,"Trneny, Milan",0,0,0,12035
4216,"Brady, Kip",0,0,0,12033
4217,"Navarrete, David",0,0,0,11984
4218,"Kolbe, Matthias",0,0,0,11968
4219T,"Janecek, Robert",0,0,0,11956
4219T,"Slonik, Tiago",0,0,0,11956
4221,"Theiler, Alex",0,0,0,11940
4222,"Marques, Frederico",0,0,0,11939
4223,"Vierin, Matthieu",0,0,0,11931
4224,"Montilla, Gabriel",0,0,0,11921
4225,"Cotet, Cosmin",0,0,0,11918
4226,"Chapacu, Hugo",0,0,0,11911
4227,"Ridaoui, Mohamed",0,0,0,11899
4228,"Ramirez Utermann, Carlos",1008,570,438,11891
4229,"Taborga, Javier",0,0,0,11882
4230,"Merz, Miguel",0,0,0,11880
4231T,"Rafaitin, Gregoire",0,0,0,11874
4231T,"Vega, Quinnton",1336,742,594,11874
4233,"Bosio, Christophe",0,0,0,11873
4234T,"Gajardo, Ruben",0,0,0,11871
4234T,"Micov, Stefan",1194,882,312,11871
4236,"Arias, Boris",7483,2658,4825,11862
4237,"Haim, Matthias",9256,6780,2476,11852
4238,"Gomez-Diaz, Guillermo",0,0,0,11848
4239,"Fava, Andrea",0,0,0,11841
4240,"Terczynski, Mateusz",5460,3654,1806,11799
4241,"Agostinelli, Bruno",0,0,0,11795
4242,"Furlong, Stephen",0,0,0,11794
4243,"Schipanski, Jack",0,0,0,11793
4244,"Kawachi, Kazuma",3810,3138,672,11791
4245,"Kielbowicz, Joel",0,0,0,11787
4246,"Srugo, Harel",0,0,0,11749
4247,"Enosoregbe, Clifford",2230,1782,448,11726
4248,"Ricca, Giorgio",5217,3520,1697,11681
4249,"Figliomeni, Filippo",0,0,0,11654
4250,"Leao, Pedro",0,0,0,11652
4251,"Greenan, Mark",0,0,0,11643
4252,"Foucher, Benoit",0,0,0,11636
4253,"Pathanjali, Ravishankar",0,0,0,11635
4254,"Vellbach, Gustavo",0,0,0,11632
4255,"Canovas, Marc",0,0,0,11617
4256,"Berner, Joakim",0,0,0,11616
4257,"Saidkarimov, Saida'Lo",7314,5502,1812,11614
4258,"Horecny, Matus",0,0,0,11599
4259,"Erler, Alexander",6541,4399,2142,11592
4260,"Bella, Marco",0,0,0,11587
4261,"Lopez, Diego",0,0,0,11586
4262,"Radovanovich, Lee",0,0,0,11579
4263,"Kilani, Wael",0,0,0,11573
4264T,"Bennett, Colin",0,0,0,11554
4264T,"Monteban, Paul",1182,1086,96,11554
4266,"Barker, William",0,0,0,11543
4267,"Chen, I-Ta",0,0,0,11538
4268,"Zaninovic, Luka",0,0,0,11535
4269,"Ribeiro, Sergio",0,0,0,11528
4270,"Gualdi, Marco",0,0,0,11526
4271,"Prabodh, Suraj R",3704,3032,672,11517
4272,"Cayre, Paul",1550,1210,340,11515
4273,"Silveira, Renato",0,0,0,11483
4274,"Hunt, Woody",0,0,0,11474
4275,"Casas, Erik",0,0,0,11472
4276,"Eberhard, Klaus",0,0,0,11470
4277,"Saenz, Matias",0,0,0,11463
4278,"Magadan-Castro, Eduardo",0,0,0,11446
4279,"Janahi, Hamad Abbas",0,0,0,11439
4280,"Gutierrez, Javier",0,0,0,11426
4281,"Schoeck, Thomas",0,0,0,11425
4282,"Mavropoulos-Stoliarenko, Vlademyros",0,0,0,11392
4283,"Bauer, Marc",0,0,0,11378
4284,"Meligeni Rodrigues Alves, Felipe",7838,4784,3054,11365
4285,"Ugarte, Benjamin",0,0,0,11361
4286,"Kim, Jae Hwan",1917,1605,312,11359
4287,"Oral, Erhan",0,0,0,11353
4288,"Rmus, Martin",0,0,0,11348
4289,"Damico, Kellen",0,0,0,11336
4290,"Kanellos, Markus",0,0,0,11334
4291,"Ramiaramanana, Lofo",664,156,508,11331
4292T,"Legat, Guillaume",0,0,0,11329
4292T,"Lozan, Kristian",8091,7565,526,11329
4294,"Cloer, Mat",0,0,0,11324
4295,"Uesugi, Kaito",7120,5497,1623,11318
4296,"Takeuchi, Eiji",0,0,0,11298
4297,"Molina, Javier",0,0,0,11294
4298,"Atias, Patrice",0,0,0,11289
4299T,"Godinho, Tiago",0,0,0,11288
4299T,"Lu, Yang",0,0,0,11288
4301,"Pasquier, Philippe",0,0,0,11276
4302,"Muschiol, Nils",0,0,0,11252
4303,"Perez-Hubert, Marcos",0,0,0,11249
4304,"Baek, Seung-Bok",0,0,0,11243
4305,"Hemeda, Hisham",0,0,0,11227
4306,"Muller, Daniel",0,0,0,11223
4307,"Gong, Xiao",1774,1040,734,11221
4308,"Bruggeling, Roy",0,0,0,11213
4309,"Boroczky, Zoltan",0,0,0,11208
4310,"Dias, Gabriel",0,0,0,11204
4311,"Kim, Chi-Wan",0,0,0,11195
4312,"Kosta, Michael",0,0,0,11190
4313,"Fiorentino, Carlton",0,0,0,11182
4314,"Kumlin, Daniel",0,0,0,11181
4315,"Gonzalez, Wilfredo",6096,4092,2004,11180
4316,"Sacks, Gary",0,0,0,11173
4317,"Ramachandran, Ramayah",0,0,0,11170
4318,"Aswat, Imran",360,156,204,11166
4319,"Klemetz, Daniel",0,0,0,11163
4320T,"Hall, David",0,0,0,11152
4320T,"Martin, Cyril",0,0,0,11152
4322,"Harsanyi, Paul",0,0,0,11142
4323,"McGahon, John",0,0,0,11135
4324,"Paskvan, Federico",0,0,0,11117
4325,"Steger, Marc",350,260,90,11116
4326,"Liniger, Jannis",0,0,0,11111
4327,"McLean, Andrew",0,0,0,11102
4328T,"Ergeneman, Gokberk",1212,312,900,11083
4328T,"Suzuki, Ko",156,156,0,11083
4330,"Pallares-Gonzalez, Michael-Ray",0,0,0,11077
4331,"Kim, Sky",0,0,0,11075
4332,"Punna, Vishal",0,0,0,11074
4333T,"Elias, Sergio",0,0,0,11067
4333T,"Lago, Tommaso",0,0,0,11067
4335T,"Muller, Matthias A",0,0,0,11057
4335T,"Vallebuona, Duilio",0,0,0,11057
4337,"Gomez Pinter, Adolfo",0,0,0,11054
4338,"Gyorgy, Tamas",0,0,0,11038
4339,"Kramer, Brandon",0,0,0,11028
4340,"Lucak, Otakar",0,0,0,11021
4341,"Dijkhuizen, Marc",5544,3570,1974,11020
4342,"Jecminek, George",360,0,360,11017
4343,"Donovan, Tim",0,0,0,11015
4344,"Fulcher, Barry",0,0,0,11012
4345,"Doria, Luciano",1974,1542,432,11006
4346,"Sessagesimi, Dylan",0,0,0,10989
4347,"Haider-Maurer, Mario",0,0,0,10988
4348,"Centenari, Alexander",4258,0,4258,10978
4349,"Celt, Dawid",0,0,0,10968
4350,"Meehan, Harry David",0,0,0,10958
4351,"Fleischfresser, Timo",0,0,0,10948
4352,"Liberhan, Tushar",0,0,0,10935
4353,"Miotto, Alex",0,0,0,10934
4354,"Filippeschi, Marco",0,0,0,10925
4355,"Dernovskiy, Andrey",0,0,0,10910
4356,"Alarcon, Andres",0,0,0,10901
4357T,"Alonso-Campos, Angel",0,0,0,10900
4357T,"Shcherba, Vitalii",2806,1814,992,10900
4359,"Sato, Tetsuya",0,0,0,10890
4360,"Ruiz, Pedro Pablo",0,0,0,10883
4361,"Manzarbeitia-Ugate, Arkaitz",180,0,180,10878
4362,"Sproch, Dominik",2530,2027,503,10870
4363,"Gleeson, Stephen",0,0,0,10867
4364,"Alayli, Karim",0,0,0,10857
4365,"Morales, Victor",0,0,0,10854
4366,"Zietsman, Jean",0,0,0,10846
4367,"Simpatiaji, Prima",0,0,0,10840
4368,"Carter, Robert",1758,1038,720,10836
4369,"Civarolo, Matteo",0,0,0,10834
4370,"Neilly, Timothy",0,0,0,10833
4371,"Tchernenko, Artemi",0,0,0,10832
4372,"Santoro, Carlo",0,0,0,10826
4373,"Golab, Marcin",0,0,0,10825
4374,"Sachko, Vitaliy",4955,3763,1192,10824
4375,"Schaffl, Martin",0,0,0,10815
4376,"Matsuo, Yuki",1340,932,408,10806
4377,"Vukov, Stefano",0,0,0,10805
4378,"Baran, Andre",0,0,0,10800
4379,"Kamran, Rouzbeh",0,0,0,10796
4380,"Bayer, Markus",0,0,0,10795
4381,"Nishio, Shigeyuki",0,0,0,10785
4382,"Lien, Yu-Hui",0,0,0,10780
4383,"Belal, Chemseddine",0,0,0,10771
4384T,"Adams, Harrison",7173,3719,3454,10766
4384T,"Farron-Mahon, Tristan",0,0,0,10766
4386,"Viuda-Hernandez, Emilio",0,0,0,10763
4387,"Godamanna, Harshana",1173,1011,162,10760
4388,"Bassetti, Arkady",0,0,0,10759
4389,"Madkekar, Aditya",0,0,0,10754
4390,"Cai, Zhao",1922,1106,816,10753
4391,"Blengino, Fabian",0,0,0,10745
4392,"Chiu, Yu Hsiang",4746,2775,1971,10744
4393T,"Brassington, Kyle",0,0,0,10739
4393T,"Mahadevan, Manoj",0,0,0,10739
4395,"Desyatnik, Anton",420,258,162,10728
4396,"Hobart, Daniel",54,0,54,10715
4397,"Onoda, Ken",2518,1684,834,10713
4398,"Heyl, Heinrich",0,0,0,10707
4399,"Toomey, Tom",0,0,0,10692
4400,"Kolik, Victor",0,0,0,10686
