Rank,Player,YTD,Singles,Doubles,Career
1,"Djokovic, Novak",9934582,9934582,0,164691308
2,"Alcaraz, Carlos",7655130,7627613,27517,9382442
3,"Nadal, Rafael",7442076,7440806,1270,132403671
4,"Ruud, Casper",6942316,6930042,12274,11868736
5,"Tsitsipas, Stefanos",5648416,5479442,168974,22165629
6,"Fritz, Taylor",4570481,4489807,80674,10062141
7,"Rublev, Andrey",4229954,4106247,123707,14546458
8,"Auger-Aliassime, Felix",4186042,4107342,78700,9588345
9,"Medvedev, Daniil",4178524,4146312,32212,26600381
10,"Kyrgios, Nick",3490464,2916349,574115,12478415
11,"Hurkacz, Hubert",3419164,3011575,407589,8485476
12,"Norrie, Cameron",2928356,2846575,81781,7950472
13,"Carreno Busta, Pablo",2885865,2842960,42905,15106842
14,"Sinner, Jannik",2855466,2818491,36975,6587168
15,"Zverev, Alexander",2678178,2585002,93176,32905055
16,"Shapovalov, Denis",2595551,2409460,186091,10144348
17,"Rune, Holger",2384089,2335215,48874,2767278
18,"Berrettini, Matteo",2193774,2183648,10126,10518790
19,"Tiafoe, Frances",2106104,2032406,73698,7252175
20,"de Minaur, Alex",2057316,1990039,67277,7841472
21,"Schwartzman, Diego",2004231,1863280,140951,12896389
22,"Khachanov, Karen",1985393,1889330,96063,12226024
23,"Cilic, Marin",1971088,1955408,15680,31181242
24,"Bautista Agut, Roberto",1804064,1787924,16140,16634876
25,"Evans, Daniel",1790187,1612801,177386,6284257
26,"Isner, John",1668178,1076536,591642,21780462
27,"Nakashima, Brandon",1662689,1646923,15766,2471463
28,"Davidovich Fokina, Alejandro",1662555,1531719,130836,3522215
29,"Musetti, Lorenzo",1661181,1620201,40980,2710164
30,"Coric, Borna",1603586,1603586,0,10112755
31,"Kecmanovic, Miomir",1560836,1492670,68166,4124762
32,"Dimitrov, Grigor",1540569,1488481,52088,21958744
33,"Paul, Tommy",1539608,1408362,131246,3709970
34,"Ram, Rajeev",1510408,30000,1480408,8067798
35,"Salisbury, Joe",1510348,0,1510348,3881356
36,"van de Zandschulp, Botic",1474274,1378752,95522,2489851
37,"Garin, Cristian",1413284,1408343,4941,5009483
38,"Goffin, David",1269844,1268574,1270,16471225
39,"Bublik, Alexander",1252206,1134816,117390,4241652
40T,"Koolhof, Wesley",1219027,0,1219027,2939519
40T,"Skupski, Neal",1219027,0,1219027,2599842
42,"Sonego, Lorenzo",1210391,1087388,123003,4318297
43,"Fognini, Fabio",1199767,875606,324161,17510546
44,"Cerundolo, Francisco",1179166,1113269,65897,1559909
45,"Basilashvili, Nikoloz",1155830,1061681,94149,8581533
46,"Cressy, Maxime",1146312,1080806,65506,1778780
47,"Kokkinakis, Thanasi",1134903,590958,543945,2800187
48,"McDonald, Mackenzie",1131732,991866,139866,3691568
49,"Ramos-Vinolas, Albert",1118452,957144,161308,9850134
50,"Korda, Sebastian",1103155,1070744,32411,2676567
51,"Krajinovic, Filip",1097308,1069728,27580,5846025
52,"Mannarino, Adrian",1084449,980387,104062,9620632
53,"Brooksby, Jenson",1062932,1062932,0,1843266
54,"Martinez, Pedro",1060630,815619,245011,2754171
55,"Karatsev, Aslan",1045477,938837,106640,3368149
56,"Ruusuvuori, Emil",1029911,995458,34453,2143427
57,"Pavic, Mate",1026041,0,1026041,5113571
58,"Mektic, Nikola",1006438,0,1006438,4192576
59,"Nishioka, Yoshihito",981373,946014,35359,4398435
60,"Murray, Andy",933978,933978,0,63248285
61,"Molcan, Alex",928267,908924,19343,1362138
62,"Baez, Sebastian",926683,888761,37922,1247486
63,"Giron, Marcos",924238,861391,62847,2630727
64,"Lajovic, Dusan",895547,854402,41145,7857157
65,"Draper, Jack",883005,882161,844,1085063
66,"Opelka, Reilly",881496,874633,6863,4224870
67,"Rinderknech, Arthur",869291,827542,41749,1683355
68,"Otte, Oscar",859987,816158,43829,1939160
69,"Humbert, Ugo",853469,826460,27009,3362711
70,"Purcell, Max",843079,243157,599922,1775238
71,"Kwon, Soonwoo",841992,781001,60991,2300615
72,"Bonzi, Benjamin",827289,768834,58455,1772047
73T,"Arevalo, Marcelo",815215,0,815215,1770777
73T,"Rojer, Jean-Julien",815215,0,815215,6404820
75,"Gasquet, Richard",814218,807643,6575,19855814
76,"Delbonis, Federico",812873,730622,82251,6010179
77,"Munar, Jaume",812098,755098,57000,2994151
78,"Lehecka, Jiri",805667,793848,11819,952333
79,"Djere, Laslo",796173,764798,31375,3920936
80,"Griekspoor, Tallon",777905,719705,58200,1562602
81,"Ivashka, Ilya",774184,751088,23096,2645360
82,"Vesely, Jiri",772600,734492,38108,5554625
83,"Johnson, Steve",742606,683610,58996,7840167
84,"Monfils, Gael",741855,729145,12710,20983413
85,"Fucsovics, Marton",734207,702250,31957,5440121
86,"Sock, Jack",726197,396917,329280,11810648
87,"Sousa, Joao",725988,636911,89077,8100715
88,"Ebden, Matthew",714789,58827,655962,4417796
89,"Majchrzak, Kamil",713922,690601,23321,1949805
90,"Ymer, Mikael",692000,689504,2496,2209405
91,"Gaston, Hugo",681643,631992,49651,1614144
92,"Moutet, Corentin",680435,680435,0,2610954
93,"Coria, Federico",676364,641108,35256,1946781
94,"Paire, Benoit",657694,612067,45627,9981341
95,"Daniel, Taro",646181,646181,0,3000901
96,"Zapata Miralles, Bernabe",631596,605262,26334,1265812
97,"Kubler, Jason",625437,586151,39286,1253343
98,"Thompson, Jordan",621519,581069,40450,4189308
99,"Dodig, Ivan",619783,0,619783,8777932
100,"Popyrin, Alexei",610087,575195,34892,2600547
101,"Kudla, Denis",603988,523545,80443,4153530
102,"Krajicek, Austin",602271,0,602271,2165197
103,"Carballes Baena, Roberto",598832,569003,29829,3302000
104,"Altmaier, Daniel",593865,531921,61944,1212491
105,"Galan, Daniel Elahi",586523,583071,3452,1515749
106,"van Rijthoven, Tim",574113,568339,5774,690532
107,"Glasspool, Lloyd",568015,0,568015,794319
108,"Heliovaara, Harri",564280,3860,560420,855298
109,"Tabilo, Alejandro",562897,526079,36818,978567
110,"Monteiro, Thiago",561998,528540,33458,2744721
111,"Wawrinka, Stan",552401,525515,26886,35330662
112,"Duckworth, James",536883,510131,26752,3199071
113,"Andujar, Pablo",530739,480929,49810,6964908
114,"Zeballos, Horacio",529481,0,529481,6475707
115,"Halys, Quentin",528968,461898,67070,1838231
116,"Harris, Lloyd",528186,464528,63658,3114801
117,"Wolf, J.J.",522712,522712,0,970924
118,"Granollers, Marcel",516776,0,516776,12155549
119,"Millman, John",515456,503275,12181,5301360
120,"Tseng, Chun-Hsin",506075,495390,10685,640034
121,"O'Connell, Christopher",498339,481166,17173,1246113
122,"Bagnis, Facundo",496967,469052,27915,2573319
123,"Venus, Michael",492638,0,492638,3597824
124,"Etcheverry, Tomas Martin",490513,437117,53396,691334
125,"Albot, Radu",484095,455300,28795,4563891
126,"Huesler, Marc-Andrea",480972,464788,16184,828757
127,"Krawietz, Kevin",475392,0,475392,2291779
128,"Puetz, Tim",474330,0,474330,1484552
129,"Cachin, Pedro",467563,453201,14362,764828
130T,"Cabal, Juan Sebastian",462179,0,462179,5075455
130T,"Farah, Robert",462179,0,462179,4789299
132,"Berankis, Ricardas",455182,447331,7851,4706574
133,"Mies, Andreas",451593,0,451593,1701234
134,"Roger-Vasselin, Edouard",444365,0,444365,6800730
135,"Murray, Jamie",441547,0,441547,5917098
136,"Struff, Jan-Lennard",441496,398906,42590,7706029
137,"Broady, Liam",440664,431626,9038,1439306
138,"Laaksonen, Henri",436405,435922,483,2296402
139,"Gojowczyk, Peter",435936,425896,10040,3707879
140,"Gonzalez, Santiago",428470,0,428470,2827583
141,"Thiem, Dominic",421122,421122,0,29282888
142,"Stricker, Dominic",415289,401783,13506,515939
143,"Bopanna, Rohan",414386,0,414386,5095796
144,"Peers, John",397669,0,397669,5176597
145,"Lopez, Feliciano",395870,243348,152522,18618224
146,"Querrey, Sam",388353,344667,43686,13679265
147,"Bedene, Aljaz",381705,355127,26578,5153647
148,"Bolelli, Simone",379034,0,379034,6043430
149,"Safiullin, Roman",374841,348280,26561,851826
150,"Kozlov, Stefan",374046,373053,993,966067
151,"Taberner, Carlos",372424,359174,13250,1014472
152,"Simon, Gilles",370820,359745,11075,16045734
153,"Borges, Nuno",364637,312606,52031,475549
154,"Grenier, Hugo",344974,341638,3336,564785
155,"Molteni, Andres",340764,0,340764,1379202
156,"Middelkoop, Matwe",335377,0,335377,1748638
157,"Eubanks, Christopher",332656,307616,25040,1165688
158,"Verdasco, Fernando",331981,326906,5075,18257980
159,"Gombos, Norbert",324484,323219,1265,2104197
160,"Zielinski, Jan",319259,40000,279259,387734
161,"Koepfer, Dominik",317790,298650,19140,2306450
162,"Hanfmann, Yannick",314872,308258,6614,1410503
163,"Marterer, Maximilian",313105,309664,3441,2012295
164,"Dellien, Hugo",309801,301365,8436,1554024
165,"Ymer, Elias",299881,291738,8143,1501282
166,"Lestienne, Constant",287314,272851,14463,863416
167,"Cecchinato, Marco",287034,281399,5635,4491892
168,"Melo, Marcelo",283365,0,283365,7719320
169,"Vavassori, Andrea",279555,161658,117897,647790
170,"Machac, Tomas",279246,278774,472,616801
171,"Kukushkin, Mikhail",275664,274791,873,6781242
172,"Passaro, Francesco",266640,253848,12792,292128
173,"Peniston, Ryan",264393,253657,10736,387911
174,"Matos, Rafael",263236,2091,261145,429375
175,"Mahut, Nicolas",258366,0,258366,12334353
176,"Gonzalez, Maximo",253629,0,253629,3031854
177,"Couacaud, Enzo",253199,233056,20143,833006
178,"Vukic, Aleksandar",252419,239420,12999,660642
179,"Golubev, Andrey",252183,3130,249053,3189346
180,"Kolar, Zdenek",247981,229939,18042,792744
181,"Seppi, Andreas",247367,244189,3178,11816212
182,"Kotov, Pavel",245786,239733,6053,383120
183,"Vega Hernandez, David",244121,0,244121,456712
184,"Shelton, Ben",242715,221555,21160,283392
185,"Barrere, Gregoire",242370,237149,5221,1694260
186,"Pouille, Lucas",241691,235281,6410,8105164
187,"Guinard, Manuel",238361,213428,24933,456969
188,"Escobar, Gonzalo",236221,390,235831,645607
189,"Wu, Yibing",233881,232988,893,425427
190,"Hijikata, Rinky",233276,211126,22150,322313
191,"Arnaldi, Matteo",232629,222234,10395,262948
192,"Gomez, Emilio",231038,228723,2315,834354
193,"Behar, Ariel",225811,0,225811,685125
194,"Novak, Dennis",225343,224264,1079,1723221
195,"Mmoh, Michael",223699,223699,0,1396527
196,"Cobolli, Flavio",222869,211373,11496,291315
197,"Varillas, Juan Pablo",220701,218466,2235,542862
198,"Blancaneaux, Geoffrey",219869,209644,10225,516473
199,"Ritschard, Alexander",219470,216236,3234,312182
200,"Jarry, Nicolas",217322,207942,9380,2421971
201,"Martin, Fabrice",215760,0,215760,1930414
202,"Agamenone, Franco",215041,208511,6530,340341
203,"Cerundolo, Juan Manuel",212248,212248,0,484335
204,"Cacic, Nikola",209032,0,209032,884744
205,"Travaglia, Stefano",208516,190589,17927,2172067
206,"Ramanathan, Ramkumar",206150,127759,78391,1137890
207,"Nys, Hugo",205557,8944,196613,832047
208,"Bergs, Zizou",205292,203243,2049,359390
209,"Zhang, Zhizhen",202595,199671,2924,658944
210,"Brouwer, Gijs",199372,189803,9569,297509
211,"Gerasimov, Egor",199013,199013,0,1899923
212,"Zeppieri, Giulio",198773,194503,4270,288490
213,"Mager, Gianluca",196257,181348,14909,1526541
214,"Ugo Carabelli, Camilo",194201,188942,5259,300040
215,"Gojo, Borna",193818,192966,852,381828
216,"Kohlschreiber, Philipp",192490,190914,1576,13749731
217,"Klaasen, Raven",190428,0,190428,3977637
218,"Nava, Emilio",189459,188959,500,317332
219,"Barrios Vera, Tomas",187573,139494,48079,452535
220,"Pospisil, Vasek",187268,179850,7418,6958244
221,"Kuzmanov, Dimitar",185799,184442,1357,544743
222,"Escobedo, Ernesto",185649,183729,1920,1432398
223,"Krueger, Mitchell",183371,179631,3740,1128839
224,"Haase, Robin",182765,61272,121493,7847819
225,"Gille, Sander",180011,0,180011,828402
226,"Ofner, Sebastian",179383,177892,1491,923988
227,"Nardi, Luca",176589,163638,12951,220901
228,"Rodionov, Jurij",175890,171236,4654,664785
229,"Holt, Brandon",175647,162607,13040,212354
230,"Cuevas, Pablo",174658,162770,11888,9643411
231,"Masur, Daniel",174061,165771,8290,627456
232,"Brkic, Tomislav",174009,0,174009,639167
233,"Kovalik, Jozef",173511,173006,505,1567423
234,"Polasek, Filip",173412,0,173412,2638647
235,"Milojevic, Nikola",173164,168443,4721,1016950
236,"Jubb, Paul",173090,173090,0,287109
237,"Caruso, Salvatore",172612,171030,1582,1930324
238,"Vliegen, Joran",171597,0,171597,830433
239,"Saville, Luke",166455,12705,153750,1249027
240,"Meligeni Alves, Felipe",165467,122859,42608,428482
241,"Soares, Bruno",164972,0,164972,6948824
242,"Clarke, Jay",161691,150811,10880,773072
243,"de Jong, Jesper",159628,143737,15891,269675
244,"Olivo, Renzo",159366,150182,9184,1250041
245,"Lammons, Nathaniel",159345,0,159345,360775
246,"Trungelliti, Marco",159057,158782,275,1433118
247,"Dzumhur, Damir",158585,154449,4136,4686882
248,"McLachlan, Ben",154822,0,154822,1355801
249,"Rodriguez Taverna, Santiago",154486,147551,6935,233178
250,"Fratangelo, Bjorn",154457,153377,1080,1598459
251,"Mena, Facundo",153587,144613,8974,440948
252,"Nedovyesov, Aleksandr",151651,11369,140282,1209543
253,"Celikbilek, Altug",151341,141057,10284,401176
254,"Giannessi, Alessandro",151277,148924,2353,1290461
255,"Diez, Steven",148130,32084,116046,951223
256,"Gray, Alastair",146658,134818,11840,204826
257,"Shevchenko, Alexander",145666,140531,5135,189845
258,"Skatov, Timofey",143822,142106,1716,215693
259,"Misolic, Filip",143279,142688,591,169622
260,"Elias, Gastao",142032,139560,2472,1411618
261,"Tirante, Thiago Agustin",141289,134716,6573,208993
262,"Withrow, Jackson",141178,0,141178,506212
263,"Bhambri, Yuki",140755,109551,31204,1075213
264,"Schnur, Brayden",139877,129833,10044,874128
265,"Kopriva, Vit",139279,132496,6783,310416
266,"Piros, Zsombor",135790,135493,297,228824
267,"Bonadio, Riccardo",134200,131400,2800,291328
268,"Balazs, Attila",131233,131233,0,946784
269,"Walkow, Szymon",130697,125,130572,248962
270,"Muller, Alexandre",129759,126696,3063,613981
271,"Popko, Dmitry",129264,124869,4395,582113
272,"Miedler, Lucas",128724,26021,102703,446796
273,"Moraing, Mats",128696,126775,1921,594000
274,"Kicker, Nicolas",128317,127653,664,1020983
275,"Uchida, Kaichi",127540,111396,16144,348094
276,"Harrison, Christian",127253,119730,7523,624607
277,"Londero, Juan Ignacio",126438,123953,2485,2103389
278,"Kovacevic, Aleksandar",124302,117322,6980,201495
279,"Serdarusic, Nino",124250,119488,4762,409496
280,"Oswald, Philipp",123215,0,123215,1447282
281,"Pellegrino, Andrea",121622,116874,4748,361648
282,"Ficovich, Juan Pablo",121101,115493,5608,342941
283,"Erler, Alexander",119973,12837,107136,256659
284,"Anderson, Kevin",119141,119141,0,17728382
285,"Wu, Tung-Lin",118730,111104,7626,277687
286,"Herbert, Pierre-Hugues",117912,65910,52002,8972885
287,"Goransson, Andre",116843,260,116583,308028
288,"Svrcina, Dalibor",116519,110844,5675,155518
289,"Qureshi, Aisam-Ul-Haq",116166,0,116166,3658705
290,"Fabbiano, Thomas",115952,114459,1493,2431440
291,"Bellier, Antoine",115187,110874,4313,214987
292,"Horansky, Filip",114380,114380,0,563522
293,"Bolt, Alex",114200,102266,11934,1399224
294,"Pucinelli De Almeida, Matheus",113187,107576,5611,160540
295,"Reboul, Fabien",112524,758,111766,250233
296,"Stebe, Cedrik-Marcel",112011,111068,943,1558056
297,"Kuhn, Nicola",111936,110985,951,431415
298,"Kubot, Lukasz",109762,0,109762,8725566
299,"Jung, Jason",108078,107538,540,1077936
300,"O'Mara, Jonny",107481,0,107481,546123
301,"Rosol, Lukas",106975,100578,6397,4682927
302,"Collarini, Andrea",106252,96087,10165,557406
303,"Sousa, Pedro",105742,104769,973,1097369
304,"Klein, Lukas",105477,103616,1861,248696
305,"Edmund, Kyle",101990,101990,0,5867693
306,"Moroni, Gian Marco",99478,98125,1353,341947
307,"Kuznetsov, Andrey",99396,98198,1198,3042950
308,"Arnaboldi, Andrea",96588,95441,1147,996606
309,"Hach Verdugo, Hans",96263,0,96263,251046
310,"Sabanov, Matej",95864,1050,94814,247732
311,"Martin, Andrej",95255,81718,13537,1584553
312,"Blumberg, William",94952,9010,85942,143035
313,"Watanuki, Yosuke",93725,92579,1146,368412
314,"Escoffier, Antoine",93556,90502,3054,234667
315,"Sweeny, Dane",93497,61451,32046,155336
316,"Tsonga, Jo-Wilfried",92945,90158,2787,22458018
317,"Tu, Li",92885,63333,29552,183557
318,"Barrientos, Nicolas",92041,15649,76392,354361
319,"Cabral, Francisco",91883,126,91757,152394
320,"Furness, Evan",91166,88421,2745,227560
321,"Pervolarakis, Michail",91129,71924,19205,177675
322,"Doumbia, Sadio",90847,1137,89710,283455
323,"Brancaccio, Raul",89985,84873,5112,227932
324,"Shang, Juncheng",89851,89131,720,100705
325,"Ajdukovic, Duje",89182,87520,1662,161755
326,"Gaio, Federico",88699,84732,3967,929107
327,"Giustino, Lorenzo",87614,85846,1768,809006
328,"Zuk, Kacper",87013,83347,3666,305390
329,"Reyes-Varela, Miguel Angel",86623,520,86103,481641
330,"Polmans, Marc",86263,66389,19874,1279093
331,"Moriya, Hiroki",85697,84177,1520,982296
332,"Tien, Learner",85206,84225,981,85206
333,"Maestrelli, Francesco",84857,81300,3557,95823
334,"Smith, John-Patrick",82920,6475,76445,1588768
335,"Sandgren, Tennys",81477,77517,3960,3471084
336,"Basic, Mirza",81377,76881,4496,1238369
337,"Seyboth Wild, Thiago",80102,76883,3219,544157
338,"Marchenko, Illya",80035,75994,4041,2347217
339,"Van Assche, Luca",79772,66064,13708,115292
340,"Reese, Hunter",79592,0,79592,236435
341,"Ilkel, Cem",79203,79203,0,615797
342,"Diaz Acosta, Facundo",78809,69548,9261,150391
343,"Sachko, Vitaliy",78620,71128,7492,186175
344,"Lokoli, Laurent",75125,74585,540,323694
345,"Hoang, Antoine",74864,69485,5379,1082028
346,"Olivieri, Genaro Alberto",73169,68513,4656,154879
347,"Klahn, Bradley",73068,67993,5075,1708033
348,"Sels, Jelle",72843,66841,6002,204009
349,"Skugor, Franko",72550,0,72550,1682430
350,"Vilella Martinez, Mario",72433,68748,3685,580303
351,"Jaziri, Malek",72145,61139,11006,4023617
352,"Monroe, Nicholas",71770,0,71770,1498916
353,"Moreno De Alboran, Nicolas",71074,70779,295,128891
354,"Tsitsipas, Petros",70540,3318,67222,180415
355,"Rodriguez, Cristian",70182,8662,61520,188723
356,"Galloway, Robert",70075,2675,67400,216674
357,"Hidalgo, Diego",69982,1978,68004,162126
358,"Ferreira Silva, Frederico",69794,68806,988,534495
359,"Nanda, Govind",69168,55033,14135,141377
360,"Sela, Dudi",68718,68556,162,4003831
361,"Geerts, Michael",67794,56570,11224,183755
362,"Harris, Andrew",66889,42007,24882,355275
363,"Copil, Marius",66637,63873,2764,2692530
364,"Quinn, Ethan",66366,46714,19652,66626
365,"Svajda, Zachary",65161,63381,1780,275786
366,"Riedi, Leandro",65012,50432,14580,97905
367,"Darderi, Luciano",64747,52031,12716,100742
368,"Fils, Arthur",63347,59443,3904,105350
369,"Skupski, Ken",63173,0,63173,1100642
370,"Schoolkate, Tristan",63037,39919,23118,123685
371,"Karlovskiy, Evgeny",62911,57376,5535,361176
372,"Marcora, Roberto",62903,62903,0,541588
373,"Demoliner, Marcelo",62582,0,62582,1158573
374,"Noguchi, Rio",62551,57668,4883,136763
375,"Huey, Treat",62527,3270,59257,1563454
376,"Schnur, Max",62107,650,61457,152397
377,"Forejtek, Jonas",62087,58937,3150,132023
378,"Dutra da Silva, Daniel",61652,53827,7825,286278
379,"Melzer, Gerald",61465,60925,540,964942
380,"Uchiyama, Yasutaka",61346,58643,2703,1361988
381,"Janvier, Maxime",59904,57290,2614,698664
382,"Olivetti, Albano",59494,1745,57749,566459
383,"Sabanov, Ivan",58057,0,58057,192424
384,"Lacko, Lukas",57857,57857,0,3602283
385,"Fery, Arthur",57794,40407,17387,99623
386,"Mochizuki, Shintaro",57602,55087,2515,126578
387,"Jebavy, Roman",56964,0,56964,673239
388,"Medjedovic, Hamad",56932,52457,4475,79013
389,"Alvarez Varona, Nicolas",56599,51073,5526,103550
390,"Galarneau, Alexis",56473,53000,3473,114448
391,"Donskoy, Evgeny",56257,51424,4833,3332092
392,"Kuzuhara, Bruno",55628,53483,2145,59983
393,"Molchanov, Denys",55146,0,55146,729215
394,"Lama, Gonzalo",55029,52081,2948,258161
395,"Gunneswaran, Prajnesh",54922,54742,180,947481
396,"Mayot, Harold",54298,50550,3748,187268
397,"Coppejans, Kimmer",54184,51777,2407,882553
398,"McHugh, Aidan",53499,47134,6365,149988
399,"Blanch, Ulises",53256,52756,500,316983
400,"Durasovic, Viktor",52195,41737,10458,199980
401,"Comesana, Francisco",51910,47548,4362,87001
402,"Torres, Juan Bautista",51842,47050,4792,78447
403,"Barranco Cosano, Javier",51477,49343,2134,181711
404,"Lawson, Alex",50943,2805,48138,160603
405,"Bellucci, Mattia",50542,46942,3600,66945
406,"Zekic, Miljan",50388,47082,3306,348486
407,"Patten, Henry",49969,10153,39816,60818
408,"Arends, Sander",49833,130,49703,353896
409,"McCabe, James",49801,35982,13819,51397
410,"Nagal, Sumit",49254,47622,1632,610838
411,"Virtanen, Otto",49197,44255,4942,87424
412,"Gueymard Wayenburg, Sascha",49084,35361,13723,53354
413,"Dougaz, Aziz",48942,45248,3694,150167
414,"Mansouri, Skander",48746,36315,12431,154218
415,"Crawford, Oliver",48371,48191,180,85661
416,"Hsu, Yu Hsiou",48359,35157,13202,134756
417,"Broom, Charles",47290,37752,9538,65478
418,"Arneodo, Romain",47261,221,47040,418780
419,"Santillan, Akira",46735,38323,8412,453404
420,"Gulbis, Ernests",46727,46727,0,7665917
421,"Mejia, Nicolas",46551,35501,11050,116210
422,"Zhukayev, Beibit",46483,38582,7901,67722
423,"Shimabukuro, Sho",46385,43200,3185,81327
424,"Ionel, Nicholas David",46380,42647,3733,89049
425,"Smith, Keegan",46361,21615,24746,74933
426,"Kamke, Tobias",46339,42506,3833,2576019
427,"Damm, Martin",46264,42994,3270,83634
428,"Erlich, Jonathan",45807,0,45807,2827240
429,"Gill, Felix",45606,30969,14637,79650
430,"Krutykh, Oleksii",45047,38082,6965,86417
431,"Harris, Billy",44447,39136,5311,105343
432,"Casanova, Hernan",44334,36023,8311,218903
433,"Domingues, Joao",44282,41509,2773,501743
434,"Cash, Julian",43994,4483,39511,61301
435,"Rybakov, Alex",43717,40999,2718,131327
436,"Hong, Seong-chan",43642,38698,4944,109264
437,"Added, Dan",43496,27545,15951,152333
438,"Menezes, Joao",43341,43341,0,349998
439,"Chung, Yunseong",43159,30989,12170,173512
440,"Sugita, Yuichi",42744,42564,180,2978289
441,"Villanueva, Gonzalo",42711,36541,6170,137326
442,"Gimeno Valero, Carlos",42400,42400,0,88499
443,"Shimizu, Yuta",42398,32114,10284,108305
444,"Hernandez, Alex",41543,37416,4127,76720
445,"Blanchet, Ugo",41143,32271,8872,65795
446,"Squire, Henri",40923,38125,2798,60406
447,"Sitak, Artem",40631,0,40631,1172679
448,"Myneni, Saketh",40613,1748,38865,405465
449,"Neumayer, Lukas",40504,36044,4460,58533
450,"Cuenin, Sean",40411,40315,96,45373
451,"Nam, JiSung",40175,24475,15700,248024
452,"Yevseyev, Denis",40079,30045,10034,220947
453,"Leshem, Edan",40041,33650,6391,173485
454,"Tabur, Clement",39843,36737,3106,94633
455,"Vatutin, Alexey",39453,36838,2615,557149
456,"Sekulic, Philip",39383,38428,955,42083
457,"Andreev, Adrian",39314,37341,1973,143533
458,"Hardt, Nick",38510,34511,3999,94519
459,"Bemelmans, Ruben",38222,28669,9553,2235594
460,"Roca Batalla, Oriol",37848,27857,9991,292763
461,"Eysseric, Jonathan",37700,2473,35227,680379
462,"Jasika, Omar",37694,33765,3929,277243
463,"Moro Canas, Alejandro",37130,34915,2215,50841
464,"Droguet, Titouan",37084,30453,6631,62634
465,"Cukierman, Daniel",36997,26013,10984,76556
466,"Rehberg, Max Hans",36916,34752,2164,44000
467,"Tomic, Bernard",36907,35731,1176,6301541
468,"Winter, Edward",36697,33007,3690,38436
469,"Burruchaga, Roman Andres",36637,27477,9160,53912
470,"Diallo, Gabriel",36585,36225,360,41535
471,"Parker, Stuart",36577,34101,2476,85609
472,"Catarina, Lucas",36507,36185,322,193277
473,"Gengel, Marek",36416,26015,10401,129156
474,"Safwat, Mohamed",36246,33927,2319,852179
475,"Wessels, Louis",36157,34702,1455,143639
476,"Valkusz, Mate",35421,35061,360,107349
477,"Fatic, Nerman",35359,34393,966,136098
478,"Soeda, Go",35295,34584,711,2374772
479,"Metreveli, Aleksandre",35025,25495,9530,167571
480,"Marozsan, Fabian",34901,32476,2425,78116
481,"Stodder, Timo",34735,28525,6210,55655
482,"Topo, Marko",34642,33669,973,45017
483,"Pel, David",34506,130,34376,210518
484,"Lock, Benjamin",34464,22372,12092,165317
485,"Ferrari, Gianmarco",34394,30112,4282,44538
486,"Gakhov, Ivan",33977,30618,3359,193160
487,"Bourgue, Mathias",33878,33594,284,790261
488,"Neuchrist, Maximilian",33875,22608,11267,242764
489,"Vacherot, Valentin",33848,31067,2781,56687
490,"Sanchez Izquierdo, Nikolas",33525,32152,1373,109928
491,"Yunchaokete, Bu",33174,28141,5033,34445
492,"Dellien, Murkel",32440,25084,7356,43162
493,"Kym, Jerome",32342,21633,10709,38724
494,"Forti, Francesco",32286,21132,11154,104526
495,"Istomin, Denis",32263,28113,4150,6329804
496,"Madaras, Dragos Nicolae",32249,29891,2358,96000
497,"Ly, Nam Hoang",32168,30381,1787,92981
498,"Andreozzi, Guido",32070,16145,15925,1343167
499,"Paulson, Andrew",31840,21423,10417,62784
500,"Nikles, Johan",31752,27891,3861,133750
501,"Quiroz, Roberto",31637,25491,6146,398482
502,"Brown, Dustin",31366,0,31366,3071016
503,"Gigante, Matteo",31287,27391,3896,51565
504,"Lazarov, Alexandar",31140,27214,3926,150908
505,"Debru, Gabriel",31115,29219,1896,34411
506,"Prihodko, Oleg",30871,17039,13832,87658
507,"Cassone, Murphy",30710,30550,160,31414
508,"Molleker, Rudolf",30652,29313,1339,448087
509,"Navone, Mariano",30492,26925,3567,53283
510,"Cazaux, Arthur",30352,30128,224,203652
511,"Duran, Guillermo",30288,0,30288,566682
512,"Michalski, Daniel",30266,27991,2275,81430
513,"Jianu, Filip Cristian",30143,27598,2545,91928
514,"Chepelev, Andrey",29938,25651,4287,82035
515,"Rincon, Daniel",29924,27493,2431,40726
516,"Hassan, Benjamin",29801,24908,4893,91920
517,"Luz, Orlando",29723,13798,15925,214130
518,"Weis, Alexander",29720,24679,5041,82216
519,"Atmane, Terence",29693,29639,54,38822
520,"Martin Tiffon, Pol",29349,27784,1565,74403
521,"Torpegaard, Mikael",29126,25646,3480,339064
522,"Zhu, Evan",28491,25119,3372,88172
523,"Collignon, Raphael",28409,27398,1011,34498
524,"Oradini, Giovanni",28272,24577,3695,37869
525,"Gerch, Lucas",28261,25839,2422,77061
526,"Lopez Montagud, Carlos",28143,23501,4642,58833
527,"Vrbensky, Michael",28070,22579,5491,117156
528,"Ovcharenko, Oleksandr",28025,22904,5121,41992
529,"Rosenkranz, Mats",27973,25261,2712,94907
530,"Oliel, Yshai",27862,23544,4318,99867
531,"Matusevich, Anton",27798,25103,2695,100415
532,"Kadhe, Arjun",27765,13744,14021,136656
533,"Borg, Leo",27737,23356,4381,44721
534,"De Loore, Joris",27624,23872,3752,267389
535,"Barroso Campos, Alberto",27453,20776,6677,59170
536,"Kachmazov, Alibek",27288,21119,6169,69591
537,"Chappell, Nick",27197,24173,3024,115348
538,"Martinez, Luis David",27069,390,26679,211289
539,"Sasikumar, Mukund",26916,23217,3699,158555
540,"Pavlasek, Adam",26583,541,26042,702734
541,"Fanselow, Sebastian",26511,22776,3735,148616
542,"Heide, Gustavo",26327,24117,2210,47382
543,"Wenger, Damien",26306,19511,6795,63398
544,"Peliwo, Filip",26222,23828,2394,353391
545,"Onclin, Gauthier",25967,24926,1041,54218
546,"Lopez San Martin, Alvaro",25930,21293,4637,102852
547,"Romboli, Fernando",25923,2065,23858,331709
548,"Choinski, Jan",25726,24466,1260,177406
549,"Reis Da Silva, Joao Lucas",25481,21091,4390,77070
550,"Benchetrit, Elliot",25353,21500,3853,540702
551,"Orlov, Vladyslav",25229,20652,4577,111639
552,"Decamps, Gabriel",25226,23246,1980,40525
553,"Baldi, Filippo",25052,23697,1355,319875
554,"Royer, Valentin",25034,23694,1340,47675
555,"Oliveira, Goncalo",25020,19297,5723,401036
556,"Seelig, Kyle",24970,20166,4804,41805
557,"Draxl, Liam",24934,15080,9854,53693
558,"Weissborn, Sam",24702,130,24572,254287
559,"Bertrand, Robin",24636,18732,5904,31049
560,"Lavagno, Edoardo",24498,22671,1827,42638
561,"Lomakin, Grigoriy",24475,9790,14685,74323
562,"Habib, Hady",24427,22472,1955,59656
563,"Clark, Ezekiel",24290,16796,7494,50470
564,"Cretu, Cezar",24196,19852,4344,44082
565,"Descotte, Matias Franco",24079,20000,4079,131268
566,"Kirkin, Ergi",24030,20463,3567,100658
567,"Echargui, Moez",24015,22450,1565,100419
568,"Fallert, Fabian",23904,165,23739,39388
569,"Alvarez, Nicolas",23793,21038,2755,95202
570,"Friberg, Karl",23763,21723,2040,61026
571,"Kalovelonis, Markos",23677,1377,22300,140641
572,"Poljicak, Mili",23617,16108,7509,31005
573,"Paz, Juan Pablo",23603,19096,4507,156997
574,"Pichler, David",23559,15180,8379,128946
575,"Lenz, Julian",23556,19219,4337,219927
576,"Erhard, Mathys",23535,22751,784,32263
577,"Cox, Daniel",23465,22695,770,293324
578,"Fonio, Giovanni",23438,21346,2092,87111
579,"King, Evan",23355,5035,18320,460048
580,"Houkes, Max",23154,20760,2394,39220
581,"Martos Gornes, Sergio",23036,0,23036,126431
582,"Martineau, Matteo",23021,20437,2584,139606
583,"Bachinger, Matthias",22777,22777,0,1698333
584,"Bertola, Remy",22603,18068,4535,54267
585,"Vincent Ruggeri, Samuel",22483,17363,5120,33353
586,"Rungkat, Christopher",22274,0,22274,277517
587,"Poljak, David",22243,16405,5838,117219
588,"Boscardin Dias, Pedro",22241,18926,3315,37479
589,"Cuevas, Martin",22199,14146,8053,214639
590,"Fomin, Sergey",22104,18599,3505,58593
591,"Merida, Daniel",21985,21931,54,27175
592,"Hussey, Giles",21980,13992,7988,29620
593,"Napolitano, Stefano",21891,17766,4125,526316
594,"Bortolotti, Marco",21852,227,21625,183758
595,"Ejupovic, Elmar",21666,21432,234,103085
596,"Whitehouse, Mark",21629,14265,7364,75008
597,"Paul, Jakub",21617,12230,9387,88308
598,"Stevens, Bart",21581,628,20953,57870
599,"Otegui, Juan Bautista",21514,18189,3325,47320
600,"Reid, Matt",21480,0,21480,692569
601,"Kopp, Sandro",21431,16393,5038,44106
602,"Lopez, Marc",21420,0,21420,4465177
603,"Bakshi, Aleksandre",21355,11054,10301,76998
604,"Rola, Blaz",21271,20371,900,1101471
605,"Aboian, Leonardo",21159,15088,6071,43166
606,"Purtseladze, Saba",21029,12842,8187,27457
607,"Patael, Ben",20993,20288,705,77857
608,"Donski, Alexander",20979,12002,8977,98666
609,"Arnaboldi, Federico",20867,16685,4182,42069
610,"Cornea, Victor Vlad",20807,2060,18747,84289
611,"Leite, Wilson",20747,17292,3455,162788
612,"Palan, Dominik",20681,18707,1974,38085
613,"Statham, Rubin",20506,17201,3305,330249
614,"Esteve Lobato, Eduard",20496,18998,1498,151616
615,"Juarez, Facundo",20483,16348,4135,73155
616,"Mensik, Jakub",20478,17538,2940,21465
617,"Huertas Del Pino Cordova, Arklon",20451,12501,7950,60983
618,"Menendez-Maceiras, Adrian",20398,12345,8053,1288857
619,"Imai, Shintaro",20394,18573,1821,128287
620,"Verbeek, Sem",20378,481,19897,127009
621,"Mochizuki, Yuki",20266,16143,4123,51641
622,"Jacquet, Kyrian",20265,14909,5356,110143
623,"Aboian, Valerio",20239,17632,2607,30143
624,"Fancutt, Thomas",20214,13930,6284,101496
625,"Oberleitner, Neil",20208,6772,13436,40341
626,"Alcala Gurri, Max",20058,17211,2847,28160
627,"De Schepper, Kenny",20053,19386,667,1666108
628,"Wehnelt, Kai",20002,10501,9501,69801
629,"Zeballos, Federico",19982,6140,13842,157248
630,"Monzon, Ignacio",19906,13333,6573,57283
631,"Tkemaladze, Zura",19853,8411,11442,51799
632,"Gutierrez, Oscar Jose",19573,16258,3315,128603
633,"Michelsen, Alex",19563,7668,11895,19563
634,"Krstin, Pedja",19474,18630,844,474200
635,"Ribeiro, Eduardo",19473,16040,3433,34062
636,"Vasilevski, Andrei",19460,0,19460,411099
637,"Balaji, N.Sriram",19334,1164,18170,283755
638,"Brymer, Gage",19325,19325,0,60836
639,"Kasnikowski, Maks",19317,17163,2154,24308
640,"Sanchez Jover, Carlos",19293,16161,3132,62435
641,"Vanshelboim, Eric",19251,13754,5497,51080
642,"Daniell, Marcus",19165,0,19165,1092297
643,"Walton, Adam",19161,16404,2757,23545
644,"Marti Pujolras, Alex",19075,17008,2067,44805
645,"Nedunchezhiyan, Jeevan",19044,370,18674,359648
646,"Mpetshi Perricard, Giovanni",19038,16674,2364,61659
647,"Arribage, Theo",19004,3270,15734,26867
648,"Martin, Andres",18908,18728,180,20738
649,"Godsick, Nicholas",18892,468,18424,18892
650,"Panta, Jorge",18825,13400,5425,89596
651,"Margaroli, Luca",18792,115,18677,190230
652,"Strombachs, Robert",18681,15617,3064,53113
653,"Peralta, Julio",18545,0,18545,700691
654,"Stevenson, Kelsey",18542,11623,6919,73841
655,"Wendelken, Harry",18460,14086,4374,25299
656,"Briand, Jurgen",18434,16692,1742,37180
657,"Llamas Ruiz, Pablo",18342,15947,2395,39285
658,"Nielsen, Frederik",18310,0,18310,1368011
659,"Aragone, JC",18220,12695,5525,284679
660,"Serafini, Marcello",18214,13690,4524,23346
661,"Sinclair, Colin",18213,12747,5466,62876
662,"Inglot, Dominic",18145,0,18145,1969051
663,"Stakhovsky, Sergiy",18129,18129,0,5606768
664,"Sharan, Divij",18114,650,17464,922859
665,"Pereira, Jose",18105,15601,2504,184309
666,"Tanuma, Ryota",18080,14596,3484,75852
667,"Kwiatkowski, Thai-Son",17985,17841,144,451890
668,"Kelly, Dayne",17965,16137,1828,211283
669,"Zelenay, Igor",17852,0,17852,892491
670,"Legout, Timo",17710,13325,4385,39359
671,"Thanos, Aristotelis",17595,16244,1351,25923
672,"Walkin, Brandon",17576,6780,10796,43543
673,"Ochi, Makoto",17542,13249,4293,103765
674,"Niklas-Salminen, Patrik",17501,3889,13612,82426
675,"Huertas del Pino, Conner",17457,10116,7341,54402
676,"Hazawa, Shinji",17386,11790,5596,31741
677,"Bangoura, Sekou",17376,14511,2865,311184
678,"Drzewiecki, Karol",17240,1171,16069,99802
679,"Alves, Mateus",17210,13195,4015,70786
680,"Snitari, Ilya",17186,12166,5020,23044
681,"Potenza, Luca",17125,15290,1835,42089
682,"Gima, Sebastian",17090,14813,2277,27076
683,"Bittoun Kouzmine, Constantin",17087,11942,5145,46587
684,"Gonzales, Ruben",17059,0,17059,142357
685,"Liutarevich, Ivan",17024,8393,8631,53341
686,"Bondarevskiy, Yan",16984,12266,4718,63282
687,"Krumich, Martin",16973,16200,773,31793
688,"Song, MinKyu",16966,976,15990,113123
689,"Kumar, Omni",16962,16052,910,36937
690,"Sun, Fajing",16865,11788,5077,148936
691,"Ayeni, Alafia",16842,14792,2050,50307
692,"Dellavedova, Matthew",16727,15033,1694,30193
693,"Takahashi, Yusuke",16654,14834,1820,139767
694,"Beaupain, Simon",16515,14247,2268,35915
695,"Uesugi, Kaito",16502,1850,14652,50897
696,"Bergevi, Filip",16445,6330,10115,67645
697,"Pacheco Mendez, Rodrigo",16432,15410,1022,16588
698,"Kravchenko, Georgii",16424,12146,4278,56870
699,"Palosi, Stefan",16365,13530,2835,37797
700,"Bouquier, Arthur",16351,9334,7017,33499
701,"Denolly, Corentin",16335,13617,2718,181391
702,"Zukas, Matias",16221,11829,4392,120597
703,"Stalder, Reese",16183,0,16183,35219
704,"Bobrov, Bogdan",16159,12593,3566,93849
705,"Cozbinov, Alexandr",16069,12230,3839,77408
706,"Perez, Alfredo",16060,10913,5147,36478
707,"Soriano Barrera, Adria",16017,13112,2905,22629
708,"Coulibaly, Eliakim",15982,13471,2511,28140
709,"Addison, Aaron",15979,9523,6456,43856
710,"Arias, Boris",15961,1543,14418,61219
711,"Araujo, Pedro",15950,13116,2834,33344
712,"Gautier, Alexis",15896,15662,234,60462
713,"Hemery, Calvin",15803,14874,929,479151
714,"Pow, Luca",15683,15593,90,15683
715,"Puttergill, Calum",15641,7346,8295,57298
716,"Sultanov, Khumoyun",15624,13298,2326,95367
717,"Kawakami, Rimpei",15606,13158,2448,31281
718,"Faria, Jaime",15596,10267,5329,19181
719,"Lajal, Mark",15576,14822,754,17697
720,"Heller, Peter",15442,11592,3850,145781
721,"Winter Lopez, Benjamin",15417,10943,4474,46997
722,"Kirchheimer, Strong",15402,14499,903,74524
723,"Veldheer, Mick",15337,9347,5990,63345
724,"Bertran, Peter",15333,12039,3294,33812
725,"Rai, Ajeet",15269,11316,3953,45506
726,"Picchione, Andrea",15141,10629,4512,27386
727,"Pokorny, Lukas",15128,10172,4956,22418
728,"Erel, Yanki",15117,13210,1907,45208
729,"Nouza, Petr",15114,8038,7076,60640
730,"Piraino, Gabriele",15065,12662,2403,18481
731,"Langmo, Christian",14982,13600,1382,52468
732,"Lamasine, Tristan",14951,10109,4842,550038
733,"Manafov, Vladyslav",14918,1340,13578,177978
734,"Ho, Ray",14899,7757,7142,37660
735,"Knaff, Alex",14844,10727,4117,24067
736,"Tabacco, Fausto",14819,12527,2292,18311
737,"Young, Donald",14775,14075,700,4684572
738,"Jebens, Hendrik",14757,714,14043,29819
739,"Lipovsek Puches, Tomas",14672,7814,6858,171027
740,"Raja, Purav",14613,260,14353,581371
741,"Mridha, Jonathan",14607,13534,1073,77497
742,"Setkic, Aldin",14513,12062,2451,474094
743,"Huang, Tsung-Hao",14462,10995,3467,29198
744,"Reymond, Arthur",14443,11173,3270,54265
745,"Carou, Ignacio",14305,8014,6291,46401
746,"Lopez Morillo, Imanol",14286,11297,2989,42395
747,"Lingua Lavallen, Alejo Lorenzo",14284,11751,2533,41224
748,"Schell, Niklas",14264,6869,7395,35753
749,"Martinez Martinez, Jorge",14263,12137,2126,17879
750,"Frantzen, Constantin",14204,2876,11328,17087
751,"Kaliyanda Poonacha, Niki",14182,8081,6101,50583
752,"Capecchi, Daniele",14045,12167,1878,64135
753,"Tenti, Fermin",14014,10472,3542,55926
754,"Martinez, Mirko",13983,11084,2899,45859
755,"Ponwith, Nathan",13958,11623,2335,36064
756,"Ito, Tatsuma",13925,13565,360,1778431
757,"Matsui, Toshihide",13915,2015,11900,352319
758,"Montes-De La Torre, Inaki",13891,10483,3408,19064
759,"Jecan, Alexandru",13883,5509,8374,85578
760,"Baker, Blu",13840,10276,3564,18121
761,"Sureshkumar, Manish",13798,10499,3299,56075
762,"Folliot, Quentin",13785,11370,2415,47908
763,"Galoppini, Davide",13747,11407,2340,84272
764,"Kivattsev, Kirill",13743,9774,3969,53674
765,"Li, Hanwen",13678,11460,2218,25659
766,"Bueno, Gonzalo",13604,11151,2453,17886
767,"Markes, Colin",13586,10766,2820,19823
768,"Weightman, Oscar",13578,10171,3407,17892
769,"Ingildsen, Johannes",13577,7473,6104,22539
770,"Little, Daniel",13569,8824,4745,21510
771,"Marie, Jules",13532,13532,0,103646
772,"Sakellaridis, Stefanos",13508,8740,4768,17422
773,"Mu, Tao",13432,12430,1002,21591
774,"Chazal, Maxime",13428,12782,646,163085
775,"Tabacco, Giorgio",13402,11213,2189,16743
776,"Andrade, Andres",13394,9821,3573,17629
777,"Vale, Duarte",13333,10203,3130,29752
778,"Nakagawa, Naoki",13282,12922,360,67142
779,"Kielan, Szymon",13239,8669,4570,17020
780,"Prizmic, Dino",13208,12559,649,13964
781,"Iannaccone, Federico",13192,10262,2930,34929
782,"Gomez-Herrera, Carlos",13189,10748,2441,197028
783,"Galarza, Juan Ignacio",13163,6865,6298,129405
784,"Rubin, Noah",13127,12922,205,807765
785,"Sandkaulen, Tim",12984,5420,7564,16506
786,"Robredo, Tommy",12940,12940,0,13467681
787,"Watanabe, Seita",12857,5668,7189,22880
788,"Ouakaa, Aziz",12829,7404,5425,48157
789,"Gomez, Juan Sebastian",12781,8519,4262,108092
790,"Gomez, Federico Agustin",12778,10464,2314,18467
791,"Zormann, Marcelo",12723,6086,6637,69042
792,"Jones, Maximus",12688,6508,6180,13858
793,"Compagnucci, Tommaso",12665,9934,2731,15901
794,"Lee, Duckhee",12630,11844,786,418841
795,"Monday, Johannus",12624,9471,3153,13064
796,"Handel, Tim",12593,10580,2013,28442
797,"Fayziev, Sanjar",12534,2693,9841,153887
798,"Kravchuk, Konstantin",12507,12051,456,1187840
799,"Madarasz, Gergely",12492,12132,360,42809
800,"Kim, Cheong-Eui",12385,9106,3279,136027
801,"Biljesko, Domagoj",12373,8000,4373,41154
802,"Singh, Digvijaypratap",12365,11081,1284,15584
803,"Prechtel, Sebastian",12229,11331,898,48626
804,"Lock, Courtney John",12217,1870,10347,38821
805,"Nijboer, Ryan",12175,7415,4760,72625
806,"Vidal Azorin, Jose Fco.",12174,10866,1308,89371
807,"Romios, Matthew Christopher",12146,5988,6158,48267
808,"Sekiguchi, Shuichi",12101,10356,1745,198542
809,"Jones, Ben",12076,5610,6466,25241
810,"Holmgren, August",12016,10356,1660,22715
811,"Elsayed, Amr",12011,9311,2700,17207
812,"Park, Uisung",11990,9503,2487,25580
813,"Angele, Jaimee Floyd",11941,11095,846,51569
814,"Haerteis, Johannes",11913,9100,2813,107016
815,"Te, Rigele",11871,10350,1521,95057
816,"Ivanovski, Kalin",11861,10295,1566,14413
817,"Tiurnev, Evgenii",11843,8682,3161,185922
818,"Farjat, Tomas",11723,8653,3070,29883
819,"Jorda Sanchis, David",11722,10320,1402,48016
820T,"Johnson, Luke",11658,1800,9858,88534
820T,"McCormick, Tristan",11658,8687,2971,14932
822,"Matuszewski, Piotr",11608,1120,10488,44469
823,"Samuel, Toby",11589,10424,1165,11847
824,"Lilov, Victor",11541,9819,1722,19200
825,"Bax, Florent",11442,9134,2308,22373
826,"Aguilar, Juan Carlos",11439,9583,1856,25584
827T,"Beauge, Maxence",11425,9495,1930,29474
827T,"Bielinskyi, Viacheslav",11425,9879,1546,12613
829,"Gorzny, Sebastian",11392,742,10650,11392
830,"Soto, Matias",11361,9861,1500,21683
831,"Mayo, Aidan",11323,9773,1550,13083
832,"Imamura, Masamichi",11273,6972,4301,17595
833,"Zanellato, Nicolas",11244,9345,1899,14736
834,"Li, Zhe",11216,8764,2452,748947
835,"Barrena, Alex",11195,9240,1955,19654
836,"Perez Contri, Sergi",11160,7813,3347,38471
837,"Trotter, James",11113,7666,3447,15943
838,"Libietis, Mikelis",11097,0,11097,56046
839,"Pujol Navarro, Bruno",11081,7125,3956,18997
840,"Bernard, Alexander",11072,9850,1222,14678
841,"Echeverria, John",11054,7903,3151,22868
842,"Egea, Franco Emanuel",11039,7764,3275,65501
843,"Popovic, Stefan",11037,9506,1531,12027
844,"Cervantes, Inigo",11023,4222,6801,1092957
845,"Deckers, Alec",10994,10580,414,18845
846,"Simon, Sahar",10991,9791,1200,17336
847,"Harper, Cleeve",10968,2252,8716,13311
848,"Sorrentino, Luigi",10950,8472,2478,26251
849,"Klok, Denis",10921,8032,2889,52579
850,"Riffice, Sam",10858,9868,990,128047
851,"Petrovic, Andreja",10807,753,10054,11833
852,"Nesterov, Petr",10792,6654,4138,12616
853,"Kypson, Patrick",10791,10471,320,111317
854,"Samrej, Kasidit",10789,9434,1355,17317
855,"O'Hoisin, Osgar",10781,7966,2815,17312
856,"Fajta, Peter",10771,10017,754,26963
857,"Boulais, Justin",10745,8486,2259,18897
858,"Manzanera Pertusa, Alejandro",10738,7166,3572,13274
859,"Atlangeriev, Bekkhan",10648,8625,2023,17050
860,"Mansilla Diez, Mario",10633,5363,5270,18554
861,"Van Wyk, Kris",10584,9080,1504,12770
862,"Balzerani, Riccardo",10571,9613,958,76179
863,"Chandrasekar, Anirudh",10565,619,9946,34813
864,"Butulija, Boris",10503,8044,2459,25453
865,"Paris, Joshua",10454,4372,6082,38462
866,"Glinka, Daniil",10453,8124,2329,26343
867,"Rawat, Sidharth",10438,9729,709,85019
868T,"Lee, Jea Moon",10353,8301,2052,32675
868T,"Miceli, Marco",10353,8609,1744,39028
870,"Merino, Alexander",10332,1889,8443,51464
871,"Chidekh, Clement",10329,9238,1091,21499
872,"Moundir, Adam",10320,7611,2709,40701
873,"Krainer, Lukas",10296,8908,1388,26430
874,"Uzhylovskyi, Volodoymyr",10289,3689,6600,103075
875,"Negritu, Christoph",10259,7346,2913,71047
876,"Ivanov, Simon Anthony",10256,7835,2421,26409
877,"Beckley, Alec",10234,7943,2291,16661
878,"Blanch, Dali",10202,7621,2581,17320
879,"McNally, John",10112,6607,3505,53316
880,"Barnat, Jiri",10109,6992,3117,14969
881,"Taylor, Jason",10081,568,9513,32410
882,"Kirci, Koray",10077,7641,2436,37188
883,"Haliak, Mikalai",10024,7396,2628,39967
884,"Harrison, Ryan",10018,10018,0,4806463
885,"Vardhan, Vishnu",9965,2412,7553,253723
886,"Klier Junior, Gilbert",9950,9290,660,51164
887,"Yamacita, Fernando",9931,7575,2356,34712
888,"Kingsley, Cannon",9877,8783,1094,26971
889,"Fuele, Matyas",9874,9354,520,18019
890,"Florig, Philip",9849,6854,2995,10558
891,"Guillen Meza, Alvaro",9836,7619,2217,15684
892,"Heyman, Christopher",9834,8933,901,130736
893,"Perchicot, Matthieu",9733,8962,771,66950
894,"Cungu, Rrezart",9732,8252,1480,24669
895,"Rottoli, Lorenzo",9679,7389,2290,17076
896,"Vasa, Eero",9662,4191,5471,25207
897,"Pinnington Jones, Jack",9659,9209,450,36850
898,"Breysach, Martin",9626,4593,5033,21337
899,"Saitoh, Keisuke",9580,7804,1776,15025
900,"Jahn, Jeremy",9555,8727,828,163599
901,"Tomescu, Dan Alexandru",9525,6324,3201,32678
902,"Coelho, Fabio",9516,4890,4626,27255
903,"Vilardo, Francesco",9498,5917,3581,106861
904,"Dev, S D Prajwal",9478,7283,2195,30417
905,"Niki, Takuto",9437,5947,3490,176596
906,"Roncalli, Simone",9435,9435,0,55724
907,"Skorilas, Alexandros",9400,6006,3394,29732
908,"Siniakov, Daniel",9394,5904,3490,15803
909,"Tajima, Naoki",9370,4808,4562,37806
910,"Freund, Simon",9362,3230,6132,35081
911,"Bielinskyi, Oleksandr",9360,6022,3338,25958
912,"Weber, Arthur",9350,8572,778,12620
913,"Ichikawa, Taisei",9300,5803,3497,21354
914T,"Naw, Hazem",9292,8226,1066,15222
914T,"Sanchez, Luca",9292,525,8767,11909
916,"Chung, Hyeon",9265,0,9265,3700212
917,"Bailly, Gilles Arnaud",9263,9049,214,9263
918,"Mertens, Yannick",9251,6778,2473,528004
919T,"Fernandez Flores, Diego",9234,7106,2128,21930
919T,"Voisin, Emilien",9234,8304,930,14975
921,"Danilov, Savriyan",9181,7930,1251,39207
922,"Karol, Milos",9167,4412,4755,17006
923,"Zink, Tyler",9074,4998,4076,26226
924,"Kimhi, Orel",9047,7781,1266,10285
925,"March, Cayetano",9044,6826,2218,36820
926,"Weekes, Jaden",9037,8173,864,9037
927,"Roncadelli, Franco",9029,6604,2425,23687
928,"Sharipov, Marat",9025,5286,3739,13324
929,"Ellis, Blake",9024,5135,3889,108467
930,"Prashanth, N Vijay Sundar",9015,416,8599,132312
931,"Loureiro, Joao Victor Couto",9011,5949,3062,12763
932,"Battaglino, Stefano",9007,6361,2646,25163
933,"Berrettini, Jacopo",9001,6233,2768,83051
934,"Rodriguez - Pace, Ricardo",9000,6513,2487,125803
935,"Bouzige, Moerani",8985,7417,1568,19719
936,"Shelbayh, Abedallah",8984,8328,656,13163
937,"Nejedly, Pavel",8942,8415,527,65491
938,"Tomasetto, Luca",8933,7957,976,24767
939,"Wong, Chak Lam Coleman",8909,6175,2734,13408
940,"Buitrago, Nicolas",8905,6905,2000,11095
941T,"Boehler, Dominik",8889,8211,678,54004
941T,"Zima, Leopold",8889,7100,1789,17875
943,"Gadamauri, Buvaysar",8887,6632,2255,17216
944,"Deschamps, Thomas",8877,8529,348,12569
945,"Frawley, James",8866,950,7916,41264
946,"Manda, Calin",8840,7596,1244,37321
947,"Jans, Jarno",8805,5321,3484,10101
948,"Mitsui, Shunsuke",8764,6416,2348,9952
949,"Moeller, Marvin",8759,8584,175,67734
950,"Patino, Luis",8757,5625,3132,134086
951,"Beloborodko, Illya",8742,6135,2607,22201
952,"Mazza, Manuel",8733,7745,988,12814
953,"De La Fuente, Santiago",8698,5620,3078,15250
954,"Colson, Tibo",8674,7854,820,11396
955,"Wang, Xiaofei",8628,7398,1230,8978
956,"Tamm, Kristjan",8615,7148,1467,32888
957,"Corwin, Felix",8600,7420,1180,62425
958,"Matsuda, Ryuki",8581,6757,1824,9625
959,"Scaglia, Mathieu",8520,6621,1899,13128
960,"Barreto Sanchez, Diego Augusto",8514,6177,2337,19283
961,"Frunza, Nicolae",8481,7905,576,69125
962,"Landaluce, Martin",8458,6832,1626,8458
963T,"Dalla Valle, Enrico",8451,5891,2560,71653
963T,"Hoyos, Alejandro",8451,5867,2584,21607
965,"Moraing, Oscar",8430,7526,904,20884
966,"Cias, Pawel",8412,7464,948,87959
967,"Apostol, Bogdan Ionut",8411,6895,1516,64515
968,"Bocchi, Lorenzo",8400,7788,612,38058
969,"Brugnerotto, Marco",8382,6848,1534,27450
970,"Sinha, Nitin Kumar",8376,6492,1884,28162
971,"Hellum-Lilleengen, Lukas",8360,2416,5944,30338
972,"Cid Subervi, Roberto",8344,8164,180,238393
973,"Wallart, Enzo",8296,7215,1081,14993
974,"Gulin, Svyatoslav",8280,6615,1665,8634
975,"Bicknell, Blaise",8265,7631,634,12495
976,"Sumizawa, Daisuke",8235,6432,1803,22715
977,"Carr, Simon",8204,6687,1517,61155
978,"Bruna, Nicolas",8179,4929,3250,14381
979,"Tokuda, Renta",8145,7965,180,92200
980,"Basso, Andrea",8090,6868,1222,131423
981,"Pontjodikromo, Sidane",8071,6012,2059,31366
982,"Guerrieri, Andrea",8063,7319,744,34189
983,"Pannu, Kiranpal",8039,6771,1268,15298
984,"Vandermeersch, Cyril",8033,6641,1392,11924
985,"Kovapitukted, Palaphoom",7993,6304,1689,21344
986,"Nunez, Daniel Antonio",7992,5950,2042,17049
987,"Ogura, Kosuke",7979,5679,2300,15840
988,"Takeuchi, Kento",7964,5376,2588,179045
989,"Parizzia, Nicolas",7949,5755,2194,15328
990,"Kawachi, Kazuma",7937,5508,2429,35888
991,"Delage, Pierre",7912,5514,2398,18572
992,"Kestelboim, Mariano",7828,6125,1703,112919
993,"Bovy, Arnaud",7811,6675,1136,38549
994,"Bouquet, Lucas",7808,6180,1628,26955
995,"Ocleppo, Julian",7795,3847,3948,118223
996,"Sigsgaard, Christian",7786,6130,1656,14395
997,"Gaubas, Vilius",7772,6780,992,9254
998,"Zgirovsky, Alexander",7746,4486,3260,16639
999,"Reinberg, Emil",7745,7421,324,27787
1000,"Noce, Gabriele Maria",7722,4833,2889,22812
1001,"Mendoza, Alejandro",7715,4146,3569,51436
1002,"Babic, Zvonimir",7710,0,7710,11893
1003,"Chakravarthi, Caleb",7654,7600,54,8244
1004,"Sheyngezikht, Leonid",7614,5183,2431,12490
1005,"Rodrigues, Daniel",7605,5591,2014,17357
1006,"Agarwal, Rishab",7587,5345,2242,27559
1007,"Marrero, David",7582,339,7243,2382968
1008,"Vallejo, Adolfo Daniel",7576,6240,1336,8506
1009,"Kekez, Duje",7549,7351,198,80317
1010,"Harper, Mitchell",7532,6188,1344,9734
1011,"Maden, Yannick",7522,6252,1270,760360
1012,"Crnokrak, Alexander",7517,5707,1810,35908
1013,"Castelnuovo, Luca",7482,4259,3223,57812
1014,"Duncan, Scott",7464,1038,6426,21635
1015,"Flores, Jesse",7456,5405,2051,17858
1016,"Martinez, Alex",7410,5049,2361,12722
1017,"Roveri Sidney, Gabriel",7391,3057,4334,15271
1018,"Duda, Filip",7353,4194,3159,36412
1019,"Vance, Jack",7350,0,7350,10942
1020,"Obradovic, Dusan",7349,5645,1704,10192
1021,"Wojcik, Yann",7336,3926,3410,27762
1022,"Castagnola, Luca",7331,5856,1475,8583
1023,"Beale, Jeremy",7329,3314,4015,66108
1024,"Jovic, Viktor",7323,5070,2253,14379
1025,"Moller, Elmer",7295,6647,648,9091
1026,"Al Allaf, Kareem",7284,5718,1566,14357
1027,"Smith, Roy",7252,6732,520,57848
1028,"Gentzsch, Tom",7223,5641,1582,8376
1029,"Srbljak, Gorazd",7219,5270,1949,28309
1030,"Taylor, Adam",7195,246,6949,28862
1031,"Donati, Matteo",7148,6507,641,375972
1032,"Cerretani, Jamie",7144,130,7014,947843
1033,"Ambrogi, Luciano Emanuel",7124,5564,1560,7844
1034,"Janowicz, Jerzy",7102,6872,230,3769423
1035,"Arutiunian, Erik",7079,3940,3139,8933
1036,"Donev, Gabriel",7067,4982,2085,33919
1037,"Rivera, Leyton",7060,1348,5712,26000
1038,"Rodriguez, Lorenzo Joaquin",7035,5396,1639,10553
1039,"Pieczkowski, Olaf",7012,5122,1890,8128
1040,"Steiner, Maik",6977,4932,2045,13786
1041,"Cacao, Tiago",6973,6076,897,77160
1042,"Woerner, Paul",6969,5118,1851,52076
1043,"Lopez, Noah",6963,5405,1558,8669
1044,"Garcian, Axel",6932,4781,2151,15077
1045,"Palovic, Lukas",6908,5600,1308,13542
1046,"Raynel, Amaury",6900,5835,1065,9834
1047,"Alharrasi, Issa",6893,3130,3763,7841
1048,"De Krom, Michiel",6887,4712,2175,37123
1049,"Artnak, Bor",6874,6472,402,7394
1050,"Agabigun, Sarp",6859,3870,2989,64712
1051,"Masabayashi, Tomohiro",6847,3538,3309,12397
1052,"Nedelko, Ivan",6842,6440,402,324059
1053,"Dostanic, Stefan",6831,5966,865,8533
1054T,"Ivanov, Vladislav",6818,5178,1640,12573
1054T,"Privara, Peter Benjamin",6818,5390,1428,8271
1056,"Iradukunda, Guy Orly",6791,3911,2880,32443
1057,"Dancu, Vlad Andrei",6786,6606,180,23720
1058,"Zaid, Mubarak",6785,3130,3655,11405
1059,"Son, Ji Hoon",6761,4149,2612,25060
1060,"Isaro, Pruchya",6758,2942,3816,51017
1061,"Johns, Garrett",6742,6106,636,14888
1062,"Vankan, Marlon",6729,4497,2232,13046
1063,"Reddy, Rishi",6709,4404,2305,12928
1064,"Sigouin, Benjamin",6705,2896,3809,48001
1065,"Montsi, Khololwam",6680,6056,624,42526
1066,"Buse, Ignacio",6654,4855,1799,8918
1067,"Broville, Maxence",6652,4785,1867,22673
1068,"Mora, Maxime",6651,5627,1024,41084
1069,"Kalyanpur, Adil",6650,4389,2261,26198
1070,"Ouahab, Lamine",6630,2944,3686,483336
1071,"Tepmahc, Nicolas",6590,6008,582,17166
1072,"Hidalgo, Gabriel Alejandro",6575,4288,2287,86884
1073,"Marmousez, Lilian",6570,5420,1150,20038
1074,"Simakin, Ilia",6567,5264,1303,7089
1075,"Reitano, Stefano",6566,4753,1813,13286
1076,"Singh, Karan",6537,4665,1872,7821
1077,"Rikl, Patrik",6529,4917,1612,55208
1078T,"Bosio, Gabriele",6524,4576,1948,13171
1078T,"Tashbulatov, Dostanbek",6524,4684,1840,28848
1080,"Rocha, Henrique",6522,4813,1709,9353
1081T,"Gimenez, Igor",6520,4175,2345,10666
1081T,"Ilhan, Marsel",6520,6322,198,1395708
1083,"Polukhin, Savva",6511,6403,108,12629
1084,"Gonzalez Fernandez, Mario",6499,5773,726,9654
1085,"Gomez, Mateo",6496,5418,1078,9740
1086,"Lofman, Aleksi",6463,5407,1056,8094
1087,"Den Ouden, Guy",6462,5312,1150,21111
1088,"del Potro, Juan Martin",6460,6460,0,25896046
1089,"Paroulek, Tadeas",6427,5230,1197,34449
1090,"Speziali, Filippo",6425,5235,1190,9452
1091,"Pozzi, Davide",6413,0,6413,11118
1092,"Kikuchi, Yuta",6406,5320,1086,9194
1093,"Jurajda, Adam",6355,3387,2968,8674
1094,"Maamoun, Karim-Mohamed",6316,4837,1479,180112
1095,"Galdos, Sergio",6315,780,5535,172333
1096,"Wallin, Olle",6287,5815,472,6545
1097,"Rodesch, Chris",6270,4838,1432,7336
1098T,"Musialek, Alexis",6245,4835,1410,126697
1098T,"Suksumrarn, Thantub",6245,3000,3245,7307
1100T,"Cigarran, Thiago",6227,4351,1876,8873
1100T,"Gagliardo, Lorenzo",6227,4293,1934,12787
1102,"Brown, Preston",6226,4716,1510,17907
1103,"Hermans, Mats",6211,520,5691,23676
1104,"Claverie, Lorenzo",6208,4484,1724,11106
1105,"Yamanaka, Taiyo",6188,4864,1324,11302
1106,"Sookton-eng, Chanchai",6162,4131,2031,21453
1107,"Benchakroun, Mehdi",6154,3544,2610,6574
1108,"Wassermann, Deney",6126,5447,679,10249
1109,"Philippov, Evgeny",6094,5228,866,10542
1110,"Pospisil, Jaroslav",6084,1470,4614,566440
1111,"Trongcharoenchaikul, Wishaya",6055,4416,1639,85210
1112,"Kodat, Toby Alex",6027,4860,1167,46572
1113,"Nava, Eduardo",6021,4169,1852,17492
1114,"Lemstra, Kai",6012,3088,2924,22125
1115,"Falabella, Lautaro Agustin",5982,3730,2252,10708
1116,"Charoenphon, Yuttana",5972,4665,1307,9604
1117,"Alcantara, Francis Casey",5957,156,5801,41401
1118,"Lambling, Raphael",5955,5275,680,7099
1119,"Aitkulov, Arslanbek",5942,5378,564,6296
1120,"Martinez, Louroi",5931,3750,2181,24220
1121,"De Rueda De Genover, Ignasi",5893,4423,1470,10805
1122,"Nincevic, Frane",5887,2395,3492,17203
1123T,"Al Janahi, Abdulrahman",5860,0,5860,16450
1123T,"Alawadhi, Omar",5860,0,5860,152288
1125,"Zahraj, Patrick",5850,2661,3189,10986
1126,"Ricca, Giorgio",5846,3136,2710,42741
1127,"Cavrak, Ken",5839,4763,1076,8249
1128,"Vance, Jamie",5814,0,5814,7750
1129,"Tumasonis, Gabriel",5804,4138,1666,10326
1130,"Yamasaki, Jumpei",5803,4692,1111,64530
1131,"Catini, Niccolo",5801,3932,1869,6359
1132,"Pecotic, Matija",5796,5796,0,112110
1133,"Asaba, Abraham",5778,728,5050,9418
1134,"Giacalone, Omar",5775,4356,1419,110342
1135,"Milev, Yanaki",5766,2094,3672,6450
1136,"Cloes, Loic",5731,3542,2189,13605
1137,"Rajski, Maciej",5725,5415,310,61050
1138,"Vasiliauskas, Matas",5700,4418,1282,8802
1139,"Dembek, Michal",5699,2890,2809,67168
1140,"Damas, Miguel",5665,5203,462,20273
1141,"Isomura, Kokoro",5652,4340,1312,7062
1142,"Denisov, Ivan",5601,2996,2605,9775
1143T,"Aubriot, Alexandre",5555,4579,976,8375
1143T,"Sanchez, Manuel",5555,780,4775,125968
1145,"Kumasaka, Takuya",5532,4902,630,7772
1146,"Sec, Sebastian",5531,5441,90,5531
1147,"Pampanin, Pietro",5528,3687,1841,7241
1148,"Sancic, Antonio",5526,0,5526,277711
1149,"Prado Angelo, Juan Carlos",5523,4312,1211,5679
1150,"Bybel, Nicholas",5520,2872,2648,18730
1151,"Alvarez, Luis Carlos",5511,5181,330,5511
1152,"Marcondes, Igor",5500,5150,350,59532
1153,"Schachter, Noah",5481,2482,2999,9737
1154,"Sheehy, Joshua",5480,3362,2118,9250
1155,"Valsecchi, Paul",5435,3363,2072,15405
1156,"Bollipalli, Rithvik Choudary",5403,0,5403,5403
1157,"Pontoglio, Davide",5402,4145,1257,17103
1158,"Farren, Connor",5391,5301,90,56055
1159,"Stakusic, Marko",5374,4116,1258,6192
1160,"Rubio Fierros, Alan Fernando",5372,3970,1402,12499
1161,"Barton, Hynek",5352,4882,470,5352
1162,"Strode, Isaiah",5348,4636,712,26997
1163,"Pereira, Miguel Fernando",5342,1546,3796,13245
1164,"Rodenas, Pedro",5322,5226,96,6152
1165,"Evans, Tom",5312,3874,1438,7575
1166,"Brumm, Jacob",5301,4070,1231,8848
1167,"Bar Biryukov, Petr",5289,3070,2219,8847
1168T,"Matas Ortega, Xavi",5280,5184,96,6514
1168T,"Virgili, Augusto",5280,364,4916,12859
1170,"Ostapenkov, Daniil",5271,3002,2269,6207
1171,"Sorger, Sebastian",5226,4458,768,5478
1172,"Ktiri, Marc Othman",5223,4310,913,10809
1173,"De Rossi, Marco",5220,3703,1517,12074
1174,"Kang, Kyle",5219,4691,528,5779
1175,"Abderrahman, Wissam",5212,3694,1518,7930
1176,"Evans, Gabriel",5210,4240,970,6454
1177T,"Liaonenka, Aliaksandr",5198,2386,2812,20875
1177T,"Pearson, Kody",5198,3600,1598,15764
1179,"Hodkin, Sean",5140,4176,964,15368
1180,"Franco, Tobias",5035,3705,1330,6309
1181,"Cook, Ethan",5027,2500,2527,5027
1182,"Bresciani, Lorenzo",5006,3856,1150,5624
1183,"Zakaryia, Faris",4962,3062,1900,8892
1184,"Nusdeo, Joao Marcos",4948,3704,1244,10352
1185,"Oetzbach, Adrian",4944,3314,1630,14466
1186,"Gomes, Miguel",4927,3797,1130,8411
1187,"Campana, Federico",4914,3100,1814,9294
1188,"Lalami Laaroussi, Younes",4913,3323,1590,6119
1189,"Martin, Toby",4888,3614,1274,64036
1190,"Darras, Mayeul",4881,3152,1729,11091
1191,"Efstathiou, Menelaos",4865,4022,843,10521
1192,"Sach, Tai",4856,2754,2102,4856
1193,"Boitan, Gabi Adrian",4851,4242,609,18429
1194,"Osorio, Juan Sebastian",4841,2696,2145,6914
1195,"Urrea, Andres",4838,1300,3538,11511
1196,"Nishiwaki, Kazuki",4830,4364,466,23169
1197,"Kalender, Admir",4818,3231,1587,15970
1198,"Pennaforti, Gabriele",4811,3881,930,5219
1199,"Blockx, Alexander",4807,2903,1904,4807
1200,"Nordquist, Arvid",4802,4490,312,11102
1201,"Ahouda, Walid",4794,2092,2702,5004
1202,"Vocel, Matej",4763,2441,2322,34942
1203,"Welte, Milan",4747,4345,402,22108
1204,"Okamura, Issei",4736,3236,1500,54083
1205,"Heck, Hunter",4729,3174,1555,6087
1206,"Congcar, Congsup",4721,2585,2136,26638
1207,"Jansen, William",4713,3443,1270,15014
1208,"Baadi, Taha",4712,4064,648,15687
1209,"Doria, Luciano",4711,3281,1430,21948
1210,"Bertuccioli, Federico",4707,2431,2276,14555
1211,"El Sallaly, Akram",4691,2650,2041,16253
1212,"Markovski, Obrad",4688,3156,1532,7354
1213,"Shanmugam, Abhinav Sanjeev",4668,3318,1350,22545
1214,"Tracy, James",4647,3643,1004,7217
1215,"Mikrut, Luka",4646,2688,1958,5691
1216,"Koaykul, Krittin",4634,3272,1362,9044
1217,"Bolardt, Antonin",4626,2434,2192,14345
1218,"Rojas, Olivier",4622,2612,2010,7530
1219,"Toledo Bague, Pol",4620,3962,658,128300
1220,"Saraiva Dos Santos, Paulo Andre",4614,3236,1378,7602
1221,"Ponchet, Matt",4604,3134,1470,5214
1222,"Pavlekovich Smith, Thomas",4592,2886,1706,4802
1223,"Moghini, Gabriele",4589,2947,1642,10841
1224,"Calzi, Raphael",4580,1248,3332,7824
1225,"Cui, Jie",4574,3548,1026,40955
1226,"Kiger, Mac",4571,2637,1934,5711
1227,"Smith, Jordan",4558,2496,2062,5418
1228,"Bagnolini, Daniel",4556,3902,654,5606
1229,"Esquici, Lorenzo",4547,3021,1526,5277
1230,"Opitz, Jannik",4539,2102,2437,5097
1231,"Mbithi, Mwendwa",4536,3642,894,16474
1232,"Mikula, Michal",4515,3372,1143,16325
1233,"Becerra Otarola, Ignacio Antonio",4498,3482,1016,5286
1234,"Kellovsky, Dominik",4486,2248,2238,57952
1235,"Hilderbrand, Trey",4485,1260,3225,5983
1236,"Inui, Yuichiro",4478,3186,1292,14178
1237,"Feldbausch, Kilian",4473,4311,162,4893
1238,"Garcia, Alejandro",4463,1988,2475,13116
1239,"Eqbal, Ishaque",4446,3402,1044,7977
1240,"Tang, Sheng",4440,2226,2214,5712
1241,"Steinegger, Yannik",4428,1897,2531,22433
1242,"Anthrop, Jack",4422,3380,1042,5532
1243,"Jones, Adam",4420,2952,1468,9872
1244,"Goldsteiner, Peter",4397,3077,1320,55887
1245,"Zhukov, Maxim",4392,3920,472,6935
1246,"Maloney, Patrick",4389,3609,780,4389
1247,"Seateun, Nathan",4386,3924,462,24077
1248,"Jenicek, Jiri",4376,2558,1818,10074
1249,"Boureau, Alexis",4367,3713,654,13969
1250,"Cabrera Bello, Inaki",4358,3314,1044,4466
1251,"Viola, Matteo",4353,4274,79,821594
1252,"Juhas, Kristijan",4352,3892,460,6304
1253,"Minin, Matvey",4331,3527,804,22024
1254,"Del Federico, Andrea",4329,2973,1356,8184
1255,"Sakamoto, Pedro",4325,2778,1547,157232
1256,"Llanes, Francisco",4324,2798,1526,8788
1257,"Binda, Alexandr",4317,2358,1959,10903
1258,"Maginley, Jody",4313,1838,2475,23494
1259T,"Bayldon, Blake",4310,1782,2528,4310
1259T,"Pavlovic, Luka",4310,3208,1102,21285
1259T,"Ragazzi, Alessandro",4310,3668,642,11662
1262,"Donders, Dax",4298,3176,1122,6934
1263,"Falcao, Goncalo",4295,1051,3244,64332
1264,"Williams, Cooper",4293,2706,1587,4503
1265,"Goldhoff, George",4290,780,3510,18671
1266,"Gola, Andrea",4282,3316,966,7898
1267,"Brady, Patrick",4280,3010,1270,4280
1268,"Brigida, Omar",4274,3176,1098,7373
1269,"Neff, Adam",4265,2330,1935,4525
1270,"Catanzariti, A.J.",4262,3368,894,16654
1271,"Kijametovic, Aziz",4259,3815,444,14020
1272,"Poullain, Lucas",4240,3746,494,40536
1273T,"Novansky, Michal",4238,3010,1228,7735
1273T,"Vylegzhanin, Nikolay",4238,4094,144,8204
1275,"Zhang, Ze",4236,2301,1935,1106768
1276,"Martinez, Mateo Nicolas",4235,2320,1915,91485
1277,"Benitez Chavarriaga, Juan Manuel",4221,3503,718,37025
1278,"King, Darian",4210,3610,600,646480
1279,"Roelofse, Ruan",4206,260,3946,227109
1280,"Shin, Maxim",4168,2767,1401,4168
1281,"Hess, Sean",4162,2286,1876,6758
1282,"Hannestad, Benjamin",4136,1466,2670,13114
1283,"Szajrych, Jasza",4134,3350,784,4860
1284,"Nidunjianzan, Fnu",4133,3669,464,4133
1285,"Hurrion, Millen",4115,2750,1365,9849
1286,"Braswell, Micah",4110,3860,250,5140
1287,"Andaloro, Fabrizio",4098,3306,792,6203
1288,"Midon, Lautaro",4087,3503,584,4527
1289,"Barun, Bozo",4083,2738,1345,6308
1290,"Yuzuki, Takeru",4080,1302,2778,4956
1291,"Southcombe, Mattias",4070,1660,2410,4958
1292,"Jeong, Yeong-Seok",4068,2579,1489,9372
1293,"Horvat, Roko",4054,4054,0,6646
1294,"Terczynski, Mateusz",4046,3376,670,20533
1295,"Barr, Elbert",4037,414,3623,4763
1296,"Abibsi, Mohamed Ali",4036,2230,1806,4594
1297,"Faucon, Romain",4014,3092,922,8326
1298,"Bodmer, Adrian",4005,2946,1059,52160
1299,"Basing, Max",4004,3914,90,5544
1300,"Lo, Chien-hsun",4000,3144,856,34738
1301,"Willis, Marcus",3997,0,3997,224211
1302,"Yunis, Facundo",3993,3477,516,6329
1303,"Garcia, Miguel",3984,2934,1050,4468
1304,"Molino, Javier",3982,3184,798,6400
1305,"Nakashima, Bryce",3979,2450,1529,4483
1306,"Lopez Villasenor, Gerardo",3975,3921,54,97237
1307,"Torres, Benjamin",3968,3548,420,5448
1308,"Dominko, Sebastian",3965,3263,702,4223
1309,"Fonseca, Joao",3960,3140,820,4410
1310,"Tresca, Giuseppe",3938,3362,576,10617
1311T,"Akkoyun, Umut",3932,1558,2374,16631
1311T,"Suzuki, Ko",3932,3164,768,18549
1313,"Somani, Parikshit",3915,156,3759,5535
1314,"Zhu, Michael",3908,3692,216,40481
1315,"Tyler, Joe",3899,1518,2381,4733
1316,"Rogic-Hadzalic, Alen",3898,2013,1885,16643
1317,"Ozdemir, S Mert",3892,1376,2516,5711
1318,"Zheng, Baoluo",3891,414,3477,4051
1319,"Jin, Jeremy",3890,3460,430,3890
1320,"Ghorbel, Anis",3886,0,3886,69276
1321,"Wong, Hong Kit",3872,2528,1344,30110
1322,"Ilkel, Berk",3871,2683,1188,9270
1323,"Temirhanov, Arslanbek",3870,2822,1048,3960
1324,"Blaydes, Billy",3862,2642,1220,3862
1325,"Del Pino, Mateo",3850,2910,940,5130
1326,"Giacomini, Luca",3846,3306,540,41065
1327,"Whiting, Tennyson",3837,382,3455,5890
1328,"Gonzalez, Alejandro",3835,3835,0,1156362
1329,"Trinker, Jonas",3824,3146,678,23382
1330,"Jacq, Gregoire",3813,1432,2381,122031
1331,"Wojcik, Jakub",3800,2914,886,6158
1332,"Banthia, Siddhant",3798,1422,2376,13064
1333,"Rodriguez, Johan Alexander",3796,2776,1020,5705
1334T,"Cekirge, Kuzey",3786,3264,522,9424
1334T,"Gavrielides, Liam",3786,2535,1251,4612
1336,"Yang, Jimmy",3785,1898,1887,4595
1337,"Jose Ribeiro Lago, Elio",3783,2901,882,5135
1338,"Chung, Hong",3776,2774,1002,49379
1339,"Misasi, Giannicola",3774,2882,892,5246
1340,"Recek, Dominik",3766,2325,1441,12443
1341,"Shin, Sanhui",3760,2344,1416,13548
1342,"Sadaoui, Mehdi",3748,3346,402,5612
1343,"Azoides, Demetris",3745,2056,1689,4839
1344,"Koenig, Luc",3740,2642,1098,4800
1345,"Marrero Curbelo, Ivan",3729,2463,1266,17846
1346,"Ganta, Sai Karteek Reddy",3714,780,2934,4080
1347,"Britto, Luis",3705,2280,1425,18569
1348,"Joncour, Ronan",3698,2178,1520,52138
1349,"Zanotti, Alessio",3687,1062,2625,4461
1350,"Scott, Fletcher",3682,2680,1002,9446
1351,"Matsumura, Ryotero",3681,3243,438,7547
1352,"Bradshaw, Jacob",3679,3679,0,3679
1353,"Sakellaridis, Dimitris",3674,0,3674,3824
1354,"Antonescu, Vasile",3671,2443,1228,69113
1355,"Papoe, Radu Mihai",3668,3476,192,6870
1356,"Sueoka, Yamato",3662,1964,1698,4370
1357,"Schnaitter, Jakob",3650,2392,1258,6337
1358,"Pontico, Hugo",3649,3393,256,26759
1359,"Barreiros Reyes, Mateo",3634,2650,984,7632
1360,"Turker, Mert Naci",3630,1628,2002,28519
1361,"Jermar, Jan",3617,1060,2557,6757
1362,"Ward IV, Emmett",3612,2574,1038,7968
1363,"Reco, Alexandre",3610,1981,1629,8615
1364,"Brunold, Mika",3603,3405,198,4903
1365,"Broska, Florian",3589,3025,564,5775
1366,"Salton, Dylan",3584,2570,1014,8853
1367,"Reynolds, Finn",3579,1764,1815,5074
1368,"Hasson, Jordan",3568,3202,366,19424
1369,"Safranek, Vaclav",3563,3295,268,295470
1370T,"Perez, Brandon",3554,1712,1842,8450
1370T,"Tsarapkin, Egor",3554,1834,1720,4178
1372,"Paty, Daniel",3552,1958,1594,7586
1373,"Genov, Anthony",3549,1764,1785,5603
1374,"Ciavarella, Niccolò",3535,2419,1116,3717
1375,"Chanta, Thanapet",3534,2945,589,9720
1376,"Petrov, Alexander",3528,3240,288,3780
1377,"Jang, Yunseok",3527,2895,632,3737
1378,"Baris, Ozan",3522,2616,906,5014
1379,"Mackinlay, James",3520,260,3260,4754
1380,"Ortenzi, Gian Marco",3499,3091,408,8747
1381,"Ross, Gianni",3495,3495,0,11605
1382,"Sebesta, Jan",3493,2833,660,4970
1383,"Dutra Silva, Rogerio",3480,0,3480,1854319
1384,"Murphy, Brandon",3476,3314,162,5138
1385,"Sun, Qian",3471,1734,1737,3723
1386,"Hamza Reguig, Samir",3470,2588,882,4304
1387,"Hanzlik, Cash",3465,3117,348,3877
1388,"La Vela, Giuseppe",3462,2744,718,5776
1389,"Ginat, Roi",3456,2884,572,8910
1390,"Li, Majun",3451,1554,1897,3451
1391,"Trinh, Linh Giang",3446,2392,1054,9844
1392,"Rossi, Leonardo",3444,2250,1194,3654
1393,"Novikov, Dennis",3441,1406,2035,660596
1394,"Vojinovic, Lazar",3412,2336,1076,4858
1395,"Gimenez, Julián",3399,2723,676,6467
1396,"Pena, Enrique",3397,2391,1006,4759
1397,"Leote Prata, Martim",3389,1794,1595,11704
1398,"Castro, Cristobal",3382,2286,1096,4410
1399,"Vanta, Valentin",3372,2684,688,13344
1400T,"Maute, Jannik",3364,3054,310,3622
1400T,"Simonit, Ezequiel",3364,2944,420,4452
1402,"Calvano, Giovanni",3358,3064,294,9414
1403,"Rivera, Hudson",3347,3293,54,3437
1404,"La Serna, Juan Manuel",3343,2189,1154,4003
1405,"Krawcewicz, Kris",3340,3286,54,7288
1406,"Tonejc, Vito",3314,3260,54,3314
1407,"Navasirisomboon, Jirat",3313,2569,744,26013
1408,"Emesz, Benedikt",3311,2072,1239,6660
1409,"Volonski, Nikita",3308,2860,448,5100
1410T,"De Jager, Jesse",3293,2306,987,3293
1410T,"Marinescu, Mihai Razvan",3293,2471,822,4161
1412,"Stuurman, Roland",3291,1836,1455,6759
1413,"D'Agostino, Stefano",3288,2366,922,4090
1414,"Camus, Charlie",3286,2492,794,3286
1415,"Roberts, Justin",3278,2924,354,20246
1416,"Pawelski, Martyn",3270,2862,408,5015
1417,"Cesar Porras, Julio",3251,3065,186,5325
1418,"Canter, Alexis",3248,2596,652,25699
1419,"Ellouck, Ron",3246,2126,1120,3836
1420,"Jotovski, Tomislav",3241,1986,1255,70122
1421,"Sakellaridis, Michalis",3224,884,2340,8638
1422,"Baron, Jonathan",3219,2155,1064,4359
1423,"Bar Menahem, Shay",3204,2616,588,3894
1424,"Wang, Chukang",3198,1866,1332,20950
1425,"Zheng, Michael",3194,2846,348,3968
1426,"Nakamura, Ren",3184,1870,1314,14692
1427,"Planelles Ripoll, Gerard",3174,2868,306,3590
1428,"Shaw, Michael",3164,2160,1004,5122
1429,"Kissell, Chad",3152,2232,920,6827
1430,"Boyd, Kalman L.",3147,2931,216,7611
1431,"Sabanin, Yan",3146,2564,582,74126
1432T,"Qamar, Faisal",3134,2240,894,5798
1432T,"Talic, Zaharije-Zak",3134,1536,1598,3134
1434,"Andrejic, Marko",3130,2280,850,3130
1435,"Court, Jayden",3122,1352,1770,11429
1436,"Justo, Guido Ivan",3115,2863,252,27561
1437T,"Altuna, Tuna",3113,0,3113,102147
1437T,"Colby, Ryan",3113,3113,0,3479
1439,"Sperle, John",3096,2373,723,4453
1440,"Bourchier, Harry",3095,2145,950,161302
1441T,"Kobelt, Nicolas",3094,2574,520,3094
1441T,"Ozolins, Karlis",3094,2198,896,10548
1443,"Hornitschek, Nico",3090,2286,804,4580
1444T,"Vishwakarma, Siddharth",3085,2827,258,12501
1444T,"Zielinski, Marcel",3085,2923,162,3085
1446,"Aksu, Cengiz",3074,1684,1390,23398
1447,"Hua, Runhao",3073,1626,1447,60828
1448,"Roumane, Rayane",3066,2868,198,64073
1449,"Kim, Aidan",3049,2305,744,3205
1450,"Martinez Arjona, Samuel",3039,780,2259,4439
1451,"Dickerson, Ryan",3038,1580,1458,3038
1452,"Khoeblal, Elgin",3027,2105,922,4167
1453,"Fitzgerald, Patrick",3024,1872,1152,3288
1454,"Vasa, Iiro",3014,1226,1788,7874
1455,"Fantini, Luca",3011,2579,432,3419
1456,"Fitriadi, M Rifki",3005,2445,560,5453
1457,"Chrysochos, Petros",2992,2362,630,74182
1458,"De Carvalho, Valentin",2976,780,2196,4160
1459,"Renard, Lucas",2971,2683,288,43540
1460,"Loffhagen, George",2961,2961,0,29042
1461T,"Rogers, Andrew",2959,1555,1404,3139
1461T,"Von Der Schulenburg, Jeffrey",2959,2224,735,8310
1463,"Rocha, Francisco",2958,2450,508,4560
1464,"Malisse, Xavier",2956,0,2956,5702871
1465,"Bass, Finn",2942,2202,740,17623
1466,"Marino, Pietro",2936,2338,598,5208
1467,"Bourgois, Cesar",2933,1933,1000,5394
1468,"Malgaroli, Leonardo",2932,1350,1582,5272
1469,"Agafonov, Egor",2922,1840,1082,8306
1470,"Huang, Haoyuan",2919,2619,300,4553
1471,"Leal, Vitor",2914,2230,684,2914
1472,"Schaer, Jonas",2906,2746,160,3922
1473,"Weintraub, Ben",2902,2112,790,3692
1474,"Frances Tessari, Enzo",2899,2353,546,3427
1475,"Rudiukov, Ilya",2894,430,2464,4336
1476,"Ehrenschneider, Nino",2890,2890,0,5331
1477,"Jong, Sander",2882,2350,532,5964
1478,"Pietri, Benjamin",2879,2467,412,32417
1479,"Gaal, Corey",2874,2194,680,3314
1480,"Liu, Hanyi",2856,2262,594,13640
1481,"Kuperstein, Alex",2854,2191,663,2854
1482,"Swenson, Bjorn",2841,2013,828,2841
1483,"Sibille, Imran",2839,1723,1116,4776
1484,"Stewart, Hamish",2837,1606,1231,3047
1485,"Faria, Luis",2834,1723,1111,38086
1486,"Pham, Minhtuan",2832,1624,1208,5216
1487,"Saar, Karl Kiur",2827,260,2567,11122
1488,"Inchauspe, Paul",2825,2050,775,2825
1489,"Leong, Mitsuki Wei Kang",2822,2320,502,2822
1490,"Villoslada, Edouard",2816,2072,744,5740
1491T,"Jovanovski, Nicholas",2814,2276,538,2814
1491T,"Niedner, Neo",2814,2388,426,3244
1493,"Sibanda, Mehluli Don Ayanda",2811,2100,711,16033
1494,"Pozzani, Nicolo",2798,1752,1046,3469
1495,"Agostini, Simone",2786,1988,798,3386
1496T,"Kotzen, Alexander",2778,2358,420,10547
1496T,"Shin, Woobin",2778,2306,472,3570
1498,"Chin, John",2767,2569,198,2767
1499T,"Cerny, Matyas",2748,1483,1265,4126
1499T,"Sakharov, Gleb",2748,2158,590,350760
1501,"Charlton, Joshua",2744,1664,1080,3874
1502,"Lane, Lewie",2738,2216,522,7985
1503T,"Bassem Sobhy, Michael",2726,1868,858,3248
1503T,"Escurra Isnardi, Hernando Jose",2726,2038,688,3196
1505,"Bellucci, Thomaz",2723,2723,0,5368927
1506T,"Bogo, Enrique",2720,1910,810,16852
1506T,"Hands, Tom",2720,1300,1420,7169
1506T,"Kuhar, Matt",2720,2534,186,5986
1509,"Perez Sanz, David",2711,1528,1183,179653
1510,"Bathrinath, Lohithaksha",2706,1608,1098,3426
1511,"Dambrosi, Giacomo",2704,2528,176,17352
1512,"Donald, Matthew William",2693,2279,414,4818
1513,"Bulitski, Aliaksandr",2687,2687,0,12334
1514,"Carretero, Pablo",2677,1907,770,3151
1515,"Fukuda, Sora",2670,2274,396,49678
1516,"Goldenberg, Lior",2666,1946,720,7559
1517,"Kumaran, Bharath Nishok",2648,1674,974,3908
1518,"Takada, Mao",2646,2156,490,2700
1519,"Becroft, Isaac",2627,2155,472,3357
1520,"Chikami, Shohei",2625,1526,1099,5425
1521,"Salazar, Amador",2600,1788,812,4334
1522,"Butvilas, Edas",2595,1859,736,3543
1523,"Marchetti, Federico",2592,2054,538,5112
1524T,"Bondioli, Federico",2590,1474,1116,2590
1524T,"Henning, Benedikt",2590,2098,492,4737
1526,"Goodger, Joshua",2586,2316,270,2936
1527,"Gobat, Adrien",2570,2248,322,3420
1528,"Di Natale, Gian Matias",2564,2077,487,3242
1529,"Lapadat, Joshua",2562,2056,506,2652
1530,"Musitelli, François",2560,1726,834,3851
1531,"Duarte, Andrei",2553,0,2553,2553
1532,"Hoogmartens, Alexander",2550,2406,144,3919
1533T,"Gramaticopolo, Biagio",2546,2198,348,4835
1533T,"Mayo, Keenan",2546,1678,868,9326
1535T,"Boros, Attila",2540,2096,444,3216
1535T,"Duran, Tuncay",2540,1994,546,2540
1535T,"Ignatik, Uladzimir",2540,2540,0,704531
1538,"Elia, Alon",2537,2171,366,33901
1539,"Bravo, Emilio",2535,2535,0,2535
1540T,"Ilagan, Andre",2530,2248,282,2790
1540T,"Mott, Blake",2530,2370,160,198876
1542,"Dlimi, Yassine",2527,2419,108,2989
1543,"Heinonen, Adam",2526,1952,574,3468
1544,"Alvarado Berrospi, Alberto Odiseo",2522,1918,604,5192
1545,"Nefve, Axel",2520,1890,630,5684
1546,"Lorusso, Lorenzo",2518,1834,684,2728
1547T,"Bachmaier, Philip",2513,1502,1011,9924
1547T,"Catry, Robin",2513,1597,916,3033
1549T,"Minakov, Mikhail",2510,2210,300,3692
1549T,"Zgola, Borys",2510,1040,1470,3400
1551,"Ratniuk, Maxim",2505,1158,1347,46856
1552,"Moore, Ewan",2490,1380,1110,11363
1553,"Cubelic, Karlo",2486,1504,982,13070
1554,"Gao, Xin",2484,1418,1066,153892
1555T,"Kim, Jangjun",2470,1870,600,2470
1555T,"Ratti, Lucio",2470,2176,294,2470
1557,"Kupcic, Jan",2458,1270,1188,2614
1558,"Wiedenmann, Luca",2457,2145,312,2629
1559,"Lakoseljac, Christian",2454,2454,0,6491
1560T,"Hulme, Matt",2450,1770,680,2450
1560T,"Shyovitz, Eyal",2450,1946,504,2450
1562,"Jirousek, Tomas",2446,2230,216,17544
1563,"Pini, Francisco",2442,2292,150,2442
1564,"Lapalu, Valentin",2428,1732,696,6204
1565,"Ahti, Vesa",2424,1088,1336,2682
1566,"Larwig, Noel",2417,1583,834,3107
1567,"Cohen, Aaron",2407,1491,916,4519
1568,"Ibragimov, Daniel",2406,950,1456,5207
1569,"Martin, Dan",2404,2148,256,3962
1570,"Hignett, Liam",2400,520,1880,2400
1571,"Lanik, Tomas",2399,1969,430,3397
1572,"Homberg, Maximilian",2396,414,1982,3230
1573,"Singh, Dalwinder",2392,1894,498,15564
1574,"Dimic, Matic",2391,1728,663,2793
1575,"Bramajo, Santiago",2386,1990,396,4732
1576,"Krall, Liam",2384,2330,54,2384
1577,"Santibanez, Sebastian",2378,546,1832,5338
1578,"Goldberg Alviani, Nicolas Rafael",2372,1454,918,3152
1579,"Bai, Yan",2364,1944,420,343832
1580,"Bhangdia, Jake",2362,416,1946,2512
1581,"Horak, Ondrej",2359,1382,977,5559
1582,"Kim, Geun Jun",2350,1868,482,3496
1583,"Schiessl, Joao Eduardo",2348,1910,438,3914
1584,"Catani, Leonardo",2344,1606,738,3820
1585,"Hou, Ying",2342,416,1926,3146
1586,"Ryan Ziegann, Sam",2340,1926,414,3768
1587,"Gandolfi, Giammarco",2336,1610,726,2336
1588,"Nedic, Andrej",2334,2071,263,2824
1589,"Ghibaudo, Antoine",2326,2236,90,2580
1590,"Shiraishi, Hikaru",2313,2097,216,3527
1591,"Shumeiko, Pavel",2308,2104,204,7870
1592,"Kamath, Madhwin",2304,1776,528,3024
1593,"Grant, William",2298,2148,150,5070
1594T,"Pereira, Tiago",2292,1414,878,2292
1594T,"Zanada, Edoardo",2292,1246,1046,3778
1596T,"Fenty, Andrew",2285,2285,0,10657
1596T,"Kittay, Benjamin",2285,2285,0,3275
1596T,"Sarmiento, Raymond",2285,2285,0,113476
1599,"Delaney, Jake",2280,1510,770,27288
1600,"Revelli, Giacomo",2278,1794,484,3648
1601,"Staeheli, Luca",2276,1432,844,10799
1602T,"Maulenov, Timur",2274,1530,744,11341
1602T,"Vatteroni, Lorenzo",2274,1398,876,5144
1604,"Salomone, Federico",2271,1527,744,3324
1605,"Fassbender, Boris",2269,2125,144,15075
1606,"Al Azmeh, Taym",2268,1764,504,2268
1607,"Mostardi, Nico",2264,988,1276,4054
1608,"Schinas, Stephanos",2254,832,1422,5900
1609T,"Achondo, Gonzalo",2250,1196,1054,4990
1609T,"Micov, Stefan",2250,1418,832,19913
1611,"Delaney, Jesse",2248,1612,636,11280
1612,"De Lima, Matheus Amorim",2246,2012,234,2976
1613,"Thamma, Ivan",2241,156,2085,2295
1614,"Pavel, Bogdan",2238,932,1306,8603
1615,"Xiao, Linang",2232,1242,990,3254
1616,"Takamisawa, Taketo",2224,1894,330,3624
1617,"Versier, Vivien",2223,1845,378,3215
1618,"Oliver Moratalla, Vicente",2222,1622,600,4374
1619,"Freire Da Silva, Adan",2214,1296,918,5406
1620,"Searant, Rhys",2212,1366,846,2266
1621,"Schlagenhauf, Noah",2210,1816,394,2730
1622,"Pecci, Alessandro",2209,2065,144,4536
1623,"Bacaloni, Andrea",2198,2102,96,2198
1624,"Shane, Ryan",2193,2139,54,119058
1625,"Noskin, Egor",2192,1450,742,9161
1626,"Velcz, Zsombor",2190,1596,594,10691
1627,"Ibrahim, Karim",2182,1572,610,2236
1628,"De Vincentis, Matteo",2176,1350,826,6984
1629,"Bun, Kenny",2175,2031,144,9409
1630,"Villalon, Nicolas",2174,1844,330,2304
1631,"Gloeckler, Michael",2172,1400,772,4562
1632,"Hiramatsu, Shinnosuke",2168,1766,402,5778
1633,"Dumitru, Vlad Andrei",2167,1585,582,9931
1634,"Andre, Seydina",2164,2020,144,2928
1635,"Vernier, Michel",2154,1872,282,43567
1636,"Giotis, Rafael",2144,1994,150,3516
1637,"Hough, David",2142,650,1492,2304
1638,"Wiskandt, Max",2137,1537,600,5991
1639,"Alimli, Mikail",2130,1514,616,3799
1640,"Cunat, Max",2128,1262,866,2542
1641,"Story, James",2126,1688,438,4649
1642,"Mo, Ye Cong",2112,1734,378,11943
1643,"Ferrari, Francesco",2110,1102,1008,23452
1644,"Massara, Antonio",2108,1676,432,60342
1645,"Jachuck, Ronan",2096,1712,384,4333
1646,"Javia, Dev",2081,1102,979,5803
1647,"Schaer, Raffael",2074,1834,240,3706
1648,"Braynin, Aleksandr",2070,1746,324,8841
1649,"Cervantes Tomas, Ian Luca",2064,936,1128,2220
1650,"Ramirez, Cesar",2058,1800,258,143700
1651,"Bueres, Matheus",2056,1822,234,3146
1652,"Hohmann, Ronald",2055,1689,366,5565
1653,"Thomson, Matthew",2054,0,2054,4034
1654,"Slump, Stijn",2052,2052,0,3110
1655,"Pecak, Stepan",2044,416,1628,5472
1656,"Kroslak, Jakub",2038,1620,418,2356
1657,"Nicod, Jakub",2033,1618,415,2300
1658,"Matsuda, Koki",2030,1850,180,2030
1659,"Burdet, Adrien",2026,934,1092,3203
1660,"Bejenaru, Mateo",2022,1788,234,2592
1661,"Dong, Bohua",2019,884,1135,2539
1662,"Cayre, Paul",2016,1536,480,23515
1663,"Alvarado, Patricio",2014,1140,874,11553
1664,"Tsivadze, George",2010,1544,466,63249
1665,"Hadigian, Eric",2004,1896,108,3408
1666,"Mulye, Dhruva",1999,427,1572,5061
1667,"Nedelchev, Nikolay",1998,1580,418,3342
1668T,"Mehrotra, Arjun",1992,1716,276,3346
1668T,"Silva, Tiago",1992,1556,436,2297
1670,"Kiyamov, Timur",1991,414,1577,44964
1671,"Ciurletti, Andres Gabriel",1987,1987,0,13905
1672,"Sakamoto, Rei",1977,1815,162,1977
1673,"Simpson, Maceo",1970,1106,864,2228
1674,"Vervoort, Mark",1966,0,1966,97147
1675,"Braithwaite, Thomas",1964,1550,414,2394
1676,"Premzl, Maj",1956,1002,954,2306
1677,"Chavez Villalpando, Luis Diego",1950,1470,480,15204
1678,"Vu, Ha Minh Duc",1948,1804,144,2128
1679,"Kim, Jae Hwan",1947,1839,108,18087
1680,"Wattanakul, Pol",1945,1578,367,26142
1681,"Debru, Mathis",1936,1196,740,2044
1682,"Regalado Pedrol, Alvaro",1935,0,1935,2039
1683T,"Cornut-Chauvinc, Antoine",1932,1396,536,81551
1683T,"Stepanov, Timofey",1932,1432,500,2582
1685,"Hamou, Maxime",1918,1618,300,209106
1686,"Kawahashi, Yuta",1917,1605,312,10511
1687,"Terziev, Simeon",1913,1481,432,4320
1688,"Luck, Joshua",1912,1300,612,7470
1689,"Geschwind, Francisco Tomas",1911,1547,364,1911
1690,"Houghton, George",1910,1120,790,6827
1691,"Turriziani Alvarez, Alejandro",1909,1657,252,2234
1692,"Ferri, Lorenzo",1906,1464,442,2287
1693,"Regas Luis, Nil",1902,1626,276,1956
1694,"Phillips, Rowland",1898,1372,526,9696
1695,"Oliveira, Christian",1896,1586,310,9897
1696T,"Aramburu Contreras, Ivar Jose",1890,1062,828,11682
1696T,"Wood, Warren",1890,1524,366,2592
1698,"Kenyatte, Kweisi",1888,936,952,3885
1699,"Amoros Ramos, Pol",1886,1364,522,6052
1700,"Strode, Elijah",1884,1218,666,2302
1701,"Malla, Bastian",1882,1828,54,87575
1702,"Madan, Tushar",1874,624,1250,2824
1703,"Kulakowski, Mateusz",1869,1021,848,1869
1704,"Agwi, Michael",1864,1810,54,1864
1705,"Dabas, Nishant",1860,1710,150,2280
1706,"Fufygin, Mikhail",1857,570,1287,97656
1707T,"Ansari, Austin Ansari",1854,1554,300,4486
1707T,"Orlikowski, Aleksander",1854,1758,96,4518
1709T,"Cortegiani, Alessandro",1850,1706,144,3342
1709T,"Wang, Chuhan",1850,1556,294,123169
1711,"Piatti, Rocco",1846,1272,574,1954
1712,"Djuric, Branko",1845,1605,240,2001
1713,"Tricerri, Shuannon",1844,676,1168,1844
1714T,"Banerjee, Samir",1842,1650,192,23979
1714T,"Gaillard, Marc Antoine",1842,1680,162,1842
1716T,"Basavareddy, Nishesh",1841,1106,735,1841
1716T,"Giunta, Massimo",1841,1529,312,2029
1718,"De Dios, Felipe",1836,1620,216,1836
1719,"Minighini, Daniele",1834,988,846,2274
1720,"Kunsuwan, Natthasith",1825,1314,511,9269
1721,"Bickersteth, Jacob",1823,1567,256,1823
1722T,"Dimitrijevic, Jan",1822,1248,574,2082
1722T,"Shvets, Vitali",1822,312,1510,3390
1724,"Pham, Derek",1820,1210,610,1820
1725,"Friedler, Asaf",1816,950,866,3030
1726,"Cossu, Milledge",1814,1664,150,4218
1727,"Chirala, Sathi Reddy",1810,0,1810,4018
1728,"Verbin, Pavel",1806,780,1026,4959
1729,"Nad, Peter",1805,1067,738,3602
1730T,"Barki, Nathan Anthony",1804,832,972,1804
1730T,"Baroni, Niccolo",1804,1210,594,1894
1732,"Halmenschlager Reis, Ighor",1798,676,1122,2368
1733,"Ianin, Nikita",1796,676,1120,2144
1734,"Respaut, Cyril",1790,1210,580,1962
1735,"Henning, Philip",1788,1013,775,3140
1736T,"Dudun, Igor",1776,674,1102,1884
1736T,"Garcia Mestre, Jordi",1776,1248,528,2546
1738,"Massard, Loann",1770,1196,574,1770
1739,"Horiuchi, Ryusuke",1768,1250,518,1912
1740,"Filip, Vladimir",1767,260,1507,16595
1741,"Dima, Dragos",1762,1618,144,97864
1742,"Fossati, Carlo Alberto",1756,1396,360,3357
1743,"Prabodh, Suraj R",1754,1142,612,22880
1744,"Chirita, Ioan Alexandru",1748,932,816,2062
1745,"Cazacu, Dragos Nicolae",1742,1088,654,1742
1746,"Woldeab, Siem",1738,1282,456,3605
1747,"Neuhaus, Arthur",1736,1466,270,1736
1748,"Kusuhara, Yusuke",1735,780,955,1825
1749,"Ballotta, Gianluca",1733,1118,615,3239
1750,"Vanneste, Jeroen",1732,1372,360,86420
1751,"Sarouk, Yair",1730,1118,612,5537
1752,"Alarcon, Benjamin Denis",1727,1255,472,2131
1753,"Zuckerman, Niv",1726,728,998,2524
1754,"Shimanov, Ofek",1722,1038,684,1722
1755,"Netuschil, Marvin",1708,1708,0,76690
1756T,"Benzal Alia, Ignacio",1706,1556,150,3628
1756T,"Misrahi, Joe",1706,1520,186,2553
1758,"Planinsek, Filip Jeff",1705,1597,108,1705
1759,"Sabaliauskas, Ainius",1703,859,844,3167
1760,"Vujic, Stefan",1700,1298,402,5628
1761,"Polansky, Peter",1695,650,1045,1729767
1762,"Lee, Kuan-Yi",1692,1476,216,55584
1763,"Djosic, Nikola",1691,1691,0,1691
1764,"Haviv, Raz",1682,832,850,2176
1765,"Kumar, Pranav",1681,1002,679,1681
1766,"Vincent, Antoine",1675,1621,54,2657
1767T,"Donarski, Sid",1674,1350,324,3184
1767T,"Waldner, Niklas",1674,1244,430,2396
1769T,"Bushamuka, William",1673,520,1153,21338
1769T,"Loutit, Jack",1673,1583,90,1673
1771,"Kountourakis, Ioannis",1672,780,892,2830
1772,"Morais, Diogo",1671,971,700,2056
1773,"Jovanovic, Petar",1664,1090,574,2378
1774,"Kudriashov, Igor",1663,594,1069,4099
1775,"Simon, Tobias",1653,1653,0,92687
1776,"Dubouch, Maxime",1652,1348,304,2302
1777T,"Curras Abasolo, Tomas",1650,1380,270,3490
1777T,"Maxted, Lui",1650,950,700,5394
1779,"Wunderlich, Yannick",1648,1206,442,1858
1780T,"Rohrer, Niklas",1646,968,678,2156
1780T,"Rousseau, Hillel",1646,856,790,6184
1782,"Rocens, Martins",1634,1038,596,5674
1783T,"Kobierski, Jan",1632,1194,438,1632
1783T,"Sidorov, Nikita",1632,962,670,2282
1785,"Francisco, Luis",1631,830,801,1685
1786,"Di Nicola, Gianluca",1629,1533,96,42232
1787T,"Den Heijer, Guy",1626,1536,90,30074
1787T,"Mouilleron Salvo, Manuel",1626,1260,366,1680
1789,"Ciamarra, Richard",1625,0,1625,1625
1790T,"Gregg, Perry",1616,1370,246,4996
1790T,"Martini, Ottaviano",1616,1276,340,2246
1792T,"Bellifemine, Alessandro",1612,1054,558,2070
1792T,"Jasika, Amor",1612,1092,520,1612
1794T,"Korolev, Vladimir",1611,984,627,28308
1794T,"Overbeck, Carl Emil",1611,156,1455,2544
1796,"Loof, Thijmen",1606,936,670,2182
1797,"De Bernardis, Alessio",1600,442,1158,6116
1798,"Papac, Tomislav Edward",1590,1196,394,4386
1799,"Wolfschmidt, Alexander",1586,312,1274,3680
1800,"Murgett, Finn",1585,690,895,2667
1801,"Moheno, Yahir Emiliano",1584,726,858,1638
1802,"Hodzic, Alen Moritz",1582,1038,544,1582
1803,"Yoshimura, Daiki",1580,934,646,2354
1804,"Ender, Paul",1578,1578,0,1578
1805,"Minasyan, Michael",1576,1146,430,1576
1806T,"Chen, Kuan Yu",1574,962,612,2362
1806T,"Schiavetti, Pietro",1574,0,1574,3260
1808,"Chaiyarin, Credit",1568,895,673,4639
1809,"Papamalamis, Theo",1566,1362,204,1566
1810,"Wang, Aoran",1563,570,993,41681
1811,"Nettles, Jibril",1562,1508,54,1718
1812T,"Nortey, Isaac",1560,312,1248,1560
1812T,"Van Sambeek, Fons",1560,570,990,2068
1814,"Bynoe, Evan",1548,1452,96,2250
1815,"Carnevalle, Lucio",1544,1142,402,4080
1816T,"Altamirano, Collin",1542,1092,450,177572
1816T,"Mishkin, Kirill",1542,156,1386,4568
1816T,"Novikov, Egor",1542,828,714,3110
1819T,"Ambarzumjan, Edison",1540,1090,450,1594
1819T,"Woerndle, Matthew",1540,950,590,1630
1821T,"Borza, Bogdan",1538,1268,270,31472
1821T,"Hernandez, Carles",1538,1198,340,4238
1823,"Caripi, Vasilios",1536,312,1224,6889
1824,"Jones, Miles",1532,1292,240,4826
1825,"Deschamps, Allan",1528,1118,410,4563
1826,"Alkotop, Mousa",1526,1166,360,7526
1827T,"Seggerman, Ryan",1525,1429,96,2119
1827T,"Smits, Glenn",1525,0,1525,27861
1829,"Labbene, Youssef",1522,910,612,2128
1830,"Satral, Jan",1520,1106,414,369102
1831,"Duhan, Chirag",1518,1142,376,2094
1832,"Rieder, Horst",1514,1172,342,7537
1833T,"Harazaki, Asahi",1510,1510,0,1510
1833T,"Petrovic, Drazen",1510,1049,461,2716
1833T,"Taddia, Leonardo",1510,1090,420,5204
1836,"Sahtali, Toufik",1508,1088,420,2060
1837,"Singh, Jagmeet",1506,726,780,1824
1838,"Oplustil, Patrik",1494,1140,354,1494
1839,"Minarik, Kristof",1492,844,648,5745
1840,"Yang, Tsung-Hua",1491,780,711,525595
1841,"Kivanda, Sizya Ernest",1484,676,808,6253
1842,"Gea, Arthur",1481,1295,186,1911
1843,"Nunez, Victor",1480,1300,180,28785
1844,"Hietaranta, Roni Mikael",1476,1110,366,4672
1845,"Casanova, Andrin",1470,950,520,1740
1846,"Battistone, Brian",1465,0,1465,78913
1847T,"Durguti, Besir",1464,936,528,13670
1847T,"Saritas, Gokberk",1464,312,1152,3204
1849T,"Iamachkine, Petr",1460,728,732,8167
1849T,"Taylor, Jeremy",1460,780,680,1720
1851,"Inoue, Geni",1454,934,520,1508
1852,"Vives Marcos, Pedro",1452,1106,346,28537
1853T,"Akay, Cihan",1450,1054,396,1882
1853T,"Lamchinniah, Henry",1450,1450,0,1450
1855,"Makhlouf, Sherif",1446,624,822,5772
1856,"Shandarov, Radoslav",1439,0,1439,6142
1857,"Romano, Filippo",1435,156,1279,1525
1858,"Le Khanh Duy, Tu",1434,1104,330,1488
1859,"Krajcik, Andrej",1428,1320,108,3000
1860,"Vlkovsky, Vojtech",1422,726,696,3263
1861T,"Elamin, Ammar",1420,676,744,3372
1861T,"Fujiwara, Tomoya",1420,520,900,1420
1863,"Qamar, Fardeen",1414,1216,198,1828
1864,"Masjuan Ginel, Pablo",1413,948,465,1569
1865T,"Markiewicz, James",1412,260,1152,1838
1865T,"Sharma, Aman",1412,1166,246,1412
1867T,"Gray, Timothy",1410,570,840,1410
1867T,"Hernandez, Felipe",1410,1248,162,1764
1867T,"Qabazard, Essa",1410,570,840,3819
1867T,"Troost, Siim",1410,828,582,4773
1871T,"Borisiouk, Martin",1406,956,450,13083
1871T,"Foster-Estwick, Matthew",1406,728,678,2144
1873,"Sharma, Tushar",1404,624,780,2016
1874,"Stoica, Vlad",1398,1020,378,2106
1875,"Spiridon, Denis",1395,855,540,1395
1876,"Vasquez Gehrke, Alessio",1392,1110,282,1482
1877T,"Bhatnagar, Shivank",1390,830,560,1390
1877T,"Couto Loureiro, Joao Victor",1390,886,504,1390
1879,"Vaitiekunas, Pijus",1389,791,598,2331
1880,"Bowden, Louis",1380,1040,340,1380
1881,"Makhlouf, Mohamed Nazim",1376,520,856,9671
1882,"Baquero, Daniel",1374,910,464,1626
1883,"Eriksson Ziverts, Jonas",1368,1208,160,5252
1884,"Ribero, Franco",1366,742,624,6918
1885,"Christodoulou, Stylianos",1363,1273,90,2059
1886,"Bulus, Christopher",1360,934,426,3100
1887T,"Alabdullah, Bader",1356,570,786,3566
1887T,"Tomas, Aleksandar",1356,1260,96,3322
1889,"Ruscica, Alexandre",1354,1210,144,2397
1890,"Dahiya, Paras",1350,828,522,4210
1891T,"Nguyen, Dac Thien",1348,934,414,2838
1891T,"Ramiaramanana, Lofo",1348,0,1348,13805
1893,"Herman, Louis",1346,1088,258,2860
1894T,"Chan, Duncan",1345,390,955,1345
1894T,"Rice, Keegan",1345,390,955,1345
1896,"Martinez, Mikel",1344,1038,306,1554
1897,"Bataljin, Lawrence",1340,1196,144,6346
1898,"Bilardo, Jacopo",1336,312,1024,1336
1899T,"Cuceu, Andrei",1332,260,1072,1908
1899T,"Nirundorn, Tanapatt",1332,1008,324,1546
1901,"Ehara, Hiroyasu",1330,1180,150,106691
1902T,"Ravichander, Ishaan",1326,852,474,2244
1902T,"Trismuwantara, Gunawan",1326,1092,234,1326
1904,"Tacchi, Luciano",1325,1060,265,5197
1905T,"Dragomirov, Dennis",1324,156,1168,1768
1905T,"Schaefer, Joshua",1324,1036,288,1324
1907T,"Binding, Jonathan",1320,0,1320,15759
1907T,"Khabibulin, Timur",1320,690,630,79935
1909,"Petr, Vojtech",1318,1008,310,1612
1910,"Matuszewski, Gabriel",1316,830,486,1666
1911,"Saatela, Leevi",1313,1097,216,3296
1912,"Dietrich, Dylan",1309,844,465,1569
1913,"Papagno, Stefano",1306,586,720,1306
1914,"Basile, Alessio",1305,570,735,1305
1915,"Cundom, Julian",1300,604,696,3088
1916,"Nagy, Peter",1298,832,466,87312
1917,"Podvinski, Tomislav",1294,832,462,1660
1918,"Yin, Bang Shuo",1293,0,1293,4451
1919,"Yu, Cheng-Yu",1292,1088,204,50614
1920,"Dell'Elba, Vito",1288,1090,198,2694
1921,"Stewart, Tyler",1287,416,871,1287
1922,"Zusman, Richard",1286,1142,144,5012
1923,"Bazilevskiy, Vladimir",1284,1104,180,1284
1924,"Dubrivnyy, Artem",1278,1118,160,68456
1925T,"Kusiewicz, Piotr",1274,950,324,1274
1925T,"Trapeznikov, Zakhar",1274,676,598,8688
1927,"Chiu, Jordan",1272,312,960,2989
1928T,"Gandini, Alejandro Jose",1270,910,360,2180
1928T,"Havlicek, Mark",1270,946,324,3016
1928T,"Sikharulidze, Sergo",1270,572,698,1996
1931,"Aggarwal, Parth",1266,468,798,1976
1932T,"Demichelis, Alessio",1264,690,574,1264
1932T,"Heger, Tim",1264,690,574,11808
1932T,"Szic, Sandro",1264,832,432,2034
1935,"Puskar, Samuel",1262,844,418,5214
1936T,"Diaz Jalil, Angel",1260,846,414,2966
1936T,"Mossur, Mykhailo",1260,804,456,1668
1938,"Katuch, Jakub",1258,1054,204,1312
1939,"Marquiselli, Victorio",1252,728,524,2176
1940,"Adachi, Taki",1250,1106,144,1250
1941T,"Dubinin, Alexey",1248,882,366,2716
1941T,"Jaisinghani, Raghav",1248,1104,144,1716
1941T,"Karlsson Wistrand, Jack",1248,1104,144,1248
1941T,"Nguyen, Phuong Van",1248,906,342,4907
1941T,"Vithoontien, Leo",1248,1194,54,1248
1941T,"Wallner, Mark",1248,624,624,1248
1947T,"Boyer, Toby D.",1244,830,414,5584
1947T,"Vallejo Ferrer, Adria",1244,0,1244,1700
1949,"Vandecasteele, Quinn",1238,260,978,2056
1950,"Canas Garcia, Juan Pablo",1237,468,769,18935
1951,"Tarvet, Oliver",1236,1146,90,1236
1952,"Smoliner, Tobias",1232,830,402,1232
1953T,"Eala, Michael Francis",1230,984,246,1230
1953T,"Seeman, Johannes",1230,468,762,3776
1955T,"Galik, Matej",1228,832,396,2136
1955T,"Weng, Jing Long",1228,778,450,3504
1957,"Stoliar, Illia",1226,542,684,2828
1958,"Shick, Braden",1222,1114,108,1352
1959,"Boika, Leanid",1221,1221,0,1221
1960,"Panak, Yvo",1220,1112,108,9451
1961T,"Baiant, Razvan",1216,586,630,2442
1961T,"Biagiotti, Richard",1216,850,366,1642
1963,"Jones, Hayden",1212,1104,108,1212
1964,"Suresh, Dhakshineswar",1206,852,354,3882
1965,"Michalik, Radovan",1200,846,354,1350
1966,"Pieri, Samuele",1196,844,352,2183
1967T,"Lobanov, Aleksandr",1194,828,366,2082
1967T,"Trochu, Pablo",1194,1140,54,1194
1969,"Golubev, Daniil",1193,260,933,17293
1970,"Jauregui Sainz de Rozas, Rodolfo",1192,676,516,2038
1971T,"Riva, Pablo",1190,780,410,1550
1971T,"Ujvary, Matthias",1190,1190,0,1190
1973,"Schuetze, Caspar",1188,312,876,3862
1974,"Torres, Tiago",1184,676,508,3271
1975,"Schwärzler, Joel Josef",1183,880,303,1183
1976,"Samardzic, Matija",1182,572,610,1440
1977,"Schinteie, Gheorghe Claudiu",1176,572,604,1600
1978T,"Breazu, Vlad Cristian",1174,934,240,1174
1978T,"Thompkins, Jared",1174,520,654,1824
1980,"Bennani, Reda",1168,1024,144,1168
1981,"Prinoth, Patric",1167,631,536,6548
1982,"Tokac, Togan",1160,676,484,2508
1983T,"Huens, Harold",1158,1158,0,1158
1983T,"Lee, Tae-Woo",1158,1008,150,12210
1985T,"Karahan, Atakan",1156,898,258,1156
1985T,"Van Orderlain, Drew",1156,832,324,2312
1987,"Pawlak, Piotr",1154,430,724,2574
1988T,"Shrolik, Igor",1146,1092,54,2330
1990,"Veremeychuk, Danylo",1142,674,468,6731
1991,"Lyeons, Jaycer",1138,1138,0,1656
1992,"Antonopoulos, Christos",1137,260,877,2689
1993T,"Fiorentini, Andrea",1134,936,198,1710
1993T,"Moret, Joris",1134,780,354,1772
1993T,"Stepanov, Roy",1134,0,1134,1134
1996T,"Bozemoj, Brian",1132,156,976,1132
1996T,"Rsovac, Dusan",1132,1132,0,1132
1998,"Savelev, Daniil",1128,726,402,2477
1999T,"De Maio, Mauro",1126,1126,0,3892
1999T,"Romero De Avila Senise, Alberto",1126,586,540,33050
1999T,"Stearns, Preston",1126,676,450,1126
2002T,"Avendano Cadena, Miguel",1122,936,186,1382
2002T,"Vetrih, Miha",1122,674,448,1122
2002T,"Zugic, Matija",1122,780,342,1800
2005,"Angelini, Lorenzo",1121,593,528,1914
2006T,"Davlianidze, Nikoloz",1120,780,340,3356
2006T,"Spec, Matic",1120,852,268,24620
2006T,"Stable, Rayane",1120,690,430,2370
2009T,"Arcon, Adrian",1118,572,546,1274
2009T,"Van Baal, Aloys J Willem",1118,260,858,2078
2011T,"Corbinais, Sven",1110,672,438,1350
2011T,"Loccisano, Mike",1110,950,160,6738
2011T,"Van Rensburg, Sean",1110,950,160,1200
2011T,"Xilas, Ioannis",1110,1002,108,3681
2015,"Pohjola, Peetu",1106,998,108,1477
2016T,"Bugarikj, Berk",1104,674,430,2034
2016T,"Casso, Alfredo",1104,468,636,3192
2018,"Benaim, Max",1102,778,324,1296
2019,"Motti, Alessandro",1101,130,971,300810
2020,"El Feky, Karim",1100,832,268,1838
2021,"Fellin, Manfred",1098,1002,96,16192
2022,"Padgham, Eric",1096,846,250,1096
2023T,"Buldorini, Peter",1094,986,108,1094
2023T,"Sau Franco, Alan Raul",1094,674,420,3602
2025,"Pierre, Hugo",1092,674,418,5614
2026T,"Hajek, Petr",1086,882,204,29541
2026T,"Ortega, Joao Victor",1086,0,1086,2790
2028,"Almeida, Gustavo",1085,765,320,1085
2029,"Ignat, Dragos Constantin",1084,844,240,21086
2030,"Vakili, Kian",1082,830,252,1082
2031T,"Bouchelaghem, Cesar",1080,990,90,1215
2031T,"Chopra, Keshav",1080,776,304,3170
2031T,"De Jonge, Daniel",1080,846,234,8513
2031T,"Kalinin, Aleksandr",1080,518,562,1080
2031T,"Martinez, Ignacio",1080,726,354,2202
2031T,"Sanchez, Samuel",1080,882,198,1702
2031T,"Sorbo, Jonathan",1080,990,90,1602
2031T,"Sysoev, Nikolay",1080,882,198,1860
2039,"Quayle, David",1076,260,816,2408
2040T,"Ciocanu, Aurel",1072,442,630,1072
2040T,"Santamaria, Felipe",1072,0,1072,6646
2042,"Kremenchutskyi, Ivan",1068,260,808,1068
2043,"Protic Zakelj, Jaka",1066,778,288,1066
2044,"Vukadin, Noa",1064,904,160,1288
2045,"Zverev, Mischa",1063,1063,0,5738351
2046T,"Cash, Robert",1060,520,540,3686
2046T,"Katayama, Sho",1060,520,540,57516
2046T,"Pella, Guido",1060,520,540,5732990
2046T,"Yeshaya, Omer",1060,260,800,7062
2050,"Maia, Hugo",1050,690,360,4171
2051,"Caldes, Jaime",1046,854,192,2906
2052,"Scott, Andreas",1044,312,732,1472
2053T,"Blanch, Darwin",1042,784,258,1042
2053T,"Onuma, Yujiro",1042,934,108,1138
2055T,"Dussin, Louis",1040,520,520,22586
2055T,"Janis, Jason",1040,1040,0,2647
2055T,"Miyoshi, Kenta",1040,932,108,1040
2058,"Andreescu, Stefan Adrian",1038,846,192,1038
2059T,"Pane, Lautaro",1032,936,96,3282
2059T,"Suresh, Darrshan",1032,572,460,1386
2061T,"Ernaelsteen, Victor",1030,934,96,3149
2061T,"Simeunovic, Stefan",1030,754,276,1288
2063T,"Barbier Gazeu, Paul",1028,884,144,1028
2063T,"Djokic, Andrej",1028,884,144,1124
2065T,"Kaufmann, Hans Peter",1024,156,868,2587
2065T,"Scomparin, Pietro Romeo",1024,934,90,1330
2065T,"Suarez Berrezueta, Omar",1024,934,90,1024
2068,"Marek, Wojciech",1022,674,348,36786
2069T,"Rollins, Pierce",1020,860,160,3306
2069T,"Sciahbasi, Lorenzo",1020,696,324,1020
2071T,"Hopp, Michel",1016,1016,0,1274
2071T,"Vogeli, Frederic",1016,572,444,1016
2073T,"Malgiaritta, Maurus",1010,572,438,1322
2073T,"Monclus Martin, Mario",1010,520,490,1118
2073T,"Postay, Alan",1010,416,594,4534
2073T,"Salazar, Daniel",1010,956,54,1586
2073T,"Yakubov, Reece",1010,650,360,1360
2078,"Bonnaud, Arthur",1008,468,540,1158
2079,"Coman, Mihai Alexandru",1002,1002,0,1742
2080T,"Popovic, Stevan",1000,742,258,2012
2080T,"Trakhtenberg, Gur",1000,586,414,1000
2082T,"Chaurasia, Yash",996,726,270,2268
2082T,"Milicevic, Lazar",996,846,150,1568
2084,"Demulling, Wyatt",994,780,214,994
2085,"Tverijonas, Julius",993,687,306,16422
2086,"Habib, Ali",992,884,108,2078
2087T,"Cengiz, Baran",990,828,162,6214
2087T,"Hollender, Nicolas",990,570,420,1044
2087T,"Morolli, Alberto",990,624,366,1200
2087T,"Tailleu, Pierre Antoine",990,776,214,1772
2091T,"Bladelius, Henrik",988,988,0,988
2091T,"Dustov, Mustafa",988,844,144,988
2093,"Bigun, Kaylan",984,984,0,984
2094,"Rakic, Strahinja",977,416,561,11487
2095,"Fu, Hong-Lin",974,572,402,1346
2096,"Karmoussi, Hamza",972,726,246,972
2097T,"Spasibo, Danil",970,0,970,3780
2097T,"Stubbings, Matthew",970,520,450,1180
2099T,"Brown, Alexander",964,676,288,16084
2099T,"Liucci, Francesco",964,688,276,3394
2099T,"Taczala, Dawid",964,0,964,2078
2099T,"Tramontin, Alessio",964,156,808,2370
2103T,"Giannella, Joao",962,776,186,1512
2103T,"Milushev, Plamen",962,0,962,11265
2105T,"Estrella Burgos, Victor",960,0,960,2164736
2105T,"Gonzalez Fitzmaurice, Eugenio",960,624,336,1068
2105T,"Langmajer, Dominik",960,672,288,7058
2105T,"Lin, Wei-De",960,156,804,24729
2109,"Vasser, Oren",958,742,216,958
2110,"Kono, Yuhei",955,0,955,2343
2111T,"Crepatte, Baptiste",954,696,258,96564
2111T,"Menichella, Stefan",954,570,384,1316
2113T,"Brunclik, Petr",950,520,430,950
2113T,"Reveniau, Simon",950,860,90,3170
2115,"Vishal Balsekar, Aditya",948,852,96,948
2116,"De Almeida, Gustavo Ribeiro",946,676,270,946
2117T,"Apltauer, Filip",942,312,630,1192
2117T,"Shabaz, Michael",942,780,162,69054
2117T,"Sodan, Ivan",942,728,214,1098
2120T,"Putter, Victor",940,690,250,1030
2120T,"Rodrigues, Pedro",940,690,250,940
2122T,"Dhokia, Rahul",936,846,90,1032
2122T,"Serra Sanchez, Nacho",936,936,0,1826
2124,"Macovei, Radu Florin",933,531,402,2271
2125,"Perruzza, Valerio",932,932,0,932
2126,"Golesworthy, Ryan",930,0,930,930
2127T,"Han, Seon Yong",924,516,408,4584
2127T,"Novo, Ignacio",924,828,96,1586
2129,"Kahsay, Hanival",922,832,90,922
2130T,"Carlsson Seger, Timothy",920,416,504,920
2130T,"Stroemberg, Isac",920,416,504,920
2130T,"Wakita, Shunsuke",920,572,348,14624
2133,"Carraro, Luciano",919,865,54,3995
2134T,"Gazivoda, Milo",914,312,602,1070
2134T,"Nagel, Arthur",914,674,240,914
2136,"Cho, Sehyuk",905,455,450,905
2137,"Gheorghita, Tudor Stefan",900,224,676,1487
2138T,"Cosnet, Charlelie",898,844,54,952
2138T,"Da Silva, Gabriel Ciro",898,844,54,10354
2138T,"Pavlenko, Philipp",898,258,640,898
2141,"Pinto, Lucca",896,414,482,1634
2142T,"Okala, Jules",895,895,0,67112
2142T,"Tadic, Vladan",895,583,312,2625
2144,"Oueslati, Mohamed Amin",892,312,580,2230
2145T,"Hartenstein, Jonas Pelle",888,672,216,888
2145T,"Horve, Lucas",888,260,628,2220
2145T,"Kim, Dong Ju",888,672,216,2812
2145T,"Koshis, Constantinos",888,780,108,1385
2145T,"Mruzek, Stepan",888,780,108,888
2150,"Orgiles Garcia Retamero, Izan",886,268,618,886
2151,"Tsai, Chang-Lin",885,0,885,2965
2152T,"Hudd, Emile",882,414,468,1742
2152T,"Rajan, Guhan",882,624,258,882
2152T,"Ramskogler, Gregor",882,516,366,4438
2152T,"Schifris, Jeremy",882,882,0,3002
2156,"Corcelli Perez, Alessandro",880,520,360,880
2157,"Alhogbani, Ammar",878,728,150,1942
2158,"Loosen, Tim",877,271,606,931
2159T,"Salvestre, Damien",876,876,0,1902
2159T,"Toman, Patrick Edward",876,0,876,972
2161,"Podorozhnyi, Artem",874,778,96,1564
2162T,"Jucha, William",870,780,90,870
2162T,"Marinkov, Pavle",870,690,180,870
2162T,"Rehman, Huzaifa Abdul",870,690,180,870
2165,"Davila, Esteban",862,700,162,862
2166,"Tosetto, Rafael",858,804,54,1014
2167T,"Estevez, Maximiliano",854,854,0,133514
2167T,"Richards, Alexander",854,260,594,1094
2169,"Chin, Christian Didier",852,260,592,3465
2170,"Weir, Phoenix",850,690,160,850
2171T,"Vasilenko, Alexander",849,753,96,66042
2171T,"Wang, Tak Khunn",849,753,96,124405
2173,"Alves, Victor",848,518,330,1168
2174T,"Ferguson, Chase",846,414,432,1928
2174T,"Raquillet, Leo",846,846,0,846
2174T,"Stenberg, Jonathan",846,846,0,4894
2177T,"Harper, Patrick",842,156,686,1712
2177T,"Virali-Murugesan, Ranjeet",842,698,144,83094
2179T,"Lin, Ping Chen",834,414,420,834
2179T,"Milanovic, Dusan",834,672,162,1496
2181,"Pourroy, Loris",832,688,144,4883
2182,"Li, Christopher",831,312,519,1381
2183T,"Duncan, Dwaine",830,416,414,1034
2183T,"Morandais, Jean-Christian",830,830,0,830
2185T,"Huang, Chih Chi",828,828,0,2728
2185T,"Rahman, Yannik",828,828,0,828
2187,"Kamyshev, Sean",826,416,410,1516
2188,"Brosset, Samuel",825,735,90,11213
2189T,"Lee, Haesun",822,672,150,822
2189T,"Southcombe, Josef",822,312,510,1596
2189T,"Teodorovic, Petar",822,726,96,1188
2192T,"Gadecki, Thomas Nicholas",820,676,144,820
2192T,"Mouesca, Pierre",820,676,144,910
2194,"Valle, Federico",818,416,402,818
2195,"Agostinetto, Giovanni",814,260,554,958
2196,"Jurina, Patrik",811,811,0,811
2197T,"Kikvidze, Lasha Giorgi",806,260,546,1004
2197T,"Romano, Gino",806,430,376,806
2199,"Munoz, Enmanuel",800,416,384,908
2200T,"Maleno Rosario, Angel Josue",794,650,144,1058
2200T,"Ovchinnikov, Viacheslav",794,416,378,1046
2202,"Grigoriu, Patrick",792,0,792,35691
2203T,"Crisostomo, Giacomo",790,520,270,790
2203T,"Januashvili, Luka",790,520,270,844
2203T,"Licitra, Andrea",790,520,270,790
2203T,"Sood, Lakshit",790,414,376,24670
2203T,"Zavala, Avery",790,520,270,1126
2208T,"Augusto Dos Santos, Ryan",780,690,90,780
2208T,"Marti, Yann",780,780,0,169592
2208T,"Simoes, Martim",780,260,520,924
2208T,"Voronin, Semen",780,312,468,936
2208T,"Wibowo, Tegar Abdi Satrio",780,690,90,780
2213,"Labuckas, Mateo",777,687,90,1089
2214,"Khomich, Aleksei",776,572,204,15845
2215T,"Rodriguez, Lisandru",772,430,342,7410
2215T,"Rozenberg, Teun",772,520,252,1030
2217T,"Alonso, Julian",770,520,250,853661
2217T,"Alonso Jr, Julian",770,520,250,770
2217T,"Borba, Juan",770,572,198,1472
2217T,"Camacho, Camden",770,520,250,1076
2217T,"Jang, Woo Hyeok",770,0,770,2244
2217T,"Weststrate, Lodewijk",770,674,96,2470
2223,"Timangkul, Anapat",769,427,342,769
2224,"Williams, Aaron James",768,156,612,768
2225T,"Almasi, Alfred",766,586,180,766
2225T,"Estevez, Juan",766,676,90,766
2225T,"Sorensen, Luke",766,676,90,766
2228T,"Alami, Mohamed",764,416,348,764
2228T,"Cabrera, Miguel Angel",764,674,90,764
2228T,"Dorofeev, Artiom",764,260,504,764
2231T,"Bergdahl, Axel",762,260,502,1072
2231T,"Bondarenko, Yevhenii",762,607,155,762
2231T,"Hermassi, Rayen",762,312,450,762
2231T,"Lootsma, Niels",762,260,502,77441
2231T,"Mischker, Felix",762,260,502,762
2236,"Tosetto, Victor",758,416,342,1574
2237T,"Sood, Chandril",754,156,598,32542
2237T,"Tagashira, Kent",754,520,234,10537
2239T,"Bancalari, Alejandro",752,572,180,1062
2239T,"Davis, James",752,518,234,896
2239T,"Ilnytskyy, Svyatoslav",752,416,336,1752
2242T,"Domenech Castillo, Jordi",750,312,438,750
2242T,"Lagaev, Nick",750,430,320,1692
2244,"Visker, Niels",746,586,160,7661
2245,"Chessari, Riccardo",744,690,54,1678
2246,"Gomaa, Mohamad",742,742,0,1984
2247,"Meagher, Winter",740,416,324,2782
2248T,"Cadenasso, Gianluca",738,642,96,738
2248T,"Hsu, Jeffrey Chuan En",738,414,324,2026
2250,"Simundza, Josip",737,647,90,737
2251,"Alkaya, Mert",736,468,268,8647
2252,"Witten, Jesse",735,0,735,403773
2253T,"Kasemi, Kiyan Santino",732,570,162,732
2253T,"Kyratzis, Sergis",732,312,420,6005
2253T,"Radjenovic, Vuk",732,572,160,732
2256T,"Antinheimo, Oskar",730,312,418,1354
2256T,"Clezar, Guilherme",730,730,0,625196
2256T,"Kadiri Hassani, Youssef",730,586,144,730
2256T,"Neyelov, Mark",730,586,144,730
2256T,"Villar, Yeudy",730,676,54,3644
2261T,"Fletchall, Patrick",728,388,340,728
2261T,"Iaquinto Diaz, Antonio Matteo",728,728,0,728
2261T,"Lipp, Mika",728,728,0,1456
2264T,"Lestir, Loan",726,468,258,726
2264T,"Mehra, Rohan",726,726,0,882
2264T,"Ostajewski, Jakub",726,468,258,726
2264T,"Pel, Stijn",726,414,312,1857
2268,"Dous Karpenschif, Joshua",723,235,488,2093
2269T,"Grynkowski, Piotr",720,570,150,14150
2269T,"Nakanishi, Seiya",720,560,160,720
2269T,"Orynbasar, Islam",720,560,160,1204
2269T,"Prachar, Jakub",720,416,304,934
2269T,"Radulov, Iliyan",720,570,150,720
2269T,"Tessa, Louis",720,414,306,35695
2275,"Kovacic, Ziga",718,0,718,718
2276T,"Bill, Alen",716,572,144,716
2276T,"Raman, Rishabdev",716,572,144,4028
2276T,"Soyler, Baran",716,572,144,872
2279,"Alosha, Nikita",714,156,558,1596
2280,"Lerby, Christian",704,518,186,1418
2281,"Caula, Bruno",702,286,416,1428
2282T,"Endler, Mark Owen",700,0,700,2311
2282T,"Hernandez Ramirez, Sergio Luis",700,520,180,10258
2282T,"Parenti, Luca",700,520,180,1120
2285,"Katz, Martin",698,698,0,3406
2286T,"Al Tori, Samer",696,156,540,852
2286T,"Le, Quoc-Khanh",696,0,696,8364
2288,"Lopez Linquet, Leonardo",695,695,0,2785
2289,"Biro, Andre",694,438,256,7495
2290,"Schlossmann, Frederic",692,416,276,692
2291T,"Blaydes, Freddy",690,260,430,690
2291T,"Grinderslev, Anders",690,258,432,1210
2291T,"Ponce De Leon Gomila, Matias",690,312,378,1470
2291T,"Tatlot, Johan",690,690,0,136808
2291T,"Valent, Daniel",690,690,0,1706
2296T,"Sornlaksup, Pawit",688,688,0,688
2296T,"Strom, Gustaf",688,688,0,2926
2296T,"Teszari, Christian",688,312,376,688
2299,"Fernandez, Bruno",687,687,0,1103
2300T,"Krattiger, Jamie",686,416,270,740
2300T,"Rodriguez, Damian",686,416,270,686
2300T,"Thour, Robin",686,416,270,4546
2300T,"Vukovic, Luka",686,416,270,2348
2304T,"Ingarao, Alessandro",684,468,216,16114
2304T,"Tedesco, Gustavo",684,416,268,1050
2306T,"Branger, Liam",680,520,160,770
2306T,"Ehrat, Sandro",680,520,160,147448
2308T,"Acquaroli, Gianluca",678,516,162,6374
2308T,"Dadabaev, Aziz",678,570,108,1952
2308T,"Moroni, Filippo",678,516,162,5100
2311T,"Badon, Jean Baptiste",676,676,0,676
2311T,"Bogdanov, Mark",676,676,0,676
2311T,"Dong, Zhenxiong",676,676,0,1382
2311T,"Ramadan, Mert",676,676,0,832
2315T,"Dalmasso, Guillaume",674,674,0,674
2315T,"Hrazdil, Jan",674,674,0,674
2315T,"Krstic, Veljko",674,416,258,1378
2315T,"Porras, Julio César",674,674,0,674
2319T,"Fumagalli, Filiberto",672,426,246,962
2319T,"Gomez, Lucas",672,438,234,132149
2319T,"Krasner, David",672,416,256,672
2319T,"Loge, Jack",672,672,0,672
2319T,"Milicevic, Stefan",672,414,258,3734
2319T,"Poulsen, Oskar Brostrom",672,414,258,768
2319T,"Sanchez Martinez, Benito",672,672,0,3333
2326T,"Ledesma Mercedes, Eudy Francisco",670,260,410,766
2326T,"Lis, Mikolaj",670,430,240,670
2326T,"Mercer, JJ",670,286,384,1270
2326T,"Rodeia, Andre",670,258,412,2510
2330T,"Chahoud, Kevin",666,516,150,2042
2330T,"Konov, Samuil",666,414,252,1278
2330T,"Kovacic, Tino",666,416,250,1246
2330T,"Maric, Marko",666,156,510,666
2330T,"Pogosian, Sergei",666,570,96,5506
2335,"Sheldon, Max",662,518,144,818
2336,"Boscarino, Federico",660,468,192,660
2337,"Kumstat, Jan",653,557,96,653
2338,"Sim, Woohyuk",652,598,54,652
2339,"Monaco, Antoine",651,0,651,2727
2340T,"Bucan, Aleksa",650,416,234,1436
2340T,"Errey, Cooper",650,650,0,650
2340T,"Hansch Mauritzson, Fabian",650,416,234,908
2340T,"Kumthonkittikul, Worovin",650,416,234,5160
2340T,"Nakagawa, Shunsuke",650,560,90,812
2340T,"Saar, Albert",650,416,234,650
2346,"Mugelli, Pietro",648,0,648,2704
2347,"Zhou, Xian Yao",646,430,216,1258
2348T,"Amar, Ran",644,430,214,5140
2348T,"Sutekin, Emir",644,430,214,1053
2350,"Ercolani, Riccardo",643,115,528,933
2351,"Czaczkowski, Piotr",642,156,486,642
2352,"Dzhenev, Adriano",636,312,324,636
2353,"Engel, Justin",633,579,54,633
2354T,"Deviatiarov, Marat",630,414,216,79680
2354T,"Eriksson, Sebastian",630,416,214,720
2354T,"Saeoui, Suphawat",630,156,474,630
2354T,"Thieneman, Presley",630,416,214,630
2358,"Pinheiro, Nuno",626,260,366,626
2359T,"Alshati, Ali",624,312,312,1518
2359T,"Bosmediano Pazmino, Juan Martin",624,624,0,624
2359T,"Donmezer, Enes",624,260,364,624
2359T,"Gregoriou, George",624,312,312,870
2359T,"Jones, Lennon Roark",624,624,0,624
2359T,"Kim, Min Seong",624,312,312,624
2365T,"Aguilera, Emiliano",620,260,360,620
2365T,"Chelidze, David",620,260,360,1136
2365T,"Goncalves, Manuel",620,260,360,2994
2365T,"Oster, Sam",620,260,360,620
2369T,"Chepik, Alexander",618,414,204,1998
2369T,"Martikainen, Otso",618,326,292,618
2369T,"Meale, Guilherme",618,312,306,672
2369T,"Papounidis, Ioannis",618,414,204,1640
2373,"Okonkwo, Oliver",616,286,330,1036
2374,"Redondo Pereira, Sergio",614,518,96,912
2375,"Khan, Shahbaaz",612,156,456,14673
2376T,"Baron, Ori",610,520,90,610
2376T,"Batyutenko, Max",610,286,324,766
2376T,"Eisinga, Zachary",610,520,90,8005
2376T,"Krouzek, Jiri",610,520,90,870
2376T,"Mas De Ugarte, Jordi",610,0,610,3466
2376T,"White, Joseph",610,520,90,610
2382T,"Mirgone, Federico",608,416,192,1598
2382T,"Prat, Antonio",608,416,192,1680
2384,"Berkieta, Tomasz",607,607,0,607
2385,"Faigenbaum, Francisco",604,156,448,1216
2386,"Katic, Nikolaj",602,416,186,602
2387,"Fortin, Michel-Alexandre",600,260,340,1632
2388,"Marfia, Matteo",599,344,255,34864
2389,"Nicosia, Mario Giuseppe",598,364,234,1424
2390T,"Gao, Qun",596,260,336,4208
2390T,"Jeran, Aljaz",596,416,180,596
2390T,"Zhang, Linghao",596,416,180,1010
2393T,"Bigun, Meecah",594,594,0,594
2393T,"Malesevic, Nemanja",594,594,0,4719
2393T,"Sanghera, Tiran",594,594,0,2138
2393T,"Stepanian, Areg",594,0,594,1002
2397,"Kedryuk, Alexey",592,156,436,153687
2398T,"Mitjana, Leny",590,430,160,34990
2398T,"Verdese, Filippo",590,590,0,644
2398T,"Zimmermann, Daniel",590,500,90,590
2401,"Militi Ribaldi, Andrea",587,533,54,893
2402,"Yu, Bingyu",586,156,430,5630
2403,"Duran, Birtan",584,260,324,584
2404T,"Jones, Alex",582,312,270,1702
2404T,"Kolyachev, Nikola",582,312,270,582
2406T,"Markovic, Sasa",576,416,160,576
2406T,"Miceli, Roberto",576,468,108,1272
2406T,"Moceanu, Nikolas",576,468,108,1242
2406T,"Ricklis, Nitzan",576,414,162,576
2406T,"Zemel, Yasha",576,414,162,19219
2406T,"Zribi, Rayen",576,468,108,732
2412T,"Amoyal, Ofek",574,520,54,2126
2412T,"Battistone, Samuel",574,0,574,574
2412T,"Biondolillo, Gregorio",574,520,54,574
2412T,"Thurner, Noah",574,520,54,1792
2416T,"Carnevale Miino, Tommaso",572,0,572,2390
2416T,"Shah, Aryan",572,572,0,572
2416T,"Solberg, Christoffer",572,572,0,19162
2419T,"Bhardwaj, Mohit",570,312,258,606
2419T,"Frusina, Alexander",570,570,0,570
2419T,"Hjorth, Philip",570,312,258,1916
2419T,"Khosla, Rushil",570,570,0,570
2419T,"Miklavcic, Luka",570,570,0,624
2419T,"Moncada Salazar, John",570,390,180,570
2425,"Stanke, Cedric",566,416,150,674
2426T,"Ali Moussa, Aymen Abderrahmene",564,414,150,564
2426T,"Bullard, Jacob",564,468,96,2372
2426T,"Dong, Chen",564,414,150,744
2426T,"Mora Clement, Rodrigo",564,414,150,564
2426T,"Van Schalkwyk, Connor Henry",564,468,96,824
2426T,"Zekic, Nikola",564,468,96,564
2432T,"Berti, Marco",560,416,144,560
2432T,"De Giorgio, Pasquale",560,416,144,5328
2432T,"Toffanin, Nicolo",560,416,144,560
2435,"Noikor, Noppadol",555,260,295,1513
2436,"Pristauz, Emil",552,0,552,714
2437T,"Ann, Suk",546,546,0,546
2437T,"Bondar, Myroslav",546,312,234,756
2437T,"Cortimiglia, Davide",546,0,546,690
2437T,"Lee, Jiho",546,546,0,546
2437T,"Thayne, Wally",546,0,546,1872
2442,"Vilaro, Alejo",542,260,282,21128
2443T,"Aguilar Cardozo, Joaquin",540,130,410,540
2443T,Alternate,540,0,540,7619
2443T,"Alternate, A.",540,0,540,5988
2443T,"Reyna, Ricardo",540,0,540,906
2443T,"Reyna, Rodrigo",540,0,540,540
2448,"Campese, Cristian",539,353,186,803
2449,"Eli, Nicolas",535,305,230,535
2450T,"Castelletti, Luigi",534,156,378,1722
2450T,"Saye, David",534,438,96,534
2452,"Greif, Jonas",533,373,160,847
2453,"Hadzimehmedovic, Romeo",532,156,376,532
2454T,"Avcibasi, Toprak",530,260,270,530
2454T,"Carpico, Brandon",530,260,270,530
2454T,"Cazaban, Hugo",530,260,270,2074
2454T,"De Cuyper, Julien",530,260,270,4600
2454T,"Padro Parra, Alex",530,260,270,530
2454T,"Zmak, Deni",530,260,270,8519
2460T,"Eerola, Oskari",522,468,54,522
2460T,"Elicha Navas, Gabriel",522,414,108,782
2460T,"Esqueci, XXXXXXX",522,414,108,1042
2460T,"Sher, Ajer",522,468,54,522
2460T,"Sinha, Adit",522,414,108,1200
2465T,"Balderas, Diego",520,520,0,574
2465T,"Cao, Ngoc Lam",520,520,0,520
2465T,"Dattatray Kurale, Sandesh",520,430,90,520
2465T,"Del Castillo, Pol",520,430,90,520
2465T,"Dessi, Marco",520,520,0,520
2465T,"Fearnley, Jacob",520,520,0,3233
2465T,"Kask, Matthias Uwe",520,520,0,520
2465T,"Leote Prata, Vasco",520,430,90,862
2465T,"Marques, Diogo",520,430,90,1950
2465T,"Mesarovic, Marko",520,520,0,520
2465T,"Montsi, Siphosothando",520,520,0,5998
2465T,"Pham, Hien",520,520,0,1084
2465T,"Sousa Severin, Guilherme",520,520,0,676
2465T,"Valderas, Diego",520,520,0,520
2465T,"Verboven, Maxim",520,520,0,1096
2480T,"Kikuchi, Gengo",519,0,519,36396
2480T,"Urbanija, Mike",519,0,519,42932
2482T,"Damian, Mihaita Daniel",518,0,518,2676
2482T,"Faivre, Pierre",518,260,258,23074
2482T,"Ivanov, Saveliy",518,518,0,518
2482T,"Lucini, Federico",518,518,0,932
2486T,"Allen, Louis",516,312,204,2178
2486T,"Crowther, Corban",516,312,204,726
2486T,"Vladicic, Aleksa",516,156,360,516
2489T,"Babelis, Tadas",512,260,252,10660
2489T,"Munteanu, Dan Radu",512,416,96,512
2491T,"Buslje, Martin",510,260,250,510
2491T,"Choo, Suk Hyun",510,414,96,666
2491T,"Cizek, Jiri",510,260,250,510
2491T,"Czaplinski, Tommy",510,414,96,510
2491T,"El Amine, Hamza",510,414,96,600
2491T,"Lopez Hernaez, Mikel",510,260,250,2186
2491T,"Maguire, Cian",510,0,510,510
2491T,"Maksymchuk, Illya",510,260,250,774
2491T,"Patton, Thomas",510,260,250,510
2491T,"Popeanga, Dragos Petre",510,258,252,860
2501T,"Anh, Pham La Hoang",506,416,90,506
2501T,"Ben Abdennibi, Sami",506,416,90,866
2501T,"Berne, Mateo",506,416,90,1412
2501T,"Edengren, Kevin",506,416,90,506
2501T,"Maruf, Achad Imam",506,416,90,506
2501T,"Pero, Anthony",506,416,90,716
2501T,"Rabinad Vila, Kenneth",506,416,90,596
2501T,"Simkiss, Luke",506,416,90,1266
2501T,"Teboul, Luca",506,416,90,1034
2510T,"Hoole, Casey",504,258,246,684
2510T,"Lescure, Mick",504,156,348,77092
2510T,"Malik, Ajay",504,414,90,954
2510T,"Mikkelsen, Felipe",504,156,348,924
2510T,"Tan, Jin Peng",504,156,348,686
2515T,"Backman, Jonathan",502,0,502,1208
2515T,"Hornung, Marcel",502,0,502,1226
2517T,"Adnaoui, Mohamed",500,260,240,7794
2517T,"Pjevcevic, Petar",500,260,240,3142
2517T,"Van Assendelft, Jip",500,260,240,1394
2520,"Breut, Lilian",499,403,96,3605
2521T,"Beltre Rosario, Jasel Alfredo",498,390,108,918
2521T,"Compagnucci, Nicolas",498,0,498,848
2521T,"Grebentsov, Filipe",498,156,342,498
2521T,"Recci, Mason",498,312,186,5684
2525,"Ierokhin, Dmytrii",495,0,495,699
2526,"Lopez, Luis Humberto",494,260,234,3286
2527,"Dubrouski, Mikhail",492,438,54,492
2528,"Sopolinski, Blazej",491,437,54,491
2529T,"Dagan, Adi",490,0,490,490
2529T,"Shah, Dharmil",490,0,490,808
2531T,"Barrett, Henry",484,130,354,1162
2531T,"Camilli, Gabriele",484,280,204,580
2531T,"Kuszynski, Peter",484,0,484,832
2531T,"Vola, Tommaso",484,0,484,484
2535T,"Krapivin, Maxim",480,156,324,3494
2535T,"Manuel, Melvin",480,156,324,1762
2535T,"Pinargote Palma, Roberto",480,390,90,1080
2535T,"Verdier, Thibault",480,156,324,1716
2539,"Verdes, Eric David",478,156,322,478
2540T,"Peiro Serrano, Alvaro",477,423,54,477
2540T,"Vaise, Tomas",477,387,90,1283
2542T,"Ballekere Ravikumar, Nikshep",474,312,162,1740
2542T,"Brown, Thomas",474,312,162,474
2542T,"Cohen, Amit",474,260,214,986
2542T,"Hamdan, Muhammad Aiman",474,312,162,636
2542T,"Kamaruzzaman, Naufal Siddiq",474,312,162,738
2542T,"Pisane, Tom",474,260,214,7742
2542T,"Tremblay, Dorian",474,312,162,684
2549,"Colacioppo, Giulio",471,237,234,1403
2550T,"Meszaros, Patrik",470,416,54,470
2550T,"Morris, Eric",470,416,54,964
2552T,"Blecha, Adam",468,468,0,934
2552T,"El Tawil, Hussein",468,468,0,468
2552T,"Oliver, Liam",468,468,0,468
2552T,"Poritzky, Elijah",468,414,54,882
2552T,"Rudan, Zelimir",468,414,54,678
2552T,"Sarkar, Sumit",468,414,54,9759
2558,"Capacci, Christian",467,115,352,467
2559T,"Maggs, Alexander",465,0,465,465
2559T,"Pucalka, Jan",465,0,465,465
2561T,"De Arauje Rosa, Edilson Jose",462,312,150,462
2561T,"De Boes, Maikel",462,312,150,3000
2561T,"Kamrowski, Marcel",462,312,150,1308
2561T,"Khotchenkov, Egor",462,312,150,570
2561T,"Lazarov, George",462,312,150,1038
2561T,"Mercelina, Philippe",462,312,150,462
2561T,"Perfetti, Noah",462,312,150,462
2561T,"Radjaa, Khalil Adel",462,312,150,562
2561T,"Reiff, Tristan",462,312,150,618
2561T,"Yasri, Hichem",462,312,150,3016
2571T,"Puello, Alberto",458,260,198,458
2571T,"Siddiqui, Amaan",458,260,198,776
2573T,"Benes, Martin",456,312,144,806
2573T,"Nadal, Joan",456,312,144,773
2575T,"Aguilar Cardozo, Federico",450,130,320,450
2575T,"Mcintosh, Euan",450,0,450,1256
2577T,"Lagerbohm, Linus",448,156,292,448
2577T,"Spadola, Alessandro",448,244,204,814
2579T,"Cottino, Sandro",446,260,186,446
2579T,"D'Hulst, Natan",446,260,186,446
2579T,"Schurdevin, Lucas",446,260,186,446
2579T,"Tortora, Davide",446,260,186,4006
2583T,"Cooper, Stefan",444,156,288,444
2583T,"El Kordy, Hady",444,156,288,444
2583T,"Graziani, Edoardo",444,258,186,4480
2583T,"Karakachian, Gonzalo Ariel",444,156,288,594
2583T,"Zapp, Logan",444,258,186,3160
2588T,"Segura, Matthew",442,442,0,1452
2588T,"Vilicich, Bautista",442,346,96,3904
2590T,"Affes, Mohammed",440,260,180,3541
2590T,"Alban, Ricardo",440,260,180,1280
2590T,"Iraira, Nicolas",440,260,180,476
2590T,"Jakupi, Jasin",440,260,180,530
2590T,"Schenekenberg, Gabriel",440,260,180,440
2590T,"Turner, Ian",440,260,180,530
2590T,"Umeoka, Yudai",440,260,180,440
2590T,"Vaccari, Simone",440,115,325,700
2590T,"Vales, Amit",440,260,180,440
2590T,"Zhang, Jeremy",440,260,180,440
2600T,"Baldovinetti, Guelfo",438,0,438,492
2600T,"Favero, Lorenzo",438,258,180,619
2600T,"Katz, Raz",438,0,438,598
2600T,"Kirkov, Vasil",438,438,0,55701
2600T,"Macherla, Theertha Shashank",438,0,438,870
2605,"Helguera Casado, Lucca",433,129,304,433
2606,"Matvievici, Egor",432,0,432,9802
2607T,"Gervail, Gregoire",430,430,0,1018
2607T,"Ivanov, Mihail",430,430,0,430
2607T,"Muniz Hidalgo, Antonio",430,430,0,2468
2607T,"Reid, Josh",430,430,0,640
2607T,"Schoen, Patrick",430,430,0,430
2607T,"Shamash, Amit",430,0,430,430
2607T,"Sharygin, Evan",430,430,0,430
2607T,"Storrie, Ryan James",430,430,0,33126
2615,"Ruland, Lambert",427,277,150,821
2616,"Demin, Yaroslav",426,426,0,2711
2617,"Roggero, Tommaso",424,156,268,5016
2618,"Tiainen, Hermanni",422,272,150,2300
2619T,"Aissa Khelifa, Mohamed Amine",420,312,108,1112
2619T,"Babanine, Alexander",420,312,108,6254
2619T,"Bernard, John",420,258,162,1921
2619T,"Bojarski, Alan",420,312,108,1460
2619T,"Bove, Federico",420,312,108,420
2619T,"Brun, Thomas George",420,260,160,888
2619T,"Coccioli, Alessandro",420,260,160,1158
2619T,"Codescu, Razvan Marius",420,0,420,5192
2619T,"Donnet, Etienne",420,260,160,840
2619T,"Duric, Andrej",420,312,108,714
2619T,"Hamed, Mohab",420,312,108,1512
2619T,"Luters, Andis",420,260,160,420
2619T,"Mainguy, Clement",420,260,160,420
2619T,"Melnic, Vladislav",420,312,108,12230
2619T,"Mendieta, Jorge",420,260,160,1352
2619T,"Montes De Oca Murillo, Rodrigo Nicolas",420,312,108,1172
2619T,"Murtaza, Muzammil",420,312,108,4260
2619T,"Oliveira, Nicolas",420,260,160,600
2619T,"Ordeig, Roger",420,260,160,3702
2619T,"Passoni, Santiago",420,260,160,420
2619T,"Sigauque, Jaime",420,312,108,1152
2619T,"Silva, Ashen Minoj Julan",420,312,108,420
2619T,"Su, Yu-Hsiang",420,312,108,738
2619T,"Tanner, Gian Luca",420,260,160,4210
2619T,"Yerdilda, Yerassyl",420,260,160,1290
2644,"Finn, Bischof",417,273,144,417
2645T,"Arsic, Niksa",416,416,0,416
2645T,"Bienkiewicz, Juliusz",416,416,0,832
2645T,"Forger, Abel",416,416,0,416
2645T,"Ganesh, Manish",416,416,0,416
2645T,"Hanchaikul, Patorn",416,416,0,416
2645T,"La Cava, Ivan",416,416,0,680
2645T,"Mezouar, Skander",416,416,0,416
2645T,"Pascual Ferra, Roger",416,416,0,416
2645T,"Pauwels, Maxime",416,416,0,29660
2645T,"Picco, Agustin",416,0,416,32768
2645T,"Saidizand, Jeiden",416,416,0,416
2645T,"Tamar, Gilad",416,416,0,4058
2645T,"Zubac, Dimitrije",416,416,0,578
2658T,"Bennani, Karim",414,414,0,414
2658T,"Bryde, Trent",414,414,0,26001
2658T,"Butler, Samm",414,414,0,12253
2658T,"Campana Lee, Gerard",414,414,0,414
2658T,"Cutting, Oscar",414,414,0,414
2658T,"Einig, Felix",414,414,0,414
2658T,"Gray, Jonathan",414,414,0,46017
2658T,"Liokossis, Stefano",414,414,0,726
2658T,"Orlita, Daniel",414,414,0,866
2658T,"Portugal, Afonso",414,0,414,2184
2658T,"Rogers, Foster",414,156,258,522
2658T,"Spencer, Paul",414,414,0,468
2670T,"Hammond, Lucas",412,0,412,412
2670T,"Ortega, Pedro",412,0,412,1554
2670T,"Verstegen, Quin",412,156,256,1132
2673T,"Karpinski, Timmy",410,0,410,500
2673T,"Wuelfing, Maximilian",410,0,410,554
2675T,"Balestrieri, Alessio",408,241,167,408
2675T,"Mascarini, Riccardo",408,258,150,408
2675T,"Morais Binnie, William",408,156,252,408
2675T,"SKLENKA, Victor",408,0,408,1252
2675T,"Statham, Mikal",408,312,96,34490
2680T,"Amirov, Davud",404,260,144,1832
2680T,"Eldin, Nokic",404,260,144,698
2680T,"Lair, Graydon",404,260,144,404
2680T,"Rosati, Paolo",404,260,144,404
2680T,"Yamus, Yoel",404,260,144,668
2685T,"Fondriest, Matteo",402,258,144,402
2685T,"Mico Fenollar, Sergi",402,312,90,402
2685T,"Zukauskas, Simonas",402,312,90,1920
2688T,"Busoms Puig, Joan",396,156,240,546
2688T,"Gulia, Gourav",396,156,240,396
2690T,"Armando, Sotelo",390,390,0,390
2690T,"Connor, Preston",390,156,234,1854
2690T,"Delgado, Alonso Alejandro",390,390,0,656
2690T,"Iturra, Jordan",390,390,0,1016
2690T,"Kim, Minjae",390,390,0,390
2695,"Bianchet, Stefan",380,130,250,380
2696,"Garcia Mondelo, Carlos",376,0,376,484
2697T,"Knoess, Vincent",372,156,216,636
2697T,"Osorio Hernandez, Juan-Carlos",372,156,216,372
2699,"Braswell, Jonah",370,156,214,370
2700,"Zaytsev, Ivan",368,260,108,1252
2701T,"Al-Aswad, Hamzeh",366,312,54,630
2701T,"Alsterback, William",366,312,54,366
2701T,"Bronka, Adam",366,312,54,2142
2701T,"Dinev, Dinko",366,312,54,732
2701T,"Krivokapic, Aleksa",366,312,54,366
2701T,"Kypriotis, Evangelos",366,312,54,840
2701T,"Mccarthy, Jack",366,312,54,366
2701T,"Nilaweera, Chathurya",366,258,108,366
2701T,"Pasutti, Andreas Ignacio",366,0,366,3251
2701T,"Ros Mesas, Marc",366,312,54,1098
2701T,"Sarajlic, Inas",366,312,54,366
2701T,"Saura Moragrega, Marc",366,0,366,420
2701T,"Singh, Dhananjay",366,312,54,366
2701T,"Tomic, Radomir",366,312,54,366
2715,"Crivellaro, Gabriele",364,117,247,364
2716T,"Caballer, Joaquin",360,0,360,1146
2716T,"Mariani, Raffaele",360,0,360,630
2716T,"Ruzgas, Marius",360,156,204,8512
2716T,"Searle, Henry",360,0,360,360
2716T,"Sweeney, Jake",360,156,204,468
2721,"Jaeger, Nico",358,0,358,466
2722T,"Villacorta-Alonso, Ricardo",356,260,96,33929
2722T,"Wassermann, Miko",356,260,96,356
2724T,"Arevalo, Isaac Arturo",354,258,96,1116
2724T,"Cina, Federico",354,258,96,354
2724T,"Cotler, Lucas",354,156,198,462
2724T,"Gursoy, Suleyman Deniz",354,156,198,977
2724T,"Kang, Ku Keon",354,258,96,7027
2724T,"Markov, Viktor",354,258,96,354
2724T,"Parts, Robin Erik",354,258,96,978
2724T,"Turchi, Anthony",354,156,198,678
2724T,"Vallebuona, Duilio",354,258,96,13225
2733T,"Adachi, Toki",350,260,90,350
2733T,"Ajavon, Liova",350,260,90,1910
2733T,"Alzate Perilla, Juan Diego",350,260,90,350
2733T,"Beraldo, Lorenzo",350,260,90,350
2733T,"Berta, Mateo",350,260,90,1186
2733T,"Charlap, Dylan",350,260,90,350
2733T,"Chavez, Nathan",350,260,90,654
2733T,"Correa, German",350,260,90,350
2733T,"Cortes, Matias",350,260,90,350
2733T,"Dao, Dung Em Oliver",350,260,90,560
2733T,"Deleersnyder, Clement",350,260,90,1532
2733T,"Dossani, Muhammad",350,260,90,404
2733T,"Dreycopp, Ivan",350,260,90,870
2733T,"Fernandez Horta, Alvaro",350,260,90,974
2733T,"Gibbens, Jack",350,260,90,5740
2733T,"Hinsching, Joao",350,260,90,7534
2733T,"Hornung, Gabor",350,260,90,350
2733T,"Johansson, Oliver",350,260,90,440
2733T,"Kazakov, Ivan",350,260,90,500
2733T,"Klov Nilsson, Jesper",350,260,90,1060
2733T,"Kuna, Fran",350,260,90,350
2733T,"Kurniawan, Lucky Candra",350,260,90,350
2733T,"Lahjomri, Yazid",350,260,90,350
2733T,"Maeda, Kouhei",350,260,90,468
2733T,"Mazzeo, Antonio",350,260,90,506
2733T,"Metreveli, Irakli",350,260,90,2020
2733T,"Nagamine, Taiki",350,260,90,350
2733T,"Pall, Noel",350,260,90,350
2733T,"Ridout, Freddie",350,260,90,350
2733T,"Robayo Arias, Juan David",350,260,90,350
2733T,"Roddick, Jerry",350,260,90,350
2733T,"Rodrigues, Pedro Gabriel",350,260,90,8376
2733T,"Ross, Matthis",350,260,90,700
2733T,"Russo, Santiago",350,260,90,350
2733T,"Sachdev, Aarman",350,260,90,350
2733T,"Sanchez Amor, German",350,260,90,350
2733T,"Sanchez Quilez, Alejo",350,260,90,350
2733T,"Sanchis Melero, Higinio",350,260,90,790
2733T,"Saporta, Tom",350,260,90,350
2733T,"Schott, Hugo",350,260,90,24580
2733T,"Shahar, Amit",350,260,90,350
2733T,"Short, Ellis",350,260,90,350
2733T,"Simmen, Janis Raffael",350,260,90,350
2733T,"Todorovic, Luka",350,260,90,936
2733T,"Xu, Kuang Qing",350,260,90,350
2733T,"Zapsky, Krystof",350,260,90,1726
2733T,"Zeitune, Gonzalo",350,260,90,350
2780T,"Batista, Ricardo",348,258,90,348
2780T,"Na, Jung-Woong",348,156,192,49710
2780T,"Zeljenka, Martin",348,258,90,1808
2783T,"Klein, Brydan",346,0,346,708106
2783T,"Martin Manzano, Juan Cruz",346,346,0,346
2785T,"Djurovic, Blazo N",342,156,186,1370
2785T,"Michocki, Przemyslaw",342,156,186,438
2785T,"Troebinger, Erwin",342,156,186,1926
2788T,"Camargo Lima, Enzo",340,286,54,700
2788T,"Dando, Julien",340,0,340,340
2788T,"Laibl, Matej",340,0,340,340
2788T,"Zapsky, Adam",340,0,340,340
2792T,"Clavel, Tom",336,0,336,1122
2792T,"Raicevic, Danilo",336,156,180,546
2794T,"Leshem, Roy",330,0,330,330
2794T,"Mesakh, Arnykgo",330,0,330,506
2794T,"Sasongko, Aditya Hari",330,0,330,6537
2794T,"Von Der Schulenburg, Henry",330,330,0,1374
2798,"Meister, Nicolas",328,130,198,598
2799T,"Han, Chan Hee",325,325,0,325
2799T,"Kim, Juan",325,325,0,325
2801T,"Rakotomalala, Mandresy",324,0,324,5398
2801T,"Teixeira, Bernardo",324,0,324,558
2801T,"Vega, Leonardo",324,0,324,324
2801T,"Yenilmez, Umut Kaan",324,0,324,876
2805T,"Jadhav, Gunjan",322,0,322,1114
2805T,"Koistila Larsson, Kenzo",322,0,322,322
2805T,"Thomas-Smith, Deji",322,0,322,532
2805T,"Videhult, Linus",322,0,322,322
2809T,"Fix, David",321,267,54,671
2809T,"Milardovic, DANIEL",321,156,165,321
2811T,"Bae, Sang Woo",320,0,320,320
2811T,"Cho, Seung Woo",320,0,320,320
2811T,"Hamard, Antoine",320,0,320,6965
2811T,"Jeong, Young-Hoon",320,0,320,9516
2815,"Moroder, Gabriel",319,113,206,553
2816T,"Bouskila, Ariel",318,156,162,318
2816T,"Boyer, Dusty H.",318,156,162,34513
2816T,"Eisa-Beygi, Masood",318,156,162,1248
2816T,"Faure, Valentin",318,156,162,474
2816T,"Haupt, Henri",318,156,162,318
2816T,"Martinez Baena, Javier",318,156,162,846
2816T,"Martini, Filippo",318,156,162,318
2816T,"Muller, Rik",318,156,162,522
2816T,"Penzlin, Julien",318,156,162,1034
2816T,"Rother, Jannik",318,156,162,1764
2816T,"Shelton, Robert",318,156,162,318
2827T,"Nieto, Patricio",316,156,160,370
2827T,"Pickens, A.Trice",316,156,160,576
2829T,"Berger, Antoine",314,260,54,728
2829T,"Corthey, Lautaro Agustin",314,260,54,314
2829T,"Formella, Leon",314,260,54,368
2829T,"Gusev, Daniil",314,260,54,566
2829T,"Ilic, Danilo",314,260,54,470
2829T,"Kruger, Connor",314,260,54,898
2829T,"Marin, Diego",314,260,54,314
2829T,"Marzialetti, Genaro",314,260,54,464
2829T,"Mesquida Berg, Oscar",314,260,54,11247
2829T,"Riepkin, Mykyta",314,260,54,1184
2839T,"Behbehani, Fouad",312,312,0,1152
2839T,"Bulte, Alex",312,312,0,402
2839T,"Cortinovis, Flavio",312,312,0,626
2839T,"Dahiya, Aman",312,312,0,312
2839T,"Dragomirov, Mark",312,0,312,408
2839T,"Field, Jeremy",312,258,54,312
2839T,"Gale, Callum",312,312,0,312
2839T,"Hesselmann, Luca",312,258,54,312
2839T,"Huynh, Phuc",312,312,0,312
2839T,"Ibrakhimov, Rakhimbek",312,258,54,312
2839T,"Mahadevan, Arjun",312,312,0,900
2839T,"Major, Kevin",312,312,0,1668
2839T,"Mania, Marco",312,312,0,876
2839T,"Matsiush, Aliaksey",312,258,54,366
2839T,"Mckennon, Maxwell",312,258,54,782
2839T,"Munk Mesa, Bernardo",312,312,0,312
2839T,"Nemakal, Ajay Pruthvi",312,312,0,1914
2839T,"Pavlovic, Marko",312,258,54,1355
2839T,"Perera, Masato",312,258,54,312
2839T,"Popovic, Mihailo",312,312,0,1290
2839T,"Rossoni, Michael",312,312,0,312
2839T,"Seetso, Denzel",312,312,0,312
2839T,"Shtengelov, Alexey",312,312,0,522
2839T,"Stamoulos, Ioannis",312,312,0,2409
2839T,"Stenzer, Max",312,312,0,312
2839T,"Suden, Sarthak",312,312,0,312
2839T,"Voljacques, Hugo",312,258,54,47329
2866T,"Coloma-Heck, Gianluca",310,0,310,550
2866T,"Hopper, James",310,130,180,1200
2866T,"Miller, Chad",310,130,180,310
2866T,"Tsutsumi, Ryuki",310,130,180,310
2866T,"Yamanaka, Asahi",310,130,180,310
2871T,"Cohen, Eduardo",306,156,150,1262
2871T,"Forrestier, Lucien",306,156,150,360
2871T,"Koay, Hao Sheng",306,156,150,1241
2871T,"Meneghetti, Matteo",306,0,306,522
2871T,"Rodrigues, Laelson",306,156,150,1560
2871T,"Senthilkumar, Muthu Aadhitiya",306,156,150,4553
2871T,"Strasch, Georg",306,156,150,306
2871T,"Syed Naguib, Syed Mohd Agil",306,156,150,14350
2879T,"Chaine, Gatien",304,0,304,304
2879T,"Dabryian, Artsiom",304,0,304,3216
2881,"Gueydan, Quentin",302,0,302,7555
2882T,"Hoogland, Joris",300,156,144,300
2882T,"Jaya Prakash, Oges Theyjo",300,156,144,300
2882T,"Martinez Mora Esdras, Wulfrano",300,0,300,2052
2882T,"Najam, Shayan",300,156,144,516
2886,"Martinez Gomez, Pablo",298,127,171,479
2887,"Caniato, Carlo Alberto",291,115,176,582
2888T,"Capacci, Cristian",290,115,175,290
2888T,"Guglieri, Thiago",290,130,160,290
2890,"Ubiergo, Jordan",289,0,289,20253
2891T,"Antchandie, Herve",288,0,288,3882
2891T,"Mares, Vojtech",288,0,288,638
2891T,"Patzanovsky, Christopher",288,0,288,2802
2891T,"Smarty, Chukwudumebi",288,0,288,288
2895,"Ghedin, Mattia",287,122,165,287
2896T,"Kodancha Srinivasan, Dheeraj",286,286,0,286
2896T,"Krug, Jake",286,286,0,286
2896T,"Martinez, Tomas",286,286,0,286
2899T,"Cohen, Zury",276,0,276,276
2899T,"Stouff, Vincent",276,276,0,25711
2901,"Seghetti, Samuele",274,117,157,274
2902,"Vavassori, Matteo",273,0,273,388
2903T,"Cejudo , Miguel",272,116,156,272
2903T,"Garcia Garcia, Juan Carlos",272,272,0,638
2905T,"Arenas-Gualda, Ivan",270,0,270,72858
2905T,"Bessire, Francesco",270,0,270,12000
2905T,"Chien, Christopher",270,0,270,1428
2905T,"Horvat, Vito",270,0,270,270
2905T,"Kahoun, Jacob",270,0,270,10036
2905T,"Naharro, David",270,0,270,270
2905T,"Newman-Billington, Joseph",270,0,270,570
2905T,"Pecorella, Andrea",270,0,270,432
2905T,"Phillips, Luke",270,0,270,528
2905T,"Popescu, Marc",270,115,155,451
2905T,"Puig Molin, David",270,0,270,414
2905T,"Sunish, Dhruv",270,0,270,13162
2905T,"Swaroop, Shiva",270,0,270,324
2905T,"Welsh, Thomas",270,0,270,270
2919T,"Levyatov, Lev",268,0,268,924
2919T,"Makhmudov, Damir",268,0,268,502
2919T,"Segado Esteve, Rafael",268,268,0,268
2919T,"Simons, Mark",268,0,268,745
2923T,"Abou Taleb, Belal",264,156,108,1362
2923T,"Banicevic, Igor",264,156,108,1560
2923T,"Caruso, Antonio",264,156,108,680
2923T,"De La Riva Bueno, Pedro",264,156,108,264
2923T,"Gauci, Kyle",264,156,108,264
2923T,"Lage Castelan, Lance Amaury",264,156,108,820
2923T,"Ojassalu, Alex-Andre",264,156,108,264
2923T,"Reynolds, Josh",264,156,108,264
2923T,"Sengul, Bora",264,156,108,2802
2923T,"Sigauque, Armando",264,156,108,528
2923T,"Weerasekera, Guyanga",264,156,108,264
2923T,"Wijemanne, Thehan Sanjaya",264,156,108,264
2935T,"Aboulkassem, Mohamed",260,260,0,1600
2935T,"Andriamasilalao, Lucas",260,260,0,428
2935T,"Bailey, Aaron",260,260,0,260
2935T,"Barrere, Victor",260,260,0,260
2935T,"Berg, Leon",260,260,0,314
2935T,"Birrell, Cade",260,260,0,416
2935T,"Braunstein, Rodrigo",260,260,0,440
2935T,"Cardinale, Francesco",260,260,0,314
2935T,"Castañeda, Mateo",260,260,0,416
2935T,"Cattaneo, Edoardo Lodovico",260,260,0,528
2935T,"Cavallo, Fernando",260,260,0,260
2935T,"Chan Baratau, Marcos Lee",260,260,0,350
2935T,"Chen, Yu-Lun",260,260,0,260
2935T,"Del Corral, Alexander",260,260,0,260
2935T,"Dibildox, Adrian",260,260,0,260
2935T,"Drover-Mattinen, Liam",260,260,0,260
2935T,"Dumas, Tristan",260,260,0,260
2935T,"Dumitru, Marin",260,260,0,509
2935T,"Fernandez, Piero",260,260,0,260
2935T,"Ferraz Sandoval Carvalho, Luis Felipe",260,260,0,260
2935T,"Filip, Jakub",260,260,0,260
2935T,"Fomba, Luc",260,260,0,4082
2935T,"Galan, Santiago",260,260,0,260
2935T,"Gonela, Milan",260,260,0,260
2935T,"Gruenig, Gian",260,260,0,520
2935T,"Guerra, Batiste",260,260,0,350
2935T,"Hacohen, Ofer",260,260,0,520
2935T,"Hill, Sean",260,260,0,260
2935T,"Hillhouse, Maxime",260,260,0,638
2935T,"Izquierdo Casal, Rodrigo",260,260,0,350
2935T,"Jasarevic, Aldin",260,260,0,260
2935T,"Juan Mano, Alejandro",260,260,0,260
2935T,"Kocevar-Desman, Tom",260,260,0,70430
2935T,"Kochnev, Archip",260,260,0,260
2935T,"Kolasinski, Filip",260,260,0,4527
2935T,"Korobeynikov, Grigoriy",260,260,0,3676
2935T,"Lemaitre, Luca",260,260,0,260
2935T,"Lindstrom, Eric",260,260,0,260
2935T,"Loccisano, Niclas",260,260,0,842
2935T,"Luis, Tomas",260,260,0,1712
2935T,"Lumanau, Claudio Renardi",260,260,0,260
2935T,"Magimay, Kyran",260,260,0,260
2935T,"Massacri, Benito",260,260,0,260
2935T,"Masuda, Junnosuke",260,260,0,260
2935T,"Matsuoka, Hayato",260,260,0,260
2935T,"Matuszewski, Michal",260,260,0,260
2935T,"Meis, Pascal",260,260,0,57479
2935T,"Menzel, thomas",260,260,0,260
2935T,"Montrieul, Pierre",260,260,0,520
2935T,"Morita, Kosuke",260,260,0,260
2935T,"Motoyama, Shion",260,260,0,260
2935T,"Muratori, Lucas",260,260,0,260
2935T,"Nakamura, Kenta",260,260,0,260
2935T,"Navarro, Santiago",260,260,0,416
2935T,"Nestola, Fabio",260,260,0,260
2935T,"Olivares, Jose",260,260,0,38777
2935T,"Oltra Guiral, Gerard",260,260,0,260
2935T,"Ortiz Gamonsl, Diego",260,260,0,440
2935T,"Perez Pena, Miguel",260,260,0,728
2935T,"Pestana, Martin",260,260,0,260
2935T,"Porcu, Nicola",260,260,0,260
2935T,"Postolka, Roman",260,260,0,314
2935T,"Roselle, Remi",260,260,0,260
2935T,"Sanchez, Rodrigo",260,260,0,24317
2935T,"Savoldi, Alessio",260,260,0,260
2935T,"Sedrati, Driss",260,260,0,260
2935T,"Sevilla, Iker",260,260,0,260
2935T,"Shirafuji, Naru",260,260,0,5820
2935T,"Simonsson, Jan",260,260,0,260
2935T,"Sootinun-Opart, Guntinun",260,260,0,260
2935T,"Stice, Tyler",260,260,0,260
2935T,"Sychev, Peter",260,260,0,260
2935T,"Tapiro, Itamar",260,260,0,260
2935T,"Tholl, Christophe",260,260,0,1034
2935T,"Tholl, Robi",260,260,0,440
2935T,"Torski, Osman",260,260,0,2184
2935T,"Trunov, Igor",260,260,0,1145
2935T,"Uribe, Pedro",260,260,0,1100
2935T,"Van Den Ham, Tomi",260,260,0,314
2935T,"Viiala, Zack",260,260,0,260
2935T,"Vuletic, Luke",260,260,0,260
2935T,"Walch, Antoine",260,260,0,11288
2935T,"Walters, Marcus",260,260,0,2864
2935T,"Yadav, Denim",260,260,0,572
2935T,"Zgola, Goran",260,260,0,260
3020T,"Andic, Aleksandar",258,258,0,258
3020T,"Basic, Nikola",258,258,0,570
3020T,"Botezan, George",258,0,258,20506
3020T,"Byers, Loren Thomas",258,258,0,258
3020T,"Chen, Tin",258,258,0,1128
3020T,"Fernandez Canovas, Andres",258,258,0,10738
3020T,"Grandinetti, Tobia",258,258,0,258
3020T,"Hubner, Edward",258,258,0,3336
3020T,"Jordan, Phillip",258,258,0,258
3020T,"Lee, Junhyun",258,258,0,414
3020T,"McDaniel, Marcus",258,258,0,510
3020T,"Paganetti, Victor",258,258,0,258
3020T,"Pascual De Zulueta, Asier",258,258,0,414
3020T,"Raisma, Kenneth",258,258,0,29406
3020T,"Rihane, Youcef",258,258,0,3464
3020T,"Rodriguez, Sebastian",258,258,0,468
3020T,"Takahata, Riku",258,0,258,258
3020T,"Tiukaev, Ruslan",258,258,0,312
3020T,"Zhuk, Uladzislau",258,0,258,888
3020T,"Zhzhenov, Konstantin",258,258,0,1692
3040T,"Greschner, Matvey",256,0,256,256
3040T,"Susanto, David Agung",256,0,256,24059
3040T,"Tourte, Nicolas",256,0,256,146462
3043T,"Abdul Salam, Rafael",252,156,96,408
3043T,"Baldoni, Stefano",252,156,96,9279
3043T,"Bara, Filip Gabriel",252,156,96,462
3043T,"Bolotov, Sergey",252,156,96,5943
3043T,"Bulut, Emirhan",252,156,96,252
3043T,"Gaber, Adham",252,156,96,3618
3043T,"Gomes, Henrique Silvestre",252,156,96,462
3043T,"Kaza, Vinayak Sharma",252,156,96,43107
3043T,"Kim, Hyeong Don",252,156,96,1576
3043T,"Kristensen, Patrick",252,156,96,252
3043T,"Kriznik, Matic",252,156,96,252
3043T,"M'Chich, Andrea",252,156,96,252
3043T,"Mandma, Alexander Georg",252,156,96,852
3043T,"Martin Mendez, Diego",252,156,96,252
3043T,"Molina, Luis",252,156,96,2158
3043T,"Mrva, Maxim",252,156,96,252
3043T,"Papajcik, Raffaello",252,0,252,252
3043T,"Pisaric, Aleksa",252,156,96,462
3043T,"Radu, Constantin",252,156,96,252
3043T,"Rakotohasy, Jean-Jacques",252,156,96,1158
3043T,"Rengifo, Frazier",252,156,96,1502
3043T,"Rikkonen, Roni",252,0,252,1771
3043T,"Sah, Timothy",252,156,96,1702
3043T,"Schmidt, Marc",252,0,252,612
3043T,"Uvarov, Andrey",252,156,96,5231
3068T,"Bezjak, Gasper",250,0,250,250
3068T,"Cressoni, Pedro",250,0,250,510
3068T,"Damm, Maxmillian",250,0,250,250
3068T,"Fox, David",250,0,250,7791
3068T,"Liborio, Pedro",250,0,250,520
3073T,"Braund, Alec",246,156,90,246
3073T,"Chernov, Oleksandr",246,0,246,408
3073T,"El Sayed, Ashraf",246,156,90,668
3073T,"Marini, Franco",246,156,90,246
3073T,"Photiadis, Photos",246,156,90,1088
3073T,"Politowicz, Marcel",246,156,90,1230
3079T,"Herrmann, Theo",240,0,240,240
3079T,"Vasilev, Dmitrii",240,0,240,510
3081,"cherie Ligniere, Edoardo",239,239,0,239
3082T,"Kaukovalta, Patrick",238,0,238,6131
3082T,"savolainen, Jami",238,0,238,238
3084T,"Babu, Pranash",234,0,234,234
3084T,"Chen, Zi Hui",234,0,234,234
3084T,"Coelho, Guilherme",234,0,234,234
3084T,"Papik, Tomas",234,0,234,38593
3084T,"Perdigao, Renan",234,0,234,288
3084T,"Rappaport, Samuel",234,0,234,234
3084T,"Rogan, Pavle",234,0,234,642
3091,"Kelm, Yannik",231,231,0,231
3092T,"Estevarena, Juan Cruz",230,115,115,4850
3092T,"Velasquez, Valentin",230,115,115,230
3094T,"Onofrei, Matei Cristian",224,224,0,486
3094T,"Prajescu, Marian Petre",224,224,0,278
3094T,"Schipor , Eduard Silviu",224,224,0,224
3097,"Laurent, Thomas",223,223,0,17368
3098T,"Bowers, Tyler",220,130,90,220
3098T,"Ledesma Candelo, Ricardo Alejandro",220,130,90,220
3100,"Born, Yannick Stephan",219,0,219,2061
3101T,"Amiri, Farzan",216,0,216,270
3101T,"De Rosa, Marco",216,0,216,912
3101T,"Fundup, Srdjan",216,0,216,216
3101T,"Gal, Emanuel",216,0,216,324
3101T,"Ghomi, Amirarsalan",216,0,216,216
3101T,"Groener, Eirik",216,0,216,762
3101T,"Holder, Carl",216,0,216,216
3101T,"Turknas, Doruk",216,0,216,528
3101T,"Voldrab, Jakub",216,0,216,324
3110T,"Andrzejczak, Bartlomiej",214,0,214,214
3110T,"Baldisserri, Enrico",214,0,214,214
3110T,"Galliano, Leo",214,0,214,374
3110T,"Gubi, Trisztan",214,0,214,214
3110T,"Kisantal, Botond",214,0,214,484
3110T,"Malakhovich, Mikhail",214,0,214,214
3110T,"Storck, Lukas",214,0,214,1573
3110T,"Trouve, Nathan",214,0,214,396
3118T,"Abd Hazli, Imran Daniel",210,156,54,366
3118T,"Arias, Manuel",210,156,54,860
3118T,"Azkara, Arda",210,156,54,1610
3118T,"Azzolin Vieira, Joao Rafael",210,156,54,210
3118T,"Ben Guergoura, Ouassim",210,156,54,210
3118T,"Brunkow, Gianluca",210,156,54,300
3118T,"Caceres, Cleiner",210,156,54,740
3118T,"Cataldi, Carlo",210,156,54,210
3118T,"Cebic, Filip",210,156,54,210
3118T,"Che, Matthew",210,156,54,366
3118T,"Chen, Derrick",210,156,54,522
3118T,"Cherkovets, Vladimir",210,156,54,522
3118T,"Dadino, Facundo",210,156,54,210
3118T,"Dahlin, Max",210,156,54,300
3118T,"Damiano, Agustin Ivan",210,156,54,210
3118T,"De Alba Valdes, Rafael Alfonso",210,156,54,210
3118T,"Dhoe, Benjamin",210,156,54,33590
3118T,"Donoso, Nicolas",210,156,54,210
3118T,"Fernandez Moreno, Piero",210,156,54,210
3118T,"Friend, Jay Dylan Hara",210,156,54,624
3118T,"Galimardanov, Oscar",210,156,54,1982
3118T,"Ganguly, Anargha",210,156,54,210
3118T,"Giraldi, Carlos",210,156,54,210
3118T,"Grassi Mazzuchi, Juan Pablo",210,156,54,8898
3118T,"Guna, Robert",210,156,54,210
3118T,"Hartson, James",210,156,54,210
3118T,"Heaney-Secord, Christian",210,156,54,264
3118T,"Hotze, Luca- julian",210,156,54,210
3118T,"Johnson, Austin",210,156,54,420
3118T,"Karakayev, Adil",210,156,54,300
3118T,"Kichou, Mohammed Slimane",210,156,54,210
3118T,"Kizilov, Ivan",210,156,54,210
3118T,"Kovac, Tilen",210,156,54,210
3118T,"Kozyrev, Klim",210,156,54,318
3118T,"Krstev, Ondrej",210,156,54,28193
3118T,"Larrea, Miguel Mateo",210,156,54,1430
3118T,"Lazic, Manuel",210,156,54,300
3118T,"Leguizamon, Alexis",210,156,54,210
3118T,"Leskinen, Santtu",210,0,210,622
3118T,"Lora, Santiago",210,156,54,420
3118T,"Lucero, Joel Angel",210,156,54,314
3118T,"Maksimovic, Marko",210,156,54,306
3118T,"Manik, Shourya",210,156,54,210
3118T,"Mansur, Vitor",210,156,54,420
3118T,"Markovic, Lazar",210,156,54,210
3118T,"Matsuoka, Shu",210,156,54,210
3118T,"Matsushita, Ryoma",210,156,54,210
3118T,"Mujakic, Alen",210,156,54,733
3118T,"Nelich, Andrey",210,156,54,354
3118T,"Nemani, Pranav Suhas",210,156,54,210
3118T,"Nunez Del Prado Flores, Eduardo",210,156,54,420
3118T,"Piatrouski, Daniil",210,156,54,210
3118T,"Pop, Mihail Mario",210,156,54,210
3118T,"Radovanovic, Tadija",210,156,54,462
3118T,"Rico Arias, Nicolas Esteban",210,156,54,1130
3118T,"Roig, Arnau",210,156,54,210
3118T,"Romanov, Daniil",210,156,54,210
3118T,"Sanchez Sanchez, Bruno",210,156,54,210
3118T,"Schlageter, Justin",210,156,54,934
3118T,"Stevenson, David",210,156,54,370
3118T,"Tepavac, Marko",210,156,54,155408
3118T,"Timini, Andreas",210,156,54,210
3118T,"Trondson, Hank",210,156,54,210
3118T,"Ungerman, Otaker",210,156,54,516
3118T,"Ungerman, Otaker",210,156,54,210
3118T,"Vasilev, Alexander",210,156,54,210
3118T,"Vicente, Ignacio",210,156,54,6052
3118T,"Woern, Julian",210,156,54,210
3186T,"Baccala, Davide",208,0,208,208
3186T,"Dhamne, Manas Manoj",208,104,104,208
3188T,"Dragoni, Alessandro",205,115,90,2091
3188T,"Mayer, Leonardo",205,0,205,7035294
3190T,"Augenti, Daniele",204,0,204,392
3190T,"Belosevic, Petar",204,0,204,204
3190T,"Horoz Garner, John",204,0,204,204
3190T,"Ivanov, Vladimir",204,0,204,123514
3190T,"Molenkamp, Martijn",204,0,204,204
3190T,"Perkkola, Ville",204,0,204,354
3196T,"Balj, Alexandar",198,0,198,354
3196T,"Doukhan, Leo",198,0,198,358
3196T,"Gobbi, Giacomo",198,0,198,438
3196T,"Heras, Patricio",198,0,198,109884
3196T,"Maleno Rosario, Jesus",198,0,198,198
3196T,"Puttergill, Liam",198,0,198,198
3196T,"Usai, Piercarlo",198,0,198,198
3203T,"Calvo Barcelo, Fermin",186,0,186,742
3203T,"Kadchapanan, Nuttanon",186,0,186,19409
3203T,"Kovacevic, Sasha",186,0,186,590
3203T,"Lai, Jasper",186,0,186,186
3203T,"Steinhausen, Julian Noah",186,0,186,186
3203T,"Talluri, Eshan",186,0,186,282
3209,"Sarr, Jelani",184,130,54,184
3210T,"Aracena, Guillermo",180,0,180,432
3210T,"Atherton, Jack",180,0,180,360
3210T,"Beretta, Duilio",180,0,180,74460
3210T,"Caballero Moreno, Alejandro",180,0,180,270
3210T,"Daou, Mehdi",180,0,180,180
3210T,"Farag Cao, Adam",180,0,180,180
3210T,"Foley, Patrick",180,0,180,5364
3210T,"Fritzinger, Alec",180,0,180,180
3210T,"Gayme, Florian",180,0,180,180
3210T,"Gibson, Dakota",180,0,180,180
3210T,"Greco, Valentin Manuel",180,0,180,180
3210T,"Huber, Dario",180,0,180,450
3210T,"Hunt, Alex",180,0,180,2148
3210T,"Khurodze, David",180,0,180,180
3210T,"Kiefer, Alexander",180,0,180,360
3210T,"Lapalme, Miko",180,0,180,180
3210T,"Laumon, Jeremy",180,0,180,180
3210T,"Leyton, Christian",180,0,180,592
3210T,"Leyton-Moya, Raiman",180,0,180,298
3210T,"Mahajan, Abhinav",180,0,180,180
3210T,"Minc, Charles",180,0,180,1514
3210T,"Muamba, Nicaise",180,0,180,7794
3210T,"Navarro, Thomas",180,0,180,180
3210T,"Osborne, Zac",180,0,180,936
3210T,"Pate, Carter",180,0,180,180
3210T,"Powell, Jonathan",180,0,180,360
3210T,"Puntaric, Nikola",180,0,180,180
3210T,"Ray, Richard",180,0,180,180
3210T,"Regas Luis, Noah",180,0,180,390
3210T,"Rodriguez, Johan",180,0,180,490
3240,"Corsaro, Giuseppe",178,124,54,178
3241T,"Bellezza, Gianluca",174,0,174,174
3241T,"Luzzo, Federico",174,0,174,492
3243,"Biggs, Juho-Eric",170,170,0,170
3244,"Basel, Valentin",169,115,54,169
3245,"Borrelli, Leonardo",168,114,54,222
3246,"Giallanza, Andrea",167,0,167,1009
3247T,"Krajci, Michal",165,165,0,165
3247T,"Le Bourjois, Virgile",165,165,0,165
3247T,"Santamarta Roig, Andres",165,165,0,165
3247T,"Zio, Giovanni",165,0,165,165
3251,"Jablonski, Dino",163,0,163,163
3252T,"Atturu, Babji Siva",162,0,162,722
3252T,"Bonetto, Nate",162,0,162,162
3252T,"Brown, Lucas",162,0,162,162
3252T,"Bucher, Robin Mick",162,0,162,162
3252T,"Choe, Jaesung",162,0,162,162
3252T,"Dimitrov, Vasil",162,0,162,1134
3252T,"Hernandez Mariona, Kaeri",162,0,162,414
3252T,"Hernandez Mariona, Kris Alessandro",162,0,162,414
3252T,"Hoskins, Sam",162,0,162,162
3252T,"Humpfner, Kevin",162,0,162,162
3252T,"Kasday, Blake",162,0,162,162
3252T,"Lopez De Azcona, Juan",162,0,162,162
3252T,"Middleton, Jett",162,0,162,162
3252T,"Moon, Ju-Hae",162,0,162,15894
3252T,"Park, Dogeon",162,0,162,432
3252T,"Sari, Fatih",162,0,162,162
3252T,"Shandarov, Vasil",162,0,162,4180
3252T,"Silagy, Maks",162,0,162,536
3252T,"Silagy, XXXXXXXXX",162,0,162,216
3252T,"Stearns, Walker",162,0,162,162
3272,"Martin, Benjamin",161,161,0,161
3273T,"Bas Mengual, Ivan",160,0,160,497
3273T,"Beaven, James",160,0,160,160
3273T,"Bendeck, Jose Daniel",160,0,160,26067
3273T,"Bobichon, Matisse",160,0,160,160
3273T,"Calcara, Tom",160,0,160,160
3273T,"Cejovic, Strahinja",160,0,160,160
3273T,"Corrias, Luigi",160,0,160,340
3273T,"Fellin, Christian",160,0,160,412
3273T,"Findel-Hawkins, Jack",160,0,160,24782
3273T,"Fukuoka, Yusei",160,0,160,412
3273T,"Furusho, Kanju",160,0,160,160
3273T,"Hallquist Lithen, John",160,0,160,2638
3273T,"Hosono, Dan",160,0,160,160
3273T,"Ingleton, Jesse",160,0,160,160
3273T,"Kostka, Thomas",160,0,160,160
3273T,"Krivoshchekov, Makar",160,0,160,160
3273T,"Kvernadze, David",160,0,160,3518
3273T,"Lukas, Bretislav",160,0,160,160
3273T,"Mannapov, Alexander",160,0,160,9136
3273T,"Mikovic, Nik",160,0,160,160
3273T,"Neema, Arthav",160,0,160,316
3273T,"Neos, Eleftherios",160,0,160,1036
3273T,"Novak, Jakub",160,0,160,160
3273T,"Pankin, Semen",160,0,160,160
3273T,"Prat Turró, Pere",160,0,160,160
3273T,"Rivet, Maxence",160,0,160,160
3273T,"Rondoni, Pietro",160,0,160,87680
3273T,"Salim, Saggar",160,0,160,160
3273T,"Samojlowicz, Maksymilian",160,0,160,160
3273T,"Sure, Benjamin",160,0,160,160
3273T,"Torres Espinosa, Joan",160,0,160,160
3273T,"Vidal Iglesias, Marc",160,0,160,250
3273T,"Watanabe Eriksson, Alexander",160,0,160,410
3306T,"Cerasari, Gianmarco",158,104,54,158
3306T,"Franek, Michal",158,0,158,6434
3306T,"Majsajdr, Lubomir",158,0,158,14815
3309T,"Ahmed, Omar",156,156,0,340
3309T,"Alvarez, Marco",156,156,0,156
3309T,"Alvarez Sarmiento, Mateo Luis",156,156,0,156
3309T,"Anselmo, Baptiste",156,156,0,726
3309T,"Bar On Monroy, Gal",156,156,0,156
3309T,"Beaumelle Munoz, Esteban",156,156,0,156
3309T,"Beires, Rodrigo",156,156,0,156
3309T,"Bejia, Yassine",156,156,0,156
3309T,"Ben Fraj, Skander",156,156,0,210
3309T,"Benguergoura, Rafik",156,156,0,156
3309T,"Bezzaz, Othman",156,156,0,156
3309T,"Biddaiah, Shane",156,156,0,314
3309T,"Blanchar, Alex",156,156,0,210
3309T,"Borthakur, Abhinansu",156,156,0,522
3309T,"Browning, Tauheed",156,156,0,416
3309T,"Bustiman Gonzalez, Hans Christian",156,156,0,312
3309T,"Camara, Jorge Carlos",156,156,0,390
3309T,"Camposeo, Simone",156,156,0,680
3309T,"Cano, Francesco",156,156,0,1312
3309T,"Caparco, Giuseppe",156,156,0,1990
3309T,"Casays, Florent",156,156,0,1612
3309T,"Chacon, Roberto",156,156,0,156
3309T,"Charantimath, Tathagat",156,156,0,156
3309T,"Chayka, Aleksander",156,156,0,156
3309T,"Ciric, Aleksa",156,156,0,780
3309T,"Civera Martinez, Asier",156,156,0,156
3309T,"Cooper Kirby, Dean",156,156,0,468
3309T,"Cordoba, Carles",156,156,0,156
3309T,"Corse, Joseph",156,156,0,156
3309T,"Cucka, Konstantin",156,156,0,640
3309T,"Cuellar Lorberg, Agustin Eduardo",156,156,0,522
3309T,"Dabas, Sushant",156,156,0,156
3309T,"Daryabeigi, Sean",156,156,0,156
3309T,"De Filippo, Gianrocco",156,156,0,156
3309T,"Djonov, Christian",156,156,0,156
3309T,"Dong, Jiayang",156,156,0,156
3309T,"Ehrnrooth, August",156,156,0,516
3309T,"El Emam, Mohamed",156,156,0,392
3309T,"Evrard, Julien",156,156,0,506
3309T,"Exner, Phil",156,156,0,156
3309T,"Festini Mira, Niccolo",156,156,0,156
3309T,"Fita Juan, Sergi",156,156,0,156
3309T,"Franzini, Marco",156,156,0,306
3309T,"Furlanetto, Marco",156,156,0,1878
3309T,"Gallegos, Alfredo",156,156,0,156
3309T,"Goity Zapico, Segundo",156,156,0,156
3309T,"Ha Yeon, Sung",156,156,0,312
3309T,"Haddouch, Idriss",156,156,0,156
3309T,"Hampe, Stefan Peter",156,156,0,228
3309T,"Han, Nathan",156,156,0,456
3309T,"Hanif, Kamran",156,156,0,468
3309T,"Heng, Nicholas",156,156,0,156
3309T,"Hipfl, Nico",156,156,0,156
3309T,"Hwang, Jungmin",156,156,0,156
3309T,"Jain, Maanav",156,156,0,156
3309T,"Johnson, JanMagnus",156,156,0,2354
3309T,"Katmuk, Hendrik",156,156,0,156
3309T,"Kichou, Mohammed Yenni",156,156,0,156
3309T,"Kim, Dae Han",156,156,0,156
3309T,"Kim, Hyeoung Jin",156,156,0,156
3309T,"Kincses, Kolos",156,156,0,156
3309T,"Konovchuk, Vadym",156,156,0,156
3309T,"Kukasian, Artur",156,156,0,318
3309T,"Lara Salmeron, Daniel",156,156,0,342
3309T,"Larue, Louis",156,156,0,156
3309T,"Lee, Geunwook",156,156,0,156
3309T,"Leithold, Philipp",156,156,0,156
3309T,"Leroux, Jules",156,156,0,156
3309T,"Liew, Christian Andre",156,156,0,156
3309T,"Lumsden, Ewen",156,156,0,1290
3309T,"Maier, Jonas",156,156,0,1092
3309T,"Majchrzak, Adam",156,156,0,156
3309T,"Martin Melo, Ausias",156,156,0,156
3309T,"Mastri, Agustin",156,156,0,156
3309T,"Meda, Joel",156,156,0,1854
3309T,"Meng, Cing-Yang",156,156,0,20176
3309T,"Miletich, Iannis",156,156,0,156
3309T,"Mirdzhaliev, Mirgiiaz",156,156,0,636
3309T,"Moreno, Alejandro",156,156,0,156
3309T,"Mozhaev, Stepan",156,156,0,210
3309T,"Musicki, Strahinja",156,156,0,210
3309T,"Mustafic, Tarik",156,156,0,156
3309T,"Naqvi, Mehdi",156,156,0,716
3309T,"Niranjan, Nikhil",156,156,0,156
3309T,"Oezcelik, Maximilian",156,156,0,156
3309T,"Ojakaar, Oliver",156,156,0,522
3309T,"Omar, Zubin",156,156,0,156
3309T,"Philibert, Nicolas",156,156,0,156
3309T,"Pierce, Aron",156,156,0,8668
3309T,"Plunger, Manuel",156,156,0,156
3309T,"Podzimek, Floris",156,156,0,630
3309T,"Poertner, Lasse",156,156,0,156
3309T,"Quintero, Michael",156,156,0,206782
3309T,"Reynoso, Maximiliano",156,156,0,156
3309T,"Riva, Matias",156,156,0,474
3309T,"Ruiz, Jorge",156,156,0,596
3309T,"Sada, Iacopo",156,156,0,732
3309T,"Santos Gava, Kaua Lorenzo",156,156,0,156
3309T,"Sibanda, Ethan Denzel",156,156,0,974
3309T,"Simhadri, Satyajit",156,156,0,156
3309T,"Sobbe, Luca Matteo",156,156,0,156
3309T,"Solarski, Jakub",156,156,0,156
3309T,"Sotelo, Sebastian Rafael",156,156,0,156
3309T,"Spyrou, Chris",156,156,0,156
3309T,"Sroka, Milosz",156,156,0,156
3309T,"Stafford, Alexander",156,156,0,156
3309T,"Steinorth, Torben",156,156,0,508
3309T,"Stepanenko, Oleg",156,156,0,514
3309T,"Stidell, Filip",156,156,0,156
3309T,"Stirbu, Calin Teodor",156,156,0,156
3309T,"Sumiarsa, Rifqy Sukma Ramadhan",156,156,0,156
3309T,"Susanto, Anthony",156,156,0,5164
3309T,"Tan, Beren",156,156,0,156
3309T,"Tobon, Miguel",156,156,0,156
3309T,"Toledano, Eyal",156,156,0,156
3309T,"Tomazin, Jaka",156,156,0,156
3309T,"Van Herzeele, James",156,156,0,156
3309T,"Van Zijl, Twan",156,156,0,156
3309T,"Vashistha, Aditya",156,156,0,156
3309T,"Velasquez, Juan David",156,156,0,522
3309T,"Verbeek, Daniel",156,156,0,156
3309T,"Willems, Johann",156,156,0,9044
3309T,"Winters, Brett",156,156,0,156
3309T,"Wright, Anthony",156,156,0,156
3309T,"Yadav, Udit",156,156,0,260
3309T,"Yoon, Hyeondeok",156,156,0,156
3309T,"Zaki, Ahmed",156,156,0,156
3309T,"Zamani, Arman",156,156,0,156
3309T,"Zeng, Yaojie",156,156,0,156
3309T,"Zhang, Yu",156,156,0,156
3439T,"Civarolo, Matteo",155,0,155,11043
3439T,"Ionescu, Robert Gabriel",155,0,155,155
3439T,"Rivoira, Simone",155,0,155,155
3442,"Puleo, Simone",154,0,154,154
3443,"Garcia-Lopez, Guillermo",152,0,152,8452004
3444T,"Anderson, Mikel",150,0,150,150
3444T,"Biskop, Philip Sogn",150,0,150,150
3444T,"Chaki, Rabie",150,0,150,83829
3444T,"De Sousa Figueiredo, Luca Santiago",150,0,150,150
3444T,"Filipenko, Viktor",150,0,150,28294
3444T,"Kavcic, Blaz",150,0,150,2017632
3444T,"Kwon, Sion",150,0,150,150
3444T,"Luemkemann, Lenn",150,0,150,150
3444T,"Mihajlovic, Tadej",150,0,150,150
3444T,"Milavsky, Daniel",150,0,150,150
3444T,"Noltorp, Olle",150,0,150,150
3444T,"Ocera, Massimo",150,0,150,24887
3444T,"Trondson, Jake",150,0,150,150
3444T,"Yosef, Rawi",150,0,150,204
3458T,"Aerne, Laurin",144,0,144,1122
3458T,"Agarwal, Anurag",144,0,144,456
3458T,"Barclay, David",144,0,144,11481
3458T,"Bird, Sam",144,0,144,144
3458T,"Correa Beguerie, Lautaro",144,0,144,144
3458T,"Devald, Borna",144,0,144,907
3458T,"Ferrarolli, Davide",144,0,144,718
3458T,"Figlia, Bruno",144,0,144,622
3458T,"Gravereau, Paul",144,0,144,144
3458T,"Hoeveler, Leon",144,0,144,4310
3458T,"Huseinovic, Eldin",144,0,144,144
3458T,"Ivic, Stefan",144,0,144,408
3458T,"Johann, Lars",144,0,144,754
3458T,"Kuklin, Grigory",144,0,144,144
3458T,"Lysov, Sergei",144,0,144,876
3458T,"Mariani, Rocco",144,0,144,144
3458T,"Marino Hidalgo, Marcelo",144,0,144,708
3458T,"Matsuno, Kazuki",144,0,144,198
3458T,"Nadal, Toni",144,0,144,144
3458T,"Orlov, Alexander",144,0,144,198
3458T,"Osusky, Jan",144,0,144,144
3458T,"Rey, Baptiste",144,0,144,288
3458T,"Silva, Guilherme",144,0,144,144
3458T,"Slavescu, Victor Alexandru",144,0,144,304
3458T,"Szoke, Adam Gabor",144,0,144,144
3458T,"Temel, Deniz",144,0,144,144
3458T,"Tomic, David",144,0,144,198
3458T,"Vaquero, Jhoan Sebastian",144,0,144,198
3486T,"Acosta, Dario",130,130,0,4534
3486T,"Adams, Harrison",130,130,0,39754
3486T,"Aslan, Temirlan",130,130,0,130
3486T,"Ben Abdallah, Skander",130,130,0,2532
3486T,"Boyer, Tristan",130,130,0,11704
3486T,"Bribiesca, Eduardo",130,130,0,130
3486T,"Castro, Francisco",130,130,0,860
3486T,"Castro Rocha, Victor",130,130,0,130
3486T,"Cernoch, Brian",130,130,0,2484
3486T,"Chang Baratau, XXXXXXXXXX",130,130,0,130
3486T,"Chappuis, Stefano",130,130,0,130
3486T,"Cortes Campos, Nicolas",130,130,0,286
3486T,"Dabic, Milos",130,130,0,802
3486T,"Espin, Daniel",130,130,0,650
3486T,"Freda, Vicente",130,130,0,130
3486T,"Freitas de Godoy, Gabriel",130,130,0,130
3486T,"Fumeaux, Juan Martin",130,130,0,9000
3486T,"Garcia Longo, Nicolas",130,130,0,130
3486T,"Garmendia, Jesu",130,130,0,130
3486T,"Goetz, Ryan",130,130,0,2736
3486T,"Hayashi, Kohei",130,130,0,130
3486T,"KOMODA, Naoya",130,130,0,130
3486T,"Konovalov, Roman",130,130,0,130
3486T,"Lee, Seung Min",130,130,0,130
3486T,"Lehmann, Nikos",130,130,0,130
3486T,"Moreno, Federico",130,130,0,24568
3486T,"Ornberg, Anton",130,130,0,508
3486T,"Otsuka, Kentaro",130,130,0,220
3486T,"Patino, Juan Pablo",130,130,0,130
3486T,"Pritchard, Paxton",130,130,0,130
3486T,"Ramos Ponce, Nelson",130,130,0,130
3486T,"Rioja, Freddy",130,130,0,130
3486T,"Rodriguez, Jose Antonio",130,130,0,5882
3486T,"Rodriguez, XXXXXXX",130,130,0,130
3486T,"Roh, Hoyoung",130,130,0,130
3486T,"Salazar Martinez, Daniel",130,130,0,582
3486T,"Sarria, Miguel Angel",130,130,0,130
3486T,"Schneider, Ronnie",130,130,0,49247
3486T,"Sugaya, Yusaku",130,130,0,130
3486T,"Tagushi, Ryotaro",130,130,0,130
3486T,"Torrealba, Benjamin",130,130,0,130
3486T,"Tracy, JJ",130,130,0,650
3486T,"Van Noord, Niels Peter",130,130,0,390
3486T,"Varillas, Rodrigo",130,130,0,130
3486T,"Velasco, Jose",130,130,0,130
3486T,"Ycaza, Juan Jose",130,130,0,130
3486T,"Yerezhep, Bekzhan",130,130,0,130
3486T,"Zhang, Andrew",130,130,0,546
3534T,"Morales Barrera, Oscar Gabriel",129,129,0,129
3534T,"Quesada Perez, Tomas",129,129,0,507
3536T,"Carbone, Lorenzo",125,125,0,125
3536T,"Contento, Davide",125,125,0,125
3536T,"Lapalombella, Savino",125,125,0,1722
3539T,"Boagnon, Yaniche Francis",124,124,0,124
3539T,"Malis, Simon",124,124,0,738
3539T,"Nedvidek, Jan",124,124,0,232
3542,"Nucera, Thomas",122,122,0,122
3543T,"Fastabend, Ludger",121,121,0,303
3543T,"Schoenhaus, Max",121,121,0,121
3543T,"Velik, Lukas",121,121,0,437
3546T,"Carpi, Filippo",120,120,0,408
3546T,"Mirarchi, William",120,120,0,120
3548,"Fornaci, Diego",119,119,0,119
3549T,"Kucera, Jonas",117,117,0,117
3549T,"Rossi, Angelo",117,117,0,437
3551T,"Burckhardt, Murilo",115,115,0,115
3551T,"Citadini, Gianluca",115,0,115,115
3551T,"De Sanctis, Matteo",115,115,0,115
3551T,"Giamichelle, Santiago",115,0,115,169
3551T,"Meduri, Andrea",115,115,0,169
3551T,"Pinto, Pedro",115,115,0,115
3551T,"Rios-Benitez, Martin",115,115,0,21487
3558,"Cabos, Vivien",114,114,0,879
3559,"Rispoli, Nicola",113,113,0,517
3560T,"Adam-Gedge, Zachary",108,0,108,108
3560T,"Alshati, Hussen",108,0,108,108
3560T,"Aranzabal, Mikel",108,0,108,3966
3560T,"Arinc, Kaya",108,0,108,2166
3560T,"Armeni, Davide",108,0,108,108
3560T,"Baar, Brendan",108,0,108,108
3560T,"Benedict, Leon",108,0,108,252
3560T,"Callaghan, Hugh",108,0,108,108
3560T,"Chaw, Victor",108,0,108,590
3560T,"Chen, Kai-Hsun",108,0,108,108
3560T,"Cizelj-Zivkovic, Stefan",108,0,108,582
3560T,"Corona, Jonas",108,0,108,108
3560T,"Dynka, Tom",108,0,108,108
3560T,"El Gallaf, Oussama",108,0,108,108
3560T,"Elyasi, Samyar",108,0,108,108
3560T,"Feigin, Itay",108,0,108,268
3560T,"Frank, Michael",108,0,108,108
3560T,"Galus, Piotr",108,0,108,3595
3560T,"Hans, Kabir",108,0,108,162
3560T,"Keremedchiev, Nikola",108,0,108,264
3560T,"Khairutdinov, Artur",108,0,108,848
3560T,"Kock, Andre",108,0,108,108
3560T,"Kozlowski, Kamil",108,0,108,108
3560T,"Kreynes, Benjamin",108,0,108,108
3560T,"Li, Yile",108,0,108,108
3560T,"Macias, Enrique",108,0,108,258
3560T,"Meryumoglu, Alper Okay",108,0,108,162
3560T,"Miladinovic, Marko",108,0,108,36169
3560T,"Milosavljevic, Mihajlo",108,0,108,108
3560T,"Moazam, Moein",108,0,108,108
3560T,"Mohammed, Yaqoub",108,0,108,108
3560T,"Mubarak, Abdulhamid",108,0,108,3662
3560T,"Najvirt Kolaric, Maj",108,0,108,108
3560T,"Nithithananont, Natthayut",108,0,108,318
3560T,"Ore, Junior A.",108,0,108,43232
3560T,"Osmont, Gillian",108,0,108,528
3560T,"Pachane, Guilherme",108,0,108,108
3560T,"Petrovic, Danilo",108,0,108,408590
3560T,"Sanchez Bronzetti, Emilio",108,0,108,198
3560T,"Schiffman, Ethan",108,0,108,108
3560T,"Simeonov, David",108,0,108,108
3560T,"Svajda, Trevor",108,0,108,108
3560T,"Tomac, Maj",108,0,108,571
3560T,"Valek, Ondrej",108,0,108,354
3560T,"Zamora, Noah",108,0,108,108
3560T,"Zayid, Mubarak Shannan",108,0,108,79403
3606T,"Augustin, Damonte",100,0,100,100
3606T,"Buscaglione, Pietro",100,100,0,972
3606T,"Caporali, Filippo",100,100,0,450
3606T,"Carpano, Cesare",100,100,0,413
3606T,"De Samucewicz, Stanislas",100,0,100,100
3606T,"Evrard, Julien",100,0,100,1156
3606T,"Soares, Hugo",100,100,0,100
3613T,"Apostol, Andrei Stefan",96,0,96,28543
3613T,"Bini, Victor",96,0,96,258
3613T,"Brady, Kai",96,0,96,186
3613T,"Brzezinski, Sebastian",96,0,96,1578
3613T,"Cacciapuoti, Simone",96,0,96,1032
3613T,"Carrero, Ismael",96,0,96,460
3613T,"Cooper, Michael",96,0,96,96
3613T,"De Marchi, Andrea",96,0,96,96
3613T,"Deden, Boas Ole",96,0,96,96
3613T,"Drumond Ribeiro, Joao Pedro",96,0,96,96
3613T,"Farcas, Ioan",96,0,96,1817
3613T,"Filatov, Nikita",96,0,96,96
3613T,"Guenther, Valentin",96,0,96,17517
3613T,"Hernandez, Daniel",96,0,96,96
3613T,"Hsieh, Cheng-Peng",96,0,96,238276
3613T,"Karahodza, Din",96,0,96,408
3613T,"Khan, Nabeel",96,0,96,96
3613T,"Kotan, Patrick",96,0,96,186
3613T,"Larsen, Jonas Zacho",96,0,96,300
3613T,"Laurent, Yanais",96,0,96,58641
3613T,"Marasin, Alexandru Catalin",96,0,96,6421
3613T,"Mazev, Martin",96,0,96,96
3613T,"Merre, Noah",96,0,96,96
3613T,"Milenkovic, Mihailo",96,0,96,96
3613T,"Mortier, Sebastian",96,0,96,384
3613T,"Nesterov, Alexey",96,0,96,2000
3613T,"Otico, John Bryan Decasa",96,0,96,306
3613T,"Paquette, Samuel",96,0,96,96
3613T,"Pathange, Arnav",96,0,96,96
3613T,"Pereira, Bryce",96,0,96,384
3613T,"Ponomar, Oleksandr",96,0,96,96
3613T,"Ratiwatana, Sanchai",96,0,96,503479
3613T,"Rejchtman Vinciguerra, William",96,0,96,96
3613T,"Rodriguez, Pelayo",96,0,96,96
3613T,"Roos, Rikard",96,0,96,150
3613T,"Sabas, Martin",96,0,96,150
3613T,"Samaha, Georgio",96,0,96,96
3613T,"Schiemann, Liam",96,0,96,96
3613T,"Schonenberg, Tom",96,0,96,39280
3613T,"Sharma, Ashwin Ryan",96,0,96,1648
3613T,"Smith, Riley",96,0,96,8293
3613T,"Snezhko, Nikita",96,0,96,186
3613T,"Sonesson Lidholt, Olle",96,0,96,96
3613T,"Vasershtein, Itai",96,0,96,96
3613T,"Wessel, Carel Pieter",96,0,96,96
3658T,"Agushi, Mal",90,0,90,90
3658T,"Albuquerque, Carlos Eduardo",90,0,90,90
3658T,"Alderman, Owen",90,0,90,90
3658T,"Alejo Morillo, Luis Garibaldi",90,0,90,90
3658T,"Allen, Huntley",90,0,90,90
3658T,"Almeida, Manuel",90,0,90,1954
3658T,"Andonov, Luka Ljuben",90,0,90,90
3658T,"Andrianaly, Dylan",90,0,90,90
3658T,"Anisic, Stjepan",90,0,90,90
3658T,"Anton, Carlos",90,0,90,689
3658T,"Arauzo-Martinez, Juan-Samuel",90,0,90,41104
3658T,"Arseneault, Mikael",90,0,90,90
3658T,"Arseneault, Nicolas",90,0,90,90
3658T,"Ayap, Sagadat",90,0,90,39805
3658T,"Bakker, Sam",90,0,90,90
3658T,"Balic, Bruno",90,0,90,90
3658T,"Banov, Danail",90,0,90,507
3658T,"Baranec, Dusan",90,0,90,90
3658T,"Barbonaglia, Luca",90,0,90,90
3658T,"Barranquero, Cesar",90,0,90,90
3658T,"Basavareddy, Nishanth",90,0,90,90
3658T,"Basile Lobartolo, Giuliano",90,0,90,828
3658T,"Bayo, Jon",90,0,90,90
3658T,"Bayo, Peru",90,0,90,90
3658T,"Benavides Soto, Camilo",90,0,90,440
3658T,"Benito Fernandez, Naim",90,0,90,90
3658T,"Benmira, Mustapha",90,0,90,90
3658T,"Beren, Samuel",90,0,90,5771
3658T,"Bicknell, Jacob",90,0,90,90
3658T,"Bidny, Yoni",90,0,90,90
3658T,"Bisson, Elliot",90,0,90,90
3658T,"Biston, Tom",90,0,90,324
3658T,"Boban, Viktor",90,0,90,90
3658T,"Boixader Roca, Nil",90,0,90,144
3658T,"Bojko, Filip",90,0,90,90
3658T,"Bondaz, Mathis",90,0,90,90
3658T,"Bowen, Emilio",90,0,90,1106
3658T,"Braun Simo, Carlos",90,0,90,90
3658T,"Braun Simo, Juan Inaki",90,0,90,340
3658T,"Brun, Hugo",90,0,90,90
3658T,"Bruna, Esteban",90,0,90,19288
3658T,"Busch, Ruben",90,0,90,534
3658T,"Cajigan, Christopher",90,0,90,612
3658T,"Campbell, Jarreau",90,0,90,240
3658T,"Cañedo De La Llama, Enrique",90,0,90,180
3658T,"Castro Del Olmo, Angel",90,0,90,90
3658T,"Cevallos Mieles, Luis Geovanny",90,0,90,250
3658T,"Cikojevic, Ante",90,0,90,90
3658T,"Contet, Maxime",90,0,90,180
3658T,"Cotun, Andrei",90,0,90,90
3658T,"Dahlberg, Oscar",90,0,90,144
3658T,"De Paula, Fabiano",90,0,90,176902
3658T,"De Vivo, Nicholas",90,0,90,90
3658T,"Deari, Shendrit",90,0,90,11237
3658T,"Del Nido, Peio",90,0,90,90
3658T,"Del Olmo Diaz, Ramon",90,0,90,1568
3658T,"Diaz Avila, Hugo",90,0,90,90
3658T,"Dikenstein, Ivan",90,0,90,446
3658T,"Dillon, Joey",90,0,90,90
3658T,"Elias Hanni, Facundo",90,0,90,90
3658T,"Emmerson, Dylan",90,0,90,90
3658T,"Erceg, Lovre",90,0,90,90
3658T,"Estevao, Pedro",90,0,90,540
3658T,"Fabre, Antoni",90,0,90,90
3658T,"Felker, Daniil",90,0,90,440
3658T,"Fellin, Pietro",90,0,90,3048
3658T,"Fernandez, Pol",90,0,90,3202
3658T,"Filali, Youssef",90,0,90,90
3658T,"Fillat Gimenez, Oriol",90,0,90,810
3658T,"Firaru, Andrei",90,0,90,180
3658T,"Flander, Tristan",90,0,90,90
3658T,"Franke, Can",90,0,90,90
3658T,"Freire Da Silva, Diamant",90,0,90,360
3658T,"Fuentes Gómez, Hugo",90,0,90,90
3658T,"Gabelic, John",90,0,90,90
3658T,"Gajic, Aleksa",90,0,90,90
3658T,"Garcia Blanco, Jon Ander",90,0,90,180
3658T,"Garcia Torrealba, Nicolas",90,0,90,580
3658T,"Gautam, Vishal",90,0,90,90
3658T,"Geelan, Nicholas",90,0,90,90
3658T,"Gentil, Rafael",90,0,90,342
3658T,"Gervais, Washi",90,0,90,5802
3658T,"Geva, Ido",90,0,90,90
3658T,"Giovanniello, Federico Hernan",90,0,90,90
3658T,"Gonzalez Fernandez, Christian",90,0,90,740
3658T,"Graziani, Manfredi",90,0,90,90
3658T,"Grueber, Zachary",90,0,90,90
3658T,"Guryev, Eskander",90,0,90,90
3658T,"Gutierrez-de la Maza, Alejandro",90,0,90,2254
3658T,"Gutierrez-de la Maza, Borja",90,0,90,2512
3658T,"Guzauskas, Gabrielius",90,0,90,144
3658T,"Heman, Nama",90,0,90,90
3658T,"Huc-Rossignol, Guillaume",90,0,90,90
3658T,"Ichikawa, Seiichiro",90,0,90,90
3658T,"Infante Santana, Diego Joaquin",90,0,90,90
3658T,"Infante Santana, Federico",90,0,90,90
3658T,"Irwanto, Jonathan",90,0,90,90
3658T,"Janci, Kristian",90,0,90,90
3658T,"Jarc, Rok",90,0,90,24057
3658T,"Jayaram, Varun",90,0,90,90
3658T,"Jinga, Andrei-Cristian",90,0,90,90
3658T,"Jorquera, Emiliano",90,0,90,144
3658T,"Kaczmarek, Adam",90,0,90,90
3658T,"Kaghami, Joel",90,0,90,90
3658T,"Kaldauke, Kevin",90,0,90,90
3658T,"Kaldybekov, Danir",90,0,90,90
3658T,"Kanno, Ryouga",90,0,90,90
3658T,"Kaplja, Aljaz Jakob",90,0,90,4361
3658T,"Kellerman, Okkie",90,0,90,814
3658T,"Kolganov, Kirill",90,0,90,1014
3658T,"Kovalov, Myhalo",90,0,90,90
3658T,"Kubo, Takahiro",90,0,90,246
3658T,"Kucera, Peter",90,0,90,90
3658T,"Lada, Piotr",90,0,90,90
3658T,"Leblanc, Jean-Nicolas",90,0,90,90
3658T,"Leguizamon, Bautista",90,0,90,90
3658T,"Linkuns-Morozovs, Daniel",90,0,90,393
3658T,"Lopato-Miguel, Diego",90,0,90,90
3658T,"Luethi, Arenui",90,0,90,90
3658T,"Lukeniuk, Anton Alexander",90,0,90,90
3658T,"Luncanu, Petru-Alexandru",90,0,90,155975
3658T,"Lundquist, Fredrik",90,0,90,90
3658T,"Luthra, Varun",90,0,90,90
3658T,"Maker, Sahej",90,0,90,510
3658T,"Maldonado, Martin",90,0,90,300
3658T,"Malirz, Karol",90,0,90,90
3658T,"Mann, Omer",90,0,90,90
3658T,"Marchan, Hector",90,0,90,144
3658T,"Marchenko, Anton",90,0,90,90
3658T,"Maric, Filip",90,0,90,558
3658T,"Marincas, Daniel",90,0,90,90
3658T,"Markovits, Milan",90,0,90,90
3658T,"Matsumoto, Kaoru",90,0,90,90
3658T,"Matuszczyk, Maciej",90,0,90,90
3658T,"Mcdonald, Evin",90,0,90,460
3658T,"Medina Mendez, Victor",90,0,90,90
3658T,"Miele, Andre",90,0,90,176026
3658T,"Mileusnic, Gordan Fran",90,0,90,90
3658T,"Mineo Mineo, Francesco",90,0,90,90
3658T,"Mkrtchyan, Ashot",90,0,90,1007
3658T,"Moore, Ciaran",90,0,90,90
3658T,"Morazzi, Matteo",90,0,90,90
3658T,"Moros, Luis Eduardo",90,0,90,90
3658T,"Moyano Riera, Gonzalo",90,0,90,90
3658T,"Muller, Martin",90,0,90,90
3658T,"Neumann, Frode",90,0,90,144
3658T,"Ng, Ki Lung",90,0,90,940
3658T,"Noel, Elijah",90,0,90,90
3658T,"Noel, Michael",90,0,90,2506
3658T,"Obeid, Lucas",90,0,90,1514
3658T,"Obrul, Lun",90,0,90,90
3658T,"Ocampos-Rossi, Nicolas",90,0,90,90
3658T,"Okuhama, Derek",90,0,90,354
3658T,"Orellana Manssur, Miguel Habib",90,0,90,90
3658T,"Orlando, Vincent",90,0,90,90
3658T,"Otin, Pol",90,0,90,180
3658T,"Overmyer, Kyle",90,0,90,270
3658T,"Pannula, Pasi",90,0,90,90
3658T,"Parpajola, Tommaso",90,0,90,90
3658T,"Pavia, Andrea",90,0,90,90
3658T,"Pellanda, Pietro",90,0,90,180
3658T,"Perego, Giulio",90,0,90,378
3658T,"Perez Aguirrezabal, Borja",90,0,90,126
3658T,"Perez Garcia, Yohandri",90,0,90,396
3658T,"Planchard, Fabien",90,0,90,90
3658T,"Planchard, Nicolas",90,0,90,144
3658T,"Plasin Sans, Marc",90,0,90,90
3658T,"Polmans, Greg",90,0,90,2012
3658T,"Pottbecker, Nils",90,0,90,90
3658T,"Price, Salvador",90,0,90,90
3658T,"Quiroga, Jesus Matias",90,0,90,90
3658T,"Ramer Olofsson, Lukas",90,0,90,90
3658T,"Richerd, Matthieu",90,0,90,180
3658T,"Rodriguez, Ayrton Andres",90,0,90,90
3658T,"Rosales, Fabian",90,0,90,90
3658T,"Sanchez, Gabriel",90,0,90,502
3658T,"Sannen, Thorben",90,0,90,90
3658T,"Saraiva, Luis Miguel",90,0,90,90
3658T,"Saravanan, Vishal",90,0,90,144
3658T,"Sarkar, Ritabrata",90,0,90,90
3658T,"Sato, Bumpei",90,0,90,50593
3658T,"Saylor, Jagger",90,0,90,90
3658T,"Scheers, Matthew",90,0,90,90
3658T,"Schembari, Aidan",90,0,90,90
3658T,"Schiavone, Paolo",90,0,90,180
3658T,"Sebbel, Michael",90,0,90,90
3658T,"Sharma, Atharva",90,0,90,1560
3658T,"Sidana, Jaishvin",90,0,90,90
3658T,"Skender, Fynn",90,0,90,90
3658T,"Skorjanc, Nejc",90,0,90,90
3658T,"Solé, Albert",90,0,90,90
3658T,"Somolinos, Enrique",90,0,90,198
3658T,"Sprlak puk, Albert",90,0,90,664
3658T,"Stolarik, Samuel",90,0,90,90
3658T,"Takahashi, Yuto",90,0,90,90
3658T,"Tarrio Ponte, Ander",90,0,90,90
3658T,"Tat, Thai Nguyen",90,0,90,186
3658T,"Tavarez Pichardo, Junior",90,0,90,312
3658T,"Tettamble, Gus",90,0,90,90
3658T,"Torrellas, Leonardo",90,0,90,90
3658T,"Triantafyllou, Daniel",90,0,90,186
3658T,"Tsitsipas, Pavlos",90,0,90,462
3658T,"Tsurtsumia, Irakli",90,0,90,90
3658T,"Tverijonas, Aleksas",90,0,90,1702
3658T,"Vaithianathan, Ashwin",90,0,90,90
3658T,"Valentino, Daniele",90,0,90,1395
3658T,"Valls Abril, Arnau",90,0,90,90
3658T,"Varga-Toth, Oliver",90,0,90,454
3658T,"Vargas, Julio",90,0,90,90
3658T,"Vedovelli, Stefan",90,0,90,90
3658T,"Ventura, Leandro Ezequiel",90,0,90,90
3658T,"Verwerft, Lars Goran",90,0,90,90
3658T,"Viegas, Pedro",90,0,90,90
3658T,"Villanueva Quintana, Janio Antonio",90,0,90,90
3658T,"Villard, Niels",90,0,90,90
3658T,"Vinuesa Irias, Jose Miguel",90,0,90,90
3658T,"Vos, Matthew",90,0,90,288
3658T,"Weishan, Maxwell",90,0,90,144
3658T,"Woestendick, Cooper",90,0,90,90
3658T,"Yamaguchi, Shoutarou",90,0,90,90
3658T,"Yaniv, Zohar",90,0,90,90
3658T,"You, Junghee",90,0,90,90
3658T,"Zaina, Alessio",90,0,90,90
3658T,"Zakharov, Volodymyr",90,0,90,90
3658T,"Zapata Dueñas, Frank",90,0,90,360
3658T,"Zimmermann, Ilias",90,0,90,650
3884T,"Adamek, Makary",54,0,54,258
3884T,"Ahlawat, Aakash",54,0,54,54
3884T,"Alexandre, Ronaldo",54,0,54,372
3884T,"Anand, Kunal",54,0,54,34579
3884T,"Ancedy, Nicolas",54,0,54,1532
3884T,"Anwar, Elias",54,0,54,54
3884T,"Ashoosh, Halel",54,0,54,54
3884T,"Ayar, Gokalp",54,0,54,162
3884T,"Azria, Jordan",54,0,54,54
3884T,"Bajic, Dusan",54,0,54,54
3884T,"Bajrovic, Tarik",54,0,54,108
3884T,"Balani, Atharvaraj",54,0,54,54
3884T,"Bancila, Alex",54,0,54,108
3884T,"Barcik, Nikodem",54,0,54,54
3884T,"Baroudi, Hassan",54,0,54,54
3884T,"Batista, Lucas",54,0,54,54
3884T,"Baudinet, Brett",54,0,54,230
3884T,"Baum, Stepan",54,0,54,304
3884T,"Baylis, Luke",54,0,54,54
3884T,"Benyahia, Ibrahim",54,0,54,54
3884T,"Bianchini, Paolo",54,0,54,54
3884T,"Blazka, Daniel",54,0,54,108
3884T,"Bonsach Ganley, Kane",54,0,54,54
3884T,"Bovi, Mirko",54,0,54,54
3884T,"Brandl, Lukas",54,0,54,54
3884T,"Bravetti, Diego",54,0,54,54
3884T,"Brek, Yan",54,0,54,54
3884T,"Bujniewicz, Guillermo",54,0,54,30945
3884T,"Calero, Carlos",54,0,54,54
3884T,"Chilakalapudi, Tarun Anirudh",54,0,54,4372
3884T,"Chopra, Ankit",54,0,54,2544
3884T,"CHRISTIANSEN, Rudolf Niklas",54,0,54,54
3884T,"Cigna, Nicola",54,0,54,474
3884T,"Cohen, Ewan",54,0,54,54
3884T,"Cohen, Noam",54,0,54,54
3884T,"Cossa, Jose Joao",54,0,54,54
3884T,"Costa, Eliott",54,0,54,54
3884T,"Costanzi De Brito, Henrique",54,0,54,54
3884T,"Crocetti, Gianmarco",54,0,54,408
3884T,"Czigler, Balint",54,0,54,54
3884T,"Dafcik, Thomas Jan",54,0,54,540
3884T,"Dahiya, Jatin",54,0,54,13112
3884T,"Dakhane, Rishit",54,0,54,54
3884T,"Danich, Igor",54,0,54,54
3884T,"Deflandre, Leo",54,0,54,54
3884T,"Demuth, Owen",54,0,54,54
3884T,"Dermiens, Guillaume",54,0,54,5346
3884T,"Desy, Bogdan",54,0,54,54
3884T,"Diaz Ruiz, Carlos",54,0,54,54
3884T,"Dissanayake, Thilina Weerabaddana",54,0,54,54
3884T,"Doherty, Chaz",54,0,54,314
3884T,"Dorros, Aden",54,0,54,54
3884T,"Dray, Eitan",54,0,54,1574
3884T,"Dumitru, Alexandru Cristian",54,0,54,108
3884T,"Edley, Alexander",54,0,54,314
3884T,"Edley, James",54,0,54,210
3884T,"El Abbar, Mamoun",54,0,54,719
3884T,"El Azouar, Samih",54,0,54,54
3884T,"Elbayoumy, Amir",54,0,54,54
3884T,"Eldiyar Uulu, Erbol",54,0,54,210
3884T,"Evans, Jake",54,0,54,54
3884T,"Exposito Sirera, Vicent",54,0,54,54
3884T,"Fermi, Andrea",54,0,54,108
3884T,"Ferreiro, Franco",54,0,54,388773
3884T,"Ferrer Guimaraes, Roberto",54,0,54,54
3884T,"Figl, Maximilian",54,0,54,144
3884T,"Fomin, Ivan",54,0,54,54
3884T,"Fortes, Enzo",54,0,54,108
3884T,"Fox, Pierre",54,0,54,54
3884T,"Frantzen, Christopher",54,0,54,54
3884T,"Gadilhe, Thibaut",54,0,54,144
3884T,"Gaggiofatto, Tadeo",54,0,54,54
3884T,"Gaia, Agustin",54,0,54,54
3884T,"Gannon, Conor",54,0,54,144
3884T,"Garcia, Mario",54,0,54,54
3884T,"Genovese, Pietro",54,0,54,54
3884T,"Georgescu, Matei Adrian",54,0,54,5738
3884T,"Gerasimchuk, Artem",54,0,54,54
3884T,"Giacomini, Enrico",54,0,54,54
3884T,"Giacomolli De Andrade, Augusto",54,0,54,54
3884T,"Giese, Kelly",54,0,54,54
3884T,"Gillam, Kylel",54,0,54,54
3884T,"Ginefri, Benjamin",54,0,54,404
3884T,"Gioia Roma Victor De Araujo, Bruno",54,0,54,54
3884T,"Giordano, Luca",54,0,54,54
3884T,"Gokpinar, Haydar Cem",54,0,54,54
3884T,"Gomez, Gabriel",54,0,54,54
3884T,"Gontar, Lech",54,0,54,54
3884T,"Goonetilleke, Nithila",54,0,54,54
3884T,"Grey, Daniel",54,0,54,54
3884T,"Grigelis, Laurynas",54,0,54,350010
3884T,"Guerra, Davide",54,0,54,378
3884T,"Gulbezer, Baris",54,0,54,54
3884T,"Hagan, Robert",54,0,54,54
3884T,"Hale, David Anthony",54,0,54,3110
3884T,"Hamza, Slim",54,0,54,1194
3884T,"Hamzic, Emir",54,0,54,54
3884T,"Hartig, Ruben",54,0,54,54
3884T,"Heck, Christopher",54,0,54,54
3884T,"Hendrikx, Jim",54,0,54,54
3884T,"Henke, Nicolas",54,0,54,54
3884T,"Hernandez, Noah",54,0,54,54
3884T,"Hill, Ethan",54,0,54,54
3884T,"Hirpara, Dhruv",54,0,54,54
3884T,"Hobbs, Roy",54,0,54,13938
3884T,"Homola, Patrik",54,0,54,54
3884T,"Howard-Tripp, Joshua",54,0,54,3567
3884T,"Howse, Matthew",54,0,54,54
3884T,"Hrdina, Ales",54,0,54,54
3884T,"Huber, Joseph",54,0,54,7607
3884T,"Hyun, Jun Ha",54,0,54,54
3884T,"Ianakiev, Milen",54,0,54,13546
3884T,"Ishii, Daiki",54,0,54,162
3884T,"Jadoun, Nicolas",54,0,54,54
3884T,"Jamji, Amine",54,0,54,54
3884T,"Jenkins, Wil",54,0,54,54
3884T,"Jeong, Seongeun",54,0,54,54
3884T,"Ji, Zhengqing",54,0,54,54
3884T,"Jiang, Haoda",54,0,54,54
3884T,"Johnson, Ryan",54,0,54,108
3884T,"Joseph, Nicolas",54,0,54,54
3884T,"Jurišic, Kuzma",54,0,54,54
3884T,"Kaechele, Achim",54,0,54,54
3884T,"Kaparov, Arystanbek",54,0,54,54
3884T,"Khokhlov, Arseniy",54,0,54,270
3884T,"Kim, Seonghun",54,0,54,54
3884T,"Klaic, Karlo",54,0,54,54
3884T,"Klec, Ivo",54,0,54,421877
3884T,"Kliimask, Gregor Marius",54,0,54,162
3884T,"Kostic, Stefan",54,0,54,54
3884T,"Kowal, Kamil",54,0,54,54
3884T,"Kudernatsch, Moritz",54,0,54,54
3884T,"Kupfers, Reinis",54,0,54,54
3884T,"Kvits, Aleksandr",54,0,54,54
3884T,"La Xuan, Hau",54,0,54,54
3884T,"Lasfargeas, Diego Rafael",54,0,54,54
3884T,"Latinchev, Simeon",54,0,54,54
3884T,"Lee, Hee Geun",54,0,54,54
3884T,"Leikola, Otto",54,0,54,150
3884T,"Leonardi, Fabio",54,0,54,54
3884T,"Leslie, Zachary",54,0,54,54
3884T,"Lester, Finn",54,0,54,54
3884T,"Levy, Yoav",54,0,54,54
3884T,"Litvinov, Daniel",54,0,54,1032
3884T,"Lock, Tobey",54,0,54,54
3884T,"Lutkovskii, Radimir",54,0,54,210
3884T,"Manasov, Ivan",54,0,54,54
3884T,"Martin, Dylan Waldorf",54,0,54,54
3884T,"Martinez, Juan Cruz",54,0,54,54
3884T,"Megrabian, Andre",54,0,54,54
3884T,"Melnik, Ivan",54,0,54,54
3884T,"Melzer, Lennart",54,0,54,1378
3884T,"Mendoza, Jurence Zosimo",54,0,54,2034
3884T,"Merjou, Mimalt",54,0,54,54
3884T,"Metyko, Matyas",54,0,54,108
3884T,"Mihailovic, Aleksandar",54,0,54,782
3884T,"Milanovic, Lauro",54,0,54,372
3884T,"Mir Anglada, Lluc",54,0,54,626
3884T,"Mireles Jimenez, Raul",54,0,54,54
3884T,"Mittal, Sagar",54,0,54,54
3884T,"Mizanoglu, Fuat",54,0,54,54
3884T,"Montenegro Guzman, Nicolas",54,0,54,54
3884T,"Moreira, Fernando",54,0,54,234
3884T,"Moreira, Ricardo",54,0,54,144
3884T,"Moriones, Joaquin",54,0,54,1550
3884T,"Mottier, Theo",54,0,54,54
3884T,"Mucic, Nico",54,0,54,54
3884T,"Mueller, Calvin",54,0,54,372
3884T,"Mullane, John Patrick",54,0,54,532
3884T,"Muza, Ethan",54,0,54,54
3884T,"Myslivec, Simon",54,0,54,54
3884T,"Naedele, Niclas",54,0,54,54
3884T,"Nasyrov, Victor",54,0,54,54
3884T,"O'Byrne, Sebastian",54,0,54,54
3884T,"Osti, Fabrizio Karol Pio",54,0,54,54
3884T,"Otondo, Cesar",54,0,54,54
3884T,"Ouzilou, Hugo",54,0,54,54
3884T,"Ouzilou, Sacha",54,0,54,54
3884T,"Paliska, Bradley",54,0,54,2450
3884T,"Paolini, Andrea",54,0,54,54
3884T,"Pape, Valdemar Frederik",54,0,54,210
3884T,"Paternostro, Pablo",54,0,54,54
3884T,"Pavlovic, Ognjen",54,0,54,54
3884T,"Pellouchoud, Zachary",54,0,54,54
3884T,"Pepe, Roberto",54,0,54,54
3884T,"Peranamallur, Vignesh",54,0,54,33003
3884T,"Perez Cortez, Alexander",54,0,54,1764
3884T,"Perez-Blanco, Chase",54,0,54,393
3884T,"Petrovic, David",54,0,54,54
3884T,"Phunsawat, Chanon",54,0,54,1488
3884T,"Pierleoni, Joel",54,0,54,54
3884T,"Pino, Sebastian",54,0,54,54
3884T,"Pinson, Liam",54,0,54,54
3884T,"Pinzon Moreno, Felipe",54,0,54,210
3884T,"Ponnala, Siddarth",54,0,54,54
3884T,"Pop, Mihai Ioan",54,0,54,54
3884T,"Popovic, Nikola",54,0,54,569
3884T,"Portnoy, Joshua",54,0,54,54
3884T,"Poulesquen, Malo",54,0,54,54
3884T,"Presuhn, Bastien",54,0,54,4177
3884T,"Ramdani, Hocine",54,0,54,54
3884T,"Razborsek, Nik",54,0,54,56835
3884T,"Rein, Philipp",54,0,54,54
3884T,"Richey, Seth",54,0,54,54
3884T,"Robert, Nicolas",54,0,54,54
3884T,"Rodriguez, Jorge Andres",54,0,54,108
3884T,"Rolis, Davis",54,0,54,54
3884T,"Rybakov, Egor",54,0,54,54
3884T,"Sabry, Sherif",54,0,54,110597
3884T,"Sadikovic, Benjamin",54,0,54,54
3884T,"Sadikovic, Eman",54,0,54,54
3884T,"Safonov, Aristarkh",54,0,54,1140
3884T,"Samson, Aron Paul",54,0,54,54
3884T,"Sanchez Ballinas, Marat",54,0,54,108
3884T,"Santon, Gabriel",54,0,54,54
3884T,"Savkin, Ivan",54,0,54,214
3884T,"Scarpa, Francesco",54,0,54,171
3884T,"Schmoelzer, Paul",54,0,54,54
3884T,"Schöllhorn, Phil",54,0,54,144
3884T,"Schubert, Hans Albert",54,0,54,1620
3884T,"Seccia, Marco",54,0,54,54
3884T,"Sehovic, Tarik",54,0,54,108
3884T,"Seleznev, Bogdan",54,0,54,246
3884T,"Sendogan, Emir",54,0,54,618
3884T,"Serrano, Pablo",54,0,54,54
3884T,"Shah, Keean",54,0,54,54
3884T,"Sharrma, Sacchitt",54,0,54,54
3884T,"Shemesh, Daniel",54,0,54,54
3884T,"Shumilov, Eyal",54,0,54,144
3884T,"Sigauque, Eric Patrick",54,0,54,54
3884T,"Simonetti, Ramon",54,0,54,262
3884T,"Smirnov, Artem",54,0,54,210211
3884T,"Sola Pastor, Alvar",54,0,54,54
3884T,"Soome, Indrek",54,0,54,54
3884T,"Soriano Rodríguez, Ricard",54,0,54,108
3884T,"Soumahoro, Sibi Junior",54,0,54,54
3884T,"Soussa, Jordan",54,0,54,54
3884T,"Squarcia Mateo, Bruno",54,0,54,162
3884T,"Staiano, Lorenzo",54,0,54,54
3884T,"Starostin, Maksim",54,0,54,210
3884T,"Steinmann, Moritz Till",54,0,54,54
3884T,"Straatsma, Igor",54,0,54,342
3884T,"Stramput, Vuk David",54,0,54,54
3884T,"Stroebel, Moritz",54,0,54,54
3884T,"Strother, Caleb",54,0,54,54
3884T,"Surchenko, Dmitry",54,0,54,19317
3884T,"Syrovatskiy, Oleg",54,0,54,404
3884T,"Tahri Joutey, Ismael",54,0,54,54
3884T,"Tangal, Ferdi",54,0,54,108
3884T,"Tasenkov, Vladislav",54,0,54,834
3884T,"Tasev, Andrej",54,0,54,54
3884T,"Taylor, Edward",54,0,54,90
3884T,"Tewari, Aaditya",54,0,54,2006
3884T,"Theilgaard, Gustav",54,0,54,54
3884T,"Tipton, Braden",54,0,54,54
3884T,"Tobelem, Yohann",54,0,54,54
3884T,"Torres Almeida, Pablo Marcel",54,0,54,54
3884T,"Torres Gonzalez, Alonso",54,0,54,54
3884T,"Uebel, Lars",54,0,54,122285
3884T,"Urribarrens Ramirez, Iker",54,0,54,162
3884T,"Ushizima, Henrique Hamamoto",54,0,54,312
3884T,"Uzun, Ege",54,0,54,54
3884T,"Vagner, Josef",54,0,54,54
3884T,"Van Wijk, Max",54,0,54,630
3884T,"Vanderstappen, Zian",54,0,54,54
3884T,"Vardhan Singh, Yash",54,0,54,180
3884T,"Vargas Fernandez, Grover",54,0,54,108
3884T,"Vedia Sanchez, Guillermo",54,0,54,54
3884T,"Viciana Martí, Emilio",54,0,54,54
3884T,"Vilaro, Alan",54,0,54,372
3884T,"Villalona, Maikel",54,0,54,54
3884T,"Vittar, Francisco",54,0,54,3838
3884T,"Vlahos, Alexander",54,0,54,54
3884T,"Voelzke, Gray",54,0,54,54
3884T,"Walcher, Florian",54,0,54,54
3884T,"Weibull, Ross",54,0,54,108
3884T,"Weinberg, Yoav",54,0,54,108
3884T,"Weindl, Michael",54,0,54,2810
3884T,"Werner, Elias Julian",54,0,54,144
3884T,"Wettengel, Chris",54,0,54,35364
3884T,"Windler, Andre",54,0,54,54
3884T,"Yehorov, Vasil",54,0,54,1436
3884T,"Zaharia, Mihnea Petru",54,0,54,54
3884T,"Zarkovic, Bodin",54,0,54,978
3884T,"Zarski, Marcin",54,0,54,54
3884T,"Zhibul, Daniil",54,0,54,204
3884T,"Zhurbin, Alexander",54,0,54,92670
